{"id":101078287,"dbId":10759,"createdAt":1620579600000,"name":"Nguyễn Hiến Lê - Tác Phẩm Đăng Báo: Theo Dòng Thời Cuộc","short_description":"Công trình dày dặn này được chia làm 2 tập: Tập I “Nguyễn Hiến Lê – Theo dòng thời cuộc”, bàn về Văn hóa, Xuất bản, Giáo dục, Thời đại; Tập II “Nguyễn Hiến Lê – Bên lề con chữ”, với các nội dung: Nghề...","description":"Công trình dày dặn này được chia làm 2 tập: Tập I “Nguyễn Hiến Lê – Theo dòng thời cuộc”, bàn về Văn hóa, Xuất bản, Giáo dục, Thời đại; Tập II “Nguyễn Hiến Lê – Bên lề con chữ”, với các nội dung: Nghề cầm bút, Chuyện ngữ văn, Tin điểm sách, Dòng tùy bút, Tình bạn văn.\u003cbr /\u003e\nTrước khi trích giới thiệu các bài báo của Nguyễn Hiến Lê, soạn giả đã dành hơn trăm trang cho phần Dẫn nhập, bao gồm 2 nội dung: (1) Chân dung Nguyễn Hiến Lê qua trang báo; (2) Nguyễn Hiến Lê và đời sống báo chí miền Nam trước 1975. Tiếp theo là “Khảo luận về tác phẩm đăng báo của Nguyễn Hiến Lê”, đề cập Nguyễn Hiến Lê theo dòng thời cuộc và Nguyễn Hiến Lê bên lề con chữ, tức hai mảng chủ đề lớn sẽ được sắp xếp, giới thiệu cụ thể ở phần tiếp sau.\u003cbr /\u003e\nTrước đây tôi đã từng đọc khá nhiều bài báo của Nguyễn Hiến Lê, nhận thấy trong vai trò viết báo, ông luôn tỏ ra là một người chân thật và nhiệt huyết, tinh tường thấu đáo về bất cứ vấn đề gì ông muốn trình bày cho quốc dân và cho các nhà cầm quyền đương thời, với một kiến văn bao quát, một giọng văn giản dị dễ hiểu nhưng không kém phần hùng hồn đầy sức thuyết phục. Không ít bài ông viết cách nay 50-60 năm, nhất là về văn hóa-giáo dục, về trách nhiệm của giới nhà văn…, giờ đọc lại vẫn còn thấy bổ ích, vì một số vấn đề đặt ra trong những bài viết cũ kỹ ấy, mãi đến nay thế hệ chúng ta vẫn còn loay hoay chưa giải quyết được! \u003cbr /\u003e\nTuy nhiên, tiếng nói của người trí thức thường khi cũng bị người ta lơ là, nên có lúc ông không khỏi ngậm thở ngùi than mà rằng: “Người cầm bút nào lúc này mà chẳng có nhiều buồn tủi rằng tất cả những cái mình viết ra đều là bá láp hết, chẳng có một tác động nào cả, rằng mình gần như vô dụng, may mắn lắm là khỏi đánh đĩ với cây viết…” (“Bọn cầm bút chúng ta làm được những gì lúc này?”, Mấy vấn đề xây dựng văn hóa, NXB Tao Đàn, Sài Gòn, 1967).\u003cbr /\u003e\nChính vì vậy tôi tin tưởng, tập sách chia làm 2 phần này của Nguyễn Tuấn Bình sẽ còn rất cần thiết và bổ ích cho các giới độc giả hiện tại, có thể dùng nó như một “tập đại thành” về tác phẩm đăng báo của nhà văn hóa-học giả Nguyễn Hiến Lê, để nghiên cứu, tham khảo, tìm câu giải đáp cho tất cả mọi vấn đề liên quan văn hóa, giáo dục, kinh tế, chính trị, xã hội của nước Việt Nam thời hiện đại (TRẦN VĂN CHÁNH)\u003cbr /\u003e\u003cp\u003eGiá sản phẩm trên Tiki đã bao gồm thuế theo luật hiện hành. Bên cạnh đó, tuỳ vào loại sản phẩm, hình thức và địa chỉ giao hàng mà có thể phát sinh thêm chi phí khác như phí vận chuyển, phụ phí hàng cồng kềnh, thuế nhập khẩu (đối với đơn hàng giao từ nước ngoài có giá trị trên 1 triệu đồng).....\u003c/p\u003e","original_price":250000.0,"thumbnail_url":"https://salt.tikicdn.com/cache/280x280/ts/product/a3/b3/13/5c046f8a92b4779553d383d7ea2d610b.jpg","images":[{"base_url":"https://salt.tikicdn.com/ts/product/a3/b3/13/5c046f8a92b4779553d383d7ea2d610b.jpg","dbId":28657}],"authors":[{"id":837469,"name":"Nguyễn Tuấn Bình","dbId":5648}],"specifications":[{"name":"Thông tin chung","attributes":[{"name":"Công ty phát hành","value":"NXB Tổng Hợp TP. HCM"},{"name":"Ngày xuất bản","value":"2021-05-01 00:00:00"},{"name":"Loại bìa","value":"Bìa mềm"},{"name":"Số trang","value":"612"},{"name":"Phương thức giao hàng Seller Delivery","value":"Nhà bán giao hàng cho khách hàng"},{"name":"Nhà xuất bản","value":"Nhà Xuất Bản Tổng hợp TP.HCM"},{"code":"PUBLICATION_DATE","name":"Kích thước","value":"16 x 24 cm"}]}],"stock_item":{"qty":1000},"all_time_quantity_sold":10,"reviews":[{"id":10339210,"title":"Sách chuẩn, in sáng đẹp","content":"Tập sách này giúp ta biết thêm về Nguyễn Hiến Lê, một trí thức đầy trách nhiệm thể hiện ở thái độ yêu nước thương dân chân thành, lúc nào cũng bận bịu việc đời, trăn trở với những nỗi thăng trầm của dân tộc cũng như về những vấn nạn của thế giới.","customer_id":5314573,"rating":5,"images":[],"created_at":1623387518,"created_by":{"id":5314573,"name":"Nguyễn Hoàng Điệp","full_name":"Nguyễn Hoàng Điệp","created_time":"2017-05-24 10:00:46","purchased":true,"purchased_at":1623255353},"product_id":101078287,"timeline":{"review_created_date":"2021-06-11 11:58:38","delivery_date":"2021-06-10 08:41:27"}},{"id":17578690,"title":"Cực kì hài lòng","content":"Nội dung hay, hình thức đẹp, đóng gói đơn giản nhưng vận chuyển không ảnh hưởng đến bìa sách.","customer_id":12007690,"rating":5,"images":[{"id":3844378,"full_path":"https://salt.tikicdn.com/ts/review/0e/34/e3/8a5a3313611ecc29823f3390fc24ad08.jpg"}],"created_at":1662043716,"created_by":{"id":12007690,"name":"Bính Quý","full_name":"Bính Quý","created_time":"2019-05-08 15:51:28","purchased":true,"purchased_at":1661758608},"product_id":101078287,"timeline":{"review_created_date":"2022-09-01 21:48:36","delivery_date":"2022-08-30 15:56:09"}},{"id":17916519,"title":"Cực kì hài lòng","content":"Nhiều thông tin hữu ích.","customer_id":13141716,"rating":5,"images":[{"id":3924909,"full_path":"https://salt.tikicdn.com/ts/review/c8/b4/8d/39300650bbaca6743c1f11a4b5129964.jpg"},{"id":3924910,"full_path":"https://salt.tikicdn.com/ts/review/17/ca/20/986fd99d701cd1e1eb980aabd3622eb4.jpg"}],"created_at":1665371688,"created_by":{"id":13141716,"name":"Bản Đức","full_name":"Bản Đức","created_time":"2019-07-29 16:19:01","purchased":true,"purchased_at":1664980271},"product_id":101078287,"timeline":{"review_created_date":"2022-10-10 10:14:48","delivery_date":"2022-10-10 10:04:47"}},{"id":10315629,"title":"Cực kì hài lòng","content":"Sách đẹp, giấy tốt. Tuyển tập những bài viết đăng báo của học giả Nguyễn Hiến Lê.","customer_id":12293130,"rating":5,"images":[{"id":2110704,"full_path":"https://salt.tikicdn.com/ts/review/98/d7/e9/f9cbc9a41c7774ee842414aee3bc65e0.jpg"},{"id":2110705,"full_path":"https://salt.tikicdn.com/ts/review/6e/a7/63/dee5f35477dd7463bf3c7ff1f2a66ba7.jpg"},{"id":2110706,"full_path":"https://salt.tikicdn.com/ts/review/fc/1d/71/19be246a2d4c2700bc51a0b7e71ffddc.jpg"}],"created_at":1623309793,"created_by":{"id":12293130,"name":"Nguyễn Thanh Hưng","full_name":"Nguyễn Thanh Hưng","created_time":"2019-05-29 22:37:40","purchased":true,"purchased_at":1623009539},"product_id":101078287,"timeline":{"review_created_date":"2021-06-10 14:23:13","delivery_date":"2021-06-10 14:06:12"}},{"id":18991655,"title":"Cực kì hài lòng","content":"Tuyệt cú mèo!","customer_id":19468274,"rating":5,"images":[{"id":4162902,"full_path":"https://salt.tikicdn.com/ts/review/b2/44/9b/8d9c1f68eefc16c6af97c907f64e6700.jpg"}],"created_at":1679406732,"created_by":{"id":19468274,"name":"Rio rio","full_name":"Rio rio","created_time":"2020-12-10 14:51:56","purchased":true,"purchased_at":1675040896},"product_id":101078287,"timeline":{"review_created_date":"2023-03-21 20:52:12","delivery_date":"2023-02-01 15:36:04"}},{"id":10339210,"title":"Sách chuẩn, in sáng đẹp","content":"Tập sách này giúp ta biết thêm về Nguyễn Hiến Lê, một trí thức đầy trách nhiệm thể hiện ở thái độ yêu nước thương dân chân thành, lúc nào cũng bận bịu việc đời, trăn trở với những nỗi thăng trầm của dân tộc cũng như về những vấn nạn của thế giới.","customer_id":5314573,"rating":5,"images":[],"created_at":1623387518,"created_by":{"id":5314573,"name":"Nguyễn Hoàng Điệp","full_name":"Nguyễn Hoàng Điệp","created_time":"2017-05-24 10:00:46","purchased":true,"purchased_at":1623255353},"product_id":101078287,"timeline":{"review_created_date":"2021-06-11 11:58:38","delivery_date":"2021-06-10 08:41:27"}},{"id":17578690,"title":"Cực kì hài lòng","content":"Nội dung hay, hình thức đẹp, đóng gói đơn giản nhưng vận chuyển không ảnh hưởng đến bìa sách.","customer_id":12007690,"rating":5,"images":[{"id":3844378,"full_path":"https://salt.tikicdn.com/ts/review/0e/34/e3/8a5a3313611ecc29823f3390fc24ad08.jpg"}],"created_at":1662043716,"created_by":{"id":12007690,"name":"Bính Quý","full_name":"Bính Quý","created_time":"2019-05-08 15:51:28","purchased":true,"purchased_at":1661758608},"product_id":101078287,"timeline":{"review_created_date":"2022-09-01 21:48:36","delivery_date":"2022-08-30 15:56:09"}},{"id":17916519,"title":"Cực kì hài lòng","content":"Nhiều thông tin hữu ích.","customer_id":13141716,"rating":5,"images":[{"id":3924909,"full_path":"https://salt.tikicdn.com/ts/review/c8/b4/8d/39300650bbaca6743c1f11a4b5129964.jpg"},{"id":3924910,"full_path":"https://salt.tikicdn.com/ts/review/17/ca/20/986fd99d701cd1e1eb980aabd3622eb4.jpg"}],"created_at":1665371688,"created_by":{"id":13141716,"name":"Bản Đức","full_name":"Bản Đức","created_time":"2019-07-29 16:19:01","purchased":true,"purchased_at":1664980271},"product_id":101078287,"timeline":{"review_created_date":"2022-10-10 10:14:48","delivery_date":"2022-10-10 10:04:47"}},{"id":10315629,"title":"Cực kì hài lòng","content":"Sách đẹp, giấy tốt. Tuyển tập những bài viết đăng báo của học giả Nguyễn Hiến Lê.","customer_id":12293130,"rating":5,"images":[{"id":2110704,"full_path":"https://salt.tikicdn.com/ts/review/98/d7/e9/f9cbc9a41c7774ee842414aee3bc65e0.jpg"},{"id":2110705,"full_path":"https://salt.tikicdn.com/ts/review/6e/a7/63/dee5f35477dd7463bf3c7ff1f2a66ba7.jpg"},{"id":2110706,"full_path":"https://salt.tikicdn.com/ts/review/fc/1d/71/19be246a2d4c2700bc51a0b7e71ffddc.jpg"}],"created_at":1623309793,"created_by":{"id":12293130,"name":"Nguyễn Thanh Hưng","full_name":"Nguyễn Thanh Hưng","created_time":"2019-05-29 22:37:40","purchased":true,"purchased_at":1623009539},"product_id":101078287,"timeline":{"review_created_date":"2021-06-10 14:23:13","delivery_date":"2021-06-10 14:06:12"}},{"id":18991655,"title":"Cực kì hài lòng","content":"Tuyệt cú mèo!","customer_id":19468274,"rating":5,"images":[{"id":4162902,"full_path":"https://salt.tikicdn.com/ts/review/b2/44/9b/8d9c1f68eefc16c6af97c907f64e6700.jpg"}],"created_at":1679406732,"created_by":{"id":19468274,"name":"Rio rio","full_name":"Rio rio","created_time":"2020-12-10 14:51:56","purchased":true,"purchased_at":1675040896},"product_id":101078287,"timeline":{"review_created_date":"2023-03-21 20:52:12","delivery_date":"2023-02-01 15:36:04"}},{"id":10339210,"title":"Sách chuẩn, in sáng đẹp","content":"Tập sách này giúp ta biết thêm về Nguyễn Hiến Lê, một trí thức đầy trách nhiệm thể hiện ở thái độ yêu nước thương dân chân thành, lúc nào cũng bận bịu việc đời, trăn trở với những nỗi thăng trầm của dân tộc cũng như về những vấn nạn của thế giới.","customer_id":5314573,"rating":5,"images":[],"created_at":1623387518,"created_by":{"id":5314573,"name":"Nguyễn Hoàng Điệp","full_name":"Nguyễn Hoàng Điệp","created_time":"2017-05-24 10:00:46","purchased":true,"purchased_at":1623255353},"product_id":101078287,"timeline":{"review_created_date":"2021-06-11 11:58:38","delivery_date":"2021-06-10 08:41:27"}},{"id":17578690,"title":"Cực kì hài lòng","content":"Nội dung hay, hình thức đẹp, đóng gói đơn giản nhưng vận chuyển không ảnh hưởng đến bìa sách.","customer_id":12007690,"rating":5,"images":[{"id":3844378,"full_path":"https://salt.tikicdn.com/ts/review/0e/34/e3/8a5a3313611ecc29823f3390fc24ad08.jpg"}],"created_at":1662043716,"created_by":{"id":12007690,"name":"Bính Quý","full_name":"Bính Quý","created_time":"2019-05-08 15:51:28","purchased":true,"purchased_at":1661758608},"product_id":101078287,"timeline":{"review_created_date":"2022-09-01 21:48:36","delivery_date":"2022-08-30 15:56:09"}},{"id":17916519,"title":"Cực kì hài lòng","content":"Nhiều thông tin hữu ích.","customer_id":13141716,"rating":5,"images":[{"id":3924909,"full_path":"https://salt.tikicdn.com/ts/review/c8/b4/8d/39300650bbaca6743c1f11a4b5129964.jpg"},{"id":3924910,"full_path":"https://salt.tikicdn.com/ts/review/17/ca/20/986fd99d701cd1e1eb980aabd3622eb4.jpg"}],"created_at":1665371688,"created_by":{"id":13141716,"name":"Bản Đức","full_name":"Bản Đức","created_time":"2019-07-29 16:19:01","purchased":true,"purchased_at":1664980271},"product_id":101078287,"timeline":{"review_created_date":"2022-10-10 10:14:48","delivery_date":"2022-10-10 10:04:47"}},{"id":10315629,"title":"Cực kì hài lòng","content":"Sách đẹp, giấy tốt. Tuyển tập những bài viết đăng báo của học giả Nguyễn Hiến Lê.","customer_id":12293130,"rating":5,"images":[{"id":2110704,"full_path":"https://salt.tikicdn.com/ts/review/98/d7/e9/f9cbc9a41c7774ee842414aee3bc65e0.jpg"},{"id":2110705,"full_path":"https://salt.tikicdn.com/ts/review/6e/a7/63/dee5f35477dd7463bf3c7ff1f2a66ba7.jpg"},{"id":2110706,"full_path":"https://salt.tikicdn.com/ts/review/fc/1d/71/19be246a2d4c2700bc51a0b7e71ffddc.jpg"}],"created_at":1623309793,"created_by":{"id":12293130,"name":"Nguyễn Thanh Hưng","full_name":"Nguyễn Thanh Hưng","created_time":"2019-05-29 22:37:40","purchased":true,"purchased_at":1623009539},"product_id":101078287,"timeline":{"review_created_date":"2021-06-10 14:23:13","delivery_date":"2021-06-10 14:06:12"}},{"id":18991655,"title":"Cực kì hài lòng","content":"Tuyệt cú mèo!","customer_id":19468274,"rating":5,"images":[{"id":4162902,"full_path":"https://salt.tikicdn.com/ts/review/b2/44/9b/8d9c1f68eefc16c6af97c907f64e6700.jpg"}],"created_at":1679406732,"created_by":{"id":19468274,"name":"Rio rio","full_name":"Rio rio","created_time":"2020-12-10 14:51:56","purchased":true,"purchased_at":1675040896},"product_id":101078287,"timeline":{"review_created_date":"2023-03-21 20:52:12","delivery_date":"2023-02-01 15:36:04"}},{"id":10339210,"title":"Sách chuẩn, in sáng đẹp","content":"Tập sách này giúp ta biết thêm về Nguyễn Hiến Lê, một trí thức đầy trách nhiệm thể hiện ở thái độ yêu nước thương dân chân thành, lúc nào cũng bận bịu việc đời, trăn trở với những nỗi thăng trầm của dân tộc cũng như về những vấn nạn của thế giới.","customer_id":5314573,"rating":5,"images":[],"created_at":1623387518,"created_by":{"id":5314573,"name":"Nguyễn Hoàng Điệp","full_name":"Nguyễn Hoàng Điệp","created_time":"2017-05-24 10:00:46","purchased":true,"purchased_at":1623255353},"product_id":101078287,"timeline":{"review_created_date":"2021-06-11 11:58:38","delivery_date":"2021-06-10 08:41:27"}},{"id":17578690,"title":"Cực kì hài lòng","content":"Nội dung hay, hình thức đẹp, đóng gói đơn giản nhưng vận chuyển không ảnh hưởng đến bìa sách.","customer_id":12007690,"rating":5,"images":[{"id":3844378,"full_path":"https://salt.tikicdn.com/ts/review/0e/34/e3/8a5a3313611ecc29823f3390fc24ad08.jpg"}],"created_at":1662043716,"created_by":{"id":12007690,"name":"Bính Quý","full_name":"Bính Quý","created_time":"2019-05-08 15:51:28","purchased":true,"purchased_at":1661758608},"product_id":101078287,"timeline":{"review_created_date":"2022-09-01 21:48:36","delivery_date":"2022-08-30 15:56:09"}},{"id":17916519,"title":"Cực kì hài lòng","content":"Nhiều thông tin hữu ích.","customer_id":13141716,"rating":5,"images":[{"id":3924909,"full_path":"https://salt.tikicdn.com/ts/review/c8/b4/8d/39300650bbaca6743c1f11a4b5129964.jpg"},{"id":3924910,"full_path":"https://salt.tikicdn.com/ts/review/17/ca/20/986fd99d701cd1e1eb980aabd3622eb4.jpg"}],"created_at":1665371688,"created_by":{"id":13141716,"name":"Bản Đức","full_name":"Bản Đức","created_time":"2019-07-29 16:19:01","purchased":true,"purchased_at":1664980271},"product_id":101078287,"timeline":{"review_created_date":"2022-10-10 10:14:48","delivery_date":"2022-10-10 10:04:47"}},{"id":10315629,"title":"Cực kì hài lòng","content":"Sách đẹp, giấy tốt. Tuyển tập những bài viết đăng báo của học giả Nguyễn Hiến Lê.","customer_id":12293130,"rating":5,"images":[{"id":2110704,"full_path":"https://salt.tikicdn.com/ts/review/98/d7/e9/f9cbc9a41c7774ee842414aee3bc65e0.jpg"},{"id":2110705,"full_path":"https://salt.tikicdn.com/ts/review/6e/a7/63/dee5f35477dd7463bf3c7ff1f2a66ba7.jpg"},{"id":2110706,"full_path":"https://salt.tikicdn.com/ts/review/fc/1d/71/19be246a2d4c2700bc51a0b7e71ffddc.jpg"}],"created_at":1623309793,"created_by":{"id":12293130,"name":"Nguyễn Thanh Hưng","full_name":"Nguyễn Thanh Hưng","created_time":"2019-05-29 22:37:40","purchased":true,"purchased_at":1623009539},"product_id":101078287,"timeline":{"review_created_date":"2021-06-10 14:23:13","delivery_date":"2021-06-10 14:06:12"}},{"id":18991655,"title":"Cực kì hài lòng","content":"Tuyệt cú mèo!","customer_id":19468274,"rating":5,"images":[{"id":4162902,"full_path":"https://salt.tikicdn.com/ts/review/b2/44/9b/8d9c1f68eefc16c6af97c907f64e6700.jpg"}],"created_at":1679406732,"created_by":{"id":19468274,"name":"Rio rio","full_name":"Rio rio","created_time":"2020-12-10 14:51:56","purchased":true,"purchased_at":1675040896},"product_id":101078287,"timeline":{"review_created_date":"2023-03-21 20:52:12","delivery_date":"2023-02-01 15:36:04"}}]}