{"id":101498024,"dbId":11346,"createdAt":1610444053000,"name":"Một Số TYPE Truyện Cổ Tích Thần Kỳ Việt Nam Và Ấn Độ ","short_description":"Một Số TYPE Truyện Cổ Tích Thần Kỳ Việt Nam Và Ấn Độ - Dưới Góc Nhìn So SánhTác giả: Nguyễn Thị Thu TrangNhà XB: NXB Đại học Quốc gia Hà NộiNăm XB: 1/2021Truyện cổ tích là một thể loại lớn  trong ...","description":"\u003cp\u003e\u003cstrong\u003eMột Số TYPE Truyện Cổ Tích Thần Kỳ Việt Nam Và Ấn Độ - Dưới Góc Nhìn So Sánh\u003c/strong\u003e\u003c/p\u003e\n\u003cp\u003eTác giả: Nguyễn Thị Thu Trang\u003c/p\u003e\n\u003cp\u003eNhà XB: NXB Đại học Quốc gia Hà Nội\u003c/p\u003e\n\u003cp\u003eNăm XB: 1/2021\u003c/p\u003e\n\u003cp\u003eTruyện cổ tích là một thể loại lớn  trong loại hình tự sự dân gian có một sức hấp dẫn kì lạ và có một đời sống học thuật phong phú. Trong đó, tiểu loại chiếm ưu thế và tiêu biểu nhất là truyện cổ tích thần kì. Nổi bật với những quan niệm nghệ thuật độc đáo, những hình thức nghệ thuật riêng biệt, nội dung phản ánh hấp dẫn, cho đến nay, truyện cổ tích thần kì luôn là đối tượng thu hút sự quan tâm nghiên cứu của đông đảo giới folklore học.\u003c/p\u003e\n\u003cp\u003eTrong nhiều thập kỉ qua, việc sưu tầm biên soạn, nghiên cứu truyện cổ tích thần kì ở Việt Nam và ở nhiều nước trên thế giới vẫn luôn được coi trọng và thu được nhiều thành tự\u003c/p\u003e\u003cp\u003eGiá sản phẩm trên Tiki đã bao gồm thuế theo luật hiện hành. Bên cạnh đó, tuỳ vào loại sản phẩm, hình thức và địa chỉ giao hàng mà có thể phát sinh thêm chi phí khác như phí vận chuyển, phụ phí hàng cồng kềnh, thuế nhập khẩu (đối với đơn hàng giao từ nước ngoài có giá trị trên 1 triệu đồng).....\u003c/p\u003e","original_price":160000.0,"thumbnail_url":"https://salt.tikicdn.com/cache/280x280/ts/product/8c/fb/ea/93086d71e050ada29bf5445571c572a9.jpg","images":[{"base_url":"https://salt.tikicdn.com/ts/product/8c/fb/ea/93086d71e050ada29bf5445571c572a9.jpg","dbId":30231},{"base_url":"https://salt.tikicdn.com/ts/product/24/86/1f/d6ca36fc4baa050dbb197f11c9ec61c8.jpg","dbId":30232},{"base_url":"https://salt.tikicdn.com/ts/product/4b/ea/71/13eac42fdae063b162f3d37216a787e2.jpg","dbId":30233},{"base_url":"https://salt.tikicdn.com/ts/product/16/26/0f/b7e9301828760ad1524d106173e8d4f1.jpg","dbId":30234},{"base_url":"https://salt.tikicdn.com/ts/product/77/6c/fc/ab92a08dd1c21216a0e17cbcb3af4179.jpg","dbId":30235},{"base_url":"https://salt.tikicdn.com/ts/product/02/47/a4/804da13f3b429a75d1b32f6de103a4a9.jpg","dbId":30236}],"authors":[{"id":144809,"name":"Nguyễn Thị Thu Trang","dbId":6012}],"specifications":[{"name":"Thông tin chung","attributes":[{"name":"Công ty phát hành","value":"Nhà Xuất Bản Đại Học Quốc Gia Hà Nội"},{"name":"Ngày xuất bản","value":"2021-01-01 16:34:13"},{"name":"Phiên bản","value":"Lần Thứ Nhất"},{"name":"Loại bìa","value":"Bìa mềm"},{"name":"Số trang","value":"500"},{"name":"Nhà xuất bản","value":"Nhà Xuất Bản Đại Học Quốc Gia Hà Nội"}]}],"stock_item":{"qty":1000},"all_time_quantity_sold":15,"reviews":[{"id":12686819,"title":"Cực kì hài lòng","content":"Sách dày, công phu, cần thiết cho ai nghiên cứu về văn học, giao lưu và tiếp biến văn hoá, Đông Phương học. Nhiều kiến giải thú vị.","customer_id":22080122,"rating":5,"images":[{"id":2616539,"full_path":"https://salt.tikicdn.com/ts/review/1c/24/ab/592d4c5a7ed1070c22025a8672394a72.jpg"}],"created_at":1634543959,"created_by":{"id":22080122,"name":"Jos Tâm","full_name":"Jos Tâm","created_time":"2021-06-08 02:49:07","purchased":true,"purchased_at":1633805179},"product_id":101498024,"timeline":{"review_created_date":"2021-10-18 14:59:19","delivery_date":"2021-10-16 14:29:59"}},{"id":19029032,"title":"Cực kì hài lòng","content":"","customer_id":20375869,"rating":5,"images":[],"created_at":1680157531,"created_by":{"id":20375869,"name":"Tiêu Hậu","full_name":"Tiêu Hậu","created_time":"2021-02-19 17:54:11","purchased":true,"purchased_at":1679906627},"product_id":101498024,"timeline":{"review_created_date":"2023-03-30 13:25:31","delivery_date":"2023-03-30 13:16:33"}},{"id":13619401,"title":"Cực kì hài lòng","content":"","customer_id":12854786,"rating":5,"images":[],"created_at":1638664609,"created_by":{"id":12854786,"name":"Huỳnh Thị Minh Thư","full_name":"Huỳnh Thị Minh Thư","created_time":"2019-07-11 00:59:06","purchased":true,"purchased_at":1637317913},"product_id":101498024,"timeline":{"review_created_date":"2021-12-05 07:36:49","delivery_date":"2021-11-24 13:28:45"}}]}