{"id":101983078,"dbId":11361,"createdAt":1621530000000,"name":"Ông Nội Vượt Ngục","short_description":"Ông nội Jack từng là phi công xịn của Không quân Hoàng gia Anh, nhưng giờ ông*đi dép trong nhà đến siêu thị*nấu món thịt muối à la trứng sữa vào bữa tối*và thường chẳng nhớ nổi tên JackNhưng ông v...","description":"\u003cp\u003eÔng nội Jack từng là phi công xịn của Không quân Hoàng gia Anh, nhưng giờ ông\u003c/p\u003e\n\u003cp\u003e*đi dép trong nhà đến siêu thị\u003c/p\u003e\n\u003cp\u003e*nấu món thịt muối à la trứng sữa vào bữa tối\u003c/p\u003e\n\u003cp\u003e*và thường chẳng nhớ nổi tên Jack\u003c/p\u003e\n\u003cp\u003eNhưng ông vẫn có thể lèo lái chiếc tiêm kích Spitfire huyền thoại và giải cứu thế giới\u003c/p\u003e\n\u003cp\u003e\"Đây là chuyến phiêu lưu táo bạo nhất từ trước tới nay của Walliams, những lối kể chuyện lại vô cùng dịu dàng, mềm mại. Câu chuyện đánh cắp trái tim chúng ta theo cách chỉ David mới có thể là\"\u003c/p\u003e\n\u003cp\u003e\u003cem\u003e- Ann-Janine Murtagh\u003c/em\u003e\u003c/p\u003e\n\u003cp\u003e\"Cuối cùng Roald Dahl đã tìm được người thừa kế xứng đáng.\"\u003c/p\u003e\n\u003cp\u003e\u003cem\u003e- Telegraph\u003c/em\u003e\u003c/p\u003e\u003cp\u003eGiá sản phẩm trên Tiki đã bao gồm thuế theo luật hiện hành. Bên cạnh đó, tuỳ vào loại sản phẩm, hình thức và địa chỉ giao hàng mà có thể phát sinh thêm chi phí khác như phí vận chuyển, phụ phí hàng cồng kềnh, thuế nhập khẩu (đối với đơn hàng giao từ nước ngoài có giá trị trên 1 triệu đồng).....\u003c/p\u003e","original_price":128000.0,"thumbnail_url":"https://salt.tikicdn.com/cache/280x280/ts/product/38/38/8c/c7467f3ed503b6eada78a60282a2a252.jpg","images":[{"base_url":"https://salt.tikicdn.com/ts/product/38/38/8c/c7467f3ed503b6eada78a60282a2a252.jpg","dbId":30261},{"base_url":"https://salt.tikicdn.com/ts/product/25/60/4b/0a5eb6ecc5b670fd1a57587dbb62177b.jpg","dbId":30262},{"base_url":"https://salt.tikicdn.com/ts/product/c6/0d/2d/00376ffa2bd1d0b91b5d98b4443f64a5.jpg","dbId":30263}],"authors":[{"id":32676,"name":"David Walliams","dbId":5892}],"specifications":[{"name":"Thông tin chung","attributes":[{"name":"Phiên bản sách","value":"Phiên bản thường"},{"name":"Công ty phát hành","value":"Nhã Nam"},{"name":"Ngày xuất bản","value":"2021-05-15 00:00:00"},{"name":"Dịch Giả","value":"Snorlax"},{"name":"Loại bìa","value":"Bìa mềm"},{"name":"Số trang","value":"428"},{"name":"Nhà xuất bản","value":"Nhà Xuất Bản Hội Nhà Văn"},{"code":"PUBLICATION_DATE","name":"Kích thước","value":"14 x 20.5 cm"}]}],"stock_item":{"qty":1000},"all_time_quantity_sold":668,"reviews":[{"id":15528612,"title":"Cực kì hài lòng","content":"Mình đọc nhiều truyện của David Williams rồi, quyển nào cũng hay. Truyện \"Ông nội vượt ngục\" kể về ông nội của cậu bé mang tên Jack. Ông nội Jack đã từng làm việc trong quân đội Anh. Nhưng khi hết chiến tranh ông nội Jack đã không còn được lái chiếc máy bay Spitfire mà ông yêu thích. Dần dần, ông nội của Jack đã bị lẫn mọi thứ với những điều xảy ra vào thời chiến. Những chuyến phiêu lưu kỳ lạ và mạo hiểm đã được thực hiện bởi hai ông cháu. Những chuyến phiêu lưu ấy là gì thi các bạn hãy đọc truyện để tìm hiểu nhá!!! Mình cho truyện này 9999999999 nghìn sao lun!⭐️⭐️⭐️⭐️⭐️⭐️⭐️⭐️⭐️⭐️","customer_id":6920206,"rating":5,"images":[],"created_at":1647840198,"created_by":{"id":6920206,"name":"Nguyễn Quỳnh Như","full_name":"Nguyễn Quỳnh Như","created_time":"2018-04-12 21:15:41","purchased":true,"purchased_at":1646718164},"product_id":101983078,"timeline":{"review_created_date":"2022-03-21 12:23:18","delivery_date":"2022-03-08 14:00:13"}},{"id":14138588,"title":"Không hài lòng","content":"Sách không được bọc, khi đặt hàng có treo logo tikinow nhưng bị chuyển thành tikifast, delay giao hàng 2 lần không rõ lý do. nhận hàng sau 10 ngày đặt","customer_id":724595,"rating":2,"images":[{"id":2957388,"full_path":"https://salt.tikicdn.com/ts/review/56/e5/9e/09ef53d80882f452fba3a5729b4441ba.jpg"}],"created_at":1640747975,"created_by":{"id":724595,"name":"Nguyễn Hữu Thuận","full_name":"Nguyễn Hữu Thuận","created_time":"2015-07-28 08:50:59","purchased":true,"purchased_at":1639788450},"product_id":101983078,"timeline":{"review_created_date":"2021-12-29 10:19:35","delivery_date":"2021-12-26 11:37:45"}},{"id":14837059,"title":"Cực kì hài lòng","content":"Sách Đẹp","customer_id":18795305,"rating":5,"images":[{"id":3195570,"full_path":"https://salt.tikicdn.com/ts/review/79/c1/0e/52fd1db373db8d55ca73c810dac5722f.jpg"},{"id":3195571,"full_path":"https://salt.tikicdn.com/ts/review/2f/06/bb/63a49ff59bda30bb2c4eefc7e4a0f18b.jpg"},{"id":3195573,"full_path":"https://salt.tikicdn.com/ts/review/79/c1/0e/3e787b1e4cc1b6fab11d3716ea6250a9.jpg"},{"id":3195574,"full_path":"https://salt.tikicdn.com/ts/review/2f/06/bb/17cf4c8c9dfd7b608b608249f5423866.jpg"}],"created_at":1644286987,"created_by":{"id":18795305,"name":"anh Phúc","full_name":"anh Phúc","created_time":"2020-10-11 13:13:02","purchased":true,"purchased_at":1643231160},"product_id":101983078,"timeline":{"review_created_date":"2022-02-08 09:23:07","delivery_date":"2022-01-27 09:10:28"}},{"id":19464988,"title":"Cực kì hài lòng","content":"cuốn sách hay","customer_id":362825,"rating":5,"images":[],"created_at":1692252888,"created_by":{"id":362825,"name":"Hoàng Thị Mai Trang","full_name":"Hoàng Thị Mai Trang","created_time":"2014-06-10 08:32:41","purchased":true,"purchased_at":1686892867},"product_id":101983078,"timeline":{"review_created_date":"2023-08-17 13:14:48","delivery_date":"2023-06-16 14:03:57"}},{"id":19484761,"title":"Cực kì hài lòng","content":"","customer_id":8883402,"rating":5,"images":[],"created_at":1692933468,"created_by":{"id":8883402,"name":"Trần Quốc Bảo","full_name":"Trần Quốc Bảo","created_time":"2018-11-11 08:24:25","purchased":true,"purchased_at":1691113743},"product_id":101983078,"timeline":{"review_created_date":"2023-08-25 10:17:48","delivery_date":"2023-08-04 10:56:10"}},{"id":15528612,"title":"Cực kì hài lòng","content":"Mình đọc nhiều truyện của David Williams rồi, quyển nào cũng hay. Truyện \"Ông nội vượt ngục\" kể về ông nội của cậu bé mang tên Jack. Ông nội Jack đã từng làm việc trong quân đội Anh. Nhưng khi hết chiến tranh ông nội Jack đã không còn được lái chiếc máy bay Spitfire mà ông yêu thích. Dần dần, ông nội của Jack đã bị lẫn mọi thứ với những điều xảy ra vào thời chiến. Những chuyến phiêu lưu kỳ lạ và mạo hiểm đã được thực hiện bởi hai ông cháu. Những chuyến phiêu lưu ấy là gì thi các bạn hãy đọc truyện để tìm hiểu nhá!!! Mình cho truyện này 9999999999 nghìn sao lun!⭐️⭐️⭐️⭐️⭐️⭐️⭐️⭐️⭐️⭐️","customer_id":6920206,"rating":5,"images":[],"created_at":1647840198,"created_by":{"id":6920206,"name":"Nguyễn Quỳnh Như","full_name":"Nguyễn Quỳnh Như","created_time":"2018-04-12 21:15:41","purchased":true,"purchased_at":1646718164},"product_id":101983078,"timeline":{"review_created_date":"2022-03-21 12:23:18","delivery_date":"2022-03-08 14:00:13"}},{"id":14138588,"title":"Không hài lòng","content":"Sách không được bọc, khi đặt hàng có treo logo tikinow nhưng bị chuyển thành tikifast, delay giao hàng 2 lần không rõ lý do. nhận hàng sau 10 ngày đặt","customer_id":724595,"rating":2,"images":[{"id":2957388,"full_path":"https://salt.tikicdn.com/ts/review/56/e5/9e/09ef53d80882f452fba3a5729b4441ba.jpg"}],"created_at":1640747975,"created_by":{"id":724595,"name":"Nguyễn Hữu Thuận","full_name":"Nguyễn Hữu Thuận","created_time":"2015-07-28 08:50:59","purchased":true,"purchased_at":1639788450},"product_id":101983078,"timeline":{"review_created_date":"2021-12-29 10:19:35","delivery_date":"2021-12-26 11:37:45"}},{"id":14837059,"title":"Cực kì hài lòng","content":"Sách Đẹp","customer_id":18795305,"rating":5,"images":[{"id":3195570,"full_path":"https://salt.tikicdn.com/ts/review/79/c1/0e/52fd1db373db8d55ca73c810dac5722f.jpg"},{"id":3195571,"full_path":"https://salt.tikicdn.com/ts/review/2f/06/bb/63a49ff59bda30bb2c4eefc7e4a0f18b.jpg"},{"id":3195573,"full_path":"https://salt.tikicdn.com/ts/review/79/c1/0e/3e787b1e4cc1b6fab11d3716ea6250a9.jpg"},{"id":3195574,"full_path":"https://salt.tikicdn.com/ts/review/2f/06/bb/17cf4c8c9dfd7b608b608249f5423866.jpg"}],"created_at":1644286987,"created_by":{"id":18795305,"name":"anh Phúc","full_name":"anh Phúc","created_time":"2020-10-11 13:13:02","purchased":true,"purchased_at":1643231160},"product_id":101983078,"timeline":{"review_created_date":"2022-02-08 09:23:07","delivery_date":"2022-01-27 09:10:28"}},{"id":19464988,"title":"Cực kì hài lòng","content":"cuốn sách hay","customer_id":362825,"rating":5,"images":[],"created_at":1692252888,"created_by":{"id":362825,"name":"Hoàng Thị Mai Trang","full_name":"Hoàng Thị Mai Trang","created_time":"2014-06-10 08:32:41","purchased":true,"purchased_at":1686892867},"product_id":101983078,"timeline":{"review_created_date":"2023-08-17 13:14:48","delivery_date":"2023-06-16 14:03:57"}},{"id":19484761,"title":"Cực kì hài lòng","content":"","customer_id":8883402,"rating":5,"images":[],"created_at":1692933468,"created_by":{"id":8883402,"name":"Trần Quốc Bảo","full_name":"Trần Quốc Bảo","created_time":"2018-11-11 08:24:25","purchased":true,"purchased_at":1691113743},"product_id":101983078,"timeline":{"review_created_date":"2023-08-25 10:17:48","delivery_date":"2023-08-04 10:56:10"}},{"id":15528612,"title":"Cực kì hài lòng","content":"Mình đọc nhiều truyện của David Williams rồi, quyển nào cũng hay. Truyện \"Ông nội vượt ngục\" kể về ông nội của cậu bé mang tên Jack. Ông nội Jack đã từng làm việc trong quân đội Anh. Nhưng khi hết chiến tranh ông nội Jack đã không còn được lái chiếc máy bay Spitfire mà ông yêu thích. Dần dần, ông nội của Jack đã bị lẫn mọi thứ với những điều xảy ra vào thời chiến. Những chuyến phiêu lưu kỳ lạ và mạo hiểm đã được thực hiện bởi hai ông cháu. Những chuyến phiêu lưu ấy là gì thi các bạn hãy đọc truyện để tìm hiểu nhá!!! Mình cho truyện này 9999999999 nghìn sao lun!⭐️⭐️⭐️⭐️⭐️⭐️⭐️⭐️⭐️⭐️","customer_id":6920206,"rating":5,"images":[],"created_at":1647840198,"created_by":{"id":6920206,"name":"Nguyễn Quỳnh Như","full_name":"Nguyễn Quỳnh Như","created_time":"2018-04-12 21:15:41","purchased":true,"purchased_at":1646718164},"product_id":101983078,"timeline":{"review_created_date":"2022-03-21 12:23:18","delivery_date":"2022-03-08 14:00:13"}},{"id":14138588,"title":"Không hài lòng","content":"Sách không được bọc, khi đặt hàng có treo logo tikinow nhưng bị chuyển thành tikifast, delay giao hàng 2 lần không rõ lý do. nhận hàng sau 10 ngày đặt","customer_id":724595,"rating":2,"images":[{"id":2957388,"full_path":"https://salt.tikicdn.com/ts/review/56/e5/9e/09ef53d80882f452fba3a5729b4441ba.jpg"}],"created_at":1640747975,"created_by":{"id":724595,"name":"Nguyễn Hữu Thuận","full_name":"Nguyễn Hữu Thuận","created_time":"2015-07-28 08:50:59","purchased":true,"purchased_at":1639788450},"product_id":101983078,"timeline":{"review_created_date":"2021-12-29 10:19:35","delivery_date":"2021-12-26 11:37:45"}},{"id":14837059,"title":"Cực kì hài lòng","content":"Sách Đẹp","customer_id":18795305,"rating":5,"images":[{"id":3195570,"full_path":"https://salt.tikicdn.com/ts/review/79/c1/0e/52fd1db373db8d55ca73c810dac5722f.jpg"},{"id":3195571,"full_path":"https://salt.tikicdn.com/ts/review/2f/06/bb/63a49ff59bda30bb2c4eefc7e4a0f18b.jpg"},{"id":3195573,"full_path":"https://salt.tikicdn.com/ts/review/79/c1/0e/3e787b1e4cc1b6fab11d3716ea6250a9.jpg"},{"id":3195574,"full_path":"https://salt.tikicdn.com/ts/review/2f/06/bb/17cf4c8c9dfd7b608b608249f5423866.jpg"}],"created_at":1644286987,"created_by":{"id":18795305,"name":"anh Phúc","full_name":"anh Phúc","created_time":"2020-10-11 13:13:02","purchased":true,"purchased_at":1643231160},"product_id":101983078,"timeline":{"review_created_date":"2022-02-08 09:23:07","delivery_date":"2022-01-27 09:10:28"}},{"id":19464988,"title":"Cực kì hài lòng","content":"cuốn sách hay","customer_id":362825,"rating":5,"images":[],"created_at":1692252888,"created_by":{"id":362825,"name":"Hoàng Thị Mai Trang","full_name":"Hoàng Thị Mai Trang","created_time":"2014-06-10 08:32:41","purchased":true,"purchased_at":1686892867},"product_id":101983078,"timeline":{"review_created_date":"2023-08-17 13:14:48","delivery_date":"2023-06-16 14:03:57"}},{"id":19484761,"title":"Cực kì hài lòng","content":"","customer_id":8883402,"rating":5,"images":[],"created_at":1692933468,"created_by":{"id":8883402,"name":"Trần Quốc Bảo","full_name":"Trần Quốc Bảo","created_time":"2018-11-11 08:24:25","purchased":true,"purchased_at":1691113743},"product_id":101983078,"timeline":{"review_created_date":"2023-08-25 10:17:48","delivery_date":"2023-08-04 10:56:10"}},{"id":15528612,"title":"Cực kì hài lòng","content":"Mình đọc nhiều truyện của David Williams rồi, quyển nào cũng hay. Truyện \"Ông nội vượt ngục\" kể về ông nội của cậu bé mang tên Jack. Ông nội Jack đã từng làm việc trong quân đội Anh. Nhưng khi hết chiến tranh ông nội Jack đã không còn được lái chiếc máy bay Spitfire mà ông yêu thích. Dần dần, ông nội của Jack đã bị lẫn mọi thứ với những điều xảy ra vào thời chiến. Những chuyến phiêu lưu kỳ lạ và mạo hiểm đã được thực hiện bởi hai ông cháu. Những chuyến phiêu lưu ấy là gì thi các bạn hãy đọc truyện để tìm hiểu nhá!!! Mình cho truyện này 9999999999 nghìn sao lun!⭐️⭐️⭐️⭐️⭐️⭐️⭐️⭐️⭐️⭐️","customer_id":6920206,"rating":5,"images":[],"created_at":1647840198,"created_by":{"id":6920206,"name":"Nguyễn Quỳnh Như","full_name":"Nguyễn Quỳnh Như","created_time":"2018-04-12 21:15:41","purchased":true,"purchased_at":1646718164},"product_id":101983078,"timeline":{"review_created_date":"2022-03-21 12:23:18","delivery_date":"2022-03-08 14:00:13"}},{"id":14138588,"title":"Không hài lòng","content":"Sách không được bọc, khi đặt hàng có treo logo tikinow nhưng bị chuyển thành tikifast, delay giao hàng 2 lần không rõ lý do. nhận hàng sau 10 ngày đặt","customer_id":724595,"rating":2,"images":[{"id":2957388,"full_path":"https://salt.tikicdn.com/ts/review/56/e5/9e/09ef53d80882f452fba3a5729b4441ba.jpg"}],"created_at":1640747975,"created_by":{"id":724595,"name":"Nguyễn Hữu Thuận","full_name":"Nguyễn Hữu Thuận","created_time":"2015-07-28 08:50:59","purchased":true,"purchased_at":1639788450},"product_id":101983078,"timeline":{"review_created_date":"2021-12-29 10:19:35","delivery_date":"2021-12-26 11:37:45"}},{"id":14837059,"title":"Cực kì hài lòng","content":"Sách Đẹp","customer_id":18795305,"rating":5,"images":[{"id":3195570,"full_path":"https://salt.tikicdn.com/ts/review/79/c1/0e/52fd1db373db8d55ca73c810dac5722f.jpg"},{"id":3195571,"full_path":"https://salt.tikicdn.com/ts/review/2f/06/bb/63a49ff59bda30bb2c4eefc7e4a0f18b.jpg"},{"id":3195573,"full_path":"https://salt.tikicdn.com/ts/review/79/c1/0e/3e787b1e4cc1b6fab11d3716ea6250a9.jpg"},{"id":3195574,"full_path":"https://salt.tikicdn.com/ts/review/2f/06/bb/17cf4c8c9dfd7b608b608249f5423866.jpg"}],"created_at":1644286987,"created_by":{"id":18795305,"name":"anh Phúc","full_name":"anh Phúc","created_time":"2020-10-11 13:13:02","purchased":true,"purchased_at":1643231160},"product_id":101983078,"timeline":{"review_created_date":"2022-02-08 09:23:07","delivery_date":"2022-01-27 09:10:28"}},{"id":19464988,"title":"Cực kì hài lòng","content":"cuốn sách hay","customer_id":362825,"rating":5,"images":[],"created_at":1692252888,"created_by":{"id":362825,"name":"Hoàng Thị Mai Trang","full_name":"Hoàng Thị Mai Trang","created_time":"2014-06-10 08:32:41","purchased":true,"purchased_at":1686892867},"product_id":101983078,"timeline":{"review_created_date":"2023-08-17 13:14:48","delivery_date":"2023-06-16 14:03:57"}},{"id":19484761,"title":"Cực kì hài lòng","content":"","customer_id":8883402,"rating":5,"images":[],"created_at":1692933468,"created_by":{"id":8883402,"name":"Trần Quốc Bảo","full_name":"Trần Quốc Bảo","created_time":"2018-11-11 08:24:25","purchased":true,"purchased_at":1691113743},"product_id":101983078,"timeline":{"review_created_date":"2023-08-25 10:17:48","delivery_date":"2023-08-04 10:56:10"}}]}