{"id":1019270,"dbId":11295,"createdAt":1508346000000,"name":"Bộ Thần Thoại Vàng - Aeneid - Những Cuộc Phiêu Lưu Của Aeneas","short_description":"Bộ Thần Thoại Vàng - Aeneid - Những Cuộc Phiêu Lưu Của Aeneas Sau khi thành Troy thất thủ, một người anh hùng của quân Troy đã cõng theo cha già, đưa vợ con thoát khỏi biển lửa, băng qua Địa Trung Hả...","description":"\u003cp\u003e\u003cstrong\u003eBộ Thần Thoại Vàng - Aeneid - Những Cuộc Phiêu Lưu Của Aeneas\u003c/strong\u003e\u003c/p\u003e\r\n\u003cp\u003eSau khi thành Troy thất thủ, một người anh hùng của quân Troy đã cõng theo cha già, đưa vợ con thoát khỏi biển lửa, băng qua Địa Trung Hải, vượt nhiều vùng đất với bao gian nan thử thách để cuối cùng đến được nơi sau này chính là thành Rome. Vị anh hùng ấy là Aeneas, người vẫn được coi là tổ tiên của người La Mã.\u003cstrong\u003e\u003cbr /\u003e\u003cbr /\u003e\u003c/strong\u003e\u003c/p\u003e\u003cp\u003eGiá sản phẩm trên Tiki đã bao gồm thuế theo luật hiện hành. Bên cạnh đó, tuỳ vào loại sản phẩm, hình thức và địa chỉ giao hàng mà có thể phát sinh thêm chi phí khác như phí vận chuyển, phụ phí hàng cồng kềnh, thuế nhập khẩu (đối với đơn hàng giao từ nước ngoài có giá trị trên 1 triệu đồng).....\u003c/p\u003e","original_price":104000.0,"thumbnail_url":"https://salt.tikicdn.com/cache/280x280/media/catalog/product/t/h/than-thoai-vang---aeneid---nhung-cuoc-phieu-cua-aeneas-02.u5430.d20171012.t113503.795826.jpg","images":[{"base_url":"https://salt.tikicdn.com/media/catalog/product/t/h/than-thoai-vang---aeneid---nhung-cuoc-phieu-cua-aeneas-02.u5430.d20171012.t113503.795826.jpg","dbId":30106}],"specifications":[{"name":"Thông tin chung","attributes":[{"name":"Công ty phát hành","value":"Nhã Nam"},{"name":"Ngày xuất bản","value":"2017-10-01 00:00:00"},{"name":"Dịch Giả","value":"Nguyễn Minh Nguyệt"},{"name":"Loại bìa","value":"Bìa mềm"},{"name":"Số trang","value":"93"},{"name":"Phương thức giao hàng Seller Delivery","value":"Nhà bán giao hàng cho khách hàng"},{"code":"PUBLICATION_DATE","name":"Kích thước","value":"23 x 29.5 cm"}]}],"stock_item":{"qty":1000},"all_time_quantity_sold":7,"reviews":[{"id":17485231,"title":"Không hài lòng","content":"sách cũ, đóng gói sơ sài. tiki lần này sao đóng gói ẩu thế k bít.","customer_id":23943952,"rating":2,"images":[],"created_at":1661098239,"created_by":{"id":23943952,"name":"quang duc","full_name":"quang duc","created_time":"2021-10-07 10:59:56","purchased":true,"purchased_at":1660531370},"product_id":1019270,"timeline":{"review_created_date":"2022-08-21 23:10:39","delivery_date":"2022-08-19 09:46:53"}},{"id":16462017,"title":"Cực kì hài lòng","content":"","customer_id":1442164,"rating":5,"images":[],"created_at":1653498359,"created_by":{"id":1442164,"name":"Nam Le","full_name":"Nam Le","created_time":"2016-06-17 15:30:46","purchased":true,"purchased_at":1652948794},"product_id":1019270,"timeline":{"review_created_date":"2022-05-26 00:05:59","delivery_date":"2022-05-20 09:24:01"}},{"id":5352480,"title":"Cực kì hài lòng","content":"sách khổ to, giấy và hình vẽ đẹp, rất đáng muaquu\u003d!","customer_id":17676048,"rating":5,"images":[{"id":1264961,"full_path":"https://salt.tikicdn.com/ts/review/f9/b0/9e/2581ceb39f7b5fbf73648bc65374395b.jpg"},{"id":1264962,"full_path":"https://salt.tikicdn.com/ts/review/d8/37/d1/b987b7de01a55da0f8bb29a5f229616f.jpg"}],"created_at":1603614161,"created_by":{"id":17676048,"name":"Nguyễn Diệu Phương Linh","full_name":"Nguyễn Diệu Phương Linh","purchased":true,"purchased_at":1603464267},"product_id":1019270,"timeline":{"review_created_date":"2020-10-25 15:22:41","delivery_date":"2020-10-25 14:37:12"}},{"id":15554041,"title":"Cực kì hài lòng","content":"","customer_id":12246286,"rating":5,"images":[],"created_at":1647965451,"created_by":{"id":12246286,"name":"Nguyễn Duy Cường","full_name":"Nguyễn Duy Cường","created_time":"2019-05-26 12:58:29","purchased":true,"purchased_at":1646278875},"product_id":1019270,"timeline":{"review_created_date":"2022-03-22 23:10:51","delivery_date":"2022-03-04 16:52:34"}},{"id":14379054,"title":"Cực kì hài lòng","content":"","customer_id":1086765,"rating":5,"images":[],"created_at":1641874638,"created_by":{"id":1086765,"name":"Pham Thanh Binh","full_name":"Pham Thanh Binh","created_time":"2015-12-31 16:51:46","purchased":true,"purchased_at":1640681674},"product_id":1019270,"timeline":{"review_created_date":"2022-01-11 11:17:18","delivery_date":"2022-01-06 17:14:02"}},{"id":17485231,"title":"Không hài lòng","content":"sách cũ, đóng gói sơ sài. tiki lần này sao đóng gói ẩu thế k bít.","customer_id":23943952,"rating":2,"images":[],"created_at":1661098239,"created_by":{"id":23943952,"name":"quang duc","full_name":"quang duc","created_time":"2021-10-07 10:59:56","purchased":true,"purchased_at":1660531370},"product_id":1019270,"timeline":{"review_created_date":"2022-08-21 23:10:39","delivery_date":"2022-08-19 09:46:53"}},{"id":16462017,"title":"Cực kì hài lòng","content":"","customer_id":1442164,"rating":5,"images":[],"created_at":1653498359,"created_by":{"id":1442164,"name":"Nam Le","full_name":"Nam Le","created_time":"2016-06-17 15:30:46","purchased":true,"purchased_at":1652948794},"product_id":1019270,"timeline":{"review_created_date":"2022-05-26 00:05:59","delivery_date":"2022-05-20 09:24:01"}},{"id":5352480,"title":"Cực kì hài lòng","content":"sách khổ to, giấy và hình vẽ đẹp, rất đáng muaquu\u003d!","customer_id":17676048,"rating":5,"images":[{"id":1264961,"full_path":"https://salt.tikicdn.com/ts/review/f9/b0/9e/2581ceb39f7b5fbf73648bc65374395b.jpg"},{"id":1264962,"full_path":"https://salt.tikicdn.com/ts/review/d8/37/d1/b987b7de01a55da0f8bb29a5f229616f.jpg"}],"created_at":1603614161,"created_by":{"id":17676048,"name":"Nguyễn Diệu Phương Linh","full_name":"Nguyễn Diệu Phương Linh","purchased":true,"purchased_at":1603464267},"product_id":1019270,"timeline":{"review_created_date":"2020-10-25 15:22:41","delivery_date":"2020-10-25 14:37:12"}},{"id":15554041,"title":"Cực kì hài lòng","content":"","customer_id":12246286,"rating":5,"images":[],"created_at":1647965451,"created_by":{"id":12246286,"name":"Nguyễn Duy Cường","full_name":"Nguyễn Duy Cường","created_time":"2019-05-26 12:58:29","purchased":true,"purchased_at":1646278875},"product_id":1019270,"timeline":{"review_created_date":"2022-03-22 23:10:51","delivery_date":"2022-03-04 16:52:34"}},{"id":14379054,"title":"Cực kì hài lòng","content":"","customer_id":1086765,"rating":5,"images":[],"created_at":1641874638,"created_by":{"id":1086765,"name":"Pham Thanh Binh","full_name":"Pham Thanh Binh","created_time":"2015-12-31 16:51:46","purchased":true,"purchased_at":1640681674},"product_id":1019270,"timeline":{"review_created_date":"2022-01-11 11:17:18","delivery_date":"2022-01-06 17:14:02"}},{"id":17485231,"title":"Không hài lòng","content":"sách cũ, đóng gói sơ sài. tiki lần này sao đóng gói ẩu thế k bít.","customer_id":23943952,"rating":2,"images":[],"created_at":1661098239,"created_by":{"id":23943952,"name":"quang duc","full_name":"quang duc","created_time":"2021-10-07 10:59:56","purchased":true,"purchased_at":1660531370},"product_id":1019270,"timeline":{"review_created_date":"2022-08-21 23:10:39","delivery_date":"2022-08-19 09:46:53"}},{"id":16462017,"title":"Cực kì hài lòng","content":"","customer_id":1442164,"rating":5,"images":[],"created_at":1653498359,"created_by":{"id":1442164,"name":"Nam Le","full_name":"Nam Le","created_time":"2016-06-17 15:30:46","purchased":true,"purchased_at":1652948794},"product_id":1019270,"timeline":{"review_created_date":"2022-05-26 00:05:59","delivery_date":"2022-05-20 09:24:01"}},{"id":5352480,"title":"Cực kì hài lòng","content":"sách khổ to, giấy và hình vẽ đẹp, rất đáng muaquu\u003d!","customer_id":17676048,"rating":5,"images":[{"id":1264961,"full_path":"https://salt.tikicdn.com/ts/review/f9/b0/9e/2581ceb39f7b5fbf73648bc65374395b.jpg"},{"id":1264962,"full_path":"https://salt.tikicdn.com/ts/review/d8/37/d1/b987b7de01a55da0f8bb29a5f229616f.jpg"}],"created_at":1603614161,"created_by":{"id":17676048,"name":"Nguyễn Diệu Phương Linh","full_name":"Nguyễn Diệu Phương Linh","purchased":true,"purchased_at":1603464267},"product_id":1019270,"timeline":{"review_created_date":"2020-10-25 15:22:41","delivery_date":"2020-10-25 14:37:12"}},{"id":15554041,"title":"Cực kì hài lòng","content":"","customer_id":12246286,"rating":5,"images":[],"created_at":1647965451,"created_by":{"id":12246286,"name":"Nguyễn Duy Cường","full_name":"Nguyễn Duy Cường","created_time":"2019-05-26 12:58:29","purchased":true,"purchased_at":1646278875},"product_id":1019270,"timeline":{"review_created_date":"2022-03-22 23:10:51","delivery_date":"2022-03-04 16:52:34"}},{"id":14379054,"title":"Cực kì hài lòng","content":"","customer_id":1086765,"rating":5,"images":[],"created_at":1641874638,"created_by":{"id":1086765,"name":"Pham Thanh Binh","full_name":"Pham Thanh Binh","created_time":"2015-12-31 16:51:46","purchased":true,"purchased_at":1640681674},"product_id":1019270,"timeline":{"review_created_date":"2022-01-11 11:17:18","delivery_date":"2022-01-06 17:14:02"}}]}