{"id":10294668,"dbId":11751,"createdAt":1535295784000,"name":"Boxset Harry Potter - Tiếng Việt (Trọn Bộ 7 Tập) (Tặng Kèm Bản Đồ Ma Thuật)","short_description":"Boxset Harry Potter - Tiếng Việt (Trọn Bộ 7 Tập)( Tặng Kèm Bản Đồ Ma Thuật )Bản đặc biệt tặng kèm bản đồ pháp thuật , số lượng quà tặng có giới hạn.Bộ truyện bảy tập Harry Potter là tác phẩm đáng ...","description":"\u003cdiv id\u003d\"gioi-thieu\" class\u003d\"content js-content expand\"\u003e\n\u003cp\u003e\u003cspan style\u003d\"color: #0000ff;\"\u003e\u003cstrong\u003eBoxset Harry Potter - Tiếng Việt (Trọn Bộ 7 Tập)( Tặng Kèm Bản Đồ Ma Thuật )\u003c/strong\u003e\u003c/span\u003e\u003c/p\u003e\n\u003cp\u003e\u003cspan style\u003d\"color: #ff0000;\"\u003e\u003cem\u003eBản đặc biệt tặng kèm bản đồ pháp thuật , số lượng quà tặng có giới hạn.\u003c/em\u003e\u003c/span\u003e\u003c/p\u003e\n\u003cp\u003e\u003cspan style\u003d\"color: #ff0000;\"\u003e\u003cem\u003e\u003cimg src\u003d\"https://salt.tikicdn.com/ts/tmp/cf/ef/f3/55f46f20ec12c97447e6da109faf68f7.jpg\" alt\u003d\"\" width\u003d\"750\" height\u003d\"750\" /\u003e\u003c/em\u003e\u003c/span\u003e\u003c/p\u003e\n\u003cp\u003eBộ truyện bảy tập Harry Potter là tác phẩm đáng tự hào nhất, nổi tiếng nhất đồng thời cũng là tác phẩm mang lại danh tiếng cho sự nghiệp văn chương của nữ tác giả người Anh J. K. Rowling.\u003c/p\u003e\n\u003cp\u003eNội dung câu chuyện giả tưởng từng gây sốt trên nhiều thị trường sách này kể về cuộc chiến của cậu bé Harry Potter một mình chống lại một phù thủy hắc ám Chúa tể Voldemort, người đã giết cha mẹ cậu để thực hiện tham vọng làm chủ thế giới phù thủy. Harry Potter đã chắp cánh cho trí tưởng tượng của trẻ em trên toàn thế giới bay cao bay xa trong thế giới pháp thuật huyền hoặc. Truyện bắt đầu với một nhân vật bình thường, thậm chí là có phần tầm thường và nó diễn ra ngay bên cạnh chúng ta, bắt đầu từ sân ga 9¾ ở nhà ga Ngã tư Vua. Lần lượt bảy tập truyện sẽ đưa độc giả đi khám phá con đường trở thành pháp sư đầy chông gai, thử thách của Harry cùng với các bạn của mình tại ngôi trường phù thủy Hogwarts.\u003c/p\u003e\n\u003cp\u003e\u003cimg src\u003d\"https://salt.tikicdn.com/ts/tmp/c1/b7/6a/fa7302bc2ed38ae8ae8a6fc5af77ab67.jpg\" alt\u003d\"\" width\u003d\"750\" height\u003d\"280\" /\u003e\u003c/p\u003e\n\u003cp\u003e\u003cspan style\u003d\"color: #ff0000;\"\u003e\u003cem\u003eBản đặc biệt tặng kèm bản đồ pháp thuật , số lượng quà tặng có giới hạn.\u003c/em\u003e\u003c/span\u003e\u003c/p\u003e\n\u003cp\u003e \u003c/p\u003e\n\u003c/div\u003e\u003cp\u003eGiá sản phẩm trên Tiki đã bao gồm thuế theo luật hiện hành. Bên cạnh đó, tuỳ vào loại sản phẩm, hình thức và địa chỉ giao hàng mà có thể phát sinh thêm chi phí khác như phí vận chuyển, phụ phí hàng cồng kềnh, thuế nhập khẩu (đối với đơn hàng giao từ nước ngoài có giá trị trên 1 triệu đồng).....\u003c/p\u003e","original_price":1750000.0,"thumbnail_url":"https://salt.tikicdn.com/cache/280x280/ts/product/b6/9a/44/5db569fbc86af9076a20dfa3b3628705.jpg","images":[{"base_url":"https://salt.tikicdn.com/ts/product/b6/9a/44/5db569fbc86af9076a20dfa3b3628705.jpg","dbId":31297},{"base_url":"https://salt.tikicdn.com/ts/product/9e/73/7e/35ed93e5bc65a66b87dd356555eba7df.jpg","dbId":31298},{"base_url":"https://salt.tikicdn.com/ts/product/ad/80/22/923a50fbe620d2aecca999ababa1278d.jpg","dbId":31299},{"base_url":"https://salt.tikicdn.com/ts/product/ef/f6/e7/a60d8e0c6dc836443089e5bbd1c3889c.jpg","dbId":31300}],"authors":[{"id":4,"name":"J. K. Rowling","dbId":6192}],"specifications":[{"name":"Thông tin chung","attributes":[{"name":"Công ty phát hành","value":"NXB Trẻ"},{"name":"Ngày xuất bản","value":"2018-08-08 22:03:04"},{"name":"Loại bìa","value":"Bìa mềm"},{"name":"Nhà xuất bản","value":"NXB Trẻ"},{"code":"PUBLICATION_DATE","name":"Kích thước","value":"14 x 20.5 x 29 cm"}]}],"stock_item":{"qty":1000},"all_time_quantity_sold":277,"reviews":[{"id":18381854,"title":"Không hài lòng","content":"Giới thiệu bản 2018 vậy nhưng shop gửi bản 2017. Bản 2017 in bằng giấy xốp, loại giấy này sẽ bị ố và ngả màu theo thời gian. Bản 2018 thì không bị như vậy, bên cạnh đó không coa bản đồ ma thuật như trong tiêu đề giới thiệu. Đề nghị đổi lại cho tôi đúng như quảng cáo.","customer_id":27613061,"rating":2,"images":[{"id":4034485,"full_path":"https://salt.tikicdn.com/ts/review/75/3f/5e/e2ef9a6b75c2d641b1086c4d61144095.jpg"}],"created_at":1670600732,"created_by":{"id":27613061,"name":"Bùi Văn Hải","full_name":"Bùi Văn Hải","created_time":"2022-06-02 11:36:41","purchased":true,"purchased_at":1670391140},"product_id":10294668,"timeline":{"review_created_date":"2022-12-09 22:45:32","delivery_date":"2022-12-09 14:08:16"}},{"id":14051865,"title":"Cực kì hài lòng","content":"Harry potter là tuổi thơ. Năm nay HBO ra tập kỷ niệm, nên mình nổi hứng xem lại phim. Bây giờ tìm được combo này thật đáng tiền. Mình cũng sẽ không mở hàng, để luôn bọc để sưu tập.","customer_id":9733363,"rating":5,"images":[{"id":2938775,"full_path":"https://salt.tikicdn.com/ts/review/3d/d9/9d/3d9200d13ccc877c05c8d7ed263df1d3.jpg"},{"id":2938776,"full_path":"https://salt.tikicdn.com/ts/review/8a/1a/f6/f5f16f16d2346607e1cc8d0536968049.jpg"},{"id":2938777,"full_path":"https://salt.tikicdn.com/ts/review/77/7e/72/d1b43ff4e339a343009d025991b21a96.jpg"}],"created_at":1640363183,"created_by":{"id":9733363,"name":"Tran Le The Vu","full_name":"Tran Le The Vu","created_time":"2018-12-08 14:08:57","purchased":true,"purchased_at":1639319549},"product_id":10294668,"timeline":{"review_created_date":"2021-12-24 23:26:23","delivery_date":"2021-12-16 17:24:05"}},{"id":19243994,"title":"Cực kì hài lòng","content":"Đóng gói hàng rất cẩn, bọc sách rất đẹp","customer_id":28689140,"rating":5,"images":[{"id":4222191,"full_path":"https://salt.tikicdn.com/ts/review/27/a1/59/75f61e4dc2590d6ec22af74f69ddb0dd.jpg"},{"id":4222192,"full_path":"https://salt.tikicdn.com/ts/review/d9/62/1e/24b03d0cb1183de6fdb69f2c9683782d.jpg"}],"created_at":1685433473,"created_by":{"id":28689140,"name":"Huong Le","full_name":"Huong Le","created_time":"2023-01-05 16:32:03","purchased":true,"purchased_at":1685426335},"product_id":10294668,"timeline":{"review_created_date":"2023-05-30 14:57:53","delivery_date":"2023-05-30 14:43:17"}},{"id":9960235,"title":"Cực kì hài lòng","content":"Rất hài lòng. Sách của NXB Trẻ nên chất lượng giấy và mực in đều tốt, in sắc nét. Hộp dày dặn. Nếu mua 1 bộ 7 cuốn thì nên mua thêm hộp để dễ bảo quản sách.\nVề nội dung thì không cần bàn cãi nữa ha, tác phẩm này quá nổi tiếng rồi, bé nhà m rất thích.","customer_id":865241,"rating":5,"images":[],"created_at":1621958251,"created_by":{"id":865241,"name":"Hà Thị Thu Hương","full_name":"Hà Thị Thu Hương","created_time":"2015-10-08 08:50:08","purchased":true,"purchased_at":1621522436},"product_id":10294668},{"id":14954927,"title":"Cực kì hài lòng","content":"rất đáng tiền","customer_id":10148856,"rating":5,"images":[{"id":3129841,"full_path":"https://salt.tikicdn.com/ts/review/6a/00/d9/7bb20d761baa370cd33dc0bfea76c4c2.jpg"},{"id":3129842,"full_path":"https://salt.tikicdn.com/ts/review/80/c7/21/fe88b68d6779be08a06ce561df244cd5.jpg"},{"id":3129843,"full_path":"https://salt.tikicdn.com/ts/review/e6/67/77/ba5437e4c7646864576acd0998a96344.jpg"},{"id":3129844,"full_path":"https://salt.tikicdn.com/ts/review/07/b6/de/39ac6ea78b8cd5d819bf958b8dcc3081.jpg"}],"created_at":1644829410,"created_by":{"id":10148856,"name":"Trần Bình Trọng","full_name":"Trần Bình Trọng","created_time":"2019-01-03 15:50:38","purchased":true,"purchased_at":1644662376},"product_id":10294668,"timeline":{"review_created_date":"2022-02-14 16:03:30","delivery_date":"2022-02-14 13:27:02"}},{"id":18381854,"title":"Không hài lòng","content":"Giới thiệu bản 2018 vậy nhưng shop gửi bản 2017. Bản 2017 in bằng giấy xốp, loại giấy này sẽ bị ố và ngả màu theo thời gian. Bản 2018 thì không bị như vậy, bên cạnh đó không coa bản đồ ma thuật như trong tiêu đề giới thiệu. Đề nghị đổi lại cho tôi đúng như quảng cáo.","customer_id":27613061,"rating":2,"images":[{"id":4034485,"full_path":"https://salt.tikicdn.com/ts/review/75/3f/5e/e2ef9a6b75c2d641b1086c4d61144095.jpg"}],"created_at":1670600732,"created_by":{"id":27613061,"name":"Bùi Văn Hải","full_name":"Bùi Văn Hải","created_time":"2022-06-02 11:36:41","purchased":true,"purchased_at":1670391140},"product_id":10294668,"timeline":{"review_created_date":"2022-12-09 22:45:32","delivery_date":"2022-12-09 14:08:16"}},{"id":14051865,"title":"Cực kì hài lòng","content":"Harry potter là tuổi thơ. Năm nay HBO ra tập kỷ niệm, nên mình nổi hứng xem lại phim. Bây giờ tìm được combo này thật đáng tiền. Mình cũng sẽ không mở hàng, để luôn bọc để sưu tập.","customer_id":9733363,"rating":5,"images":[{"id":2938775,"full_path":"https://salt.tikicdn.com/ts/review/3d/d9/9d/3d9200d13ccc877c05c8d7ed263df1d3.jpg"},{"id":2938776,"full_path":"https://salt.tikicdn.com/ts/review/8a/1a/f6/f5f16f16d2346607e1cc8d0536968049.jpg"},{"id":2938777,"full_path":"https://salt.tikicdn.com/ts/review/77/7e/72/d1b43ff4e339a343009d025991b21a96.jpg"}],"created_at":1640363183,"created_by":{"id":9733363,"name":"Tran Le The Vu","full_name":"Tran Le The Vu","created_time":"2018-12-08 14:08:57","purchased":true,"purchased_at":1639319549},"product_id":10294668,"timeline":{"review_created_date":"2021-12-24 23:26:23","delivery_date":"2021-12-16 17:24:05"}},{"id":19243994,"title":"Cực kì hài lòng","content":"Đóng gói hàng rất cẩn, bọc sách rất đẹp","customer_id":28689140,"rating":5,"images":[{"id":4222191,"full_path":"https://salt.tikicdn.com/ts/review/27/a1/59/75f61e4dc2590d6ec22af74f69ddb0dd.jpg"},{"id":4222192,"full_path":"https://salt.tikicdn.com/ts/review/d9/62/1e/24b03d0cb1183de6fdb69f2c9683782d.jpg"}],"created_at":1685433473,"created_by":{"id":28689140,"name":"Huong Le","full_name":"Huong Le","created_time":"2023-01-05 16:32:03","purchased":true,"purchased_at":1685426335},"product_id":10294668,"timeline":{"review_created_date":"2023-05-30 14:57:53","delivery_date":"2023-05-30 14:43:17"}},{"id":9960235,"title":"Cực kì hài lòng","content":"Rất hài lòng. Sách của NXB Trẻ nên chất lượng giấy và mực in đều tốt, in sắc nét. Hộp dày dặn. Nếu mua 1 bộ 7 cuốn thì nên mua thêm hộp để dễ bảo quản sách.\nVề nội dung thì không cần bàn cãi nữa ha, tác phẩm này quá nổi tiếng rồi, bé nhà m rất thích.","customer_id":865241,"rating":5,"images":[],"created_at":1621958251,"created_by":{"id":865241,"name":"Hà Thị Thu Hương","full_name":"Hà Thị Thu Hương","created_time":"2015-10-08 08:50:08","purchased":true,"purchased_at":1621522436},"product_id":10294668},{"id":14954927,"title":"Cực kì hài lòng","content":"rất đáng tiền","customer_id":10148856,"rating":5,"images":[{"id":3129841,"full_path":"https://salt.tikicdn.com/ts/review/6a/00/d9/7bb20d761baa370cd33dc0bfea76c4c2.jpg"},{"id":3129842,"full_path":"https://salt.tikicdn.com/ts/review/80/c7/21/fe88b68d6779be08a06ce561df244cd5.jpg"},{"id":3129843,"full_path":"https://salt.tikicdn.com/ts/review/e6/67/77/ba5437e4c7646864576acd0998a96344.jpg"},{"id":3129844,"full_path":"https://salt.tikicdn.com/ts/review/07/b6/de/39ac6ea78b8cd5d819bf958b8dcc3081.jpg"}],"created_at":1644829410,"created_by":{"id":10148856,"name":"Trần Bình Trọng","full_name":"Trần Bình Trọng","created_time":"2019-01-03 15:50:38","purchased":true,"purchased_at":1644662376},"product_id":10294668,"timeline":{"review_created_date":"2022-02-14 16:03:30","delivery_date":"2022-02-14 13:27:02"}},{"id":18381854,"title":"Không hài lòng","content":"Giới thiệu bản 2018 vậy nhưng shop gửi bản 2017. Bản 2017 in bằng giấy xốp, loại giấy này sẽ bị ố và ngả màu theo thời gian. Bản 2018 thì không bị như vậy, bên cạnh đó không coa bản đồ ma thuật như trong tiêu đề giới thiệu. Đề nghị đổi lại cho tôi đúng như quảng cáo.","customer_id":27613061,"rating":2,"images":[{"id":4034485,"full_path":"https://salt.tikicdn.com/ts/review/75/3f/5e/e2ef9a6b75c2d641b1086c4d61144095.jpg"}],"created_at":1670600732,"created_by":{"id":27613061,"name":"Bùi Văn Hải","full_name":"Bùi Văn Hải","created_time":"2022-06-02 11:36:41","purchased":true,"purchased_at":1670391140},"product_id":10294668,"timeline":{"review_created_date":"2022-12-09 22:45:32","delivery_date":"2022-12-09 14:08:16"}},{"id":14051865,"title":"Cực kì hài lòng","content":"Harry potter là tuổi thơ. Năm nay HBO ra tập kỷ niệm, nên mình nổi hứng xem lại phim. Bây giờ tìm được combo này thật đáng tiền. Mình cũng sẽ không mở hàng, để luôn bọc để sưu tập.","customer_id":9733363,"rating":5,"images":[{"id":2938775,"full_path":"https://salt.tikicdn.com/ts/review/3d/d9/9d/3d9200d13ccc877c05c8d7ed263df1d3.jpg"},{"id":2938776,"full_path":"https://salt.tikicdn.com/ts/review/8a/1a/f6/f5f16f16d2346607e1cc8d0536968049.jpg"},{"id":2938777,"full_path":"https://salt.tikicdn.com/ts/review/77/7e/72/d1b43ff4e339a343009d025991b21a96.jpg"}],"created_at":1640363183,"created_by":{"id":9733363,"name":"Tran Le The Vu","full_name":"Tran Le The Vu","created_time":"2018-12-08 14:08:57","purchased":true,"purchased_at":1639319549},"product_id":10294668,"timeline":{"review_created_date":"2021-12-24 23:26:23","delivery_date":"2021-12-16 17:24:05"}},{"id":19243994,"title":"Cực kì hài lòng","content":"Đóng gói hàng rất cẩn, bọc sách rất đẹp","customer_id":28689140,"rating":5,"images":[{"id":4222191,"full_path":"https://salt.tikicdn.com/ts/review/27/a1/59/75f61e4dc2590d6ec22af74f69ddb0dd.jpg"},{"id":4222192,"full_path":"https://salt.tikicdn.com/ts/review/d9/62/1e/24b03d0cb1183de6fdb69f2c9683782d.jpg"}],"created_at":1685433473,"created_by":{"id":28689140,"name":"Huong Le","full_name":"Huong Le","created_time":"2023-01-05 16:32:03","purchased":true,"purchased_at":1685426335},"product_id":10294668,"timeline":{"review_created_date":"2023-05-30 14:57:53","delivery_date":"2023-05-30 14:43:17"}},{"id":9960235,"title":"Cực kì hài lòng","content":"Rất hài lòng. Sách của NXB Trẻ nên chất lượng giấy và mực in đều tốt, in sắc nét. Hộp dày dặn. Nếu mua 1 bộ 7 cuốn thì nên mua thêm hộp để dễ bảo quản sách.\nVề nội dung thì không cần bàn cãi nữa ha, tác phẩm này quá nổi tiếng rồi, bé nhà m rất thích.","customer_id":865241,"rating":5,"images":[],"created_at":1621958251,"created_by":{"id":865241,"name":"Hà Thị Thu Hương","full_name":"Hà Thị Thu Hương","created_time":"2015-10-08 08:50:08","purchased":true,"purchased_at":1621522436},"product_id":10294668},{"id":14954927,"title":"Cực kì hài lòng","content":"rất đáng tiền","customer_id":10148856,"rating":5,"images":[{"id":3129841,"full_path":"https://salt.tikicdn.com/ts/review/6a/00/d9/7bb20d761baa370cd33dc0bfea76c4c2.jpg"},{"id":3129842,"full_path":"https://salt.tikicdn.com/ts/review/80/c7/21/fe88b68d6779be08a06ce561df244cd5.jpg"},{"id":3129843,"full_path":"https://salt.tikicdn.com/ts/review/e6/67/77/ba5437e4c7646864576acd0998a96344.jpg"},{"id":3129844,"full_path":"https://salt.tikicdn.com/ts/review/07/b6/de/39ac6ea78b8cd5d819bf958b8dcc3081.jpg"}],"created_at":1644829410,"created_by":{"id":10148856,"name":"Trần Bình Trọng","full_name":"Trần Bình Trọng","created_time":"2019-01-03 15:50:38","purchased":true,"purchased_at":1644662376},"product_id":10294668,"timeline":{"review_created_date":"2022-02-14 16:03:30","delivery_date":"2022-02-14 13:27:02"}},{"id":18381854,"title":"Không hài lòng","content":"Giới thiệu bản 2018 vậy nhưng shop gửi bản 2017. Bản 2017 in bằng giấy xốp, loại giấy này sẽ bị ố và ngả màu theo thời gian. Bản 2018 thì không bị như vậy, bên cạnh đó không coa bản đồ ma thuật như trong tiêu đề giới thiệu. Đề nghị đổi lại cho tôi đúng như quảng cáo.","customer_id":27613061,"rating":2,"images":[{"id":4034485,"full_path":"https://salt.tikicdn.com/ts/review/75/3f/5e/e2ef9a6b75c2d641b1086c4d61144095.jpg"}],"created_at":1670600732,"created_by":{"id":27613061,"name":"Bùi Văn Hải","full_name":"Bùi Văn Hải","created_time":"2022-06-02 11:36:41","purchased":true,"purchased_at":1670391140},"product_id":10294668,"timeline":{"review_created_date":"2022-12-09 22:45:32","delivery_date":"2022-12-09 14:08:16"}},{"id":14051865,"title":"Cực kì hài lòng","content":"Harry potter là tuổi thơ. Năm nay HBO ra tập kỷ niệm, nên mình nổi hứng xem lại phim. Bây giờ tìm được combo này thật đáng tiền. Mình cũng sẽ không mở hàng, để luôn bọc để sưu tập.","customer_id":9733363,"rating":5,"images":[{"id":2938775,"full_path":"https://salt.tikicdn.com/ts/review/3d/d9/9d/3d9200d13ccc877c05c8d7ed263df1d3.jpg"},{"id":2938776,"full_path":"https://salt.tikicdn.com/ts/review/8a/1a/f6/f5f16f16d2346607e1cc8d0536968049.jpg"},{"id":2938777,"full_path":"https://salt.tikicdn.com/ts/review/77/7e/72/d1b43ff4e339a343009d025991b21a96.jpg"}],"created_at":1640363183,"created_by":{"id":9733363,"name":"Tran Le The Vu","full_name":"Tran Le The Vu","created_time":"2018-12-08 14:08:57","purchased":true,"purchased_at":1639319549},"product_id":10294668,"timeline":{"review_created_date":"2021-12-24 23:26:23","delivery_date":"2021-12-16 17:24:05"}},{"id":19243994,"title":"Cực kì hài lòng","content":"Đóng gói hàng rất cẩn, bọc sách rất đẹp","customer_id":28689140,"rating":5,"images":[{"id":4222191,"full_path":"https://salt.tikicdn.com/ts/review/27/a1/59/75f61e4dc2590d6ec22af74f69ddb0dd.jpg"},{"id":4222192,"full_path":"https://salt.tikicdn.com/ts/review/d9/62/1e/24b03d0cb1183de6fdb69f2c9683782d.jpg"}],"created_at":1685433473,"created_by":{"id":28689140,"name":"Huong Le","full_name":"Huong Le","created_time":"2023-01-05 16:32:03","purchased":true,"purchased_at":1685426335},"product_id":10294668,"timeline":{"review_created_date":"2023-05-30 14:57:53","delivery_date":"2023-05-30 14:43:17"}},{"id":9960235,"title":"Cực kì hài lòng","content":"Rất hài lòng. Sách của NXB Trẻ nên chất lượng giấy và mực in đều tốt, in sắc nét. Hộp dày dặn. Nếu mua 1 bộ 7 cuốn thì nên mua thêm hộp để dễ bảo quản sách.\nVề nội dung thì không cần bàn cãi nữa ha, tác phẩm này quá nổi tiếng rồi, bé nhà m rất thích.","customer_id":865241,"rating":5,"images":[],"created_at":1621958251,"created_by":{"id":865241,"name":"Hà Thị Thu Hương","full_name":"Hà Thị Thu Hương","created_time":"2015-10-08 08:50:08","purchased":true,"purchased_at":1621522436},"product_id":10294668},{"id":14954927,"title":"Cực kì hài lòng","content":"rất đáng tiền","customer_id":10148856,"rating":5,"images":[{"id":3129841,"full_path":"https://salt.tikicdn.com/ts/review/6a/00/d9/7bb20d761baa370cd33dc0bfea76c4c2.jpg"},{"id":3129842,"full_path":"https://salt.tikicdn.com/ts/review/80/c7/21/fe88b68d6779be08a06ce561df244cd5.jpg"},{"id":3129843,"full_path":"https://salt.tikicdn.com/ts/review/e6/67/77/ba5437e4c7646864576acd0998a96344.jpg"},{"id":3129844,"full_path":"https://salt.tikicdn.com/ts/review/07/b6/de/39ac6ea78b8cd5d819bf958b8dcc3081.jpg"}],"created_at":1644829410,"created_by":{"id":10148856,"name":"Trần Bình Trọng","full_name":"Trần Bình Trọng","created_time":"2019-01-03 15:50:38","purchased":true,"purchased_at":1644662376},"product_id":10294668,"timeline":{"review_created_date":"2022-02-14 16:03:30","delivery_date":"2022-02-14 13:27:02"}}]}