{"id":103379152,"dbId":11736,"createdAt":1622826000000,"name":"Một Cuộc Đời Bất Tận","short_description":"“Cuộc điều tra bất tử trong Một cuộc đời bất tận được tiến hành hết sức ngông cuồng mà vẫn không thiếu đi sự duyên dáng. Nó vừa giúp các tín đồ khoa học hòa hợp với những kẻ chẳng mấy khi cập nhật thô...","description":"\u003cp\u003e“Cuộc điều tra bất tử trong Một cuộc đời bất tận được tiến hành hết sức ngông cuồng mà vẫn không thiếu đi sự duyên dáng. Nó vừa giúp các tín đồ khoa học hòa hợp với những kẻ chẳng mấy khi cập nhật thông tin, vừa chân thành khẳng định với mọi độc giả: chúng ta ai rồi cũng chết.”\u003c/p\u003e\n\u003cp\u003e“Nếu Tình yêu kéo dài ba năm và 14,99 euros hay lời tự thú của một copywriter đưa ra cái nhìn u ám và đầy khiêu khích với cuộc sống lứa đôi cũng như xã hội thì Một cuộc đời bất tận lại là cuốn sách tương đối sống động về cái chết. Kết cục màu hồng ngọt ngào của cuộc hành trình kiếm tìm sự bất tử thực sự khiến người đọc vừa cảm động vừa không khỏi bật cười.”\u003c/p\u003e\n\u003cp\u003e\u003cstrong\u003eGIỚI THIỆU SÁCH:\u003c/strong\u003e\u003c/p\u003e\n\u003cp\u003e“Đời là một cuộc tàn sát. Một mass murder 59 triệu người chết mỗi năm. 1,9 người chết mỗi giây. 158857 người chết mỗi ngày. Từ đầu khổ này đến đây đã thêm khoảng hai chục người chết trên thế giới - còn nhiều hơn nếu bạn đọc chậm. Trước đây tôi nghĩ về cái chết mỗi ngày một lần. Bước sang tuổi năm mươi, tôi nghĩ về nó mỗi khắc.\u003cbr /\u003eCâu chuyện này kể lại tôi đã vào cuộc thế nào để khỏi phải chết một cách xuẩn ngốc như bao người. Không đời nào có chuyện chịu chết mà không phản kháng.”\u003c/p\u003e\n\u003cp\u003eMột cuộc đời bất tận thoạt đầu có vẻ giống như hành trình nghiên cứu cá nhân khá kỳ công về các tiến bộ khoa học có thể cho phép kéo dài tuổi thọ con người trong tương lai để từ đó công khai thái độ của nhân vật kể chuyện với cái chết. Nhưng đằng sau những thông tin khoa học hay di truyền học phức tạp hoặc thú vị ấy lại là màn lột xác bất ngờ và hoàn hảo của “kẻ ích kỷ lãng mạn” Frédéric Beigbeder: gã chơi đêm và đam mê tiệc tùng ngày nào cuối cùng cũng thừa nhận mình đang già đi và ngoan ngoãn vào vai người chồng, người cha tuyệt vời. Mọi kiếm tìm bất tử rốt cuộc đều chỉ để được ở gần những người yêu thương càng lâu càng tốt.\u003c/p\u003e\n\u003cp\u003e\u003cbr /\u003e\u003cstrong\u003eTÁC GIẢ:\u003c/strong\u003e\u003c/p\u003e\n\u003cp\u003eSinh năm 1965 trong một gia đình khá giả, năm 24 tuổi, Frédéric Beigbeder tốt nghiệp với tấm bằng cao học về marketing – quảng cáo và bắt đầu một sự nghiệp khá lừng lẫy của một người đa tài: làm quảng cáo, nhà văn, phê bình văn học, làm chương trình thời luận…\u003c/p\u003e\n\u003cp\u003eLà một người đam mê văn học thực sự, song song với những công việc trên, Frédéric Beigbeder còn viết sách. Tiểu thuyết của Frédéric Beigbeder đều giành được thành công vang dội, như 14,99 euros hay lời tự thú của một copywriter – bán được 380 000 bản, được chuyển thể thành phim; hay Windows on the world – bán được 100 000 bản, giành giải Prix Interallié, bản dịch tiếng Anh được nhận giải Independent Foreign Fiction Award, Một tiểu thuyết Pháp giành giải Renaudot. Ngoài tiểu thuyết, ông còn viết truyện ngắn, tiểu luận, truyện tranh.\u003c/p\u003e\n\u003cp\u003eFrédéric Beigbeder là người sáng lập ra giải thưởng văn học Flore, giải thưởng văn học Sade và là giám khảo của nhiều giải thưởng văn học khác.\u003c/p\u003e\n\u003cp\u003eCác tác phẩm của Frédéric Beigbeder do Nhã Nam xuất bản:\u003c/p\u003e\n\u003cp\u003e1. Tình yêu kéo dài ba năm\u003cbr /\u003e2. Một tiểu thuyết Pháp\u003cbr /\u003e3. Kẻ ích kỷ lãng mạn\u003cbr /\u003e4. Cứu với, xin tha thứ\u003cbr /\u003e5. 14,99 euros hay lời tự thú của một copywriter\u003c/p\u003e\u003cp\u003eGiá sản phẩm trên Tiki đã bao gồm thuế theo luật hiện hành. Bên cạnh đó, tuỳ vào loại sản phẩm, hình thức và địa chỉ giao hàng mà có thể phát sinh thêm chi phí khác như phí vận chuyển, phụ phí hàng cồng kềnh, thuế nhập khẩu (đối với đơn hàng giao từ nước ngoài có giá trị trên 1 triệu đồng).....\u003c/p\u003e","original_price":162000.0,"thumbnail_url":"https://salt.tikicdn.com/cache/280x280/ts/product/cb/fb/58/845e611aa3f26b32b5cff7522605b817.jpg","images":[{"base_url":"https://salt.tikicdn.com/ts/product/cb/fb/58/845e611aa3f26b32b5cff7522605b817.jpg","dbId":31273},{"base_url":"https://salt.tikicdn.com/ts/product/90/5b/21/05587e819bc32260be76772774358c12.png","dbId":31274},{"base_url":"https://salt.tikicdn.com/ts/product/ab/37/e4/3788d0e510dc2d526c2835dda3a46191.png","dbId":31275}],"authors":[{"id":40444,"name":"Frédéric Beigbeder","dbId":6182}],"specifications":[{"name":"Thông tin chung","attributes":[{"name":"Phiên bản sách","value":"Phiên bản thường"},{"name":"Công ty phát hành","value":"Nhã Nam"},{"name":"Ngày xuất bản","value":"2021-06-01 00:00:00"},{"name":"Dịch Giả","value":"Đoàn Hương Giang"},{"name":"Loại bìa","value":"Bìa mềm"},{"name":"Số trang","value":"392"},{"name":"Nhà xuất bản","value":"Nhà Xuất Bản Văn Học"},{"code":"PUBLICATION_DATE","name":"Kích thước","value":"14 x 20.5 cm"}]}],"stock_item":{"qty":1000},"all_time_quantity_sold":287,"reviews":[{"id":13890856,"title":"Cực kì hài lòng","content":"Các sách của tác giả đều có nhiều đoạn trích rất gợi mở suy nghĩ đó, không cần đọc liền mạch cũng được nên phù hợp cho những bạn chạy deadline quài nhưng vẫn thèm đọc sách như mình huhu\n\nTiki giao hàng nhanh nạ, đặt 11h tối hôm trước là 11h trưa hôm sau có hàng rùi. Vì mình chọn ship 2h nên hộp sách ko có bọc lót gì, may là sách mới và vận chuyển gần (chắc là kho HN) nên trộm vía sách còn đẹp nguyên.","customer_id":5294714,"rating":5,"images":[{"id":2902049,"full_path":"https://salt.tikicdn.com/ts/review/5d/bf/20/c8bda3945681de4b906a1150698cf739.jpg"}],"created_at":1639725006,"created_by":{"id":5294714,"name":"Nguyễn Huỳnh Mai","full_name":"Nguyễn Huỳnh Mai","created_time":"2017-05-17 18:02:40","purchased":true,"purchased_at":1639584352},"product_id":103379152,"timeline":{"review_created_date":"2021-12-17 14:10:06","delivery_date":"2021-12-16 10:33:20"}},{"id":11343913,"title":"Cực kì hài lòng","content":"Vẫn văn phong châm biếm hài hước, Beibeder kéo người đọc vào một hành trình cố gắng kéo dài sự sống để nhận ra sự chết có ý nghĩa của riêng nó. Một cuốn sách rất đáng đọc giữa thời điểm dịch bệnh căng thẳng. Ship rất nhanh và sách ko bị lỗi gì","customer_id":30180,"rating":5,"images":[{"id":2330079,"full_path":"https://salt.tikicdn.com/ts/review/40/40/19/c85f798dd4a565d9dc06e17c74a5bad2.jpg"}],"created_at":1626843556,"created_by":{"id":30180,"name":"Nguyễn Nga","full_name":"Nguyễn Nga","created_time":"2012-03-07 22:19:21","purchased":true,"purchased_at":1625043065},"product_id":103379152,"timeline":{"review_created_date":"2021-07-21 11:59:16","delivery_date":"2021-07-01 11:41:58"}},{"id":13847131,"title":"Hài lòng","content":"Tiki ơi, mình thật sự rất vui vì nhận được sách sớm, nhưng đã nhiều lần mình nhận được sách trong tình trạng này rồi ạ. Mong Tiki xem xét lại quá trình vận chuyển nhé.\n\nmình sẽ đọc sách và quay lại review chi tiết sau^^","customer_id":479493,"rating":4,"images":[{"id":2891801,"full_path":"https://salt.tikicdn.com/ts/review/06/d1/6f/2cd2b4c12202d9bb062f33793cf76dbb.jpg"}],"created_at":1639562300,"created_by":{"id":479493,"name":"Lê Linh","full_name":"Lê Linh","created_time":"2014-11-11 18:05:55","purchased":true,"purchased_at":1639503830},"product_id":103379152,"timeline":{"review_created_date":"2021-12-15 16:58:20","delivery_date":"2021-12-15 14:20:41"}},{"id":12327504,"title":"Cực kì hài lòng","content":"Giao hàng nhanh, bìa sách đẹp. Nội dung hài hước, đồng thời những thông tin về khoa học đề cập trong sách cũng rất thú vị, giúp mình mở mang kiến thức.","customer_id":11525835,"rating":5,"images":[{"id":2526451,"full_path":"https://salt.tikicdn.com/ts/review/81/2c/53/d7ae229d8d148c76ad82220e8bfd9ec8.jpg"},{"id":2526452,"full_path":"https://salt.tikicdn.com/ts/review/56/cf/bb/d4cdd72d32a1b9e7e95780c77d04ba40.jpg"}],"created_at":1632624653,"created_by":{"id":11525835,"name":"Sa Sa","full_name":"Sa Sa","created_time":"2019-03-28 12:27:10","purchased":true,"purchased_at":1632191370},"product_id":103379152,"timeline":{"review_created_date":"2021-09-26 09:50:53","delivery_date":"2021-09-24 11:45:04"}},{"id":14938187,"title":"Cực kì hài lòng","content":"Bìa đẹp là 5 sao thui ko nói nhiều. Thích ông tác giả từ cuốn Kẻ ích kỷ lãng mạn ùi nên đọc thấy ưng. Tóm lại đây là một quyển sách tôi sẽ đọc từ từ cả năm trong tâm trạng hài lòng","customer_id":397076,"rating":5,"images":[],"created_at":1644742664,"created_by":{"id":397076,"name":"Hồng Đức Phan","full_name":"Hồng Đức Phan","created_time":"2014-08-14 11:07:57","purchased":true,"purchased_at":1643412647},"product_id":103379152,"timeline":{"review_created_date":"2022-02-13 15:57:44","delivery_date":"2022-01-29 08:30:20"}},{"id":13890856,"title":"Cực kì hài lòng","content":"Các sách của tác giả đều có nhiều đoạn trích rất gợi mở suy nghĩ đó, không cần đọc liền mạch cũng được nên phù hợp cho những bạn chạy deadline quài nhưng vẫn thèm đọc sách như mình huhu\n\nTiki giao hàng nhanh nạ, đặt 11h tối hôm trước là 11h trưa hôm sau có hàng rùi. Vì mình chọn ship 2h nên hộp sách ko có bọc lót gì, may là sách mới và vận chuyển gần (chắc là kho HN) nên trộm vía sách còn đẹp nguyên.","customer_id":5294714,"rating":5,"images":[{"id":2902049,"full_path":"https://salt.tikicdn.com/ts/review/5d/bf/20/c8bda3945681de4b906a1150698cf739.jpg"}],"created_at":1639725006,"created_by":{"id":5294714,"name":"Nguyễn Huỳnh Mai","full_name":"Nguyễn Huỳnh Mai","created_time":"2017-05-17 18:02:40","purchased":true,"purchased_at":1639584352},"product_id":103379152,"timeline":{"review_created_date":"2021-12-17 14:10:06","delivery_date":"2021-12-16 10:33:20"}},{"id":11343913,"title":"Cực kì hài lòng","content":"Vẫn văn phong châm biếm hài hước, Beibeder kéo người đọc vào một hành trình cố gắng kéo dài sự sống để nhận ra sự chết có ý nghĩa của riêng nó. Một cuốn sách rất đáng đọc giữa thời điểm dịch bệnh căng thẳng. Ship rất nhanh và sách ko bị lỗi gì","customer_id":30180,"rating":5,"images":[{"id":2330079,"full_path":"https://salt.tikicdn.com/ts/review/40/40/19/c85f798dd4a565d9dc06e17c74a5bad2.jpg"}],"created_at":1626843556,"created_by":{"id":30180,"name":"Nguyễn Nga","full_name":"Nguyễn Nga","created_time":"2012-03-07 22:19:21","purchased":true,"purchased_at":1625043065},"product_id":103379152,"timeline":{"review_created_date":"2021-07-21 11:59:16","delivery_date":"2021-07-01 11:41:58"}},{"id":13847131,"title":"Hài lòng","content":"Tiki ơi, mình thật sự rất vui vì nhận được sách sớm, nhưng đã nhiều lần mình nhận được sách trong tình trạng này rồi ạ. Mong Tiki xem xét lại quá trình vận chuyển nhé.\n\nmình sẽ đọc sách và quay lại review chi tiết sau^^","customer_id":479493,"rating":4,"images":[{"id":2891801,"full_path":"https://salt.tikicdn.com/ts/review/06/d1/6f/2cd2b4c12202d9bb062f33793cf76dbb.jpg"}],"created_at":1639562300,"created_by":{"id":479493,"name":"Lê Linh","full_name":"Lê Linh","created_time":"2014-11-11 18:05:55","purchased":true,"purchased_at":1639503830},"product_id":103379152,"timeline":{"review_created_date":"2021-12-15 16:58:20","delivery_date":"2021-12-15 14:20:41"}},{"id":12327504,"title":"Cực kì hài lòng","content":"Giao hàng nhanh, bìa sách đẹp. Nội dung hài hước, đồng thời những thông tin về khoa học đề cập trong sách cũng rất thú vị, giúp mình mở mang kiến thức.","customer_id":11525835,"rating":5,"images":[{"id":2526451,"full_path":"https://salt.tikicdn.com/ts/review/81/2c/53/d7ae229d8d148c76ad82220e8bfd9ec8.jpg"},{"id":2526452,"full_path":"https://salt.tikicdn.com/ts/review/56/cf/bb/d4cdd72d32a1b9e7e95780c77d04ba40.jpg"}],"created_at":1632624653,"created_by":{"id":11525835,"name":"Sa Sa","full_name":"Sa Sa","created_time":"2019-03-28 12:27:10","purchased":true,"purchased_at":1632191370},"product_id":103379152,"timeline":{"review_created_date":"2021-09-26 09:50:53","delivery_date":"2021-09-24 11:45:04"}},{"id":14938187,"title":"Cực kì hài lòng","content":"Bìa đẹp là 5 sao thui ko nói nhiều. Thích ông tác giả từ cuốn Kẻ ích kỷ lãng mạn ùi nên đọc thấy ưng. Tóm lại đây là một quyển sách tôi sẽ đọc từ từ cả năm trong tâm trạng hài lòng","customer_id":397076,"rating":5,"images":[],"created_at":1644742664,"created_by":{"id":397076,"name":"Hồng Đức Phan","full_name":"Hồng Đức Phan","created_time":"2014-08-14 11:07:57","purchased":true,"purchased_at":1643412647},"product_id":103379152,"timeline":{"review_created_date":"2022-02-13 15:57:44","delivery_date":"2022-01-29 08:30:20"}},{"id":13890856,"title":"Cực kì hài lòng","content":"Các sách của tác giả đều có nhiều đoạn trích rất gợi mở suy nghĩ đó, không cần đọc liền mạch cũng được nên phù hợp cho những bạn chạy deadline quài nhưng vẫn thèm đọc sách như mình huhu\n\nTiki giao hàng nhanh nạ, đặt 11h tối hôm trước là 11h trưa hôm sau có hàng rùi. Vì mình chọn ship 2h nên hộp sách ko có bọc lót gì, may là sách mới và vận chuyển gần (chắc là kho HN) nên trộm vía sách còn đẹp nguyên.","customer_id":5294714,"rating":5,"images":[{"id":2902049,"full_path":"https://salt.tikicdn.com/ts/review/5d/bf/20/c8bda3945681de4b906a1150698cf739.jpg"}],"created_at":1639725006,"created_by":{"id":5294714,"name":"Nguyễn Huỳnh Mai","full_name":"Nguyễn Huỳnh Mai","created_time":"2017-05-17 18:02:40","purchased":true,"purchased_at":1639584352},"product_id":103379152,"timeline":{"review_created_date":"2021-12-17 14:10:06","delivery_date":"2021-12-16 10:33:20"}},{"id":11343913,"title":"Cực kì hài lòng","content":"Vẫn văn phong châm biếm hài hước, Beibeder kéo người đọc vào một hành trình cố gắng kéo dài sự sống để nhận ra sự chết có ý nghĩa của riêng nó. Một cuốn sách rất đáng đọc giữa thời điểm dịch bệnh căng thẳng. Ship rất nhanh và sách ko bị lỗi gì","customer_id":30180,"rating":5,"images":[{"id":2330079,"full_path":"https://salt.tikicdn.com/ts/review/40/40/19/c85f798dd4a565d9dc06e17c74a5bad2.jpg"}],"created_at":1626843556,"created_by":{"id":30180,"name":"Nguyễn Nga","full_name":"Nguyễn Nga","created_time":"2012-03-07 22:19:21","purchased":true,"purchased_at":1625043065},"product_id":103379152,"timeline":{"review_created_date":"2021-07-21 11:59:16","delivery_date":"2021-07-01 11:41:58"}},{"id":13847131,"title":"Hài lòng","content":"Tiki ơi, mình thật sự rất vui vì nhận được sách sớm, nhưng đã nhiều lần mình nhận được sách trong tình trạng này rồi ạ. Mong Tiki xem xét lại quá trình vận chuyển nhé.\n\nmình sẽ đọc sách và quay lại review chi tiết sau^^","customer_id":479493,"rating":4,"images":[{"id":2891801,"full_path":"https://salt.tikicdn.com/ts/review/06/d1/6f/2cd2b4c12202d9bb062f33793cf76dbb.jpg"}],"created_at":1639562300,"created_by":{"id":479493,"name":"Lê Linh","full_name":"Lê Linh","created_time":"2014-11-11 18:05:55","purchased":true,"purchased_at":1639503830},"product_id":103379152,"timeline":{"review_created_date":"2021-12-15 16:58:20","delivery_date":"2021-12-15 14:20:41"}},{"id":12327504,"title":"Cực kì hài lòng","content":"Giao hàng nhanh, bìa sách đẹp. Nội dung hài hước, đồng thời những thông tin về khoa học đề cập trong sách cũng rất thú vị, giúp mình mở mang kiến thức.","customer_id":11525835,"rating":5,"images":[{"id":2526451,"full_path":"https://salt.tikicdn.com/ts/review/81/2c/53/d7ae229d8d148c76ad82220e8bfd9ec8.jpg"},{"id":2526452,"full_path":"https://salt.tikicdn.com/ts/review/56/cf/bb/d4cdd72d32a1b9e7e95780c77d04ba40.jpg"}],"created_at":1632624653,"created_by":{"id":11525835,"name":"Sa Sa","full_name":"Sa Sa","created_time":"2019-03-28 12:27:10","purchased":true,"purchased_at":1632191370},"product_id":103379152,"timeline":{"review_created_date":"2021-09-26 09:50:53","delivery_date":"2021-09-24 11:45:04"}},{"id":14938187,"title":"Cực kì hài lòng","content":"Bìa đẹp là 5 sao thui ko nói nhiều. Thích ông tác giả từ cuốn Kẻ ích kỷ lãng mạn ùi nên đọc thấy ưng. Tóm lại đây là một quyển sách tôi sẽ đọc từ từ cả năm trong tâm trạng hài lòng","customer_id":397076,"rating":5,"images":[],"created_at":1644742664,"created_by":{"id":397076,"name":"Hồng Đức Phan","full_name":"Hồng Đức Phan","created_time":"2014-08-14 11:07:57","purchased":true,"purchased_at":1643412647},"product_id":103379152,"timeline":{"review_created_date":"2022-02-13 15:57:44","delivery_date":"2022-01-29 08:30:20"}},{"id":13890856,"title":"Cực kì hài lòng","content":"Các sách của tác giả đều có nhiều đoạn trích rất gợi mở suy nghĩ đó, không cần đọc liền mạch cũng được nên phù hợp cho những bạn chạy deadline quài nhưng vẫn thèm đọc sách như mình huhu\n\nTiki giao hàng nhanh nạ, đặt 11h tối hôm trước là 11h trưa hôm sau có hàng rùi. Vì mình chọn ship 2h nên hộp sách ko có bọc lót gì, may là sách mới và vận chuyển gần (chắc là kho HN) nên trộm vía sách còn đẹp nguyên.","customer_id":5294714,"rating":5,"images":[{"id":2902049,"full_path":"https://salt.tikicdn.com/ts/review/5d/bf/20/c8bda3945681de4b906a1150698cf739.jpg"}],"created_at":1639725006,"created_by":{"id":5294714,"name":"Nguyễn Huỳnh Mai","full_name":"Nguyễn Huỳnh Mai","created_time":"2017-05-17 18:02:40","purchased":true,"purchased_at":1639584352},"product_id":103379152,"timeline":{"review_created_date":"2021-12-17 14:10:06","delivery_date":"2021-12-16 10:33:20"}},{"id":11343913,"title":"Cực kì hài lòng","content":"Vẫn văn phong châm biếm hài hước, Beibeder kéo người đọc vào một hành trình cố gắng kéo dài sự sống để nhận ra sự chết có ý nghĩa của riêng nó. Một cuốn sách rất đáng đọc giữa thời điểm dịch bệnh căng thẳng. Ship rất nhanh và sách ko bị lỗi gì","customer_id":30180,"rating":5,"images":[{"id":2330079,"full_path":"https://salt.tikicdn.com/ts/review/40/40/19/c85f798dd4a565d9dc06e17c74a5bad2.jpg"}],"created_at":1626843556,"created_by":{"id":30180,"name":"Nguyễn Nga","full_name":"Nguyễn Nga","created_time":"2012-03-07 22:19:21","purchased":true,"purchased_at":1625043065},"product_id":103379152,"timeline":{"review_created_date":"2021-07-21 11:59:16","delivery_date":"2021-07-01 11:41:58"}},{"id":13847131,"title":"Hài lòng","content":"Tiki ơi, mình thật sự rất vui vì nhận được sách sớm, nhưng đã nhiều lần mình nhận được sách trong tình trạng này rồi ạ. Mong Tiki xem xét lại quá trình vận chuyển nhé.\n\nmình sẽ đọc sách và quay lại review chi tiết sau^^","customer_id":479493,"rating":4,"images":[{"id":2891801,"full_path":"https://salt.tikicdn.com/ts/review/06/d1/6f/2cd2b4c12202d9bb062f33793cf76dbb.jpg"}],"created_at":1639562300,"created_by":{"id":479493,"name":"Lê Linh","full_name":"Lê Linh","created_time":"2014-11-11 18:05:55","purchased":true,"purchased_at":1639503830},"product_id":103379152,"timeline":{"review_created_date":"2021-12-15 16:58:20","delivery_date":"2021-12-15 14:20:41"}},{"id":12327504,"title":"Cực kì hài lòng","content":"Giao hàng nhanh, bìa sách đẹp. Nội dung hài hước, đồng thời những thông tin về khoa học đề cập trong sách cũng rất thú vị, giúp mình mở mang kiến thức.","customer_id":11525835,"rating":5,"images":[{"id":2526451,"full_path":"https://salt.tikicdn.com/ts/review/81/2c/53/d7ae229d8d148c76ad82220e8bfd9ec8.jpg"},{"id":2526452,"full_path":"https://salt.tikicdn.com/ts/review/56/cf/bb/d4cdd72d32a1b9e7e95780c77d04ba40.jpg"}],"created_at":1632624653,"created_by":{"id":11525835,"name":"Sa Sa","full_name":"Sa Sa","created_time":"2019-03-28 12:27:10","purchased":true,"purchased_at":1632191370},"product_id":103379152,"timeline":{"review_created_date":"2021-09-26 09:50:53","delivery_date":"2021-09-24 11:45:04"}},{"id":14938187,"title":"Cực kì hài lòng","content":"Bìa đẹp là 5 sao thui ko nói nhiều. Thích ông tác giả từ cuốn Kẻ ích kỷ lãng mạn ùi nên đọc thấy ưng. Tóm lại đây là một quyển sách tôi sẽ đọc từ từ cả năm trong tâm trạng hài lòng","customer_id":397076,"rating":5,"images":[],"created_at":1644742664,"created_by":{"id":397076,"name":"Hồng Đức Phan","full_name":"Hồng Đức Phan","created_time":"2014-08-14 11:07:57","purchased":true,"purchased_at":1643412647},"product_id":103379152,"timeline":{"review_created_date":"2022-02-13 15:57:44","delivery_date":"2022-01-29 08:30:20"}}]}