{"id":103901277,"dbId":11654,"createdAt":1643006600000,"name":"Combo Trọn Bộ 5 Cuốn Truyện Tranh Đam Mỹ Hấp Dẫn: Môn Đồ ( Tập 1 + 2 + 3 + 4 + 5 )","short_description":"1. Môn đồ 1: Sư phụ thật khó chiều\"Ngày xửa ngày xưa có một chú rồng nhỏ, mới ra đời đã bị huynh trưởng bắt nạt đủ trò nên quyết chí bỏ đi. Tưởng rằng từ nay đời ta sẽ được tự do bay nhảy nhưng… Trán...","description":"\u003cp\u003e1. Môn đồ 1: Sư phụ thật khó chiều\u003c/p\u003e\n\u003cp\u003e\"Ngày xửa ngày xưa có một chú rồng nhỏ, mới ra đời đã bị huynh trưởng bắt nạt đủ trò nên quyết chí bỏ đi. Tưởng rằng từ nay đời ta sẽ được tự do bay nhảy nhưng… Tránh vỏ dưa thì gặp vỏ dừa.\u003c/p\u003e\n\u003cp\u003e\u003cimg src\u003d\"https://salt.tikicdn.com/ts/tmp/33/53/6e/5fd223dfd780f5a84d30ca085688e523.jpg\" alt\u003d\"\" width\u003d\"600\" height\u003d\"600\" /\u003e\u003c/p\u003e\n\u003cp\u003eChỉ vì một xâu kẹo hồ lô mà cuộc đời rồng nhỏ quẹo sang một hướng khác. Nó nhận một vị tiên nhân làm sự phụ, là BỊ BẮT PHẢI NHẬN đấy nhé!\u003c/p\u003e\n\u003cp\u003eTrên đời này có sư phụ nào mà phải đi nịnh đồ đệ để nó gọi mình là sự phụ không cơ chứ!!!\u003c/p\u003e\n\u003cp\u003eTừ đây, hai sư đồ bắt đầu cuộc sống gà bay chó sủa…\"\u003c/p\u003e\n\u003cp\u003e2. Môn đồ 2: Bí mật của sư phụ\u003c/p\u003e\n\u003cp\u003e\"Tuy mỗi ngày trôi qua của hai sư đồ Tuyết Giám và Huyền Xuyên thật náo nhiệt, hết ca ca đến tìm rồi thúc thúc đến thăm, nhưng tâm sư phụ chẳng lúc nào được thanh thản.\u003c/p\u003e\n\u003cp\u003e\u003cimg src\u003d\"https://salt.tikicdn.com/ts/tmp/42/84/d5/58f8428cab40ef86ba71413b1c91c028.jpg\" alt\u003d\"\" width\u003d\"750\" height\u003d\"1112\" /\u003e\u003c/p\u003e\n\u003cp\u003eVì sao người vừa gặp Huyền Xuyên đã nhận nó làm đồ đệ? Vì sao người lại nhốt Ma Tôn mà không tiêu diệt hắn?\u003c/p\u003e\n\u003cp\u003ePhải chăng sư phụ đang giữ trong lòng bí mật gì không thể nói ra?\"\u003c/p\u003e\n\u003cp\u003e3. Môn đồ 3: Huynh đệ ứng long\u003c/p\u003e\n\u003cp\u003e\"Bình sinh ta hận nhất là kẻ nào nói ta béo. Ta không béo, chỉ là ta “bồng bềnh” thôi!\u003c/p\u003e\n\u003cp\u003e\u003cimg src\u003d\"https://salt.tikicdn.com/ts/tmp/05/6a/f7/0759e3f062a0861b30fe655051d0f152.jpg\" alt\u003d\"\" width\u003d\"750\" height\u003d\"750\" /\u003e\u003c/p\u003e\n\u003cp\u003e Khi hắn gặp ta, hắn dám gọi ta là “Cá voi béo”. Nhưng dù sao thì, “Cá voi béo” nghe cũng thật… dễ thương.\"\u003c/p\u003e\n\u003cp\u003e4. Môn đồ 4: Bắt Cóc Đệ Đệ Tập \u003c/p\u003e\n\u003cp\u003eTập 4 Môn đồ kể về hành trình Lê Uyên tìm cách bắt cậu em Huyền Xuyên về.\u003c/p\u003e\n\u003cp\u003e\u003cimg src\u003d\"https://salt.tikicdn.com/ts/tmp/1d/71/8d/d188e75940306bbd83f106ca2fbb0b74.jpg\" alt\u003d\"\" width\u003d\"750\" height\u003d\"1078\" /\u003e\u003c/p\u003e\n\u003cp\u003eSư phụ Tuyết Giám cảm thấy vô cùng trống trải khi đồ đệ đã không còn bên cạnh, người chìm vào tương tư rồi không biết từ lúc nào đã rơi vào kiếp tâm ma, quay trở về quá khứ xa xôi\u003c/p\u003e\n\u003cp\u003e5. Môn đồ 4: Rồng nhỏ tương tư \u003c/p\u003e\n\u003cp\u003eMôn đồ - Bắt cóc đệ đệ tập 5: Tuy đã xa sư phụ, cho rằng sư phụ lừa dối mình nhưng Huyền Xuyên vẫn không thể nào ngừng nhớ về người.\u003c/p\u003e\n\u003cp\u003e\u003cimg src\u003d\"https://salt.tikicdn.com/ts/tmp/39/4c/75/de6be924cdf385bbbd4ff258130889a2.jpg\" alt\u003d\"\" width\u003d\"750\" height\u003d\"750\" /\u003e\u003c/p\u003e\n\u003cp\u003eKhông có mình ở bên thì ai chăm lo cho sư phụ bây giờ? Người có biết tự chăm sóc bản thân không? Còn nhớ mình không nhỉ? “Sư phụ ơi, chờ con, con đang về với người đây! Người nhất định phải chờ con\u003c/p\u003e\u003cp\u003eGiá sản phẩm trên Tiki đã bao gồm thuế theo luật hiện hành. Bên cạnh đó, tuỳ vào loại sản phẩm, hình thức và địa chỉ giao hàng mà có thể phát sinh thêm chi phí khác như phí vận chuyển, phụ phí hàng cồng kềnh, thuế nhập khẩu (đối với đơn hàng giao từ nước ngoài có giá trị trên 1 triệu đồng).....\u003c/p\u003e","original_price":451500.0,"thumbnail_url":"https://salt.tikicdn.com/cache/280x280/ts/product/6f/61/9f/22404542eafc4c0622916401ccdad7cb.jpg","images":[{"base_url":"https://salt.tikicdn.com/ts/product/6f/61/9f/22404542eafc4c0622916401ccdad7cb.jpg","dbId":31063},{"base_url":"https://salt.tikicdn.com/ts/product/05/6a/f7/9872e0aac38db357bac6c69f0cce7cc5.jpg","dbId":31064},{"base_url":"https://salt.tikicdn.com/ts/product/1d/71/8d/ac9d73e503b1c0ca2d73aab1bea0e789.jpg","dbId":31065},{"base_url":"https://salt.tikicdn.com/ts/product/33/53/6e/e0618e45c673cd05940d6f7a4ac624b5.jpg","dbId":31066},{"base_url":"https://salt.tikicdn.com/ts/product/39/4c/75/08b43a169163a5f7247f065f3485edb7.jpg","dbId":31067},{"base_url":"https://salt.tikicdn.com/ts/product/42/84/d5/230f58ff4f018787d471a3a58f68574d.jpg","dbId":31068}],"specifications":[{"name":"Thông tin chung","attributes":[{"name":"Công ty phát hành","value":"Hcomic"},{"name":"Nhà xuất bản","value":"Nhà Xuất Bản Thế Giới"},{"code":"PUBLICATION_DATE","name":"Ngày xuất bản","value":"Mon Jan 03 13:43:20 ICT 2022"}]}],"stock_item":{"qty":1000},"all_time_quantity_sold":28,"reviews":[{"id":17222265,"title":"Cực kì hài lòng","content":"​​​​​​​​​​​​​​​​​​​​​​​​​​​​​​​​​​​​​​​​​​​​​​​​​​​​​​​​​​​​​​​​​​​​​​​​​​​​​​​​​​​​​​​​​​​​​​​​​​​​​​​​​‍ ‌\r\n​​​​​​​​​​​​​​​​​​​​​​​​​​​​​​​​​​​​​​​​​​​​​​​​​​​​​​​​​​​​​​​​​​​​​​​​​​​​​​​​​​​​​​​​​​​​​​​​​​​​​​​​​‍ ‌\r\n​​​​​​​​​​​​​​​​​​​​​​​​​​​​​​​​​​​​​​​​​​​​​​​​​​​​​​​​​​​​​​​​​​​​​​​​​​​​​​​​​​​​​​​​​​​​​​​​​​​​​​​​​‍ ‌Đúng sản phẩm cần mua và giao nhanh. Không bị hư hỏng","customer_id":5518105,"rating":5,"images":[],"created_at":1658934203,"created_by":{"id":5518105,"name":"Phúc Thịnh Lê","full_name":"Phúc Thịnh Lê","created_time":"2017-07-27 23:11:59","purchased":true,"purchased_at":1656521631},"product_id":103901277,"timeline":{"review_created_date":"2022-07-27 22:03:23","delivery_date":"2022-07-03 10:33:51"}},{"id":17072619,"title":"Cực kì hài lòng","content":"Sản phẩm ok đẹp \r\nNhưng mik ko thấy phần quả của môn đồ 3 ạ","customer_id":27821596,"rating":5,"images":[{"id":3688295,"full_path":"https://salt.tikicdn.com/ts/review/17/9d/04/1e749fd6c7d3f22c5e7848b9d29ee27e.jpg"},{"id":3688296,"full_path":"https://salt.tikicdn.com/ts/review/d2/d4/fa/46d98054acc1b5d5a5ece8e7a1af85aa.jpg"}],"created_at":1657853977,"created_by":{"id":27821596,"name":"Ngọc Thanh","full_name":"Ngọc Thanh","created_time":"2022-07-11 17:15:15","purchased":true,"purchased_at":1657537125},"product_id":103901277,"timeline":{"review_created_date":"2022-07-15 09:59:37","delivery_date":"2022-07-15 09:23:01"}},{"id":14427790,"title":"Cực kì hài lòng","content":"đẹp nha ủng hộ  shop tiếp mới nhận chưa mở nx nên ko biết bên trong ra sao nhưng nhìn bên ngoài đẹp nha","customer_id":24451000,"rating":5,"images":[{"id":3020053,"full_path":"https://salt.tikicdn.com/ts/review/d0/fa/bd/2f08b8a9ee6d52cd4678ac706bf31428.jpg"}],"created_at":1642056200,"created_by":{"id":24451000,"name":"Ngọc anh","full_name":"Ngọc anh","created_time":"2021-10-24 09:01:06","purchased":true,"purchased_at":1641642618},"product_id":103901277,"timeline":{"review_created_date":"2022-01-13 13:43:20","delivery_date":"2022-01-13 13:28:09"}},{"id":17598624,"title":"Cực kì hài lòng","content":"","customer_id":8845293,"rating":5,"images":[],"created_at":1662303177,"created_by":{"id":8845293,"name":"Kim Sora","full_name":"Kim Sora","created_time":"2018-11-09 17:55:48","purchased":true,"purchased_at":1660453471},"product_id":103901277,"timeline":{"review_created_date":"2022-09-04 21:52:57","delivery_date":"2022-08-17 10:00:52"}},{"id":17197383,"title":"Cực kì hài lòng","content":"","customer_id":12212193,"rating":5,"images":[],"created_at":1658736142,"created_by":{"id":12212193,"name":"Phạm Bích Diệp","full_name":"Phạm Bích Diệp","created_time":"2019-05-23 20:51:47","purchased":true,"purchased_at":1658563685},"product_id":103901277,"timeline":{"review_created_date":"2022-07-25 15:02:22","delivery_date":"2022-07-24 11:52:10"}},{"id":17222265,"title":"Cực kì hài lòng","content":"​​​​​​​​​​​​​​​​​​​​​​​​​​​​​​​​​​​​​​​​​​​​​​​​​​​​​​​​​​​​​​​​​​​​​​​​​​​​​​​​​​​​​​​​​​​​​​​​​​​​​​​​​‍ ‌\r\n​​​​​​​​​​​​​​​​​​​​​​​​​​​​​​​​​​​​​​​​​​​​​​​​​​​​​​​​​​​​​​​​​​​​​​​​​​​​​​​​​​​​​​​​​​​​​​​​​​​​​​​​​‍ ‌\r\n​​​​​​​​​​​​​​​​​​​​​​​​​​​​​​​​​​​​​​​​​​​​​​​​​​​​​​​​​​​​​​​​​​​​​​​​​​​​​​​​​​​​​​​​​​​​​​​​​​​​​​​​​‍ ‌Đúng sản phẩm cần mua và giao nhanh. Không bị hư hỏng","customer_id":5518105,"rating":5,"images":[],"created_at":1658934203,"created_by":{"id":5518105,"name":"Phúc Thịnh Lê","full_name":"Phúc Thịnh Lê","created_time":"2017-07-27 23:11:59","purchased":true,"purchased_at":1656521631},"product_id":103901277,"timeline":{"review_created_date":"2022-07-27 22:03:23","delivery_date":"2022-07-03 10:33:51"}},{"id":17072619,"title":"Cực kì hài lòng","content":"Sản phẩm ok đẹp \r\nNhưng mik ko thấy phần quả của môn đồ 3 ạ","customer_id":27821596,"rating":5,"images":[{"id":3688295,"full_path":"https://salt.tikicdn.com/ts/review/17/9d/04/1e749fd6c7d3f22c5e7848b9d29ee27e.jpg"},{"id":3688296,"full_path":"https://salt.tikicdn.com/ts/review/d2/d4/fa/46d98054acc1b5d5a5ece8e7a1af85aa.jpg"}],"created_at":1657853977,"created_by":{"id":27821596,"name":"Ngọc Thanh","full_name":"Ngọc Thanh","created_time":"2022-07-11 17:15:15","purchased":true,"purchased_at":1657537125},"product_id":103901277,"timeline":{"review_created_date":"2022-07-15 09:59:37","delivery_date":"2022-07-15 09:23:01"}},{"id":14427790,"title":"Cực kì hài lòng","content":"đẹp nha ủng hộ  shop tiếp mới nhận chưa mở nx nên ko biết bên trong ra sao nhưng nhìn bên ngoài đẹp nha","customer_id":24451000,"rating":5,"images":[{"id":3020053,"full_path":"https://salt.tikicdn.com/ts/review/d0/fa/bd/2f08b8a9ee6d52cd4678ac706bf31428.jpg"}],"created_at":1642056200,"created_by":{"id":24451000,"name":"Ngọc anh","full_name":"Ngọc anh","created_time":"2021-10-24 09:01:06","purchased":true,"purchased_at":1641642618},"product_id":103901277,"timeline":{"review_created_date":"2022-01-13 13:43:20","delivery_date":"2022-01-13 13:28:09"}},{"id":17598624,"title":"Cực kì hài lòng","content":"","customer_id":8845293,"rating":5,"images":[],"created_at":1662303177,"created_by":{"id":8845293,"name":"Kim Sora","full_name":"Kim Sora","created_time":"2018-11-09 17:55:48","purchased":true,"purchased_at":1660453471},"product_id":103901277,"timeline":{"review_created_date":"2022-09-04 21:52:57","delivery_date":"2022-08-17 10:00:52"}},{"id":17197383,"title":"Cực kì hài lòng","content":"","customer_id":12212193,"rating":5,"images":[],"created_at":1658736142,"created_by":{"id":12212193,"name":"Phạm Bích Diệp","full_name":"Phạm Bích Diệp","created_time":"2019-05-23 20:51:47","purchased":true,"purchased_at":1658563685},"product_id":103901277,"timeline":{"review_created_date":"2022-07-25 15:02:22","delivery_date":"2022-07-24 11:52:10"}},{"id":17222265,"title":"Cực kì hài lòng","content":"​​​​​​​​​​​​​​​​​​​​​​​​​​​​​​​​​​​​​​​​​​​​​​​​​​​​​​​​​​​​​​​​​​​​​​​​​​​​​​​​​​​​​​​​​​​​​​​​​​​​​​​​​‍ ‌\r\n​​​​​​​​​​​​​​​​​​​​​​​​​​​​​​​​​​​​​​​​​​​​​​​​​​​​​​​​​​​​​​​​​​​​​​​​​​​​​​​​​​​​​​​​​​​​​​​​​​​​​​​​​‍ ‌\r\n​​​​​​​​​​​​​​​​​​​​​​​​​​​​​​​​​​​​​​​​​​​​​​​​​​​​​​​​​​​​​​​​​​​​​​​​​​​​​​​​​​​​​​​​​​​​​​​​​​​​​​​​​‍ ‌Đúng sản phẩm cần mua và giao nhanh. Không bị hư hỏng","customer_id":5518105,"rating":5,"images":[],"created_at":1658934203,"created_by":{"id":5518105,"name":"Phúc Thịnh Lê","full_name":"Phúc Thịnh Lê","created_time":"2017-07-27 23:11:59","purchased":true,"purchased_at":1656521631},"product_id":103901277,"timeline":{"review_created_date":"2022-07-27 22:03:23","delivery_date":"2022-07-03 10:33:51"}},{"id":17072619,"title":"Cực kì hài lòng","content":"Sản phẩm ok đẹp \r\nNhưng mik ko thấy phần quả của môn đồ 3 ạ","customer_id":27821596,"rating":5,"images":[{"id":3688295,"full_path":"https://salt.tikicdn.com/ts/review/17/9d/04/1e749fd6c7d3f22c5e7848b9d29ee27e.jpg"},{"id":3688296,"full_path":"https://salt.tikicdn.com/ts/review/d2/d4/fa/46d98054acc1b5d5a5ece8e7a1af85aa.jpg"}],"created_at":1657853977,"created_by":{"id":27821596,"name":"Ngọc Thanh","full_name":"Ngọc Thanh","created_time":"2022-07-11 17:15:15","purchased":true,"purchased_at":1657537125},"product_id":103901277,"timeline":{"review_created_date":"2022-07-15 09:59:37","delivery_date":"2022-07-15 09:23:01"}},{"id":14427790,"title":"Cực kì hài lòng","content":"đẹp nha ủng hộ  shop tiếp mới nhận chưa mở nx nên ko biết bên trong ra sao nhưng nhìn bên ngoài đẹp nha","customer_id":24451000,"rating":5,"images":[{"id":3020053,"full_path":"https://salt.tikicdn.com/ts/review/d0/fa/bd/2f08b8a9ee6d52cd4678ac706bf31428.jpg"}],"created_at":1642056200,"created_by":{"id":24451000,"name":"Ngọc anh","full_name":"Ngọc anh","created_time":"2021-10-24 09:01:06","purchased":true,"purchased_at":1641642618},"product_id":103901277,"timeline":{"review_created_date":"2022-01-13 13:43:20","delivery_date":"2022-01-13 13:28:09"}},{"id":17598624,"title":"Cực kì hài lòng","content":"","customer_id":8845293,"rating":5,"images":[],"created_at":1662303177,"created_by":{"id":8845293,"name":"Kim Sora","full_name":"Kim Sora","created_time":"2018-11-09 17:55:48","purchased":true,"purchased_at":1660453471},"product_id":103901277,"timeline":{"review_created_date":"2022-09-04 21:52:57","delivery_date":"2022-08-17 10:00:52"}},{"id":17197383,"title":"Cực kì hài lòng","content":"","customer_id":12212193,"rating":5,"images":[],"created_at":1658736142,"created_by":{"id":12212193,"name":"Phạm Bích Diệp","full_name":"Phạm Bích Diệp","created_time":"2019-05-23 20:51:47","purchased":true,"purchased_at":1658563685},"product_id":103901277,"timeline":{"review_created_date":"2022-07-25 15:02:22","delivery_date":"2022-07-24 11:52:10"}},{"id":17222265,"title":"Cực kì hài lòng","content":"​​​​​​​​​​​​​​​​​​​​​​​​​​​​​​​​​​​​​​​​​​​​​​​​​​​​​​​​​​​​​​​​​​​​​​​​​​​​​​​​​​​​​​​​​​​​​​​​​​​​​​​​​‍ ‌\r\n​​​​​​​​​​​​​​​​​​​​​​​​​​​​​​​​​​​​​​​​​​​​​​​​​​​​​​​​​​​​​​​​​​​​​​​​​​​​​​​​​​​​​​​​​​​​​​​​​​​​​​​​​‍ ‌\r\n​​​​​​​​​​​​​​​​​​​​​​​​​​​​​​​​​​​​​​​​​​​​​​​​​​​​​​​​​​​​​​​​​​​​​​​​​​​​​​​​​​​​​​​​​​​​​​​​​​​​​​​​​‍ ‌Đúng sản phẩm cần mua và giao nhanh. Không bị hư hỏng","customer_id":5518105,"rating":5,"images":[],"created_at":1658934203,"created_by":{"id":5518105,"name":"Phúc Thịnh Lê","full_name":"Phúc Thịnh Lê","created_time":"2017-07-27 23:11:59","purchased":true,"purchased_at":1656521631},"product_id":103901277,"timeline":{"review_created_date":"2022-07-27 22:03:23","delivery_date":"2022-07-03 10:33:51"}},{"id":17072619,"title":"Cực kì hài lòng","content":"Sản phẩm ok đẹp \r\nNhưng mik ko thấy phần quả của môn đồ 3 ạ","customer_id":27821596,"rating":5,"images":[{"id":3688295,"full_path":"https://salt.tikicdn.com/ts/review/17/9d/04/1e749fd6c7d3f22c5e7848b9d29ee27e.jpg"},{"id":3688296,"full_path":"https://salt.tikicdn.com/ts/review/d2/d4/fa/46d98054acc1b5d5a5ece8e7a1af85aa.jpg"}],"created_at":1657853977,"created_by":{"id":27821596,"name":"Ngọc Thanh","full_name":"Ngọc Thanh","created_time":"2022-07-11 17:15:15","purchased":true,"purchased_at":1657537125},"product_id":103901277,"timeline":{"review_created_date":"2022-07-15 09:59:37","delivery_date":"2022-07-15 09:23:01"}},{"id":14427790,"title":"Cực kì hài lòng","content":"đẹp nha ủng hộ  shop tiếp mới nhận chưa mở nx nên ko biết bên trong ra sao nhưng nhìn bên ngoài đẹp nha","customer_id":24451000,"rating":5,"images":[{"id":3020053,"full_path":"https://salt.tikicdn.com/ts/review/d0/fa/bd/2f08b8a9ee6d52cd4678ac706bf31428.jpg"}],"created_at":1642056200,"created_by":{"id":24451000,"name":"Ngọc anh","full_name":"Ngọc anh","created_time":"2021-10-24 09:01:06","purchased":true,"purchased_at":1641642618},"product_id":103901277,"timeline":{"review_created_date":"2022-01-13 13:43:20","delivery_date":"2022-01-13 13:28:09"}},{"id":17598624,"title":"Cực kì hài lòng","content":"","customer_id":8845293,"rating":5,"images":[],"created_at":1662303177,"created_by":{"id":8845293,"name":"Kim Sora","full_name":"Kim Sora","created_time":"2018-11-09 17:55:48","purchased":true,"purchased_at":1660453471},"product_id":103901277,"timeline":{"review_created_date":"2022-09-04 21:52:57","delivery_date":"2022-08-17 10:00:52"}},{"id":17197383,"title":"Cực kì hài lòng","content":"","customer_id":12212193,"rating":5,"images":[],"created_at":1658736142,"created_by":{"id":12212193,"name":"Phạm Bích Diệp","full_name":"Phạm Bích Diệp","created_time":"2019-05-23 20:51:47","purchased":true,"purchased_at":1658563685},"product_id":103901277,"timeline":{"review_created_date":"2022-07-25 15:02:22","delivery_date":"2022-07-24 11:52:10"}}]}