{"id":104743109,"dbId":11653,"createdAt":1625834484000,"name":"Bộ Truyện Đam Mỹ Cực Hấp Dẫn: Tăng Thông Khí","short_description":"Câu chuyện bắt đầu khi Lee Myung - một kỳ thủ cờ vây nổi tiếng quyết định tham gia buổi họp lớp cấp ba. Những năm tháng làm một “kẻ vô hình” trong lớp học đã khiến cậu không có bạn bè, cậu đến nơi này...","description":"\u003cp\u003eCâu chuyện bắt đầu khi Lee Myung - một kỳ thủ cờ vây nổi tiếng quyết định tham gia buổi họp lớp cấp ba. Những năm tháng làm một “kẻ vô hình” trong lớp học đã khiến cậu không có bạn bè, cậu đến nơi này chỉ vì một người duy nhất: Lớp trưởng Han Seon Ho.\u003c/p\u003e\n\u003cp\u003eGặp lại anh sau tám năm dài thương nhớ, Seon Ho nay đã trở thành một người đàn ông trưởng thành, đĩnh đạc. Nét ngây ngô cùng với nụ cười rạng rỡ năm xưa đã bị thay thế hoàn toàn bằng vẻ lạnh lùng, xa cách. Chưa kể trên ngón áp út của anh… là một chiếc nhẫn vàng.\u003c/p\u003e\n\u003cp\u003e\u003cimg style\u003d\"display: block; margin-left: auto; margin-right: auto;\" src\u003d\"https://salt.tikicdn.com/ts/tmp/10/fb/53/8171d3999473c141f79ef21ec4a337b5.jpg\" alt\u003d\"\" width\u003d\"750\" height\u003d\"500\" /\u003e\u003c/p\u003e\n\u003cp\u003e“Về thôi.” Myung rời khỏi buổi họp lớp mà trong lòng chẳng còn gì nuối tiếc.\u003c/p\u003e\n\u003cp\u003eThế nhưng, chuỗi sự kiện bất ngờ xảy ra sau đó đã đẩy cả hai người họ vượt ra ngoài tầm kiểm soát. Khi Seon Ho giam cậu trong vòng tay mình và lấp kín đôi môi cậu, Myung mới biết, hóa ra thứ tình cảm cậu cố gắng vùi sâu chôn chặt đã bị nhìn thấu, và người đang đứng trước mặt cậu lúc này đây… cũng đã đem lòng yêu cậu từ lâu.\u003c/p\u003e\n\u003cp\u003eMyung: Thế mối tình đầu của anh là khi nào?\u003c/p\u003e\n\u003cp\u003eSeon Ho: Mười tám tuổi, mùa hè.\u003c/p\u003e\n\u003cp\u003eSeon Ho: Số 13 Lee Myung.\u003c/p\u003e\n\u003cp\u003eMyung:\u003c/p\u003e\n\u003cp\u003eSeon Ho: Ngoài em ra thì làm gì còn người nào khác chứ?\u003c/p\u003e\n\u003cp\u003e*\u003c/p\u003e\n\u003cp\u003eGặp lại đối tượng thầm yêu năm mười tám tuổi trong một buổi họp lớp năm hai mươi bảy tuổi…\u003c/p\u003e\n\u003cp\u003eTình yêu đã bỏ lỡ năm nào liệu có thể kết trái đơm hoa?\u003c/p\u003e\u003cp\u003eGiá sản phẩm trên Tiki đã bao gồm thuế theo luật hiện hành. Bên cạnh đó, tuỳ vào loại sản phẩm, hình thức và địa chỉ giao hàng mà có thể phát sinh thêm chi phí khác như phí vận chuyển, phụ phí hàng cồng kềnh, thuế nhập khẩu (đối với đơn hàng giao từ nước ngoài có giá trị trên 1 triệu đồng).....\u003c/p\u003e","original_price":205800.0,"thumbnail_url":"https://salt.tikicdn.com/cache/280x280/ts/product/e3/97/11/a0c0cba12e358324ecdaeef96b93a965.jpg","images":[{"base_url":"https://salt.tikicdn.com/ts/product/e3/97/11/a0c0cba12e358324ecdaeef96b93a965.jpg","dbId":31062}],"specifications":[{"name":"Thông tin chung","attributes":[{"name":"Công ty phát hành","value":"Meibooks"},{"name":"Nhà xuất bản","value":"Nhà Xuất Bản Hà Nội"},{"code":"PUBLICATION_DATE","name":"Ngày xuất bản","value":"Mon Jun 14 19:41:24 ICT 2021"}]}],"stock_item":{"qty":1000},"all_time_quantity_sold":44,"reviews":[{"id":15125166,"title":"Không hài lòng","content":"Hàng bọc kỹ, nhưng mình chẳng thấy lót chuột hay bookmark gì hết luôn á! Để hình minh hoạ thì là combo có cả bộ đi kèm mà lại chẳng có gì, thất vọng ghê á!","customer_id":12785429,"rating":2,"images":[{"id":3166662,"full_path":"https://salt.tikicdn.com/ts/review/b9/ed/f0/11ab8dd5be544ccabf5414609f37d9b6.jpg"},{"id":3166663,"full_path":"https://salt.tikicdn.com/ts/review/bd/f3/18/a97c3ed2f06f73b40b59a4fe8aa8b215.jpg"},{"id":3166664,"full_path":"https://salt.tikicdn.com/ts/review/b9/ed/f0/de00a5f6bda6891637a0272a23e1a489.jpg"},{"id":3166665,"full_path":"https://salt.tikicdn.com/ts/review/d8/32/33/8e7f0b95e11bfe0ca47a96ef9d0f1b66.jpg"},{"id":3166666,"full_path":"https://salt.tikicdn.com/ts/review/d8/32/33/1a82bad15e96c25305b864ed281cd200.jpg"}],"created_at":1645699199,"created_by":{"id":12785429,"name":"Lương Ngọc Diệp","full_name":"Lương Ngọc Diệp","created_time":"2019-07-06 03:11:36","purchased":true,"purchased_at":1645514127},"product_id":104743109,"timeline":{"review_created_date":"2022-02-24 17:39:59","delivery_date":"2022-02-24 10:47:03"}},{"id":10511600,"title":"Hài lòng","content":"Đầu tiên là tôi đánh giá khá cao chất lượng sách của Meibooks lần này, bìa xinh, chất lượng bìa cứng tốt, nhưng lót chuột thì độ nét còn hơi kém. Phần bản dịch, tôi khá tin tưởng dịch giả Bụi. \n\nVề phần của shop thì shop giao đầy đủ phụ kiện, còn màng co. Tuy nhiên tôi khá buồn khi mở ra không có một lớp chống shock nào cả, tôi mua bản đặc biệt vì sách bìa cứng nhưng vì không có chống shock nên phần gáy bị lỗi. Hy vọng shop có thể khắc phục.","customer_id":6827578,"rating":4,"images":[{"id":2157901,"full_path":"https://salt.tikicdn.com/ts/review/8b/a8/21/4ab38a725a10dfd8d8a33f57f0980754.jpg"},{"id":2157902,"full_path":"https://salt.tikicdn.com/ts/review/29/a6/b3/1b1d1515ab310f096e4f4809845afcf7.jpg"},{"id":2157903,"full_path":"https://salt.tikicdn.com/ts/review/82/bd/d5/3b642e53b2afef1f9ff086c867281ec0.jpg"}],"created_at":1624020084,"created_by":{"id":6827578,"name":"Nguyễn Minh Khánh","full_name":"Nguyễn Minh Khánh","created_time":"2018-03-30 10:11:29","purchased":true,"purchased_at":1623476387},"product_id":104743109,"timeline":{"review_created_date":"2021-06-18 19:41:24","delivery_date":"2021-06-18 17:51:03"}},{"id":14880311,"title":"Cực kì hài lòng","content":"Giao nhanh, truyện đẹp, giấy thơm xỉu🤣 thích mùi giấy mới ghê","customer_id":26521324,"rating":5,"images":[{"id":3114071,"full_path":"https://salt.tikicdn.com/ts/review/03/66/ef/4487cbc248f11bc2b741ec9e4a327ff9.jpg"},{"id":3114072,"full_path":"https://salt.tikicdn.com/ts/review/05/84/a4/2706f81111630f725f22d1481286f47f.jpg"},{"id":3114073,"full_path":"https://salt.tikicdn.com/ts/review/7e/09/c2/ecfa240a640ac3c8c2777600282ea365.jpg"}],"created_at":1644475208,"created_by":{"id":26521324,"name":"Thân Hân","full_name":"Thân Hân","created_time":"2022-01-14 21:11:15","purchased":true,"purchased_at":1643774804},"product_id":104743109,"timeline":{"review_created_date":"2022-02-10 13:40:08","delivery_date":"2022-02-10 13:31:07"}},{"id":15205133,"title":"Cực kì hài lòng","content":"Cức phải gọi là perfect!!!!! Bìa vừa đẹp vừa sang! Truyện thì hay! Công thụ thì thôi khỏi phải nói luôn❣️","customer_id":18202481,"rating":5,"images":[],"created_at":1646125667,"created_by":{"id":18202481,"name":"Hằng nguyễn","full_name":"Hằng nguyễn","created_time":"2020-08-22 23:38:07","purchased":true,"purchased_at":1639979580},"product_id":104743109,"timeline":{"review_created_date":"2022-03-01 16:07:47","delivery_date":"2021-12-22 11:25:04"}},{"id":17376619,"title":"Cực kì hài lòng","content":"Bìa đẹp\r\nĐóng gói kỹ\r\nGiao nhanh chóng","customer_id":14294676,"rating":5,"images":[{"id":3841149,"full_path":"https://salt.tikicdn.com/ts/review/1e/b0/e3/97fd7fb9bda3788595a9da6a1aa21d38.jpg"},{"id":3841150,"full_path":"https://salt.tikicdn.com/ts/review/fc/62/a7/9a6b60633e6a0b6ec84877ac606cc9ee.jpg"}],"created_at":1660195271,"created_by":{"id":14294676,"name":"Nguyễn Thị Hoàng Oanh","full_name":"Nguyễn Thị Hoàng Oanh","created_time":"2019-10-06 15:47:07","purchased":true,"purchased_at":1659876501},"product_id":104743109,"timeline":{"review_created_date":"2022-08-11 12:21:11","delivery_date":"2022-08-11 11:54:32"}},{"id":15125166,"title":"Không hài lòng","content":"Hàng bọc kỹ, nhưng mình chẳng thấy lót chuột hay bookmark gì hết luôn á! Để hình minh hoạ thì là combo có cả bộ đi kèm mà lại chẳng có gì, thất vọng ghê á!","customer_id":12785429,"rating":2,"images":[{"id":3166662,"full_path":"https://salt.tikicdn.com/ts/review/b9/ed/f0/11ab8dd5be544ccabf5414609f37d9b6.jpg"},{"id":3166663,"full_path":"https://salt.tikicdn.com/ts/review/bd/f3/18/a97c3ed2f06f73b40b59a4fe8aa8b215.jpg"},{"id":3166664,"full_path":"https://salt.tikicdn.com/ts/review/b9/ed/f0/de00a5f6bda6891637a0272a23e1a489.jpg"},{"id":3166665,"full_path":"https://salt.tikicdn.com/ts/review/d8/32/33/8e7f0b95e11bfe0ca47a96ef9d0f1b66.jpg"},{"id":3166666,"full_path":"https://salt.tikicdn.com/ts/review/d8/32/33/1a82bad15e96c25305b864ed281cd200.jpg"}],"created_at":1645699199,"created_by":{"id":12785429,"name":"Lương Ngọc Diệp","full_name":"Lương Ngọc Diệp","created_time":"2019-07-06 03:11:36","purchased":true,"purchased_at":1645514127},"product_id":104743109,"timeline":{"review_created_date":"2022-02-24 17:39:59","delivery_date":"2022-02-24 10:47:03"}},{"id":10511600,"title":"Hài lòng","content":"Đầu tiên là tôi đánh giá khá cao chất lượng sách của Meibooks lần này, bìa xinh, chất lượng bìa cứng tốt, nhưng lót chuột thì độ nét còn hơi kém. Phần bản dịch, tôi khá tin tưởng dịch giả Bụi. \n\nVề phần của shop thì shop giao đầy đủ phụ kiện, còn màng co. Tuy nhiên tôi khá buồn khi mở ra không có một lớp chống shock nào cả, tôi mua bản đặc biệt vì sách bìa cứng nhưng vì không có chống shock nên phần gáy bị lỗi. Hy vọng shop có thể khắc phục.","customer_id":6827578,"rating":4,"images":[{"id":2157901,"full_path":"https://salt.tikicdn.com/ts/review/8b/a8/21/4ab38a725a10dfd8d8a33f57f0980754.jpg"},{"id":2157902,"full_path":"https://salt.tikicdn.com/ts/review/29/a6/b3/1b1d1515ab310f096e4f4809845afcf7.jpg"},{"id":2157903,"full_path":"https://salt.tikicdn.com/ts/review/82/bd/d5/3b642e53b2afef1f9ff086c867281ec0.jpg"}],"created_at":1624020084,"created_by":{"id":6827578,"name":"Nguyễn Minh Khánh","full_name":"Nguyễn Minh Khánh","created_time":"2018-03-30 10:11:29","purchased":true,"purchased_at":1623476387},"product_id":104743109,"timeline":{"review_created_date":"2021-06-18 19:41:24","delivery_date":"2021-06-18 17:51:03"}},{"id":14880311,"title":"Cực kì hài lòng","content":"Giao nhanh, truyện đẹp, giấy thơm xỉu🤣 thích mùi giấy mới ghê","customer_id":26521324,"rating":5,"images":[{"id":3114071,"full_path":"https://salt.tikicdn.com/ts/review/03/66/ef/4487cbc248f11bc2b741ec9e4a327ff9.jpg"},{"id":3114072,"full_path":"https://salt.tikicdn.com/ts/review/05/84/a4/2706f81111630f725f22d1481286f47f.jpg"},{"id":3114073,"full_path":"https://salt.tikicdn.com/ts/review/7e/09/c2/ecfa240a640ac3c8c2777600282ea365.jpg"}],"created_at":1644475208,"created_by":{"id":26521324,"name":"Thân Hân","full_name":"Thân Hân","created_time":"2022-01-14 21:11:15","purchased":true,"purchased_at":1643774804},"product_id":104743109,"timeline":{"review_created_date":"2022-02-10 13:40:08","delivery_date":"2022-02-10 13:31:07"}},{"id":15205133,"title":"Cực kì hài lòng","content":"Cức phải gọi là perfect!!!!! Bìa vừa đẹp vừa sang! Truyện thì hay! Công thụ thì thôi khỏi phải nói luôn❣️","customer_id":18202481,"rating":5,"images":[],"created_at":1646125667,"created_by":{"id":18202481,"name":"Hằng nguyễn","full_name":"Hằng nguyễn","created_time":"2020-08-22 23:38:07","purchased":true,"purchased_at":1639979580},"product_id":104743109,"timeline":{"review_created_date":"2022-03-01 16:07:47","delivery_date":"2021-12-22 11:25:04"}},{"id":17376619,"title":"Cực kì hài lòng","content":"Bìa đẹp\r\nĐóng gói kỹ\r\nGiao nhanh chóng","customer_id":14294676,"rating":5,"images":[{"id":3841149,"full_path":"https://salt.tikicdn.com/ts/review/1e/b0/e3/97fd7fb9bda3788595a9da6a1aa21d38.jpg"},{"id":3841150,"full_path":"https://salt.tikicdn.com/ts/review/fc/62/a7/9a6b60633e6a0b6ec84877ac606cc9ee.jpg"}],"created_at":1660195271,"created_by":{"id":14294676,"name":"Nguyễn Thị Hoàng Oanh","full_name":"Nguyễn Thị Hoàng Oanh","created_time":"2019-10-06 15:47:07","purchased":true,"purchased_at":1659876501},"product_id":104743109,"timeline":{"review_created_date":"2022-08-11 12:21:11","delivery_date":"2022-08-11 11:54:32"}},{"id":15125166,"title":"Không hài lòng","content":"Hàng bọc kỹ, nhưng mình chẳng thấy lót chuột hay bookmark gì hết luôn á! Để hình minh hoạ thì là combo có cả bộ đi kèm mà lại chẳng có gì, thất vọng ghê á!","customer_id":12785429,"rating":2,"images":[{"id":3166662,"full_path":"https://salt.tikicdn.com/ts/review/b9/ed/f0/11ab8dd5be544ccabf5414609f37d9b6.jpg"},{"id":3166663,"full_path":"https://salt.tikicdn.com/ts/review/bd/f3/18/a97c3ed2f06f73b40b59a4fe8aa8b215.jpg"},{"id":3166664,"full_path":"https://salt.tikicdn.com/ts/review/b9/ed/f0/de00a5f6bda6891637a0272a23e1a489.jpg"},{"id":3166665,"full_path":"https://salt.tikicdn.com/ts/review/d8/32/33/8e7f0b95e11bfe0ca47a96ef9d0f1b66.jpg"},{"id":3166666,"full_path":"https://salt.tikicdn.com/ts/review/d8/32/33/1a82bad15e96c25305b864ed281cd200.jpg"}],"created_at":1645699199,"created_by":{"id":12785429,"name":"Lương Ngọc Diệp","full_name":"Lương Ngọc Diệp","created_time":"2019-07-06 03:11:36","purchased":true,"purchased_at":1645514127},"product_id":104743109,"timeline":{"review_created_date":"2022-02-24 17:39:59","delivery_date":"2022-02-24 10:47:03"}},{"id":10511600,"title":"Hài lòng","content":"Đầu tiên là tôi đánh giá khá cao chất lượng sách của Meibooks lần này, bìa xinh, chất lượng bìa cứng tốt, nhưng lót chuột thì độ nét còn hơi kém. Phần bản dịch, tôi khá tin tưởng dịch giả Bụi. \n\nVề phần của shop thì shop giao đầy đủ phụ kiện, còn màng co. Tuy nhiên tôi khá buồn khi mở ra không có một lớp chống shock nào cả, tôi mua bản đặc biệt vì sách bìa cứng nhưng vì không có chống shock nên phần gáy bị lỗi. Hy vọng shop có thể khắc phục.","customer_id":6827578,"rating":4,"images":[{"id":2157901,"full_path":"https://salt.tikicdn.com/ts/review/8b/a8/21/4ab38a725a10dfd8d8a33f57f0980754.jpg"},{"id":2157902,"full_path":"https://salt.tikicdn.com/ts/review/29/a6/b3/1b1d1515ab310f096e4f4809845afcf7.jpg"},{"id":2157903,"full_path":"https://salt.tikicdn.com/ts/review/82/bd/d5/3b642e53b2afef1f9ff086c867281ec0.jpg"}],"created_at":1624020084,"created_by":{"id":6827578,"name":"Nguyễn Minh Khánh","full_name":"Nguyễn Minh Khánh","created_time":"2018-03-30 10:11:29","purchased":true,"purchased_at":1623476387},"product_id":104743109,"timeline":{"review_created_date":"2021-06-18 19:41:24","delivery_date":"2021-06-18 17:51:03"}},{"id":14880311,"title":"Cực kì hài lòng","content":"Giao nhanh, truyện đẹp, giấy thơm xỉu🤣 thích mùi giấy mới ghê","customer_id":26521324,"rating":5,"images":[{"id":3114071,"full_path":"https://salt.tikicdn.com/ts/review/03/66/ef/4487cbc248f11bc2b741ec9e4a327ff9.jpg"},{"id":3114072,"full_path":"https://salt.tikicdn.com/ts/review/05/84/a4/2706f81111630f725f22d1481286f47f.jpg"},{"id":3114073,"full_path":"https://salt.tikicdn.com/ts/review/7e/09/c2/ecfa240a640ac3c8c2777600282ea365.jpg"}],"created_at":1644475208,"created_by":{"id":26521324,"name":"Thân Hân","full_name":"Thân Hân","created_time":"2022-01-14 21:11:15","purchased":true,"purchased_at":1643774804},"product_id":104743109,"timeline":{"review_created_date":"2022-02-10 13:40:08","delivery_date":"2022-02-10 13:31:07"}},{"id":15205133,"title":"Cực kì hài lòng","content":"Cức phải gọi là perfect!!!!! Bìa vừa đẹp vừa sang! Truyện thì hay! Công thụ thì thôi khỏi phải nói luôn❣️","customer_id":18202481,"rating":5,"images":[],"created_at":1646125667,"created_by":{"id":18202481,"name":"Hằng nguyễn","full_name":"Hằng nguyễn","created_time":"2020-08-22 23:38:07","purchased":true,"purchased_at":1639979580},"product_id":104743109,"timeline":{"review_created_date":"2022-03-01 16:07:47","delivery_date":"2021-12-22 11:25:04"}},{"id":17376619,"title":"Cực kì hài lòng","content":"Bìa đẹp\r\nĐóng gói kỹ\r\nGiao nhanh chóng","customer_id":14294676,"rating":5,"images":[{"id":3841149,"full_path":"https://salt.tikicdn.com/ts/review/1e/b0/e3/97fd7fb9bda3788595a9da6a1aa21d38.jpg"},{"id":3841150,"full_path":"https://salt.tikicdn.com/ts/review/fc/62/a7/9a6b60633e6a0b6ec84877ac606cc9ee.jpg"}],"created_at":1660195271,"created_by":{"id":14294676,"name":"Nguyễn Thị Hoàng Oanh","full_name":"Nguyễn Thị Hoàng Oanh","created_time":"2019-10-06 15:47:07","purchased":true,"purchased_at":1659876501},"product_id":104743109,"timeline":{"review_created_date":"2022-08-11 12:21:11","delivery_date":"2022-08-11 11:54:32"}},{"id":15125166,"title":"Không hài lòng","content":"Hàng bọc kỹ, nhưng mình chẳng thấy lót chuột hay bookmark gì hết luôn á! Để hình minh hoạ thì là combo có cả bộ đi kèm mà lại chẳng có gì, thất vọng ghê á!","customer_id":12785429,"rating":2,"images":[{"id":3166662,"full_path":"https://salt.tikicdn.com/ts/review/b9/ed/f0/11ab8dd5be544ccabf5414609f37d9b6.jpg"},{"id":3166663,"full_path":"https://salt.tikicdn.com/ts/review/bd/f3/18/a97c3ed2f06f73b40b59a4fe8aa8b215.jpg"},{"id":3166664,"full_path":"https://salt.tikicdn.com/ts/review/b9/ed/f0/de00a5f6bda6891637a0272a23e1a489.jpg"},{"id":3166665,"full_path":"https://salt.tikicdn.com/ts/review/d8/32/33/8e7f0b95e11bfe0ca47a96ef9d0f1b66.jpg"},{"id":3166666,"full_path":"https://salt.tikicdn.com/ts/review/d8/32/33/1a82bad15e96c25305b864ed281cd200.jpg"}],"created_at":1645699199,"created_by":{"id":12785429,"name":"Lương Ngọc Diệp","full_name":"Lương Ngọc Diệp","created_time":"2019-07-06 03:11:36","purchased":true,"purchased_at":1645514127},"product_id":104743109,"timeline":{"review_created_date":"2022-02-24 17:39:59","delivery_date":"2022-02-24 10:47:03"}},{"id":10511600,"title":"Hài lòng","content":"Đầu tiên là tôi đánh giá khá cao chất lượng sách của Meibooks lần này, bìa xinh, chất lượng bìa cứng tốt, nhưng lót chuột thì độ nét còn hơi kém. Phần bản dịch, tôi khá tin tưởng dịch giả Bụi. \n\nVề phần của shop thì shop giao đầy đủ phụ kiện, còn màng co. Tuy nhiên tôi khá buồn khi mở ra không có một lớp chống shock nào cả, tôi mua bản đặc biệt vì sách bìa cứng nhưng vì không có chống shock nên phần gáy bị lỗi. Hy vọng shop có thể khắc phục.","customer_id":6827578,"rating":4,"images":[{"id":2157901,"full_path":"https://salt.tikicdn.com/ts/review/8b/a8/21/4ab38a725a10dfd8d8a33f57f0980754.jpg"},{"id":2157902,"full_path":"https://salt.tikicdn.com/ts/review/29/a6/b3/1b1d1515ab310f096e4f4809845afcf7.jpg"},{"id":2157903,"full_path":"https://salt.tikicdn.com/ts/review/82/bd/d5/3b642e53b2afef1f9ff086c867281ec0.jpg"}],"created_at":1624020084,"created_by":{"id":6827578,"name":"Nguyễn Minh Khánh","full_name":"Nguyễn Minh Khánh","created_time":"2018-03-30 10:11:29","purchased":true,"purchased_at":1623476387},"product_id":104743109,"timeline":{"review_created_date":"2021-06-18 19:41:24","delivery_date":"2021-06-18 17:51:03"}},{"id":14880311,"title":"Cực kì hài lòng","content":"Giao nhanh, truyện đẹp, giấy thơm xỉu🤣 thích mùi giấy mới ghê","customer_id":26521324,"rating":5,"images":[{"id":3114071,"full_path":"https://salt.tikicdn.com/ts/review/03/66/ef/4487cbc248f11bc2b741ec9e4a327ff9.jpg"},{"id":3114072,"full_path":"https://salt.tikicdn.com/ts/review/05/84/a4/2706f81111630f725f22d1481286f47f.jpg"},{"id":3114073,"full_path":"https://salt.tikicdn.com/ts/review/7e/09/c2/ecfa240a640ac3c8c2777600282ea365.jpg"}],"created_at":1644475208,"created_by":{"id":26521324,"name":"Thân Hân","full_name":"Thân Hân","created_time":"2022-01-14 21:11:15","purchased":true,"purchased_at":1643774804},"product_id":104743109,"timeline":{"review_created_date":"2022-02-10 13:40:08","delivery_date":"2022-02-10 13:31:07"}},{"id":15205133,"title":"Cực kì hài lòng","content":"Cức phải gọi là perfect!!!!! Bìa vừa đẹp vừa sang! Truyện thì hay! Công thụ thì thôi khỏi phải nói luôn❣️","customer_id":18202481,"rating":5,"images":[],"created_at":1646125667,"created_by":{"id":18202481,"name":"Hằng nguyễn","full_name":"Hằng nguyễn","created_time":"2020-08-22 23:38:07","purchased":true,"purchased_at":1639979580},"product_id":104743109,"timeline":{"review_created_date":"2022-03-01 16:07:47","delivery_date":"2021-12-22 11:25:04"}},{"id":17376619,"title":"Cực kì hài lòng","content":"Bìa đẹp\r\nĐóng gói kỹ\r\nGiao nhanh chóng","customer_id":14294676,"rating":5,"images":[{"id":3841149,"full_path":"https://salt.tikicdn.com/ts/review/1e/b0/e3/97fd7fb9bda3788595a9da6a1aa21d38.jpg"},{"id":3841150,"full_path":"https://salt.tikicdn.com/ts/review/fc/62/a7/9a6b60633e6a0b6ec84877ac606cc9ee.jpg"}],"created_at":1660195271,"created_by":{"id":14294676,"name":"Nguyễn Thị Hoàng Oanh","full_name":"Nguyễn Thị Hoàng Oanh","created_time":"2019-10-06 15:47:07","purchased":true,"purchased_at":1659876501},"product_id":104743109,"timeline":{"review_created_date":"2022-08-11 12:21:11","delivery_date":"2022-08-11 11:54:32"}}]}