{"id":105278809,"dbId":10442,"createdAt":1625109702000,"name":"Sự Thật Ta Nắm Giữ - Một Hành Trình Xuyên Nước Mỹ","short_description":"Trong một kỉ nguyên mà nhiều cuốn hồi kí chính trị hồi tưởng lại những năm tháng Tổng thống Obama còn tại vị hoặc là cố gắng phơi bày thực trạng bất ổn của chính phủ Mỹ hiện tại, thật tuyệt vời khi cu...","description":"\u003cp style\u003d\"font-weight: 400;\"\u003eTrong một kỉ nguyên mà nhiều cuốn hồi kí chính trị hồi tưởng lại những năm tháng Tổng thống Obama còn tại vị hoặc là cố gắng phơi bày thực trạng bất ổn của chính phủ Mỹ hiện tại, thật tuyệt vời khi cuốn hồi kí \u003cstrong\u003e\u003cem\u003eSự thật ta nắm giữ\u003c/em\u003e\u003c/strong\u003e của Phó Tổng thống Mỹ Kamala Harris mang tới cho độc giả cái nhìn sâu sắc về những tác động của cuộc đời bà tới xã hội Mỹ. Đây là một câu chuyện chân thực và có sức truyền cảm hứng mạnh mẽ, chắc chắn sẽ làm mê đắm rất nhiều độc giả!\u003c/p\u003e\n\u003cp style\u003d\"font-weight: 400;\"\u003e \u003c/p\u003e\n\u003cp style\u003d\"font-weight: 400;\"\u003eĐược viết bởi một nhà lãnh đạo chính trị quyền lực bậc nhất Hoa Kỳ, nhưng cuốn sách không hề khiến độc giả ngợp trong những vấn đề chính trị khô khan. Như tác giả cũng khẳng định, đây không phải cương lĩnh chính trị, càng không phải một danh sách những điều phải làm, mà là một tập hợp các ý tưởng, quan điểm và câu chuyện từ cuộc sống của chính giả và từ cuộc sống của nhiều người mà bà đã gặp. Cuốn sách mang đậm tính cá nhân của bà Kamala, một phụ nữ da màu đáng kính và quyền lực, con gái của những người dân nhập cư kể lại câu chuyện của chính mình và mang tới hi vọng cho tương lai của nước Mỹ. Nó giúp mở mang tầm mắt cho bất cứ ai đang cố gắng hình dung về Phó Tổng thống Harris, một người phụ nữ thông minh, một công tố viên cứng rắn có tầm nhìn xa để luôn chủ động trong công việc, một người quan tâm sâu sắc đến công bằng xã hội, đam mê công lý và nhanh chóng khẳng định mình là một trong những tác nhân thay đổi mới mẻ nhất cơ quan thực thi pháp luật Mỹ. Bà cũng đã áp dụng cách tiếp cận thực tế dựa trên dữ liệu và đương đầu với một loạt các vấn đề hóc búa, từ vấn đề chăm sóc sức khỏe đến vấn đề nhập cư, an ninh quốc gia, cuộc khủng hoảng thuốc giảm đau opioid và tình trạng bất bình đẳng gia tăng.\u003c/p\u003e\n\u003cp style\u003d\"font-weight: 400;\"\u003e \u003c/p\u003e\n\u003cp style\u003d\"font-weight: 400;\"\u003eĐây là câu chuyện vô cùng thú vị về gia đình, tuổi thơ của bà Kamala, và cũng là câu chuyện về cuộc đời mà bà đã gây dựng từ khi còn bé cho đến nay. Thật bất ngờ, những chi tiết đáng nhớ nhất trong cuốn sách lại chính là hồi ức của tác giả về gia đình, tình bạn và trên hết là về người mẹ của bà. Ở đây, tác giả cũng phơi bày thực trạng bất ổn của chính phủ Mỹ, những thách thức lớn mà người dân Mỹ phải đối mặt. Qua ngòi bút sắc sảo của bà Kamala Harris, cuốn sách sẽ giúp bạn có kiến thức thiết thực về cách giải quyết vấn đề, xử lý khủng hoảng, và vai trò người lãnh đạo trong những thời điểm đầy thách thức.\u003c/p\u003e\n\u003cp style\u003d\"font-weight: 400;\"\u003eCuốn sách cũng gửi gắm một thông điệp rất lớn của tác giả: Nền dân chủ, sự tự do và công lý không thể bén rễ, phát triển và nở rộ giữa lòng căm thù, cơn thịnh nộ. Chúng ta phải phản đối sự thờ ơ, sợ hãi, căm ghét và ngờ vực. Cuốn sách ra đời cũng là lời kêu gọi hành động, “chúng ta phải bắt đầu và kết thúc bằng việc nói ra sự thật”.  Có thể khẳng định, cuốn sách có giá trị tuyệt vời trong việc truyền cảm hứng tích cực tới người đọc, giúp chúng ta có tầm nhìn về tương lai, nỗ lực hành động vì mục đích và giá trị chung để vươn tới một cuộc sống tốt đẹp hơn!\u003c/p\u003e\u003cp\u003eGiá sản phẩm trên Tiki đã bao gồm thuế theo luật hiện hành. Bên cạnh đó, tuỳ vào loại sản phẩm, hình thức và địa chỉ giao hàng mà có thể phát sinh thêm chi phí khác như phí vận chuyển, phụ phí hàng cồng kềnh, thuế nhập khẩu (đối với đơn hàng giao từ nước ngoài có giá trị trên 1 triệu đồng).....\u003c/p\u003e","original_price":155000.0,"thumbnail_url":"https://salt.tikicdn.com/cache/280x280/ts/product/24/9d/17/3fbedc98bdca2c0efbcc3793fd32c4d6.jpg","images":[{"base_url":"https://salt.tikicdn.com/ts/product/24/9d/17/3fbedc98bdca2c0efbcc3793fd32c4d6.jpg","dbId":27809},{"base_url":"https://salt.tikicdn.com/ts/product/4b/a3/fc/a2dc58ef7b63d6260f494a873fe4c009.jpg","dbId":27810},{"base_url":"https://salt.tikicdn.com/ts/product/5f/1b/c8/ff964183b9fefb9a77e60a3705d38189.jpg","dbId":27811},{"base_url":"https://salt.tikicdn.com/ts/product/7d/14/0f/568308578cc8d76ed9416c642533ea9e.jpg","dbId":27812},{"base_url":"https://salt.tikicdn.com/ts/product/8d/f7/96/7c10a5f8f8f6457c327d578f15ddd38e.jpg","dbId":27813},{"base_url":"https://salt.tikicdn.com/ts/product/e8/01/f1/eacd6409c2862b923c1d5117f8b21786.jpg","dbId":27814}],"authors":[{"id":1468965,"name":"Kamala Harris","dbId":5455}],"specifications":[{"name":"Thông tin chung","attributes":[{"name":"Công ty phát hành","value":"Tân Việt"},{"name":"Ngày xuất bản","value":"2021-06-09 10:21:42"},{"name":"Loại bìa","value":"Bìa mềm"},{"name":"Số trang","value":"368"},{"name":"Nhà xuất bản","value":"Nhà Xuất Bản Dân Trí"}]}],"stock_item":{"qty":1000},"all_time_quantity_sold":0,"reviews":[{"id":14544887,"title":"Cực kì hài lòng","content":"Ok ạ","customer_id":18352467,"rating":5,"images":[],"created_at":1642498670,"created_by":{"id":18352467,"name":"Nguyễn Phương","full_name":"Nguyễn Phương","created_time":"2020-09-04 23:37:02","purchased":true,"purchased_at":1641901710},"product_id":105278809,"timeline":{"review_created_date":"2022-01-18 16:37:50","delivery_date":"2022-01-18 14:40:17"}},{"id":14741139,"title":"Cực kì hài lòng","content":"","customer_id":1702190,"rating":5,"images":[],"created_at":1643373779,"created_by":{"id":1702190,"name":"phu vinh hong","full_name":"phu vinh hong","created_time":"2016-09-16 22:40:41","purchased":true,"purchased_at":1640384656},"product_id":105278809,"timeline":{"review_created_date":"2022-01-28 19:42:59","delivery_date":"2021-12-30 10:23:55"}},{"id":12472762,"title":"Cực kì hài lòng","content":"","customer_id":16210478,"rating":5,"images":[],"created_at":1633537092,"created_by":{"id":16210478,"name":"Hanh Trieu","full_name":"Hanh Trieu","created_time":"2020-02-01 14:01:44","purchased":true,"purchased_at":1630812691},"product_id":105278809,"timeline":{"review_created_date":"2021-10-06 23:18:12","delivery_date":"2021-09-15 11:51:11"}},{"id":12218605,"title":"Cực kì hài lòng","content":"","customer_id":9808951,"rating":5,"images":[],"created_at":1631780233,"created_by":{"id":9808951,"name":"nguyen anh tuan","full_name":"nguyen anh tuan","created_time":"2018-12-13 15:49:37","purchased":true,"purchased_at":1631521030},"product_id":105278809,"timeline":{"review_created_date":"2021-09-16 15:17:13","delivery_date":"2021-09-16 13:10:24"}},{"id":12062512,"title":"Cực kì hài lòng","content":"","customer_id":15909865,"rating":5,"images":[],"created_at":1630394195,"created_by":{"id":15909865,"name":"Tùng Thanh","full_name":"Tùng Thanh","created_time":"2020-01-10 08:39:54","purchased":true,"purchased_at":1630129614},"product_id":105278809,"timeline":{"review_created_date":"2021-08-31 14:16:35","delivery_date":"2021-08-31 12:15:32"}}]}