{"id":105375445,"dbId":12103,"createdAt":1624554000000,"name":"Anh Có Thiếu Người Yêu Không - Tập 2","short_description":"An Xuân là một cô gái mũm mĩm, ngây thơ, trong sáng, luôn không tự tin về bản thân và thiếu thốn tình cảm. Cô thường được mọi người gọi với cái tên Am Thuần. Am Thuần đem lòng yêu thích Hạ Đông Giá và...","description":"\u003cp\u003eAn Xuân là một cô gái mũm mĩm, ngây thơ, trong sáng, luôn không tự tin về bản thân và thiếu thốn tình cảm. Cô thường được mọi người gọi với cái tên Am Thuần. Am Thuần đem lòng yêu thích Hạ Đông Giá và ngộ nhận đó là tình đơn phương. Cũng vì yêu Hạ Đông Giá, Am Thuần theo đuổi anh bằng nhiều hành động ngớ ngẩn, nhưng cũng dũng cảm và đáng yêu. Cho đến một ngày, Tứ Trương, bạn thân của Hạ Đông Giá và cũng là bác sĩ khoa truyền nhiễm để ý tới Am Thuần và tấm lòng lương thiện của cô. Tứ Trương âm thầm giúp đỡ cô. Càng ngày, tình cảm của Tứ Trương dành cho Am Thuần càng rõ ràng hơn và tình cảm đó cũng khiến Am Thuần nhận ra tình cảm thật của mình dành cho Tứ Trương. Hai người trở thành người yêu, đồng hành cùng nhau, giúp đỡ và cổ vũ nhau…\u003c/p\u003e\n\u003cp\u003e\u003cstrong\u003eTác giả\u003c/strong\u003e\u003c/p\u003e\n\u003cp\u003eNgô Đồng Tư Ngữ tên thật là Ngô Quỳnh, sinh ra và lớn lên ở Hắc Long Giang, Trung Quốc. Cô là một nữ Thiên Yết điển hình, từ nhỏ đã mơ trở thành một hiệp khách giang hồ, hành hiệp trượng nghĩa, luôn mơ rằng sẽ có một bạch mã hoàng tử đạp trên cỏ non và lá xanh đến tìm mình. Sở trường của cô là viết tiểu thuyết lãng mạn và tiểu thuyết lãng mạn có yếu tố trinh thám. \u003cbr /\u003eMột số tác phẩm nổi bật của Ngô Đồng Tư Ngữ: Gió Nam hiểu lòng tôi; Hóa ra em vẫn ở đây chờ anh gặp được em; Nếu như anh chưa từng quên em; Hệ liệt Sổ tay hình cảnh,\u003c/p\u003e\n\u003cp\u003e\u003cstrong\u003eTRÍCH DẪN NỔI BẬT\u003c/strong\u003e\u003c/p\u003e\n\u003cp\u003ea) Am Thuần: “Ngay từ lúc còn nhỏ em đã luôn tự nhủ, chỉ cần em toàn tâm toàn ý đối tốt với người khác thì có thể khiến người khác thích em, sau này em mới biết nghĩ vậy là sai rồi. May mà em gặp được anh.”\u003c/p\u003e\n\u003cp\u003eTứ Trương: “Ngốc à, tình yêu không có kết quả, cũng không có quá trình thật vô vị.”\u003c/p\u003e\n\u003cp\u003eAm Thuần: “Vậy phải làm sao đây?”\u003c/p\u003e\n\u003cp\u003eTứ Trương: “Toàn tâm toàn ý đối tốt với anh, yêu anh, coi anh như bảo vật; khi anh bị người ta bắt nạt thì em hãy là người đầu tiên đứng lên bảo vệ anh, mua cho anh đồ ăn vặt mà anh thích ăn, cùng anh xem bộ phim anh thích mà em không thích, giống như anh đối với em vậy.”\u003c/p\u003e\n\u003cp\u003eb) “Tứ Trương: Trong tình yêu, đáng sợ nhất là ông nói gà bà nói vịt, thổ lộ cả ngày trời mà người ta vẫn không hiểu. \u003cbr /\u003eAm Thuần cặm cụi lau dọn trong nhà, cuối cùng cũng ngẩng đầu lên: Mắt anh bị làm sao thế? Anh đói rồi à? Tôi cũng đói hoa cả mắt rồi, đợi tôi một tí, tôi làm cho anh một đĩa thăn bò sốt cam nhé.\u003c/p\u003e\n\u003cp\u003eTứ Trương: Cô ấy thực sự không hiểu những gì tôi nói.”\u003c/p\u003e\u003cp\u003eGiá sản phẩm trên Tiki đã bao gồm thuế theo luật hiện hành. Bên cạnh đó, tuỳ vào loại sản phẩm, hình thức và địa chỉ giao hàng mà có thể phát sinh thêm chi phí khác như phí vận chuyển, phụ phí hàng cồng kềnh, thuế nhập khẩu (đối với đơn hàng giao từ nước ngoài có giá trị trên 1 triệu đồng).....\u003c/p\u003e","original_price":142000.0,"thumbnail_url":"https://salt.tikicdn.com/cache/280x280/ts/product/2b/b5/64/5a3d366dd5499a8b1a3d1cfdd013c982.jpg","images":[{"base_url":"https://salt.tikicdn.com/ts/product/2b/b5/64/5a3d366dd5499a8b1a3d1cfdd013c982.jpg","dbId":32210},{"base_url":"https://salt.tikicdn.com/ts/product/0e/a4/d5/c5a493641514b22d0a5e731dfffa2ea0.jpg","dbId":32211},{"base_url":"https://salt.tikicdn.com/ts/product/95/4e/2c/099d83c33515f6331821fd40920ddec1.jpg","dbId":32212}],"authors":[{"id":53471,"name":"Ngô Đồng Tư Ngữ","dbId":6351}],"specifications":[{"name":"Thông tin chung","attributes":[{"name":"Phiên bản sách","value":"Phiên bản thường"},{"name":"Công ty phát hành","value":"Bách Việt"},{"name":"Ngày xuất bản","value":"2021-06-01 00:00:00"},{"name":"Dịch Giả","value":"Phạm Minh Thuận"},{"name":"Loại bìa","value":"Bìa mềm"},{"name":"Số trang","value":"516"},{"name":"Nhà xuất bản","value":"Nhà Xuất Bản Hồng Đức"},{"code":"PUBLICATION_DATE","name":"Kích thước","value":"14.5 x 20.5 cm"}]}],"stock_item":{"qty":1000},"all_time_quantity_sold":74,"reviews":[{"id":19347771,"title":"Hài lòng","content":"Mới đặt sách mà 2 ngày sau đã nhận được rồi, nhanh hơn so với app. Đóng gói cẩn thận nhưng sách vẫn còn một số chỗ bị nát ở phần mép sách chắc là do đóng gói. Bên trong vẫn còn một số lỗi chính tả đọc vài trang đầu đã thấy rồi. Mong shop sẽ cải thiện ở khâu đóng gói tránh làm nát góc sách chứ mọi người mua sách mà sách bị nát là chán lắm, mình mua chủ yếu để sưu tầm nên rất quan trọng hình thức. Mong shop sẽ cải thiện nha, nhưng shop giao hàng nhanh mình rất thích.","customer_id":27674907,"rating":4,"images":[{"id":4245960,"full_path":"https://salt.tikicdn.com/ts/review/65/59/a9/6b9aca295428334223ee2185a1c9b6ca.jpg"},{"id":4245961,"full_path":"https://salt.tikicdn.com/ts/review/29/ee/15/9edb7cbc07232ba12b73f0239c2a0eb9.jpg"}],"created_at":1688401854,"created_by":{"id":27674907,"name":"Mỹ Uyên","full_name":"Mỹ Uyên","created_time":"2022-06-13 19:51:17","purchased":true,"purchased_at":1686915425},"product_id":105375445,"timeline":{"review_created_date":"2023-07-03 23:30:54","delivery_date":"2023-06-17 19:13:49"}},{"id":18757237,"title":"Cực kì hài lòng","content":"Giao hàng nhanh. Gói hàng thì cực kì móp méo nhưng may mắn là sách đều ở tình trạng tốt. Giao đủ sách, sách thì có cuốn có bookcare, có cuốn ko nhưng không bị trầy xước gì cả, chỉ là hơi bụi thôi. Mong lần sau tiki gói hàng cẩn thận hơn.","customer_id":13196251,"rating":5,"images":[{"id":4106805,"full_path":"https://salt.tikicdn.com/ts/review/62/76/f3/921ee26347faadcbc984a0e11f4a011b.jpg"},{"id":4106806,"full_path":"https://salt.tikicdn.com/ts/review/d6/3d/b0/fbfa42028c62d654d8040a59656908e2.jpg"}],"created_at":1675756441,"created_by":{"id":13196251,"name":"Corinner Rosare","full_name":"Corinner Rosare","created_time":"2019-08-01 21:03:22","purchased":true,"purchased_at":1675001768},"product_id":105375445,"timeline":{"review_created_date":"2023-02-07 14:54:01","delivery_date":"2023-02-01 14:37:22"}},{"id":17198562,"title":"Cực kì hài lòng","content":"Mua cuốn này lúc sale 70%, giá rẻ như cho luôn. Tiki đóng gói hàng rất cẩn thận, giao hàng siêu nhanh và đúng hàng. Mua truyện trên Tiki suốt 6 năm rồi và chưa bao giờ phải thất vọng! Mãi ủng hộ Tiki","customer_id":19982562,"rating":5,"images":[{"id":3728052,"full_path":"https://salt.tikicdn.com/ts/review/3d/81/f6/36857c4ee71d238186234e8d01eec1d5.jpg"},{"id":3728053,"full_path":"https://salt.tikicdn.com/ts/review/6a/31/a9/c2d898756ecabd48b43e3fc57ce2f64d.jpg"}],"created_at":1658742954,"created_by":{"id":19982562,"name":"Thu Huyền Nguyễn","full_name":"Thu Huyền Nguyễn","created_time":"2021-01-21 14:19:08","purchased":true,"purchased_at":1657690151},"product_id":105375445,"timeline":{"review_created_date":"2022-07-25 16:55:54","delivery_date":"2022-07-14 16:15:35"}},{"id":12980455,"title":"Hài lòng","content":"Hàng giao nhanh cơ mà không có bọc nên cũng hơi run. May mà không có vấn đề gì mấy.","customer_id":27,"rating":4,"images":[{"id":2693211,"full_path":"https://salt.tikicdn.com/ts/review/0a/ca/6a/f82e4c46040a69570cdeadb792274689.jpg"},{"id":2693212,"full_path":"https://salt.tikicdn.com/ts/review/aa/8b/47/2045fe0b7d8b9b7b87706c2e1695bf90.jpg"},{"id":2693213,"full_path":"https://salt.tikicdn.com/ts/review/e3/ee/d6/a7927b9a18daf0b49385024a1b60ceb7.jpg"},{"id":2693214,"full_path":"https://salt.tikicdn.com/ts/review/64/41/b7/1e612505524c9ad0ed917725bad7d184.jpg"},{"id":2693215,"full_path":"https://salt.tikicdn.com/ts/review/04/14/41/493b4afcdf5f00144502793e9b5a5195.jpg"}],"created_at":1635857982,"created_by":{"id":27,"name":"Vũ Hương Quỳnh Trang","full_name":"Vũ Hương Quỳnh Trang","created_time":"2010-03-23 16:41:14","purchased":true,"purchased_at":1635822372},"product_id":105375445,"timeline":{"review_created_date":"2021-11-02 19:59:42","delivery_date":"2021-11-02 12:43:54"}},{"id":15281004,"title":"Hài lòng","content":"Tiki giao hàng nhanh, cốt truyện theo mình nhẹ nhàng, dễ thương. Tuy nhiên chữ nhỏ và có vài lỗi sai chính tả ạ","customer_id":6948575,"rating":4,"images":[{"id":3199483,"full_path":"https://salt.tikicdn.com/ts/review/f3/a0/2a/4d1e0eabcf6795c50fb7991692d129a4.jpg"},{"id":3199484,"full_path":"https://salt.tikicdn.com/ts/review/b8/8c/2e/b8388aee294d20bf2f366027390cc46a.jpg"},{"id":3199485,"full_path":"https://salt.tikicdn.com/ts/review/72/6c/9b/3d2b115968fdca618c13bcd65ab6ce77.jpg"}],"created_at":1646540618,"created_by":{"id":6948575,"name":"Ngọc Quỳnh","full_name":"Ngọc Quỳnh","created_time":"2018-04-17 12:58:21","purchased":true,"purchased_at":1644380659},"product_id":105375445,"timeline":{"review_created_date":"2022-03-06 11:23:38","delivery_date":"2022-02-11 14:09:08"}},{"id":19347771,"title":"Hài lòng","content":"Mới đặt sách mà 2 ngày sau đã nhận được rồi, nhanh hơn so với app. Đóng gói cẩn thận nhưng sách vẫn còn một số chỗ bị nát ở phần mép sách chắc là do đóng gói. Bên trong vẫn còn một số lỗi chính tả đọc vài trang đầu đã thấy rồi. Mong shop sẽ cải thiện ở khâu đóng gói tránh làm nát góc sách chứ mọi người mua sách mà sách bị nát là chán lắm, mình mua chủ yếu để sưu tầm nên rất quan trọng hình thức. Mong shop sẽ cải thiện nha, nhưng shop giao hàng nhanh mình rất thích.","customer_id":27674907,"rating":4,"images":[{"id":4245960,"full_path":"https://salt.tikicdn.com/ts/review/65/59/a9/6b9aca295428334223ee2185a1c9b6ca.jpg"},{"id":4245961,"full_path":"https://salt.tikicdn.com/ts/review/29/ee/15/9edb7cbc07232ba12b73f0239c2a0eb9.jpg"}],"created_at":1688401854,"created_by":{"id":27674907,"name":"Mỹ Uyên","full_name":"Mỹ Uyên","created_time":"2022-06-13 19:51:17","purchased":true,"purchased_at":1686915425},"product_id":105375445,"timeline":{"review_created_date":"2023-07-03 23:30:54","delivery_date":"2023-06-17 19:13:49"}},{"id":18757237,"title":"Cực kì hài lòng","content":"Giao hàng nhanh. Gói hàng thì cực kì móp méo nhưng may mắn là sách đều ở tình trạng tốt. Giao đủ sách, sách thì có cuốn có bookcare, có cuốn ko nhưng không bị trầy xước gì cả, chỉ là hơi bụi thôi. Mong lần sau tiki gói hàng cẩn thận hơn.","customer_id":13196251,"rating":5,"images":[{"id":4106805,"full_path":"https://salt.tikicdn.com/ts/review/62/76/f3/921ee26347faadcbc984a0e11f4a011b.jpg"},{"id":4106806,"full_path":"https://salt.tikicdn.com/ts/review/d6/3d/b0/fbfa42028c62d654d8040a59656908e2.jpg"}],"created_at":1675756441,"created_by":{"id":13196251,"name":"Corinner Rosare","full_name":"Corinner Rosare","created_time":"2019-08-01 21:03:22","purchased":true,"purchased_at":1675001768},"product_id":105375445,"timeline":{"review_created_date":"2023-02-07 14:54:01","delivery_date":"2023-02-01 14:37:22"}},{"id":17198562,"title":"Cực kì hài lòng","content":"Mua cuốn này lúc sale 70%, giá rẻ như cho luôn. Tiki đóng gói hàng rất cẩn thận, giao hàng siêu nhanh và đúng hàng. Mua truyện trên Tiki suốt 6 năm rồi và chưa bao giờ phải thất vọng! Mãi ủng hộ Tiki","customer_id":19982562,"rating":5,"images":[{"id":3728052,"full_path":"https://salt.tikicdn.com/ts/review/3d/81/f6/36857c4ee71d238186234e8d01eec1d5.jpg"},{"id":3728053,"full_path":"https://salt.tikicdn.com/ts/review/6a/31/a9/c2d898756ecabd48b43e3fc57ce2f64d.jpg"}],"created_at":1658742954,"created_by":{"id":19982562,"name":"Thu Huyền Nguyễn","full_name":"Thu Huyền Nguyễn","created_time":"2021-01-21 14:19:08","purchased":true,"purchased_at":1657690151},"product_id":105375445,"timeline":{"review_created_date":"2022-07-25 16:55:54","delivery_date":"2022-07-14 16:15:35"}},{"id":12980455,"title":"Hài lòng","content":"Hàng giao nhanh cơ mà không có bọc nên cũng hơi run. May mà không có vấn đề gì mấy.","customer_id":27,"rating":4,"images":[{"id":2693211,"full_path":"https://salt.tikicdn.com/ts/review/0a/ca/6a/f82e4c46040a69570cdeadb792274689.jpg"},{"id":2693212,"full_path":"https://salt.tikicdn.com/ts/review/aa/8b/47/2045fe0b7d8b9b7b87706c2e1695bf90.jpg"},{"id":2693213,"full_path":"https://salt.tikicdn.com/ts/review/e3/ee/d6/a7927b9a18daf0b49385024a1b60ceb7.jpg"},{"id":2693214,"full_path":"https://salt.tikicdn.com/ts/review/64/41/b7/1e612505524c9ad0ed917725bad7d184.jpg"},{"id":2693215,"full_path":"https://salt.tikicdn.com/ts/review/04/14/41/493b4afcdf5f00144502793e9b5a5195.jpg"}],"created_at":1635857982,"created_by":{"id":27,"name":"Vũ Hương Quỳnh Trang","full_name":"Vũ Hương Quỳnh Trang","created_time":"2010-03-23 16:41:14","purchased":true,"purchased_at":1635822372},"product_id":105375445,"timeline":{"review_created_date":"2021-11-02 19:59:42","delivery_date":"2021-11-02 12:43:54"}},{"id":15281004,"title":"Hài lòng","content":"Tiki giao hàng nhanh, cốt truyện theo mình nhẹ nhàng, dễ thương. Tuy nhiên chữ nhỏ và có vài lỗi sai chính tả ạ","customer_id":6948575,"rating":4,"images":[{"id":3199483,"full_path":"https://salt.tikicdn.com/ts/review/f3/a0/2a/4d1e0eabcf6795c50fb7991692d129a4.jpg"},{"id":3199484,"full_path":"https://salt.tikicdn.com/ts/review/b8/8c/2e/b8388aee294d20bf2f366027390cc46a.jpg"},{"id":3199485,"full_path":"https://salt.tikicdn.com/ts/review/72/6c/9b/3d2b115968fdca618c13bcd65ab6ce77.jpg"}],"created_at":1646540618,"created_by":{"id":6948575,"name":"Ngọc Quỳnh","full_name":"Ngọc Quỳnh","created_time":"2018-04-17 12:58:21","purchased":true,"purchased_at":1644380659},"product_id":105375445,"timeline":{"review_created_date":"2022-03-06 11:23:38","delivery_date":"2022-02-11 14:09:08"}},{"id":19347771,"title":"Hài lòng","content":"Mới đặt sách mà 2 ngày sau đã nhận được rồi, nhanh hơn so với app. Đóng gói cẩn thận nhưng sách vẫn còn một số chỗ bị nát ở phần mép sách chắc là do đóng gói. Bên trong vẫn còn một số lỗi chính tả đọc vài trang đầu đã thấy rồi. Mong shop sẽ cải thiện ở khâu đóng gói tránh làm nát góc sách chứ mọi người mua sách mà sách bị nát là chán lắm, mình mua chủ yếu để sưu tầm nên rất quan trọng hình thức. Mong shop sẽ cải thiện nha, nhưng shop giao hàng nhanh mình rất thích.","customer_id":27674907,"rating":4,"images":[{"id":4245960,"full_path":"https://salt.tikicdn.com/ts/review/65/59/a9/6b9aca295428334223ee2185a1c9b6ca.jpg"},{"id":4245961,"full_path":"https://salt.tikicdn.com/ts/review/29/ee/15/9edb7cbc07232ba12b73f0239c2a0eb9.jpg"}],"created_at":1688401854,"created_by":{"id":27674907,"name":"Mỹ Uyên","full_name":"Mỹ Uyên","created_time":"2022-06-13 19:51:17","purchased":true,"purchased_at":1686915425},"product_id":105375445,"timeline":{"review_created_date":"2023-07-03 23:30:54","delivery_date":"2023-06-17 19:13:49"}},{"id":18757237,"title":"Cực kì hài lòng","content":"Giao hàng nhanh. Gói hàng thì cực kì móp méo nhưng may mắn là sách đều ở tình trạng tốt. Giao đủ sách, sách thì có cuốn có bookcare, có cuốn ko nhưng không bị trầy xước gì cả, chỉ là hơi bụi thôi. Mong lần sau tiki gói hàng cẩn thận hơn.","customer_id":13196251,"rating":5,"images":[{"id":4106805,"full_path":"https://salt.tikicdn.com/ts/review/62/76/f3/921ee26347faadcbc984a0e11f4a011b.jpg"},{"id":4106806,"full_path":"https://salt.tikicdn.com/ts/review/d6/3d/b0/fbfa42028c62d654d8040a59656908e2.jpg"}],"created_at":1675756441,"created_by":{"id":13196251,"name":"Corinner Rosare","full_name":"Corinner Rosare","created_time":"2019-08-01 21:03:22","purchased":true,"purchased_at":1675001768},"product_id":105375445,"timeline":{"review_created_date":"2023-02-07 14:54:01","delivery_date":"2023-02-01 14:37:22"}},{"id":17198562,"title":"Cực kì hài lòng","content":"Mua cuốn này lúc sale 70%, giá rẻ như cho luôn. Tiki đóng gói hàng rất cẩn thận, giao hàng siêu nhanh và đúng hàng. Mua truyện trên Tiki suốt 6 năm rồi và chưa bao giờ phải thất vọng! Mãi ủng hộ Tiki","customer_id":19982562,"rating":5,"images":[{"id":3728052,"full_path":"https://salt.tikicdn.com/ts/review/3d/81/f6/36857c4ee71d238186234e8d01eec1d5.jpg"},{"id":3728053,"full_path":"https://salt.tikicdn.com/ts/review/6a/31/a9/c2d898756ecabd48b43e3fc57ce2f64d.jpg"}],"created_at":1658742954,"created_by":{"id":19982562,"name":"Thu Huyền Nguyễn","full_name":"Thu Huyền Nguyễn","created_time":"2021-01-21 14:19:08","purchased":true,"purchased_at":1657690151},"product_id":105375445,"timeline":{"review_created_date":"2022-07-25 16:55:54","delivery_date":"2022-07-14 16:15:35"}},{"id":12980455,"title":"Hài lòng","content":"Hàng giao nhanh cơ mà không có bọc nên cũng hơi run. May mà không có vấn đề gì mấy.","customer_id":27,"rating":4,"images":[{"id":2693211,"full_path":"https://salt.tikicdn.com/ts/review/0a/ca/6a/f82e4c46040a69570cdeadb792274689.jpg"},{"id":2693212,"full_path":"https://salt.tikicdn.com/ts/review/aa/8b/47/2045fe0b7d8b9b7b87706c2e1695bf90.jpg"},{"id":2693213,"full_path":"https://salt.tikicdn.com/ts/review/e3/ee/d6/a7927b9a18daf0b49385024a1b60ceb7.jpg"},{"id":2693214,"full_path":"https://salt.tikicdn.com/ts/review/64/41/b7/1e612505524c9ad0ed917725bad7d184.jpg"},{"id":2693215,"full_path":"https://salt.tikicdn.com/ts/review/04/14/41/493b4afcdf5f00144502793e9b5a5195.jpg"}],"created_at":1635857982,"created_by":{"id":27,"name":"Vũ Hương Quỳnh Trang","full_name":"Vũ Hương Quỳnh Trang","created_time":"2010-03-23 16:41:14","purchased":true,"purchased_at":1635822372},"product_id":105375445,"timeline":{"review_created_date":"2021-11-02 19:59:42","delivery_date":"2021-11-02 12:43:54"}},{"id":15281004,"title":"Hài lòng","content":"Tiki giao hàng nhanh, cốt truyện theo mình nhẹ nhàng, dễ thương. Tuy nhiên chữ nhỏ và có vài lỗi sai chính tả ạ","customer_id":6948575,"rating":4,"images":[{"id":3199483,"full_path":"https://salt.tikicdn.com/ts/review/f3/a0/2a/4d1e0eabcf6795c50fb7991692d129a4.jpg"},{"id":3199484,"full_path":"https://salt.tikicdn.com/ts/review/b8/8c/2e/b8388aee294d20bf2f366027390cc46a.jpg"},{"id":3199485,"full_path":"https://salt.tikicdn.com/ts/review/72/6c/9b/3d2b115968fdca618c13bcd65ab6ce77.jpg"}],"created_at":1646540618,"created_by":{"id":6948575,"name":"Ngọc Quỳnh","full_name":"Ngọc Quỳnh","created_time":"2018-04-17 12:58:21","purchased":true,"purchased_at":1644380659},"product_id":105375445,"timeline":{"review_created_date":"2022-03-06 11:23:38","delivery_date":"2022-02-11 14:09:08"}},{"id":19347771,"title":"Hài lòng","content":"Mới đặt sách mà 2 ngày sau đã nhận được rồi, nhanh hơn so với app. Đóng gói cẩn thận nhưng sách vẫn còn một số chỗ bị nát ở phần mép sách chắc là do đóng gói. Bên trong vẫn còn một số lỗi chính tả đọc vài trang đầu đã thấy rồi. Mong shop sẽ cải thiện ở khâu đóng gói tránh làm nát góc sách chứ mọi người mua sách mà sách bị nát là chán lắm, mình mua chủ yếu để sưu tầm nên rất quan trọng hình thức. Mong shop sẽ cải thiện nha, nhưng shop giao hàng nhanh mình rất thích.","customer_id":27674907,"rating":4,"images":[{"id":4245960,"full_path":"https://salt.tikicdn.com/ts/review/65/59/a9/6b9aca295428334223ee2185a1c9b6ca.jpg"},{"id":4245961,"full_path":"https://salt.tikicdn.com/ts/review/29/ee/15/9edb7cbc07232ba12b73f0239c2a0eb9.jpg"}],"created_at":1688401854,"created_by":{"id":27674907,"name":"Mỹ Uyên","full_name":"Mỹ Uyên","created_time":"2022-06-13 19:51:17","purchased":true,"purchased_at":1686915425},"product_id":105375445,"timeline":{"review_created_date":"2023-07-03 23:30:54","delivery_date":"2023-06-17 19:13:49"}},{"id":18757237,"title":"Cực kì hài lòng","content":"Giao hàng nhanh. Gói hàng thì cực kì móp méo nhưng may mắn là sách đều ở tình trạng tốt. Giao đủ sách, sách thì có cuốn có bookcare, có cuốn ko nhưng không bị trầy xước gì cả, chỉ là hơi bụi thôi. Mong lần sau tiki gói hàng cẩn thận hơn.","customer_id":13196251,"rating":5,"images":[{"id":4106805,"full_path":"https://salt.tikicdn.com/ts/review/62/76/f3/921ee26347faadcbc984a0e11f4a011b.jpg"},{"id":4106806,"full_path":"https://salt.tikicdn.com/ts/review/d6/3d/b0/fbfa42028c62d654d8040a59656908e2.jpg"}],"created_at":1675756441,"created_by":{"id":13196251,"name":"Corinner Rosare","full_name":"Corinner Rosare","created_time":"2019-08-01 21:03:22","purchased":true,"purchased_at":1675001768},"product_id":105375445,"timeline":{"review_created_date":"2023-02-07 14:54:01","delivery_date":"2023-02-01 14:37:22"}},{"id":17198562,"title":"Cực kì hài lòng","content":"Mua cuốn này lúc sale 70%, giá rẻ như cho luôn. Tiki đóng gói hàng rất cẩn thận, giao hàng siêu nhanh và đúng hàng. Mua truyện trên Tiki suốt 6 năm rồi và chưa bao giờ phải thất vọng! Mãi ủng hộ Tiki","customer_id":19982562,"rating":5,"images":[{"id":3728052,"full_path":"https://salt.tikicdn.com/ts/review/3d/81/f6/36857c4ee71d238186234e8d01eec1d5.jpg"},{"id":3728053,"full_path":"https://salt.tikicdn.com/ts/review/6a/31/a9/c2d898756ecabd48b43e3fc57ce2f64d.jpg"}],"created_at":1658742954,"created_by":{"id":19982562,"name":"Thu Huyền Nguyễn","full_name":"Thu Huyền Nguyễn","created_time":"2021-01-21 14:19:08","purchased":true,"purchased_at":1657690151},"product_id":105375445,"timeline":{"review_created_date":"2022-07-25 16:55:54","delivery_date":"2022-07-14 16:15:35"}},{"id":12980455,"title":"Hài lòng","content":"Hàng giao nhanh cơ mà không có bọc nên cũng hơi run. May mà không có vấn đề gì mấy.","customer_id":27,"rating":4,"images":[{"id":2693211,"full_path":"https://salt.tikicdn.com/ts/review/0a/ca/6a/f82e4c46040a69570cdeadb792274689.jpg"},{"id":2693212,"full_path":"https://salt.tikicdn.com/ts/review/aa/8b/47/2045fe0b7d8b9b7b87706c2e1695bf90.jpg"},{"id":2693213,"full_path":"https://salt.tikicdn.com/ts/review/e3/ee/d6/a7927b9a18daf0b49385024a1b60ceb7.jpg"},{"id":2693214,"full_path":"https://salt.tikicdn.com/ts/review/64/41/b7/1e612505524c9ad0ed917725bad7d184.jpg"},{"id":2693215,"full_path":"https://salt.tikicdn.com/ts/review/04/14/41/493b4afcdf5f00144502793e9b5a5195.jpg"}],"created_at":1635857982,"created_by":{"id":27,"name":"Vũ Hương Quỳnh Trang","full_name":"Vũ Hương Quỳnh Trang","created_time":"2010-03-23 16:41:14","purchased":true,"purchased_at":1635822372},"product_id":105375445,"timeline":{"review_created_date":"2021-11-02 19:59:42","delivery_date":"2021-11-02 12:43:54"}},{"id":15281004,"title":"Hài lòng","content":"Tiki giao hàng nhanh, cốt truyện theo mình nhẹ nhàng, dễ thương. Tuy nhiên chữ nhỏ và có vài lỗi sai chính tả ạ","customer_id":6948575,"rating":4,"images":[{"id":3199483,"full_path":"https://salt.tikicdn.com/ts/review/f3/a0/2a/4d1e0eabcf6795c50fb7991692d129a4.jpg"},{"id":3199484,"full_path":"https://salt.tikicdn.com/ts/review/b8/8c/2e/b8388aee294d20bf2f366027390cc46a.jpg"},{"id":3199485,"full_path":"https://salt.tikicdn.com/ts/review/72/6c/9b/3d2b115968fdca618c13bcd65ab6ce77.jpg"}],"created_at":1646540618,"created_by":{"id":6948575,"name":"Ngọc Quỳnh","full_name":"Ngọc Quỳnh","created_time":"2018-04-17 12:58:21","purchased":true,"purchased_at":1644380659},"product_id":105375445,"timeline":{"review_created_date":"2022-03-06 11:23:38","delivery_date":"2022-02-11 14:09:08"}}]}