{"id":1061576,"dbId":10373,"createdAt":1508346000000,"name":"Đạp Xe Vì Tình Từ Ấn Sang Âu","short_description":"Đạp Xe Vì Tình Từ Ấn Sang Âu Vào ngày 22 tháng 1 năm 1977, chàng trai trẻ Mahanandia, khi đó 24 tuổi, đã bắt đầu hành trình bằng xe đạp kéo dài 4 tháng từ thành phố Delhi, Ấn Độ đến thị trấn Boras, T...","description":"\u003cp\u003e\u003cstrong\u003eĐạp Xe Vì Tình Từ Ấn Sang Âu\u003c/strong\u003e\u003c/p\u003e\r\n\u003cp\u003eVào ngày 22 tháng 1 năm 1977, chàng trai trẻ Mahanandia, khi đó 24 tuổi, đã bắt đầu hành trình bằng xe đạp kéo dài 4 tháng từ thành phố Delhi, Ấn Độ đến thị trấn Boras, Thụy Điển, để tìm đến với người bạn đời của mình.\u003c/p\u003e\r\n\u003cp\u003eNhư chuyện tình của Romeo và Juliet, một tình yêu mãnh liệt, một trái tim nóng bỏng dành trọn cho nhau và họ phải vượt qua biết bao khó khăn, gian khổ để đến được với nhau. Và câu chuyện của họ đã được đi vào sử tích văn học thế giới. Đạp xe vì tình từ Ấn sang Âu cũng là một câu chuyện tình yêu cũng không kém phần kịch tính với một tình yêu cháy bỏng, hy sinh tất cả vì người mình yêu như vậy.\u003c/p\u003e\r\n\u003cp\u003eĐạp xe vì tình từ Ấn sang Âu là câu chuyện của chàng trai tên Pradyumna Kumar Mahanandia (PK), người Ấn Độ và cô gái Charlotte Von Schedvin, người Thụy Điển. Sinh năm 1949 trong một gia đình nghèo khó ở Odisha, Dhenkanal, PK được xem là dân đen nghèo khổ đúng nghĩa trong xã hội Ấn Độ thời bấy giờ. Gia đình không có đủ tiền để cho anh ăn học đến nơi đến chốn như PK mong ước. Nhưng với lòng đam mê nghệ thuật, nhất là hội họa PK cũng được học ở trường cao đẳng nghệ thuật ở New Delhi và trở thành họa sĩ chuyên về chân dung. PK rất say mê công việc này và không lâu sau anh trở thành người nổi tiếng về vẽ chân dung.\u003c/p\u003e\r\n\u003cp\u003eCâu chuyện bắt đầu từ cuộc hành trình đáng kinh ngạc của PK ròng rã suốt 4 tháng bằng xe đạp đi qua Afghanistan, Iran, Thổ Nhĩ Kỳ, Áo và Đan Mạch để đến Thụy Điển vào tháng 5/1977.  Họ đã gặp nhau và yêu nhau tại Delhi vào một ngày định mệnh cuối năm 1975, khi Von Schedvin yêu cầu chàng họa sĩ nghèo vẽ cho cô một bức chân dung. Họ đã yêu nhau say đắm ngay từ những ngày đầu gặp gỡ, và đã dành một tháng bên nhau trước khi Von Schedvin trở về quê nhà tại Boras, Thụy Điển. Thề rằng sẽ cưới người phụ nữ mà mình yêu, dù có phải trả giá thế nào đi nữa, Mahanandia đã bán toàn bộ gia sản nhỏ nhoi của mình để mua một chiếc xe đạp đẩy. Với 80 USD trong túi, chàng họa sĩ bước vào một cuộc hành trình 3.600 km, trải dài qua 8 nước, từ Ấn Độ tới Thụy Điển, trong vòng 4 tháng, để có thể tới được với người mình yêu. Cuộc hành trình cảu PK cũng ghi lại những cuộc đấu tranh và nỗi tuyệt vọng của ông phải vượt qua những thử thách khắc nghiệt trong tình yêu cũng như trong cuộc đời.\u003c/p\u003e\r\n\u003cp\u003eTrong hành trình đi của mình, PK thậm chí  không phân biệt được Thụy Điển khác với Thụy Sĩ, anh cứ lên xe đạp và đi. \"Tôi không có kiến ​​thức về địa lý, về mức độ lớn của châu Âu\", PK nói. \"Tôi thậm chí không biết tính khoảng cách bằng km. Nếu tôi biết nó xa đến mức nào, có lẽ tôi không dám đi. Thật may tôi không biết!\", PK chia sẻ.\u003c/p\u003e\r\n\u003cp\u003eĐạp xe vì tình từ Ấn sang Âu là câu chuyện về sự vượt thoát thực tại, bước qua những trở lực số phận tưởng chừng sắp đặt sẵn, bằng một tình yêu lớn dành cho cuộc đời, con người. Qua cuốn sách, bạn đọc sẽ tìm thấy những giây phút rung động, cảm kích trước một chuyện tình lớn lao vượt qua ngăn cách lục địa, hóa giải mọi khác biệt văn hóa Đông  - Tây. Bên cạnh đó, tác phẩm cũng cung cấp nhiều hiểu biết về một hoàn cảnh xã hội Ấn Độ phân biệt đẳng cấp trong quá khứ, và hiểu thêm về thân phận tủi nhục của những người bên lề trong một bối cảnh sống đầy phi lý và khắc nghiệt.\u003c/p\u003e\r\n\u003cp\u003eCâu chuyện tình yêu “trèo đèo lội suối” của PK sau này đã được một nhà văn chuyên tìm hiểu về văn hóa Ấn Độ, Per J. Andersson viết thành một tác phẩm kể về hành trình 4 tháng đi theo tiếng gọi tình yêu của PK. Nhà văn cũng nhận xét về chuyện tình cảu PK và Charlotte không chỉ là một câu chuyện lãng mạn, mà còn về những diễn biến tâm lý cơ bản, một người phải chiến đấu chống lại rất nhiều trở ngại. Câu chuyện của ông làm cho bạn tin rằng, trên thế giới này, mặc dù có sai sót và bất công, vẫn là một nơi tuyệt vời khi có tình yêu làm điểm tựa và sức mạnh. Và giống như PK, khi bạn yêu hết mình, điều tưởng là huyễn hoặc vẫn có thể đến với giấc mơ của bạn, miễn là bạn có niềm tin và dám hành động”.\u003c/p\u003e\r\n\u003cp\u003eChuyện tình đẹp này như một lời chúc lành, một món quà tinh thần lý tưởng dành cho những người đang có tình yêu đã đành, mà còn cả với những ai đang chịu nhiều thử thách, nghịch cảnh trong tình yêu.\u003c/p\u003e\r\n\u003cp\u003e\u003cstrong\u003e\u003cbr /\u003e\u003c/strong\u003e\u003c/p\u003e\u003cp\u003eGiá sản phẩm trên Tiki đã bao gồm thuế theo luật hiện hành. Bên cạnh đó, tuỳ vào loại sản phẩm, hình thức và địa chỉ giao hàng mà có thể phát sinh thêm chi phí khác như phí vận chuyển, phụ phí hàng cồng kềnh, thuế nhập khẩu (đối với đơn hàng giao từ nước ngoài có giá trị trên 1 triệu đồng).....\u003c/p\u003e","original_price":108000.0,"thumbnail_url":"https://salt.tikicdn.com/cache/280x280/media/catalog/product/d/a/dap-xe-vi-tinh-tu-an-sang-au-1.u5430.d20171025.t171935.86876.jpg","images":[{"base_url":"https://salt.tikicdn.com/media/catalog/product/d/a/dap-xe-vi-tinh-tu-an-sang-au-1.u5430.d20171025.t171935.86876.jpg","dbId":27650}],"authors":[{"id":155612,"name":"Per J Andersson","dbId":5447}],"specifications":[{"name":"Thông tin chung","attributes":[{"name":"Công ty phát hành","value":"First News - Trí Việt"},{"name":"Ngày xuất bản","value":"2017-10-01 00:00:00"},{"name":"Dịch Giả","value":"Đăng Thư"},{"name":"Loại bìa","value":"Bìa mềm"},{"name":"Số trang","value":"360"},{"name":"Phương thức giao hàng Seller Delivery","value":"Nhà bán giao hàng cho khách hàng"},{"code":"PUBLICATION_DATE","name":"Kích thước","value":"14.5 x 20.5 cm"}]}],"stock_item":{"qty":1000},"all_time_quantity_sold":13,"reviews":[{"id":7440136,"title":"Cực kì hài lòng","content":"Một cuốn sách giúp bạn hiểu hơn về sự phân cấp xã hội ở Ấn Độ nặng nề thế nào. Một câu chuyện tình yêu với cái kết có hậu","customer_id":1833399,"rating":5,"images":[],"created_at":1612183874,"created_by":{"id":1833399,"name":"Lê Huyên","full_name":"Lê Huyên","created_time":"2016-11-01 11:40:45","purchased":true,"purchased_at":1603104371},"product_id":1061576,"timeline":{"review_created_date":"2021-02-01 19:51:14","delivery_date":"2020-10-20 14:48:40"}},{"id":2217892,"title":"nội dung hay, mới lạ","content":"Chất lượng sách,giấy tốt, vận chuyển sách tốt.\nNội dung hay, thực sự yêu và cảm ơn rất nhiều vì nó còn mang tới nghị lực sống, niềm tin và tạo được nguồn vui trong việc học vẽ nhờ PK nhiều.","customer_id":5576179,"rating":5,"images":[],"created_at":1558705145,"created_by":{"id":5576179,"name":"Thảo Nguyên","purchased":true,"purchased_at":1519617004},"product_id":1061576,"timeline":{"review_created_date":"2019-05-24 20:39:05","delivery_date":"2018-02-28 17:36:22"}},{"id":9264379,"title":"Cực kì hài lòng","content":"đã nhận được sách, bao bì cẩn thận.","customer_id":8771982,"rating":5,"images":[],"created_at":1619166753,"created_by":{"id":8771982,"name":"Nguyễn Anh Tuấn","full_name":"Nguyễn Anh Tuấn","created_time":"2018-11-05 12:11:43","purchased":true,"purchased_at":1617765248},"product_id":1061576,"timeline":{"review_created_date":"2021-04-23 15:32:33","delivery_date":"2021-04-12 10:17:17"}},{"id":11377020,"title":"Cực kì hài lòng","content":"","customer_id":12134781,"rating":5,"images":[],"created_at":1626953794,"created_by":{"id":12134781,"name":"Huynh Thi Kieu Trang","full_name":"Huynh Thi Kieu Trang","created_time":"2019-05-18 10:29:39","purchased":true,"purchased_at":1626883415},"product_id":1061576,"timeline":{"review_created_date":"2021-07-22 18:36:34","delivery_date":"2021-07-22 16:57:12"}},{"id":1115826,"title":"Cực kì hài lòng","content":"Tình cờ mình đọc hết quyển sách này đúng vào đêm Giáng sinh, cảm thấy đúng như ông PK nói (trong đoạn phỏng vấn trên Youtube), nếu chỉ dùng một từ để miêu tả tình yêu của ông PK và bà Lotta thì đó là \"Magical\". Màu nhiệm ở chỗ người ông yêu hoàn toàn đúng với lời tiên tri từ khi ông mới sinh ra. Nhưng tình yêu ấy còn màu nhiệm hơn khi ông đã vượt qua muôn vàn khó khăn, thử thách tưởng chừng như vô vọng trên con đường thiên lý để đến với người mình yêu thương. Quả thật, nếu có yêu nhau thật lòng thì bằng mọi cách họ cũng sẽ tìm về bên nhau. Quyển sách chắc chắn truyền cảm hứng cho rất nhiều người trẻ, những người khát khao yêu thương và được yêu thương.","customer_id":95651,"rating":5,"images":[],"created_at":1514362902,"created_by":{"id":95651,"name":"Nguyễn Thị Thủy Tiên","purchased":false},"product_id":1061576}]}