{"id":10673160,"dbId":12156,"createdAt":1550163600000,"name":"Họa Đến Rồi, Mời Thanh Toán","short_description":"Họa Đến Rồi, Mời Thanh ToánHọa đến rồi, mời thanh toán - một câu chuyện tình cảm xen lẫn yếu tố trinh thám vô cùng hấp dẫn, là câu chuyện kể về nhà vật lí học thiên tài IQ 180 độc miệng Cận Hoài Lý c...","description":"\u003cp\u003e\u003cstrong\u003eHọa Đến Rồi, Mời Thanh Toán\u003c/strong\u003e\u003c/p\u003e\n\u003cp\u003e\u003cspan lang\u003d\"vi\" xml:lang\u003d\"vi\"\u003eHọa đến rồi, mời thanh toán - một câu chuyện tình cảm xen lẫn yếu tố trinh thám vô cùng hấp dẫn, là câu chuyện kể về \u003c/span\u003e\u003cspan lang\u003d\"vi\" xml:lang\u003d\"vi\"\u003enhà vật lí học thiên tài IQ 180 độc miệng Cận Hoài Lý cùng cô nàng phát thanh viên yêu trinh thám EQ âm 20 Nguyễn Lập Đông.\u003c/span\u003e\u003c/p\u003e\n\u003cp\u003e\u003cspan lang\u003d\"vi\" xml:lang\u003d\"vi\"\u003eNhà vật lý học độc miệng – Cận Hoài Lý – vì cố chấp đã quyết tâm mua một cái nồi áp suất qua kênh mua sắm trên tivi, kết quả lại được tặng kèm thêm một cô vợ hay lệch nhịp.\u003c/span\u003e\u003c/p\u003e\n\u003cp\u003e\u003cspan lang\u003d\"vi\" xml:lang\u003d\"vi\"\u003eNguyễn Lập Đông kêu gào khẩu hiệu của họ: Đưa họa tới nhà, thanh toán tại chỗ, chất lượng đảm bảo, diệt trừ tận gốc.\u003c/span\u003e\u003c/p\u003e\n\u003cp\u003e\u003cspan lang\u003d\"vi\" xml:lang\u003d\"vi\"\u003eKhi Cận Hoài Lý tháo rời phần điốt bán dẫn ra, bèn liếc xéo Nguyễn Lập Đông: “Anh giống sát thủ lắm hả”. Nguyễn Lập Đông lắc đầu: “Anh là kẻ đầu sỏ”.\u003c/span\u003e\u003c/p\u003e\u003cp\u003eGiá sản phẩm trên Tiki đã bao gồm thuế theo luật hiện hành. Bên cạnh đó, tuỳ vào loại sản phẩm, hình thức và địa chỉ giao hàng mà có thể phát sinh thêm chi phí khác như phí vận chuyển, phụ phí hàng cồng kềnh, thuế nhập khẩu (đối với đơn hàng giao từ nước ngoài có giá trị trên 1 triệu đồng).....\u003c/p\u003e","original_price":129000.0,"thumbnail_url":"https://salt.tikicdn.com/cache/280x280/ts/product/f3/b3/d4/f80c7b850dab0c6505cd53d696477aea.jpg","images":[{"base_url":"https://salt.tikicdn.com/ts/product/f3/b3/d4/f80c7b850dab0c6505cd53d696477aea.jpg","dbId":32366},{"base_url":"https://salt.tikicdn.com/ts/product/c5/c6/08/f8bb1f27b2d6aa9c77cbf14523feae57.png","dbId":32367},{"base_url":"https://salt.tikicdn.com/ts/product/a9/62/91/3be382460fdd04daa51651de3dbb7c4c.png","dbId":32368},{"base_url":"https://salt.tikicdn.com/ts/product/a4/1d/ec/c5eb7792073af76091d8b023ac51aa9b.jpg","dbId":32369}],"authors":[{"id":53471,"name":"Ngô Đồng Tư Ngữ","dbId":6351}],"specifications":[{"name":"Thông tin chung","attributes":[{"name":"Phiên bản sách","value":"Phiên bản thường"},{"name":"Công ty phát hành","value":"Bách Việt"},{"name":"Ngày xuất bản","value":"2019-02-01 00:00:00"},{"name":"Dịch Giả","value":"Tô Ngọc Hà"},{"name":"Loại bìa","value":"Bìa mềm"},{"name":"Số trang","value":"509"},{"name":"Nhà xuất bản","value":"Nhà Xuất Bản Hồng Đức"},{"code":"PUBLICATION_DATE","name":"Kích thước","value":"14.5 x 20.5 cm"}]}],"stock_item":{"qty":1000},"all_time_quantity_sold":188,"reviews":[{"id":15100569,"title":"Hài lòng","content":"Hàng đóng gói rất kĩ, giao khá nhanh. Nhưng sách bị bẩn một ít và phần gáy cũng bị bóp méo, ko đc thẳng mịn","customer_id":26764461,"rating":4,"images":[{"id":3160997,"full_path":"https://salt.tikicdn.com/ts/review/4f/cf/3d/0188b81ee14e73e790a16e3f1ea501a4.jpg"},{"id":3160998,"full_path":"https://salt.tikicdn.com/ts/review/9f/16/95/3e3a5a4937152ebbb2faa4f953b556e5.jpg"},{"id":3160999,"full_path":"https://salt.tikicdn.com/ts/review/ae/fb/7d/67cc584335cfa50066d9bb7fce2b84c2.jpg"},{"id":3161000,"full_path":"https://salt.tikicdn.com/ts/review/74/7e/fb/5a4231488b7b5436c0a0417453b240ba.jpg"}],"created_at":1645593337,"created_by":{"id":26764461,"name":"Nguyễn Thùy Dương","full_name":"Nguyễn Thùy Dương","created_time":"2022-02-11 08:47:49","purchased":true,"purchased_at":1645377606},"product_id":10673160,"timeline":{"review_created_date":"2022-02-23 12:15:37","delivery_date":"2022-02-23 11:33:00"}},{"id":17245890,"title":"Cực kì hài lòng","content":"sách còn mới, còn nguyên seal, vận chuyển rất nhanh và đóng gói kĩ càng, chắc chắn sẽ mua tiếp.","customer_id":24612176,"rating":5,"images":[],"created_at":1659152466,"created_by":{"id":24612176,"name":"tran van","full_name":"tran van","created_time":"2021-10-31 15:53:47","purchased":true,"purchased_at":1657117857},"product_id":10673160,"timeline":{"review_created_date":"2022-07-30 10:41:06","delivery_date":"2022-07-08 11:30:15"}},{"id":19475977,"title":"Cực kì hài lòng","content":"","customer_id":1058147,"rating":5,"images":[],"created_at":1692623316,"created_by":{"id":1058147,"name":"Cảnh Nghi","full_name":"Cảnh Nghi","created_time":"2015-12-17 07:01:38","purchased":true,"purchased_at":1676994065},"product_id":10673160,"timeline":{"review_created_date":"2023-08-21 20:08:36","delivery_date":"2023-02-27 10:37:17"}},{"id":14646485,"title":"Cực kì hài lòng","content":"Sách nhìn quá cũ giống như hàng tồn kho vậy á 😠","customer_id":25918120,"rating":5,"images":[{"id":3106560,"full_path":"https://salt.tikicdn.com/ts/review/e9/c4/6a/18fb8a69f6ed100594d340d17794ed62.jpg"},{"id":3106561,"full_path":"https://salt.tikicdn.com/ts/review/30/25/b4/81bd6830e57b67dd4cf71ff5a0e4fd5e.jpg"}],"created_at":1642925854,"created_by":{"id":25918120,"name":"Trần Huệ Mẫn","full_name":"Trần Huệ Mẫn","created_time":"2021-12-11 08:43:07","purchased":true,"purchased_at":1642741906},"product_id":10673160,"timeline":{"review_created_date":"2022-01-23 15:17:34","delivery_date":"2022-01-23 14:44:07"}},{"id":17206596,"title":"Cực kì hài lòng","content":"sách đẹp ,...","customer_id":27809416,"rating":5,"images":[{"id":3813551,"full_path":"https://salt.tikicdn.com/ts/review/96/cf/6a/6bc778e7f78c6f74adc8cc990f688a84.jpg"}],"created_at":1658814942,"created_by":{"id":27809416,"name":"Ho Diep","full_name":"Ho Diep","created_time":"2022-07-09 11:23:06","purchased":true,"purchased_at":1658733568},"product_id":10673160,"timeline":{"review_created_date":"2022-07-26 12:55:42","delivery_date":"2022-07-26 10:56:17"}},{"id":15100569,"title":"Hài lòng","content":"Hàng đóng gói rất kĩ, giao khá nhanh. Nhưng sách bị bẩn một ít và phần gáy cũng bị bóp méo, ko đc thẳng mịn","customer_id":26764461,"rating":4,"images":[{"id":3160997,"full_path":"https://salt.tikicdn.com/ts/review/4f/cf/3d/0188b81ee14e73e790a16e3f1ea501a4.jpg"},{"id":3160998,"full_path":"https://salt.tikicdn.com/ts/review/9f/16/95/3e3a5a4937152ebbb2faa4f953b556e5.jpg"},{"id":3160999,"full_path":"https://salt.tikicdn.com/ts/review/ae/fb/7d/67cc584335cfa50066d9bb7fce2b84c2.jpg"},{"id":3161000,"full_path":"https://salt.tikicdn.com/ts/review/74/7e/fb/5a4231488b7b5436c0a0417453b240ba.jpg"}],"created_at":1645593337,"created_by":{"id":26764461,"name":"Nguyễn Thùy Dương","full_name":"Nguyễn Thùy Dương","created_time":"2022-02-11 08:47:49","purchased":true,"purchased_at":1645377606},"product_id":10673160,"timeline":{"review_created_date":"2022-02-23 12:15:37","delivery_date":"2022-02-23 11:33:00"}},{"id":17245890,"title":"Cực kì hài lòng","content":"sách còn mới, còn nguyên seal, vận chuyển rất nhanh và đóng gói kĩ càng, chắc chắn sẽ mua tiếp.","customer_id":24612176,"rating":5,"images":[],"created_at":1659152466,"created_by":{"id":24612176,"name":"tran van","full_name":"tran van","created_time":"2021-10-31 15:53:47","purchased":true,"purchased_at":1657117857},"product_id":10673160,"timeline":{"review_created_date":"2022-07-30 10:41:06","delivery_date":"2022-07-08 11:30:15"}},{"id":19475977,"title":"Cực kì hài lòng","content":"","customer_id":1058147,"rating":5,"images":[],"created_at":1692623316,"created_by":{"id":1058147,"name":"Cảnh Nghi","full_name":"Cảnh Nghi","created_time":"2015-12-17 07:01:38","purchased":true,"purchased_at":1676994065},"product_id":10673160,"timeline":{"review_created_date":"2023-08-21 20:08:36","delivery_date":"2023-02-27 10:37:17"}},{"id":14646485,"title":"Cực kì hài lòng","content":"Sách nhìn quá cũ giống như hàng tồn kho vậy á 😠","customer_id":25918120,"rating":5,"images":[{"id":3106560,"full_path":"https://salt.tikicdn.com/ts/review/e9/c4/6a/18fb8a69f6ed100594d340d17794ed62.jpg"},{"id":3106561,"full_path":"https://salt.tikicdn.com/ts/review/30/25/b4/81bd6830e57b67dd4cf71ff5a0e4fd5e.jpg"}],"created_at":1642925854,"created_by":{"id":25918120,"name":"Trần Huệ Mẫn","full_name":"Trần Huệ Mẫn","created_time":"2021-12-11 08:43:07","purchased":true,"purchased_at":1642741906},"product_id":10673160,"timeline":{"review_created_date":"2022-01-23 15:17:34","delivery_date":"2022-01-23 14:44:07"}},{"id":17206596,"title":"Cực kì hài lòng","content":"sách đẹp ,...","customer_id":27809416,"rating":5,"images":[{"id":3813551,"full_path":"https://salt.tikicdn.com/ts/review/96/cf/6a/6bc778e7f78c6f74adc8cc990f688a84.jpg"}],"created_at":1658814942,"created_by":{"id":27809416,"name":"Ho Diep","full_name":"Ho Diep","created_time":"2022-07-09 11:23:06","purchased":true,"purchased_at":1658733568},"product_id":10673160,"timeline":{"review_created_date":"2022-07-26 12:55:42","delivery_date":"2022-07-26 10:56:17"}},{"id":15100569,"title":"Hài lòng","content":"Hàng đóng gói rất kĩ, giao khá nhanh. Nhưng sách bị bẩn một ít và phần gáy cũng bị bóp méo, ko đc thẳng mịn","customer_id":26764461,"rating":4,"images":[{"id":3160997,"full_path":"https://salt.tikicdn.com/ts/review/4f/cf/3d/0188b81ee14e73e790a16e3f1ea501a4.jpg"},{"id":3160998,"full_path":"https://salt.tikicdn.com/ts/review/9f/16/95/3e3a5a4937152ebbb2faa4f953b556e5.jpg"},{"id":3160999,"full_path":"https://salt.tikicdn.com/ts/review/ae/fb/7d/67cc584335cfa50066d9bb7fce2b84c2.jpg"},{"id":3161000,"full_path":"https://salt.tikicdn.com/ts/review/74/7e/fb/5a4231488b7b5436c0a0417453b240ba.jpg"}],"created_at":1645593337,"created_by":{"id":26764461,"name":"Nguyễn Thùy Dương","full_name":"Nguyễn Thùy Dương","created_time":"2022-02-11 08:47:49","purchased":true,"purchased_at":1645377606},"product_id":10673160,"timeline":{"review_created_date":"2022-02-23 12:15:37","delivery_date":"2022-02-23 11:33:00"}},{"id":17245890,"title":"Cực kì hài lòng","content":"sách còn mới, còn nguyên seal, vận chuyển rất nhanh và đóng gói kĩ càng, chắc chắn sẽ mua tiếp.","customer_id":24612176,"rating":5,"images":[],"created_at":1659152466,"created_by":{"id":24612176,"name":"tran van","full_name":"tran van","created_time":"2021-10-31 15:53:47","purchased":true,"purchased_at":1657117857},"product_id":10673160,"timeline":{"review_created_date":"2022-07-30 10:41:06","delivery_date":"2022-07-08 11:30:15"}},{"id":19475977,"title":"Cực kì hài lòng","content":"","customer_id":1058147,"rating":5,"images":[],"created_at":1692623316,"created_by":{"id":1058147,"name":"Cảnh Nghi","full_name":"Cảnh Nghi","created_time":"2015-12-17 07:01:38","purchased":true,"purchased_at":1676994065},"product_id":10673160,"timeline":{"review_created_date":"2023-08-21 20:08:36","delivery_date":"2023-02-27 10:37:17"}},{"id":14646485,"title":"Cực kì hài lòng","content":"Sách nhìn quá cũ giống như hàng tồn kho vậy á 😠","customer_id":25918120,"rating":5,"images":[{"id":3106560,"full_path":"https://salt.tikicdn.com/ts/review/e9/c4/6a/18fb8a69f6ed100594d340d17794ed62.jpg"},{"id":3106561,"full_path":"https://salt.tikicdn.com/ts/review/30/25/b4/81bd6830e57b67dd4cf71ff5a0e4fd5e.jpg"}],"created_at":1642925854,"created_by":{"id":25918120,"name":"Trần Huệ Mẫn","full_name":"Trần Huệ Mẫn","created_time":"2021-12-11 08:43:07","purchased":true,"purchased_at":1642741906},"product_id":10673160,"timeline":{"review_created_date":"2022-01-23 15:17:34","delivery_date":"2022-01-23 14:44:07"}},{"id":17206596,"title":"Cực kì hài lòng","content":"sách đẹp ,...","customer_id":27809416,"rating":5,"images":[{"id":3813551,"full_path":"https://salt.tikicdn.com/ts/review/96/cf/6a/6bc778e7f78c6f74adc8cc990f688a84.jpg"}],"created_at":1658814942,"created_by":{"id":27809416,"name":"Ho Diep","full_name":"Ho Diep","created_time":"2022-07-09 11:23:06","purchased":true,"purchased_at":1658733568},"product_id":10673160,"timeline":{"review_created_date":"2022-07-26 12:55:42","delivery_date":"2022-07-26 10:56:17"}},{"id":15100569,"title":"Hài lòng","content":"Hàng đóng gói rất kĩ, giao khá nhanh. Nhưng sách bị bẩn một ít và phần gáy cũng bị bóp méo, ko đc thẳng mịn","customer_id":26764461,"rating":4,"images":[{"id":3160997,"full_path":"https://salt.tikicdn.com/ts/review/4f/cf/3d/0188b81ee14e73e790a16e3f1ea501a4.jpg"},{"id":3160998,"full_path":"https://salt.tikicdn.com/ts/review/9f/16/95/3e3a5a4937152ebbb2faa4f953b556e5.jpg"},{"id":3160999,"full_path":"https://salt.tikicdn.com/ts/review/ae/fb/7d/67cc584335cfa50066d9bb7fce2b84c2.jpg"},{"id":3161000,"full_path":"https://salt.tikicdn.com/ts/review/74/7e/fb/5a4231488b7b5436c0a0417453b240ba.jpg"}],"created_at":1645593337,"created_by":{"id":26764461,"name":"Nguyễn Thùy Dương","full_name":"Nguyễn Thùy Dương","created_time":"2022-02-11 08:47:49","purchased":true,"purchased_at":1645377606},"product_id":10673160,"timeline":{"review_created_date":"2022-02-23 12:15:37","delivery_date":"2022-02-23 11:33:00"}},{"id":17245890,"title":"Cực kì hài lòng","content":"sách còn mới, còn nguyên seal, vận chuyển rất nhanh và đóng gói kĩ càng, chắc chắn sẽ mua tiếp.","customer_id":24612176,"rating":5,"images":[],"created_at":1659152466,"created_by":{"id":24612176,"name":"tran van","full_name":"tran van","created_time":"2021-10-31 15:53:47","purchased":true,"purchased_at":1657117857},"product_id":10673160,"timeline":{"review_created_date":"2022-07-30 10:41:06","delivery_date":"2022-07-08 11:30:15"}},{"id":19475977,"title":"Cực kì hài lòng","content":"","customer_id":1058147,"rating":5,"images":[],"created_at":1692623316,"created_by":{"id":1058147,"name":"Cảnh Nghi","full_name":"Cảnh Nghi","created_time":"2015-12-17 07:01:38","purchased":true,"purchased_at":1676994065},"product_id":10673160,"timeline":{"review_created_date":"2023-08-21 20:08:36","delivery_date":"2023-02-27 10:37:17"}},{"id":14646485,"title":"Cực kì hài lòng","content":"Sách nhìn quá cũ giống như hàng tồn kho vậy á 😠","customer_id":25918120,"rating":5,"images":[{"id":3106560,"full_path":"https://salt.tikicdn.com/ts/review/e9/c4/6a/18fb8a69f6ed100594d340d17794ed62.jpg"},{"id":3106561,"full_path":"https://salt.tikicdn.com/ts/review/30/25/b4/81bd6830e57b67dd4cf71ff5a0e4fd5e.jpg"}],"created_at":1642925854,"created_by":{"id":25918120,"name":"Trần Huệ Mẫn","full_name":"Trần Huệ Mẫn","created_time":"2021-12-11 08:43:07","purchased":true,"purchased_at":1642741906},"product_id":10673160,"timeline":{"review_created_date":"2022-01-23 15:17:34","delivery_date":"2022-01-23 14:44:07"}},{"id":17206596,"title":"Cực kì hài lòng","content":"sách đẹp ,...","customer_id":27809416,"rating":5,"images":[{"id":3813551,"full_path":"https://salt.tikicdn.com/ts/review/96/cf/6a/6bc778e7f78c6f74adc8cc990f688a84.jpg"}],"created_at":1658814942,"created_by":{"id":27809416,"name":"Ho Diep","full_name":"Ho Diep","created_time":"2022-07-09 11:23:06","purchased":true,"purchased_at":1658733568},"product_id":10673160,"timeline":{"review_created_date":"2022-07-26 12:55:42","delivery_date":"2022-07-26 10:56:17"}}]}