{"id":107026335,"dbId":10982,"createdAt":1624294800000,"name":"Trắng","short_description":"Trắng xóa nhòa ranh giới của các thể loại, làm mờ lằn ranh giữa tự truyện và văn chương – trở thành một trong những tác phẩm đặc biệt và riêng tư nhất của Han Kang.Tác phẩm đã lọt vào Shortlist của I...","description":"\u003cp\u003eTrắng xóa nhòa ranh giới của các thể loại, làm mờ lằn ranh giữa tự truyện và văn chương – trở thành một trong những tác phẩm đặc biệt và riêng tư nhất của Han Kang.\u003c/p\u003e\n\u003cp\u003eTác phẩm đã lọt vào Shortlist của International Man Booker năm 2018.\u003c/p\u003e\n\u003cp\u003e\u003cstrong\u003eGIỚI THIỆU SÁCH: Trắng\u003c/strong\u003e\u003c/p\u003e\n\u003cp\u003eLà câu chuyện của người đang cố gắng nói lời tiễn biệt với một phần quan trọng trong mình.\u003c/p\u003e\n\u003cp\u003eTừ thế giới phủ đầy màu trắng ở Warsar, Han Kang đã lang thang vào thế giới tràn ngập sắc trắng của quá khứ xa xôi, với tã quấn, áo sơ sinh và sữa mẹ.\u003c/p\u003e\n\u003cp\u003eTrắng là màu da của người chị qua đời từ lúc sơ sinh mà cô không có cơ hội gặp gỡ, là bánh trăng tròn lúc chưa hấp, đẹp đẽ như thể chẳng được phép tồn tại trên đời.\u003c/p\u003e\n\u003cp\u003eTrắng là nỗi đau cũ chưa lành, là nỗi đau mới còn vấn vương hoài niệm, và chính vì vậy mà không thể thành thứ ánh sáng trọn vẹn, cũng chẳng thể làm một bóng tối đúng nghĩa.\u003c/p\u003e\n\u003cp\u003eTrắng như sự bắt đầu của mọi thứ và cũng là điểm kết thúc của tất cả.\u003c/p\u003e\n\u003cp\u003eTrắng đem chúng ta đến với thế giới đan xen giữa sự sống và cái chết, giữa hiện tại và quá khứ, như một chuyến du hành nhằm kiếm tìm sức mạnh nội tại, trải nghiệm sự mong manh của kiếp người, đồng thời nỗ lực tìm cách xây dựng cuộc sống mới từ đống tro tàn của đổ nát.\u003c/p\u003e\n\u003cp\u003e\u003cstrong\u003eTÁC GIẢ:\u003c/strong\u003e\u003c/p\u003e\n\u003cp\u003eSinh năm 1970 tại Gwangju sau đó cùng gia đình chuyển lên Seoul sống từ năm mười tuổi.\u003c/p\u003e\n\u003cp\u003eSau khi tốt nghiệp khoa Văn trường đại học Yonsei, Han Kang đăng đàn năm 1993 trên báo Văn học và Xã hội với tư cách một nhà thơ. Năm 1994, cô cho ra mắt truyện ngắn “Mỏ neo đỏ”, giành giải tác giả trẻ của báo Seoul Shinmun, kể từ đó bắt đầu chính thức hoạt động văn chương.\u003c/p\u003e\n\u003cp\u003eSuốt sự nghiệp viết văn gần ba mươi năm, với 3 tập truyện ngắn, 6 tiểu thuyết và 1 tập thơ, Han Kang đã giành được nhiều giải thưởng văn học danh giá cả trong và ngoài nước, trở thành một trong những nhà văn quan trọng nhất của văn học Hàn Quốc hiện đại. Trong đó nổi bật nhất là giải Man Booker International năm 2016 dành cho tác phẩm Người ăn chay. Năm 2018, cô tiếp tục lọt vào danh sách đề cử của giải thưởng này với tiểu thuyết giàu tính tự thuật Trắng.\u003cbr /\u003eNhã Nam đã xuất bản: Bản chất của người, Trắng,…\u003c/p\u003e\u003cp\u003eGiá sản phẩm trên Tiki đã bao gồm thuế theo luật hiện hành. Bên cạnh đó, tuỳ vào loại sản phẩm, hình thức và địa chỉ giao hàng mà có thể phát sinh thêm chi phí khác như phí vận chuyển, phụ phí hàng cồng kềnh, thuế nhập khẩu (đối với đơn hàng giao từ nước ngoài có giá trị trên 1 triệu đồng).....\u003c/p\u003e","original_price":79000.0,"thumbnail_url":"https://salt.tikicdn.com/cache/280x280/ts/product/16/94/a3/e33d2c695dfa437e949ef0f0479b7820.jpg","images":[{"base_url":"https://salt.tikicdn.com/ts/product/16/94/a3/e33d2c695dfa437e949ef0f0479b7820.jpg","dbId":29319}],"authors":[{"id":11800,"name":"Han Kang","dbId":5817}],"specifications":[{"name":"Thông tin chung","attributes":[{"name":"Công ty phát hành","value":"Nhã Nam"},{"name":"Ngày xuất bản","value":"2021-06-01 00:00:00"},{"name":"Dịch Giả","value":"Hà Linh"},{"name":"Loại bìa","value":"Bìa mềm"},{"name":"Số trang","value":"100"},{"name":"Phương thức giao hàng Seller Delivery","value":"Nhà bán giao hàng cho khách hàng"},{"name":"Nhà xuất bản","value":"Nhà Xuất Bản Hà Nội"},{"code":"PUBLICATION_DATE","name":"Kích thước","value":"14 x 20.5 cm"}]}],"stock_item":{"qty":1000},"all_time_quantity_sold":30,"reviews":[{"id":18768250,"title":"Cực kì hài lòng","content":"Sách tiki ship đợt này khâu đóng gói hơi ẩu, mua 3 quyển mở ra thấy mỗi tờ giấy nâu bọc bên trên chứ không bọc cả bên dưới, sách bị cong. Tuy nhiên mình không phải type giữ sách cẩn thận nên vẫn cho 5 sao. Sách hay, mn nên đọc lời giới thiệu ở bìa sau để có cái nhìn trước xem có hợp hay không. Cá nhân mình thấy “Trắng” là một quyển sách buồn, nhưng không phải buồn đến đau đớn tim gan mà kiểu như sương mù hơn, bao quanh mình và có chút ngột ngạt, tuy nhiên đọc xong lại thấy khá yên bình.","customer_id":18588167,"rating":5,"images":[{"id":4109210,"full_path":"https://salt.tikicdn.com/ts/review/20/6f/48/8a45f2deb77a00fcbd727df878c493b4.jpg"}],"created_at":1675910937,"created_by":{"id":18588167,"name":"Phạm Gia Minh","full_name":"Phạm Gia Minh","created_time":"2020-09-26 20:41:40","purchased":true,"purchased_at":1675001219},"product_id":107026335,"timeline":{"review_created_date":"2023-02-09 09:48:57","delivery_date":"2023-02-01 15:49:42"}},{"id":19178391,"title":"Cực kì hài lòng","content":"Sách đẹp lắm. Giấy rất dày và mực chữ in đậm. Đúng là sách Nhã Nam in luôn đẹp. Giao hàng nhanh","customer_id":5094181,"rating":5,"images":[{"id":4207409,"full_path":"https://salt.tikicdn.com/ts/review/d1/10/a5/b1c20b0723d41371a506d8751c578d84.jpg"},{"id":4207410,"full_path":"https://salt.tikicdn.com/ts/review/58/38/d1/ac86da5a7287c0e0a02635bc79370fc8.jpg"},{"id":4207411,"full_path":"https://salt.tikicdn.com/ts/review/1a/f2/a9/7058831973a148632089e8c74144c47a.jpg"},{"id":4207412,"full_path":"https://salt.tikicdn.com/ts/review/5b/3e/16/f6642f48f3b86a126284e97e8cc21926.jpg"},{"id":4207413,"full_path":"https://salt.tikicdn.com/ts/review/da/ec/56/4a65a841a5e5be7c438e1519dca8f07d.jpg"}],"created_at":1683683799,"created_by":{"id":5094181,"name":"Phạm Tố Quyên","full_name":"Phạm Tố Quyên","created_time":"2017-03-12 20:48:00","purchased":true,"purchased_at":1683442115},"product_id":107026335,"timeline":{"review_created_date":"2023-05-10 08:56:39","delivery_date":"2023-05-08 10:51:55"}},{"id":16736627,"title":"Hài lòng","content":"sách hay (nhưng mà vài chỗ mực in mờ 🥲 sách bị bẩn xíu, bìa xước, giấy nhiều trang bị nhăn nhẹ 👁️👄👁️) chất giấy dày dặn ok, đã khóc vì khuyết điểm","customer_id":19439534,"rating":4,"images":[{"id":3595769,"full_path":"https://salt.tikicdn.com/ts/review/fb/78/07/677a3d5e472a253e42910d5c34abcf64.jpg"},{"id":3595770,"full_path":"https://salt.tikicdn.com/ts/review/43/63/38/77ce4fb6d718d2a4baf8df0c3cdc3b79.jpg"},{"id":3595771,"full_path":"https://salt.tikicdn.com/ts/review/72/d2/bc/8038c96228329011feb6932851ba908c.jpg"},{"id":3595772,"full_path":"https://salt.tikicdn.com/ts/review/e4/19/08/aecdf82eb24daa1ae6520fc6c7a92d8c.jpg"}],"created_at":1655391109,"created_by":{"id":19439534,"name":"Trà Minh","full_name":"Trà Minh","created_time":"2020-12-07 20:37:30","purchased":true,"purchased_at":1654928073},"product_id":107026335,"timeline":{"review_created_date":"2022-06-16 21:51:49","delivery_date":"2022-06-15 11:59:41"}},{"id":13070104,"title":"Cực kì hài lòng","content":"Chấm cho Tiki 10/10 nhưng chấm cho sách chỉ 3/5 thôi, chắc là vì không hợp văn phong của tác giả này. Nghe đồn Han Kang có 2 quyển khác được xb ở Việt Nam được đánh giá cũng không tệ lắm nên nếu 2q đó giảm chắc mịn cũng sẽ tìm đọc thử.","customer_id":14462521,"rating":5,"images":[{"id":2718722,"full_path":"https://salt.tikicdn.com/ts/review/cd/11/16/465717cebf9c33053f77509ec210991e.jpg"},{"id":2718723,"full_path":"https://salt.tikicdn.com/ts/review/7a/5e/ea/6d7bbee883109dfc856e544feba6e2ad.jpg"}],"created_at":1636346304,"created_by":{"id":14462521,"name":"Shi Su Hoàng","full_name":"Shi Su Hoàng","created_time":"2019-10-15 15:31:56","purchased":true,"purchased_at":1631286116},"product_id":107026335,"timeline":{"review_created_date":"2021-11-08 11:38:24","delivery_date":"2021-09-13 17:11:44"}},{"id":11327610,"title":"Cực kì hài lòng","content":"#MeTiki #ReviewThang6 #Sach\nnickname: chatonn\n\n? Trải nghiệm mua sách tại Tiki ?\n\nNhân một ngày nắng đẹp, mình quyết định đặt mấy quyển sách cho khoay khoả tâm hồn. Từ hồi biết đến Tiki thì mỗi tháng vẫn hay mua sách ở đây, 23/6 mình lân la đặt 2 quyển sách ở Fahasa trong Tiki. Mình còn được áp dụng mã giảm giá 50% nên giá thanh toán rất hời luôn ạ.\n\n? Về chất lượng dịch vụ :\n\n      Mình đặt từ 23/6 nhưng đến 27/6 mình mới nhận được. Có lẽ do dịch bệnh nên việc giao cũng hơi lâu nhưng đổi lại gói hàng nhận được rất chỉn chu luôn ạ. Bên Fahasa của Tiki lần nào cũng có miềng xốp chống sốc cho sách. Không lo sách bị cong hay rách giấy. Mình rất ưng khâu đóng gói của Tiki luôn ạ. Nhân viên tư vấn giải đáp thắc mắc siêu tận tình, còn anh shipper thì siêu thân thiện luôn ạ.\n\n? Về sản phẩm:\n\n     Mình nhận được đủ 2 quyển sách, không bị méo mó hay rách gì luôn ạ. Mình không phải đắn đo lo sách giả luôn, bên Tiki luôn là hàng thật nên cũng yên tâm lắm.Nói chung là đó giờ chưa bao giờ Tiki làm mình thất vọng luôn ạ. Giá thì quá rẻ luôn nên đáng đồng tiền, do mình dùng coupon giảm 50% đó ạ. Rất là vui luôn.\n\n? Về trải nghiệm thực tế:\n\n   Sách đợt này mua về mình mới mở ra, giấy thơm lắm. Nội dung thì thấy mấy bạn đánh giá trên Tiki tốt nên cũng oke lắm. Mình sẽ đọc ngay và liền luôn. Khỏi phải bàn cãi, lần nào mua sách, mình cũng wow lên vì sướng, sách đẹp vô bờ, hehe.\n\n? Chấm điểm:\n\nVề dịch vụ: 10/10 ( dù giao hàng hơn trễ nhưng chất lượng oke nên cho 10 luôn ạ ?)\n\nVề sản phẩm: 10/10 ( có ? điểm mình cho luôn ? )","customer_id":21437318,"rating":5,"images":[],"created_at":1626774661,"created_by":{"id":21437318,"name":"Anh Kiệt","full_name":"Anh Kiệt","created_time":"2021-04-22 07:42:48","purchased":true,"purchased_at":1626421304},"product_id":107026335,"timeline":{"review_created_date":"2021-07-20 16:51:01","delivery_date":"2021-07-17 18:00:17"}},{"id":18768250,"title":"Cực kì hài lòng","content":"Sách tiki ship đợt này khâu đóng gói hơi ẩu, mua 3 quyển mở ra thấy mỗi tờ giấy nâu bọc bên trên chứ không bọc cả bên dưới, sách bị cong. Tuy nhiên mình không phải type giữ sách cẩn thận nên vẫn cho 5 sao. Sách hay, mn nên đọc lời giới thiệu ở bìa sau để có cái nhìn trước xem có hợp hay không. Cá nhân mình thấy “Trắng” là một quyển sách buồn, nhưng không phải buồn đến đau đớn tim gan mà kiểu như sương mù hơn, bao quanh mình và có chút ngột ngạt, tuy nhiên đọc xong lại thấy khá yên bình.","customer_id":18588167,"rating":5,"images":[{"id":4109210,"full_path":"https://salt.tikicdn.com/ts/review/20/6f/48/8a45f2deb77a00fcbd727df878c493b4.jpg"}],"created_at":1675910937,"created_by":{"id":18588167,"name":"Phạm Gia Minh","full_name":"Phạm Gia Minh","created_time":"2020-09-26 20:41:40","purchased":true,"purchased_at":1675001219},"product_id":107026335,"timeline":{"review_created_date":"2023-02-09 09:48:57","delivery_date":"2023-02-01 15:49:42"}},{"id":19178391,"title":"Cực kì hài lòng","content":"Sách đẹp lắm. Giấy rất dày và mực chữ in đậm. Đúng là sách Nhã Nam in luôn đẹp. Giao hàng nhanh","customer_id":5094181,"rating":5,"images":[{"id":4207409,"full_path":"https://salt.tikicdn.com/ts/review/d1/10/a5/b1c20b0723d41371a506d8751c578d84.jpg"},{"id":4207410,"full_path":"https://salt.tikicdn.com/ts/review/58/38/d1/ac86da5a7287c0e0a02635bc79370fc8.jpg"},{"id":4207411,"full_path":"https://salt.tikicdn.com/ts/review/1a/f2/a9/7058831973a148632089e8c74144c47a.jpg"},{"id":4207412,"full_path":"https://salt.tikicdn.com/ts/review/5b/3e/16/f6642f48f3b86a126284e97e8cc21926.jpg"},{"id":4207413,"full_path":"https://salt.tikicdn.com/ts/review/da/ec/56/4a65a841a5e5be7c438e1519dca8f07d.jpg"}],"created_at":1683683799,"created_by":{"id":5094181,"name":"Phạm Tố Quyên","full_name":"Phạm Tố Quyên","created_time":"2017-03-12 20:48:00","purchased":true,"purchased_at":1683442115},"product_id":107026335,"timeline":{"review_created_date":"2023-05-10 08:56:39","delivery_date":"2023-05-08 10:51:55"}},{"id":16736627,"title":"Hài lòng","content":"sách hay (nhưng mà vài chỗ mực in mờ 🥲 sách bị bẩn xíu, bìa xước, giấy nhiều trang bị nhăn nhẹ 👁️👄👁️) chất giấy dày dặn ok, đã khóc vì khuyết điểm","customer_id":19439534,"rating":4,"images":[{"id":3595769,"full_path":"https://salt.tikicdn.com/ts/review/fb/78/07/677a3d5e472a253e42910d5c34abcf64.jpg"},{"id":3595770,"full_path":"https://salt.tikicdn.com/ts/review/43/63/38/77ce4fb6d718d2a4baf8df0c3cdc3b79.jpg"},{"id":3595771,"full_path":"https://salt.tikicdn.com/ts/review/72/d2/bc/8038c96228329011feb6932851ba908c.jpg"},{"id":3595772,"full_path":"https://salt.tikicdn.com/ts/review/e4/19/08/aecdf82eb24daa1ae6520fc6c7a92d8c.jpg"}],"created_at":1655391109,"created_by":{"id":19439534,"name":"Trà Minh","full_name":"Trà Minh","created_time":"2020-12-07 20:37:30","purchased":true,"purchased_at":1654928073},"product_id":107026335,"timeline":{"review_created_date":"2022-06-16 21:51:49","delivery_date":"2022-06-15 11:59:41"}},{"id":13070104,"title":"Cực kì hài lòng","content":"Chấm cho Tiki 10/10 nhưng chấm cho sách chỉ 3/5 thôi, chắc là vì không hợp văn phong của tác giả này. Nghe đồn Han Kang có 2 quyển khác được xb ở Việt Nam được đánh giá cũng không tệ lắm nên nếu 2q đó giảm chắc mịn cũng sẽ tìm đọc thử.","customer_id":14462521,"rating":5,"images":[{"id":2718722,"full_path":"https://salt.tikicdn.com/ts/review/cd/11/16/465717cebf9c33053f77509ec210991e.jpg"},{"id":2718723,"full_path":"https://salt.tikicdn.com/ts/review/7a/5e/ea/6d7bbee883109dfc856e544feba6e2ad.jpg"}],"created_at":1636346304,"created_by":{"id":14462521,"name":"Shi Su Hoàng","full_name":"Shi Su Hoàng","created_time":"2019-10-15 15:31:56","purchased":true,"purchased_at":1631286116},"product_id":107026335,"timeline":{"review_created_date":"2021-11-08 11:38:24","delivery_date":"2021-09-13 17:11:44"}},{"id":11327610,"title":"Cực kì hài lòng","content":"#MeTiki #ReviewThang6 #Sach\nnickname: chatonn\n\n? Trải nghiệm mua sách tại Tiki ?\n\nNhân một ngày nắng đẹp, mình quyết định đặt mấy quyển sách cho khoay khoả tâm hồn. Từ hồi biết đến Tiki thì mỗi tháng vẫn hay mua sách ở đây, 23/6 mình lân la đặt 2 quyển sách ở Fahasa trong Tiki. Mình còn được áp dụng mã giảm giá 50% nên giá thanh toán rất hời luôn ạ.\n\n? Về chất lượng dịch vụ :\n\n      Mình đặt từ 23/6 nhưng đến 27/6 mình mới nhận được. Có lẽ do dịch bệnh nên việc giao cũng hơi lâu nhưng đổi lại gói hàng nhận được rất chỉn chu luôn ạ. Bên Fahasa của Tiki lần nào cũng có miềng xốp chống sốc cho sách. Không lo sách bị cong hay rách giấy. Mình rất ưng khâu đóng gói của Tiki luôn ạ. Nhân viên tư vấn giải đáp thắc mắc siêu tận tình, còn anh shipper thì siêu thân thiện luôn ạ.\n\n? Về sản phẩm:\n\n     Mình nhận được đủ 2 quyển sách, không bị méo mó hay rách gì luôn ạ. Mình không phải đắn đo lo sách giả luôn, bên Tiki luôn là hàng thật nên cũng yên tâm lắm.Nói chung là đó giờ chưa bao giờ Tiki làm mình thất vọng luôn ạ. Giá thì quá rẻ luôn nên đáng đồng tiền, do mình dùng coupon giảm 50% đó ạ. Rất là vui luôn.\n\n? Về trải nghiệm thực tế:\n\n   Sách đợt này mua về mình mới mở ra, giấy thơm lắm. Nội dung thì thấy mấy bạn đánh giá trên Tiki tốt nên cũng oke lắm. Mình sẽ đọc ngay và liền luôn. Khỏi phải bàn cãi, lần nào mua sách, mình cũng wow lên vì sướng, sách đẹp vô bờ, hehe.\n\n? Chấm điểm:\n\nVề dịch vụ: 10/10 ( dù giao hàng hơn trễ nhưng chất lượng oke nên cho 10 luôn ạ ?)\n\nVề sản phẩm: 10/10 ( có ? điểm mình cho luôn ? )","customer_id":21437318,"rating":5,"images":[],"created_at":1626774661,"created_by":{"id":21437318,"name":"Anh Kiệt","full_name":"Anh Kiệt","created_time":"2021-04-22 07:42:48","purchased":true,"purchased_at":1626421304},"product_id":107026335,"timeline":{"review_created_date":"2021-07-20 16:51:01","delivery_date":"2021-07-17 18:00:17"}},{"id":18768250,"title":"Cực kì hài lòng","content":"Sách tiki ship đợt này khâu đóng gói hơi ẩu, mua 3 quyển mở ra thấy mỗi tờ giấy nâu bọc bên trên chứ không bọc cả bên dưới, sách bị cong. Tuy nhiên mình không phải type giữ sách cẩn thận nên vẫn cho 5 sao. Sách hay, mn nên đọc lời giới thiệu ở bìa sau để có cái nhìn trước xem có hợp hay không. Cá nhân mình thấy “Trắng” là một quyển sách buồn, nhưng không phải buồn đến đau đớn tim gan mà kiểu như sương mù hơn, bao quanh mình và có chút ngột ngạt, tuy nhiên đọc xong lại thấy khá yên bình.","customer_id":18588167,"rating":5,"images":[{"id":4109210,"full_path":"https://salt.tikicdn.com/ts/review/20/6f/48/8a45f2deb77a00fcbd727df878c493b4.jpg"}],"created_at":1675910937,"created_by":{"id":18588167,"name":"Phạm Gia Minh","full_name":"Phạm Gia Minh","created_time":"2020-09-26 20:41:40","purchased":true,"purchased_at":1675001219},"product_id":107026335,"timeline":{"review_created_date":"2023-02-09 09:48:57","delivery_date":"2023-02-01 15:49:42"}},{"id":19178391,"title":"Cực kì hài lòng","content":"Sách đẹp lắm. Giấy rất dày và mực chữ in đậm. Đúng là sách Nhã Nam in luôn đẹp. Giao hàng nhanh","customer_id":5094181,"rating":5,"images":[{"id":4207409,"full_path":"https://salt.tikicdn.com/ts/review/d1/10/a5/b1c20b0723d41371a506d8751c578d84.jpg"},{"id":4207410,"full_path":"https://salt.tikicdn.com/ts/review/58/38/d1/ac86da5a7287c0e0a02635bc79370fc8.jpg"},{"id":4207411,"full_path":"https://salt.tikicdn.com/ts/review/1a/f2/a9/7058831973a148632089e8c74144c47a.jpg"},{"id":4207412,"full_path":"https://salt.tikicdn.com/ts/review/5b/3e/16/f6642f48f3b86a126284e97e8cc21926.jpg"},{"id":4207413,"full_path":"https://salt.tikicdn.com/ts/review/da/ec/56/4a65a841a5e5be7c438e1519dca8f07d.jpg"}],"created_at":1683683799,"created_by":{"id":5094181,"name":"Phạm Tố Quyên","full_name":"Phạm Tố Quyên","created_time":"2017-03-12 20:48:00","purchased":true,"purchased_at":1683442115},"product_id":107026335,"timeline":{"review_created_date":"2023-05-10 08:56:39","delivery_date":"2023-05-08 10:51:55"}},{"id":16736627,"title":"Hài lòng","content":"sách hay (nhưng mà vài chỗ mực in mờ 🥲 sách bị bẩn xíu, bìa xước, giấy nhiều trang bị nhăn nhẹ 👁️👄👁️) chất giấy dày dặn ok, đã khóc vì khuyết điểm","customer_id":19439534,"rating":4,"images":[{"id":3595769,"full_path":"https://salt.tikicdn.com/ts/review/fb/78/07/677a3d5e472a253e42910d5c34abcf64.jpg"},{"id":3595770,"full_path":"https://salt.tikicdn.com/ts/review/43/63/38/77ce4fb6d718d2a4baf8df0c3cdc3b79.jpg"},{"id":3595771,"full_path":"https://salt.tikicdn.com/ts/review/72/d2/bc/8038c96228329011feb6932851ba908c.jpg"},{"id":3595772,"full_path":"https://salt.tikicdn.com/ts/review/e4/19/08/aecdf82eb24daa1ae6520fc6c7a92d8c.jpg"}],"created_at":1655391109,"created_by":{"id":19439534,"name":"Trà Minh","full_name":"Trà Minh","created_time":"2020-12-07 20:37:30","purchased":true,"purchased_at":1654928073},"product_id":107026335,"timeline":{"review_created_date":"2022-06-16 21:51:49","delivery_date":"2022-06-15 11:59:41"}},{"id":13070104,"title":"Cực kì hài lòng","content":"Chấm cho Tiki 10/10 nhưng chấm cho sách chỉ 3/5 thôi, chắc là vì không hợp văn phong của tác giả này. Nghe đồn Han Kang có 2 quyển khác được xb ở Việt Nam được đánh giá cũng không tệ lắm nên nếu 2q đó giảm chắc mịn cũng sẽ tìm đọc thử.","customer_id":14462521,"rating":5,"images":[{"id":2718722,"full_path":"https://salt.tikicdn.com/ts/review/cd/11/16/465717cebf9c33053f77509ec210991e.jpg"},{"id":2718723,"full_path":"https://salt.tikicdn.com/ts/review/7a/5e/ea/6d7bbee883109dfc856e544feba6e2ad.jpg"}],"created_at":1636346304,"created_by":{"id":14462521,"name":"Shi Su Hoàng","full_name":"Shi Su Hoàng","created_time":"2019-10-15 15:31:56","purchased":true,"purchased_at":1631286116},"product_id":107026335,"timeline":{"review_created_date":"2021-11-08 11:38:24","delivery_date":"2021-09-13 17:11:44"}},{"id":11327610,"title":"Cực kì hài lòng","content":"#MeTiki #ReviewThang6 #Sach\nnickname: chatonn\n\n? Trải nghiệm mua sách tại Tiki ?\n\nNhân một ngày nắng đẹp, mình quyết định đặt mấy quyển sách cho khoay khoả tâm hồn. Từ hồi biết đến Tiki thì mỗi tháng vẫn hay mua sách ở đây, 23/6 mình lân la đặt 2 quyển sách ở Fahasa trong Tiki. Mình còn được áp dụng mã giảm giá 50% nên giá thanh toán rất hời luôn ạ.\n\n? Về chất lượng dịch vụ :\n\n      Mình đặt từ 23/6 nhưng đến 27/6 mình mới nhận được. Có lẽ do dịch bệnh nên việc giao cũng hơi lâu nhưng đổi lại gói hàng nhận được rất chỉn chu luôn ạ. Bên Fahasa của Tiki lần nào cũng có miềng xốp chống sốc cho sách. Không lo sách bị cong hay rách giấy. Mình rất ưng khâu đóng gói của Tiki luôn ạ. Nhân viên tư vấn giải đáp thắc mắc siêu tận tình, còn anh shipper thì siêu thân thiện luôn ạ.\n\n? Về sản phẩm:\n\n     Mình nhận được đủ 2 quyển sách, không bị méo mó hay rách gì luôn ạ. Mình không phải đắn đo lo sách giả luôn, bên Tiki luôn là hàng thật nên cũng yên tâm lắm.Nói chung là đó giờ chưa bao giờ Tiki làm mình thất vọng luôn ạ. Giá thì quá rẻ luôn nên đáng đồng tiền, do mình dùng coupon giảm 50% đó ạ. Rất là vui luôn.\n\n? Về trải nghiệm thực tế:\n\n   Sách đợt này mua về mình mới mở ra, giấy thơm lắm. Nội dung thì thấy mấy bạn đánh giá trên Tiki tốt nên cũng oke lắm. Mình sẽ đọc ngay và liền luôn. Khỏi phải bàn cãi, lần nào mua sách, mình cũng wow lên vì sướng, sách đẹp vô bờ, hehe.\n\n? Chấm điểm:\n\nVề dịch vụ: 10/10 ( dù giao hàng hơn trễ nhưng chất lượng oke nên cho 10 luôn ạ ?)\n\nVề sản phẩm: 10/10 ( có ? điểm mình cho luôn ? )","customer_id":21437318,"rating":5,"images":[],"created_at":1626774661,"created_by":{"id":21437318,"name":"Anh Kiệt","full_name":"Anh Kiệt","created_time":"2021-04-22 07:42:48","purchased":true,"purchased_at":1626421304},"product_id":107026335,"timeline":{"review_created_date":"2021-07-20 16:51:01","delivery_date":"2021-07-17 18:00:17"}},{"id":18768250,"title":"Cực kì hài lòng","content":"Sách tiki ship đợt này khâu đóng gói hơi ẩu, mua 3 quyển mở ra thấy mỗi tờ giấy nâu bọc bên trên chứ không bọc cả bên dưới, sách bị cong. Tuy nhiên mình không phải type giữ sách cẩn thận nên vẫn cho 5 sao. Sách hay, mn nên đọc lời giới thiệu ở bìa sau để có cái nhìn trước xem có hợp hay không. Cá nhân mình thấy “Trắng” là một quyển sách buồn, nhưng không phải buồn đến đau đớn tim gan mà kiểu như sương mù hơn, bao quanh mình và có chút ngột ngạt, tuy nhiên đọc xong lại thấy khá yên bình.","customer_id":18588167,"rating":5,"images":[{"id":4109210,"full_path":"https://salt.tikicdn.com/ts/review/20/6f/48/8a45f2deb77a00fcbd727df878c493b4.jpg"}],"created_at":1675910937,"created_by":{"id":18588167,"name":"Phạm Gia Minh","full_name":"Phạm Gia Minh","created_time":"2020-09-26 20:41:40","purchased":true,"purchased_at":1675001219},"product_id":107026335,"timeline":{"review_created_date":"2023-02-09 09:48:57","delivery_date":"2023-02-01 15:49:42"}},{"id":19178391,"title":"Cực kì hài lòng","content":"Sách đẹp lắm. Giấy rất dày và mực chữ in đậm. Đúng là sách Nhã Nam in luôn đẹp. Giao hàng nhanh","customer_id":5094181,"rating":5,"images":[{"id":4207409,"full_path":"https://salt.tikicdn.com/ts/review/d1/10/a5/b1c20b0723d41371a506d8751c578d84.jpg"},{"id":4207410,"full_path":"https://salt.tikicdn.com/ts/review/58/38/d1/ac86da5a7287c0e0a02635bc79370fc8.jpg"},{"id":4207411,"full_path":"https://salt.tikicdn.com/ts/review/1a/f2/a9/7058831973a148632089e8c74144c47a.jpg"},{"id":4207412,"full_path":"https://salt.tikicdn.com/ts/review/5b/3e/16/f6642f48f3b86a126284e97e8cc21926.jpg"},{"id":4207413,"full_path":"https://salt.tikicdn.com/ts/review/da/ec/56/4a65a841a5e5be7c438e1519dca8f07d.jpg"}],"created_at":1683683799,"created_by":{"id":5094181,"name":"Phạm Tố Quyên","full_name":"Phạm Tố Quyên","created_time":"2017-03-12 20:48:00","purchased":true,"purchased_at":1683442115},"product_id":107026335,"timeline":{"review_created_date":"2023-05-10 08:56:39","delivery_date":"2023-05-08 10:51:55"}},{"id":16736627,"title":"Hài lòng","content":"sách hay (nhưng mà vài chỗ mực in mờ 🥲 sách bị bẩn xíu, bìa xước, giấy nhiều trang bị nhăn nhẹ 👁️👄👁️) chất giấy dày dặn ok, đã khóc vì khuyết điểm","customer_id":19439534,"rating":4,"images":[{"id":3595769,"full_path":"https://salt.tikicdn.com/ts/review/fb/78/07/677a3d5e472a253e42910d5c34abcf64.jpg"},{"id":3595770,"full_path":"https://salt.tikicdn.com/ts/review/43/63/38/77ce4fb6d718d2a4baf8df0c3cdc3b79.jpg"},{"id":3595771,"full_path":"https://salt.tikicdn.com/ts/review/72/d2/bc/8038c96228329011feb6932851ba908c.jpg"},{"id":3595772,"full_path":"https://salt.tikicdn.com/ts/review/e4/19/08/aecdf82eb24daa1ae6520fc6c7a92d8c.jpg"}],"created_at":1655391109,"created_by":{"id":19439534,"name":"Trà Minh","full_name":"Trà Minh","created_time":"2020-12-07 20:37:30","purchased":true,"purchased_at":1654928073},"product_id":107026335,"timeline":{"review_created_date":"2022-06-16 21:51:49","delivery_date":"2022-06-15 11:59:41"}},{"id":13070104,"title":"Cực kì hài lòng","content":"Chấm cho Tiki 10/10 nhưng chấm cho sách chỉ 3/5 thôi, chắc là vì không hợp văn phong của tác giả này. Nghe đồn Han Kang có 2 quyển khác được xb ở Việt Nam được đánh giá cũng không tệ lắm nên nếu 2q đó giảm chắc mịn cũng sẽ tìm đọc thử.","customer_id":14462521,"rating":5,"images":[{"id":2718722,"full_path":"https://salt.tikicdn.com/ts/review/cd/11/16/465717cebf9c33053f77509ec210991e.jpg"},{"id":2718723,"full_path":"https://salt.tikicdn.com/ts/review/7a/5e/ea/6d7bbee883109dfc856e544feba6e2ad.jpg"}],"created_at":1636346304,"created_by":{"id":14462521,"name":"Shi Su Hoàng","full_name":"Shi Su Hoàng","created_time":"2019-10-15 15:31:56","purchased":true,"purchased_at":1631286116},"product_id":107026335,"timeline":{"review_created_date":"2021-11-08 11:38:24","delivery_date":"2021-09-13 17:11:44"}},{"id":11327610,"title":"Cực kì hài lòng","content":"#MeTiki #ReviewThang6 #Sach\nnickname: chatonn\n\n? Trải nghiệm mua sách tại Tiki ?\n\nNhân một ngày nắng đẹp, mình quyết định đặt mấy quyển sách cho khoay khoả tâm hồn. Từ hồi biết đến Tiki thì mỗi tháng vẫn hay mua sách ở đây, 23/6 mình lân la đặt 2 quyển sách ở Fahasa trong Tiki. Mình còn được áp dụng mã giảm giá 50% nên giá thanh toán rất hời luôn ạ.\n\n? Về chất lượng dịch vụ :\n\n      Mình đặt từ 23/6 nhưng đến 27/6 mình mới nhận được. Có lẽ do dịch bệnh nên việc giao cũng hơi lâu nhưng đổi lại gói hàng nhận được rất chỉn chu luôn ạ. Bên Fahasa của Tiki lần nào cũng có miềng xốp chống sốc cho sách. Không lo sách bị cong hay rách giấy. Mình rất ưng khâu đóng gói của Tiki luôn ạ. Nhân viên tư vấn giải đáp thắc mắc siêu tận tình, còn anh shipper thì siêu thân thiện luôn ạ.\n\n? Về sản phẩm:\n\n     Mình nhận được đủ 2 quyển sách, không bị méo mó hay rách gì luôn ạ. Mình không phải đắn đo lo sách giả luôn, bên Tiki luôn là hàng thật nên cũng yên tâm lắm.Nói chung là đó giờ chưa bao giờ Tiki làm mình thất vọng luôn ạ. Giá thì quá rẻ luôn nên đáng đồng tiền, do mình dùng coupon giảm 50% đó ạ. Rất là vui luôn.\n\n? Về trải nghiệm thực tế:\n\n   Sách đợt này mua về mình mới mở ra, giấy thơm lắm. Nội dung thì thấy mấy bạn đánh giá trên Tiki tốt nên cũng oke lắm. Mình sẽ đọc ngay và liền luôn. Khỏi phải bàn cãi, lần nào mua sách, mình cũng wow lên vì sướng, sách đẹp vô bờ, hehe.\n\n? Chấm điểm:\n\nVề dịch vụ: 10/10 ( dù giao hàng hơn trễ nhưng chất lượng oke nên cho 10 luôn ạ ?)\n\nVề sản phẩm: 10/10 ( có ? điểm mình cho luôn ? )","customer_id":21437318,"rating":5,"images":[],"created_at":1626774661,"created_by":{"id":21437318,"name":"Anh Kiệt","full_name":"Anh Kiệt","created_time":"2021-04-22 07:42:48","purchased":true,"purchased_at":1626421304},"product_id":107026335,"timeline":{"review_created_date":"2021-07-20 16:51:01","delivery_date":"2021-07-17 18:00:17"}}]}