{"id":107542980,"dbId":10626,"createdAt":1625835743000,"name":"Khắc Kỷ - Từ Zeno Đến Marcus Aurelius (Bìa Cứng)","short_description":"Khắc Kỷ - Từ Zeno Đến Marcus Aurelius - Bìa CứngCuốn sách “Khắc Kỷ” được hai tác giả nổi tiếng Ryan Holiday \u0026 Stephen Hanselman tập hợp tiểu sử của những nhà Khắc kỷ nổi tiếng nhất từ Zeno (334 T...","description":"\u003ch2\u003eKhắc Kỷ - Từ Zeno Đến Marcus Aurelius - Bìa Cứng\u003c/h2\u003e\n\u003cp\u003eCuốn sách \u003cem\u003e“Khắc Kỷ”\u003c/em\u003e được hai tác giả nổi tiếng Ryan Holiday \u0026amp; Stephen Hanselman tập hợp tiểu sử của những nhà Khắc kỷ nổi tiếng nhất từ Zeno (334 TCN - 262 TCN) đến Marcus Aurelius (121 SCN - 180 SCN), vua triết học Platon, cũng như Cicero, Cato the Younger, và Porcia Cato the Iron Woman, và một số nhà triết học nổi tiếng khác. Họ quan niệm rằng chủ nghĩa khắc kỷ được xây dựng dựa trên bốn đức tính: \u003cem\u003e\"Dũng cảm, Tính cách, Công lý, và Trí tuệ\"\u003c/em\u003e và không có nghi lễ, không có văn bản thiêng liêng, cũng không có tổ chức thờ cúng. Có những “nhà lãnh đạo” được công nhận, như Zeno là người đầu tiên, nhưng họ không có văn phòng hoặc nhiệm vụ chính thức, ví như nhà triết học Stoics. Họ là giáo viên, tác giả, chính trị gia và tướng lĩnh. Aurelius thậm chí còn trở thành Hoàng đế. Họ được coi là triết gia, nhưng ít người giống triết gia như hầu hết chúng ta nghĩ về biệt danh đó ngày nay. Từ \u003cem\u003e“Triết học”\u003c/em\u003e bản thân nó là một từ nguyên cực kì mềm mỏng và ko chính xác suốt nhiều thế kỉ. Định nghĩa đầu tiên được Webster’s đưa ra là “tất cả việc học tập không bao gồm các quy tắc kỹ thuật và nghệ thuật thực hành”.\u003c/p\u003e\n\u003cp\u003eTuy nhiên, vào thời Newton, khoa học và triết học được sử dụng đồng nghĩa với nhau. Trong những ngày đầu của Chủ nghĩa Khắc kỷ, \u003cem\u003e“Zeno chia chương trình học của Chủ nghĩa Khắc kỷ thành ba phần: vật lý, đạo đức và logic.”\u003c/em\u003e Ý nghĩa của chủ nghĩa khắc kỷ cũng đã thay đổi.“Từ khắc kỷ trong tiếng Anh ngày nay có nghĩa là sự chịu đựng đau đớn không thể cắt bỏ.” Tuy nhiên, đối với Stoics, “Khắc Kỷ” là tất cả việc tích cực theo đuổi đạo đức và công lý. Đó là một phẩm chất ủng hộ sự chủ động, không phải là một cơ chế tự vệ. Có sự nhấn mạnh vào việc lắng nghe. \u003cem\u003e“Zeno nói rằng chúng ta được cho hai tai và một miệng là có lý do…”\u003c/em\u003e. Chúng ta chết vào ngày chúng ta được sinh ra với ý nghĩa rằng thời gian đã qua trong cuộc sống của chúng ta không phải là điều chúng ta có thể làm được. Tuy nhiên, \u003cem\u003e“Chủ nghĩa Khắc kỷ”\u003c/em\u003e là một cách sống mà chưa một người nào đạt được hoàn toàn, mặc dù một số trường phái Khắc kỷ được mô tả rõ ràng đã dẫn dắt cuộc sống đức hạnh theo bất kỳ tiêu chuẩn nào. Nhưng không đạt mức hoàn hảo.\u003c/p\u003e\n\u003cp\u003eNhiều người được sinh ra trong sự giàu có và hưởng nhiều đặc quyền. Gần như tất cả đều chấp nhận thể chế nô lệ (một trong những nhà Khắc kỷ nổi tiếng nhất từng là nô lệ) và sự tàn khốc của chiến tranh. Nhưng, như các tác giả kết luận, \"hầu hết tất cả, các nhà Khắc kỷ đã dạy chúng ta bằng thực tế rằng họ đã nỗ lực. Nhân vật “Khắc kỷ” nổi tiếng nhất lịch sử là gia sư và cố vấn cho Nero, có lẽ là nhà lãnh đạo loạn trí và tàn nhẫn nhất mọi thời đại. Nhưng tại sao cuốn sách này vẫn có ý nghĩa cho mọi thời đại? “Chủ nghĩa khắc kỷ” vẫn là một triết học tích cực dễ thấy, trong số nhiều nhà triết học đang nắm giữ các vị trí quyền lực chính trị trên thế giới.\u003c/p\u003e\u003cp\u003eGiá sản phẩm trên Tiki đã bao gồm thuế theo luật hiện hành. Bên cạnh đó, tuỳ vào loại sản phẩm, hình thức và địa chỉ giao hàng mà có thể phát sinh thêm chi phí khác như phí vận chuyển, phụ phí hàng cồng kềnh, thuế nhập khẩu (đối với đơn hàng giao từ nước ngoài có giá trị trên 1 triệu đồng).....\u003c/p\u003e","original_price":299000.0,"thumbnail_url":"https://salt.tikicdn.com/cache/280x280/ts/product/02/6e/36/c2f02c71a53b69a8912e141d1068496d.jpg","images":[{"base_url":"https://salt.tikicdn.com/ts/product/02/6e/36/c2f02c71a53b69a8912e141d1068496d.jpg","dbId":28325}],"specifications":[{"name":"Thông tin chung","attributes":[{"name":"Công ty phát hành","value":"1980 Books"},{"name":"Loại bìa","value":"Bìa cứng"},{"name":"Nhà xuất bản","value":"Nhà Xuất Bản Thanh Niên"},{"code":"PUBLICATION_DATE","name":"Ngày xuất bản","value":"Tue Jul 06 20:02:23 ICT 2021"}]}],"stock_item":{"qty":1000},"all_time_quantity_sold":7,"reviews":[{"id":11082948,"title":"Cực kì hài lòng","content":"","customer_id":1043601,"rating":5,"images":[{"id":2276504,"full_path":"https://salt.tikicdn.com/ts/review/c4/94/4d/92547cd2fedf9327180486d4ba387d6d.jpg"}],"created_at":1626008543,"created_by":{"id":1043601,"name":"Camellia Duong","full_name":"Camellia Duong","created_time":"2015-12-11 20:45:27","purchased":true,"purchased_at":1625759593},"product_id":107542980,"timeline":{"review_created_date":"2021-07-11 20:02:23","delivery_date":"2021-07-11 14:52:22"}}]}