{"id":109135487,"dbId":12088,"createdAt":1624035600000,"name":"Kế Hoạch \"Cưa\" Lại Bạn Gái","short_description":"Nguyễn Ấu Điềm yếu ớt, gió không thổi cũng đổ, vậy mà lại trở thành học viên bất đắc dĩ của quán quân kickboxing Trần Tịnh Thực.Anh không được mắng, không được đánh, đã thế còn phải rèn luyện thể lực...","description":"Nguyễn Ấu Điềm yếu ớt, gió không thổi cũng đổ, vậy mà lại trở thành học viên bất đắc dĩ của quán quân kickboxing Trần Tịnh Thực.\n\u003cp\u003eAnh không được mắng, không được đánh, đã thế còn phải rèn luyện thể lực cho cô đạt tiêu chuẩn. Nghỉ hè người ta đi biển, đi bơi, hoặc là đi ngắm hồng hạc ở tận châu Phi xa xôi, còn Nguyễn Ấu Điềm thì sao? Chạy bộ, ném bi sắt, gập bụ Đã thế lại còn có một tên huấn luyện viên máu lạnh đang đợi cô. “Cô ngốc mười tám giây” gặp quán quân kickboxing, nghe thôi cũng đủ thấy sẽ có bao nhiêu chuyện dở khóc dở cười xảy \u003c/p\u003e\u003cp\u003eGiá sản phẩm trên Tiki đã bao gồm thuế theo luật hiện hành. Bên cạnh đó, tuỳ vào loại sản phẩm, hình thức và địa chỉ giao hàng mà có thể phát sinh thêm chi phí khác như phí vận chuyển, phụ phí hàng cồng kềnh, thuế nhập khẩu (đối với đơn hàng giao từ nước ngoài có giá trị trên 1 triệu đồng).....\u003c/p\u003e","original_price":179000.0,"thumbnail_url":"https://salt.tikicdn.com/cache/280x280/ts/product/2b/63/1b/c7228c21c5bbdca829ce6a3c8cd1acef.jpg","images":[{"base_url":"https://salt.tikicdn.com/ts/product/2b/63/1b/c7228c21c5bbdca829ce6a3c8cd1acef.jpg","dbId":32163},{"base_url":"https://salt.tikicdn.com/ts/product/03/8a/83/0f3256659b30958cffb6d9ef6aecf1cf.jpg","dbId":32164},{"base_url":"https://salt.tikicdn.com/ts/product/8e/d1/bd/02da70353b844f52db971f3269373629.png","dbId":32165},{"base_url":"https://salt.tikicdn.com/ts/product/21/a6/74/3a5047970505cc90bb893cb383637f19.png","dbId":32166}],"authors":[{"id":14655,"name":"Hoa Thanh Thần","dbId":6345}],"specifications":[{"name":"Thông tin chung","attributes":[{"name":"Phiên bản sách","value":"Phiên bản thường"},{"name":"Công ty phát hành","value":"Đinh Tị"},{"name":"Ngày xuất bản","value":"2021-06-01 00:00:00"},{"name":"Dịch Giả","value":"Hà Giang"},{"name":"Loại bìa","value":"Bìa mềm"},{"name":"Số trang","value":"508"},{"name":"Nhà xuất bản","value":"Nhà Xuất Bản Văn Học"},{"code":"PUBLICATION_DATE","name":"Kích thước","value":"16 x 23 cm"}]}],"stock_item":{"qty":1000},"all_time_quantity_sold":161,"reviews":[{"id":19560388,"title":"Cực kì hài lòng","content":"Mối tình giữa \"cô ngốc 18s\" và quán quân kickboxing được khắc hoạ nhẹ nhàng, dễ thương với nhiều tình tiết dở khóc dở cười, cách kể chuyện rất lôi cuốn khiến mình không thể rời mắt được, các chi tiết liên quan đến thể thao, cách luyện tập đều rất tỉ mỉ, và cả những trận đấu quyết liệt đến nghẹt thở. Thật sự đây là lần đầu mình đọc ngôn tình xen lẫn thể thao thế này nhưng không hề khô khan mà lại tạo động lực cho mình tiếp tục học hỏi và rèn giũa ý chí quyết không chịu thua qua tinh thần của Nguyễn Ấu Điềm - \"Mềm lại ngọt\" và Trần Tịnh Thực - \"chỉ có thể ngắm nhìn từ xa mà không thể chơi đùa được\" 😜\r\n\r\n\"Có lúc, trong môn đối kháng này, chúng ta có lòng dũng cảm, có sự tự tin cũng chưa chắc đã chiến thắng, nhưng nếu không có lòng dũng cảm, không có niềm tin, chúng ta chắc chắn sẽ thua, thế nên niềm tin rất quan trọng. Vậy niềm tin là gì? Có lúc, niềm tin của chúng ta là không bao giờ bỏ cuộc, cho dù bản thân mình là ai đi chăng nữa. Có lúc, niềm tin của chúng ta là phải không biết thỏa mãn, không có không làm được, chỉ có không nghĩ được. Có lúc, niềm tin của chúng ta là càng thất bại càng dũng cảm, tôi có thể bị đánh bại, nhưng tôi không thể gục ngã. Có lúc, niềm tin của chúng ta là sự kiên trì, làm bất cứ chuyện gì mà muốn thành công thì không có hai chữ \"đường tắt\"... Trên võ đài, không có ai là quán quân liên tiếp, cũng không có ai thất bại liên tiếp, thất bại không đáng sợ, điều quan trọng là bạn biết đứng lên...\"\r\n      - Trích \"Kế hoạch \u0027cưa\u0027 lại bạn gái\"","customer_id":13196251,"rating":5,"images":[{"id":4291518,"full_path":"https://salt.tikicdn.com/ts/review/ec/a1/70/46d7505bd0a19b758465e2dee82a19c3.jpg"}],"created_at":1696052117,"created_by":{"id":13196251,"name":"Thư Mai","full_name":"Thư Mai","created_time":"2019-08-01 21:03:22","purchased":true,"purchased_at":1688604076},"product_id":109135487,"timeline":{"review_created_date":"2023-09-30 12:35:17","delivery_date":"2023-07-09 15:41:48"}},{"id":12855485,"title":"Cực kì hài lòng","content":"Tiki đóng gói cẩn thận và giao hàng siêu nhanh\nBìa sách, bookmark đều rất đẹp và ấn tượng. Mình chưa đọc qua nội dung nhưng review mọi người nói là rất hay, là cuốn sách đáng đọc nhất của Amun năm nay","customer_id":387367,"rating":5,"images":[{"id":2659894,"full_path":"https://salt.tikicdn.com/ts/review/53/80/1a/e670ccad2430ecabb57b8d3e3d1a4718.jpg"},{"id":2659895,"full_path":"https://salt.tikicdn.com/ts/review/ea/e7/cd/6a6aa07058629a40925b671eeddb599c.jpg"},{"id":2659896,"full_path":"https://salt.tikicdn.com/ts/review/ae/44/9b/48b90b54d730d1f8371d638028dfc7fd.jpg"},{"id":2659897,"full_path":"https://salt.tikicdn.com/ts/review/62/f1/62/d6cb11aced08dc493c5a07ded8ba59a2.jpg"},{"id":2659898,"full_path":"https://salt.tikicdn.com/ts/review/7e/d5/4a/1b680f929ab1b0f0e4c2f566f793555d.jpg"}],"created_at":1635305962,"created_by":{"id":387367,"name":"Quyết Nguyễn Đức","full_name":"Quyết Nguyễn Đức","created_time":"2014-07-29 14:55:28","purchased":true,"purchased_at":1634879103},"product_id":109135487,"timeline":{"review_created_date":"2021-10-27 10:39:22","delivery_date":"2021-10-22 17:02:53"}},{"id":14945293,"title":"Cực kì hài lòng","content":"Tiki giao hàng nhanh, đóng gói chắc chắn.\nSách có kèm bookmark đầy đủ, khổ sách to, sạch sẽ, cầm chắc tay. \nMình đã đọc khá nhiều truyện của tác giả Hoa Thanh Thần, lối viết khá là hài hước. Xem qua văn án thấy cũng có vẻ là một câu chuyện hài hước và đáng yêu. Khi nào đọc xong mình sẽ cho nhận xét về nội dung, còn riêng về hình thức thì mình thấy khá hài lòng.","customer_id":8610229,"rating":5,"images":[{"id":3127910,"full_path":"https://salt.tikicdn.com/ts/review/60/0f/f0/6391a788aaef1474a82ea738bf62cc95.jpg"}],"created_at":1644769017,"created_by":{"id":8610229,"name":"Nguyễn Ngọc Tuyền","full_name":"Nguyễn Ngọc Tuyền","created_time":"2018-10-25 19:19:17","purchased":true,"purchased_at":1644383423},"product_id":109135487,"timeline":{"review_created_date":"2022-02-13 23:16:57","delivery_date":"2022-02-11 19:03:00"}},{"id":18206128,"title":"Hài lòng","content":"Thiếu bookmark nhé sách ỗn bìa đẹp thật ra thì mik chỉ mong đợi cái bookmark thôi nhưng mà ko có thì thôi","customer_id":28433501,"rating":4,"images":[{"id":3993804,"full_path":"https://salt.tikicdn.com/ts/review/81/53/88/3d802ae60f58f5697aa1f57d5af146f6.jpg"},{"id":3993805,"full_path":"https://salt.tikicdn.com/ts/review/1c/7f/2c/b5871a1fa5c17a3a093864fb970e7d56.jpg"},{"id":3993806,"full_path":"https://salt.tikicdn.com/ts/review/03/80/86/32df3ac862acf5750b154653cc45e8c2.jpg"}],"created_at":1668421604,"created_by":{"id":28433501,"name":"Tuyết Nhi","full_name":"Tuyết Nhi","created_time":"2022-11-07 20:04:13","purchased":true,"purchased_at":1668141721},"product_id":109135487,"timeline":{"review_created_date":"2022-11-14 17:26:44","delivery_date":"2022-11-14 16:10:10"}},{"id":17605850,"title":"Cực kì hài lòng","content":"Sách mới cứng,giảm 50%,tuy móp chút ít nhưng chấp nhận đc. Bìa rất bắt mắt,nội dung hay,giao hàng siêu nhanh","customer_id":16423452,"rating":5,"images":[{"id":3851133,"full_path":"https://salt.tikicdn.com/ts/review/5d/18/72/7cea7894a3158f78bb4004aa536450cd.jpg"},{"id":3851134,"full_path":"https://salt.tikicdn.com/ts/review/db/9c/05/a4442554b10639f74eb1a3ddcd3e79a1.jpg"},{"id":3851135,"full_path":"https://salt.tikicdn.com/ts/review/a8/b9/4e/ed4c53459f7e08d3d4d2bcc0518e7754.jpg"}],"created_at":1662380631,"created_by":{"id":16423452,"name":"Linh Hồ","full_name":"Linh Hồ","created_time":"2020-02-14 23:57:30","purchased":true,"purchased_at":1662322060},"product_id":109135487,"timeline":{"review_created_date":"2022-09-05 19:23:51","delivery_date":"2022-09-05 16:34:10"}},{"id":19560388,"title":"Cực kì hài lòng","content":"Mối tình giữa \"cô ngốc 18s\" và quán quân kickboxing được khắc hoạ nhẹ nhàng, dễ thương với nhiều tình tiết dở khóc dở cười, cách kể chuyện rất lôi cuốn khiến mình không thể rời mắt được, các chi tiết liên quan đến thể thao, cách luyện tập đều rất tỉ mỉ, và cả những trận đấu quyết liệt đến nghẹt thở. Thật sự đây là lần đầu mình đọc ngôn tình xen lẫn thể thao thế này nhưng không hề khô khan mà lại tạo động lực cho mình tiếp tục học hỏi và rèn giũa ý chí quyết không chịu thua qua tinh thần của Nguyễn Ấu Điềm - \"Mềm lại ngọt\" và Trần Tịnh Thực - \"chỉ có thể ngắm nhìn từ xa mà không thể chơi đùa được\" 😜\r\n\r\n\"Có lúc, trong môn đối kháng này, chúng ta có lòng dũng cảm, có sự tự tin cũng chưa chắc đã chiến thắng, nhưng nếu không có lòng dũng cảm, không có niềm tin, chúng ta chắc chắn sẽ thua, thế nên niềm tin rất quan trọng. Vậy niềm tin là gì? Có lúc, niềm tin của chúng ta là không bao giờ bỏ cuộc, cho dù bản thân mình là ai đi chăng nữa. Có lúc, niềm tin của chúng ta là phải không biết thỏa mãn, không có không làm được, chỉ có không nghĩ được. Có lúc, niềm tin của chúng ta là càng thất bại càng dũng cảm, tôi có thể bị đánh bại, nhưng tôi không thể gục ngã. Có lúc, niềm tin của chúng ta là sự kiên trì, làm bất cứ chuyện gì mà muốn thành công thì không có hai chữ \"đường tắt\"... Trên võ đài, không có ai là quán quân liên tiếp, cũng không có ai thất bại liên tiếp, thất bại không đáng sợ, điều quan trọng là bạn biết đứng lên...\"\r\n      - Trích \"Kế hoạch \u0027cưa\u0027 lại bạn gái\"","customer_id":13196251,"rating":5,"images":[{"id":4291518,"full_path":"https://salt.tikicdn.com/ts/review/ec/a1/70/46d7505bd0a19b758465e2dee82a19c3.jpg"}],"created_at":1696052117,"created_by":{"id":13196251,"name":"Thư Mai","full_name":"Thư Mai","created_time":"2019-08-01 21:03:22","purchased":true,"purchased_at":1688604076},"product_id":109135487,"timeline":{"review_created_date":"2023-09-30 12:35:17","delivery_date":"2023-07-09 15:41:48"}},{"id":12855485,"title":"Cực kì hài lòng","content":"Tiki đóng gói cẩn thận và giao hàng siêu nhanh\nBìa sách, bookmark đều rất đẹp và ấn tượng. Mình chưa đọc qua nội dung nhưng review mọi người nói là rất hay, là cuốn sách đáng đọc nhất của Amun năm nay","customer_id":387367,"rating":5,"images":[{"id":2659894,"full_path":"https://salt.tikicdn.com/ts/review/53/80/1a/e670ccad2430ecabb57b8d3e3d1a4718.jpg"},{"id":2659895,"full_path":"https://salt.tikicdn.com/ts/review/ea/e7/cd/6a6aa07058629a40925b671eeddb599c.jpg"},{"id":2659896,"full_path":"https://salt.tikicdn.com/ts/review/ae/44/9b/48b90b54d730d1f8371d638028dfc7fd.jpg"},{"id":2659897,"full_path":"https://salt.tikicdn.com/ts/review/62/f1/62/d6cb11aced08dc493c5a07ded8ba59a2.jpg"},{"id":2659898,"full_path":"https://salt.tikicdn.com/ts/review/7e/d5/4a/1b680f929ab1b0f0e4c2f566f793555d.jpg"}],"created_at":1635305962,"created_by":{"id":387367,"name":"Quyết Nguyễn Đức","full_name":"Quyết Nguyễn Đức","created_time":"2014-07-29 14:55:28","purchased":true,"purchased_at":1634879103},"product_id":109135487,"timeline":{"review_created_date":"2021-10-27 10:39:22","delivery_date":"2021-10-22 17:02:53"}},{"id":14945293,"title":"Cực kì hài lòng","content":"Tiki giao hàng nhanh, đóng gói chắc chắn.\nSách có kèm bookmark đầy đủ, khổ sách to, sạch sẽ, cầm chắc tay. \nMình đã đọc khá nhiều truyện của tác giả Hoa Thanh Thần, lối viết khá là hài hước. Xem qua văn án thấy cũng có vẻ là một câu chuyện hài hước và đáng yêu. Khi nào đọc xong mình sẽ cho nhận xét về nội dung, còn riêng về hình thức thì mình thấy khá hài lòng.","customer_id":8610229,"rating":5,"images":[{"id":3127910,"full_path":"https://salt.tikicdn.com/ts/review/60/0f/f0/6391a788aaef1474a82ea738bf62cc95.jpg"}],"created_at":1644769017,"created_by":{"id":8610229,"name":"Nguyễn Ngọc Tuyền","full_name":"Nguyễn Ngọc Tuyền","created_time":"2018-10-25 19:19:17","purchased":true,"purchased_at":1644383423},"product_id":109135487,"timeline":{"review_created_date":"2022-02-13 23:16:57","delivery_date":"2022-02-11 19:03:00"}},{"id":18206128,"title":"Hài lòng","content":"Thiếu bookmark nhé sách ỗn bìa đẹp thật ra thì mik chỉ mong đợi cái bookmark thôi nhưng mà ko có thì thôi","customer_id":28433501,"rating":4,"images":[{"id":3993804,"full_path":"https://salt.tikicdn.com/ts/review/81/53/88/3d802ae60f58f5697aa1f57d5af146f6.jpg"},{"id":3993805,"full_path":"https://salt.tikicdn.com/ts/review/1c/7f/2c/b5871a1fa5c17a3a093864fb970e7d56.jpg"},{"id":3993806,"full_path":"https://salt.tikicdn.com/ts/review/03/80/86/32df3ac862acf5750b154653cc45e8c2.jpg"}],"created_at":1668421604,"created_by":{"id":28433501,"name":"Tuyết Nhi","full_name":"Tuyết Nhi","created_time":"2022-11-07 20:04:13","purchased":true,"purchased_at":1668141721},"product_id":109135487,"timeline":{"review_created_date":"2022-11-14 17:26:44","delivery_date":"2022-11-14 16:10:10"}},{"id":17605850,"title":"Cực kì hài lòng","content":"Sách mới cứng,giảm 50%,tuy móp chút ít nhưng chấp nhận đc. Bìa rất bắt mắt,nội dung hay,giao hàng siêu nhanh","customer_id":16423452,"rating":5,"images":[{"id":3851133,"full_path":"https://salt.tikicdn.com/ts/review/5d/18/72/7cea7894a3158f78bb4004aa536450cd.jpg"},{"id":3851134,"full_path":"https://salt.tikicdn.com/ts/review/db/9c/05/a4442554b10639f74eb1a3ddcd3e79a1.jpg"},{"id":3851135,"full_path":"https://salt.tikicdn.com/ts/review/a8/b9/4e/ed4c53459f7e08d3d4d2bcc0518e7754.jpg"}],"created_at":1662380631,"created_by":{"id":16423452,"name":"Linh Hồ","full_name":"Linh Hồ","created_time":"2020-02-14 23:57:30","purchased":true,"purchased_at":1662322060},"product_id":109135487,"timeline":{"review_created_date":"2022-09-05 19:23:51","delivery_date":"2022-09-05 16:34:10"}},{"id":19560388,"title":"Cực kì hài lòng","content":"Mối tình giữa \"cô ngốc 18s\" và quán quân kickboxing được khắc hoạ nhẹ nhàng, dễ thương với nhiều tình tiết dở khóc dở cười, cách kể chuyện rất lôi cuốn khiến mình không thể rời mắt được, các chi tiết liên quan đến thể thao, cách luyện tập đều rất tỉ mỉ, và cả những trận đấu quyết liệt đến nghẹt thở. Thật sự đây là lần đầu mình đọc ngôn tình xen lẫn thể thao thế này nhưng không hề khô khan mà lại tạo động lực cho mình tiếp tục học hỏi và rèn giũa ý chí quyết không chịu thua qua tinh thần của Nguyễn Ấu Điềm - \"Mềm lại ngọt\" và Trần Tịnh Thực - \"chỉ có thể ngắm nhìn từ xa mà không thể chơi đùa được\" 😜\r\n\r\n\"Có lúc, trong môn đối kháng này, chúng ta có lòng dũng cảm, có sự tự tin cũng chưa chắc đã chiến thắng, nhưng nếu không có lòng dũng cảm, không có niềm tin, chúng ta chắc chắn sẽ thua, thế nên niềm tin rất quan trọng. Vậy niềm tin là gì? Có lúc, niềm tin của chúng ta là không bao giờ bỏ cuộc, cho dù bản thân mình là ai đi chăng nữa. Có lúc, niềm tin của chúng ta là phải không biết thỏa mãn, không có không làm được, chỉ có không nghĩ được. Có lúc, niềm tin của chúng ta là càng thất bại càng dũng cảm, tôi có thể bị đánh bại, nhưng tôi không thể gục ngã. Có lúc, niềm tin của chúng ta là sự kiên trì, làm bất cứ chuyện gì mà muốn thành công thì không có hai chữ \"đường tắt\"... Trên võ đài, không có ai là quán quân liên tiếp, cũng không có ai thất bại liên tiếp, thất bại không đáng sợ, điều quan trọng là bạn biết đứng lên...\"\r\n      - Trích \"Kế hoạch \u0027cưa\u0027 lại bạn gái\"","customer_id":13196251,"rating":5,"images":[{"id":4291518,"full_path":"https://salt.tikicdn.com/ts/review/ec/a1/70/46d7505bd0a19b758465e2dee82a19c3.jpg"}],"created_at":1696052117,"created_by":{"id":13196251,"name":"Thư Mai","full_name":"Thư Mai","created_time":"2019-08-01 21:03:22","purchased":true,"purchased_at":1688604076},"product_id":109135487,"timeline":{"review_created_date":"2023-09-30 12:35:17","delivery_date":"2023-07-09 15:41:48"}},{"id":12855485,"title":"Cực kì hài lòng","content":"Tiki đóng gói cẩn thận và giao hàng siêu nhanh\nBìa sách, bookmark đều rất đẹp và ấn tượng. Mình chưa đọc qua nội dung nhưng review mọi người nói là rất hay, là cuốn sách đáng đọc nhất của Amun năm nay","customer_id":387367,"rating":5,"images":[{"id":2659894,"full_path":"https://salt.tikicdn.com/ts/review/53/80/1a/e670ccad2430ecabb57b8d3e3d1a4718.jpg"},{"id":2659895,"full_path":"https://salt.tikicdn.com/ts/review/ea/e7/cd/6a6aa07058629a40925b671eeddb599c.jpg"},{"id":2659896,"full_path":"https://salt.tikicdn.com/ts/review/ae/44/9b/48b90b54d730d1f8371d638028dfc7fd.jpg"},{"id":2659897,"full_path":"https://salt.tikicdn.com/ts/review/62/f1/62/d6cb11aced08dc493c5a07ded8ba59a2.jpg"},{"id":2659898,"full_path":"https://salt.tikicdn.com/ts/review/7e/d5/4a/1b680f929ab1b0f0e4c2f566f793555d.jpg"}],"created_at":1635305962,"created_by":{"id":387367,"name":"Quyết Nguyễn Đức","full_name":"Quyết Nguyễn Đức","created_time":"2014-07-29 14:55:28","purchased":true,"purchased_at":1634879103},"product_id":109135487,"timeline":{"review_created_date":"2021-10-27 10:39:22","delivery_date":"2021-10-22 17:02:53"}},{"id":14945293,"title":"Cực kì hài lòng","content":"Tiki giao hàng nhanh, đóng gói chắc chắn.\nSách có kèm bookmark đầy đủ, khổ sách to, sạch sẽ, cầm chắc tay. \nMình đã đọc khá nhiều truyện của tác giả Hoa Thanh Thần, lối viết khá là hài hước. Xem qua văn án thấy cũng có vẻ là một câu chuyện hài hước và đáng yêu. Khi nào đọc xong mình sẽ cho nhận xét về nội dung, còn riêng về hình thức thì mình thấy khá hài lòng.","customer_id":8610229,"rating":5,"images":[{"id":3127910,"full_path":"https://salt.tikicdn.com/ts/review/60/0f/f0/6391a788aaef1474a82ea738bf62cc95.jpg"}],"created_at":1644769017,"created_by":{"id":8610229,"name":"Nguyễn Ngọc Tuyền","full_name":"Nguyễn Ngọc Tuyền","created_time":"2018-10-25 19:19:17","purchased":true,"purchased_at":1644383423},"product_id":109135487,"timeline":{"review_created_date":"2022-02-13 23:16:57","delivery_date":"2022-02-11 19:03:00"}},{"id":18206128,"title":"Hài lòng","content":"Thiếu bookmark nhé sách ỗn bìa đẹp thật ra thì mik chỉ mong đợi cái bookmark thôi nhưng mà ko có thì thôi","customer_id":28433501,"rating":4,"images":[{"id":3993804,"full_path":"https://salt.tikicdn.com/ts/review/81/53/88/3d802ae60f58f5697aa1f57d5af146f6.jpg"},{"id":3993805,"full_path":"https://salt.tikicdn.com/ts/review/1c/7f/2c/b5871a1fa5c17a3a093864fb970e7d56.jpg"},{"id":3993806,"full_path":"https://salt.tikicdn.com/ts/review/03/80/86/32df3ac862acf5750b154653cc45e8c2.jpg"}],"created_at":1668421604,"created_by":{"id":28433501,"name":"Tuyết Nhi","full_name":"Tuyết Nhi","created_time":"2022-11-07 20:04:13","purchased":true,"purchased_at":1668141721},"product_id":109135487,"timeline":{"review_created_date":"2022-11-14 17:26:44","delivery_date":"2022-11-14 16:10:10"}},{"id":17605850,"title":"Cực kì hài lòng","content":"Sách mới cứng,giảm 50%,tuy móp chút ít nhưng chấp nhận đc. Bìa rất bắt mắt,nội dung hay,giao hàng siêu nhanh","customer_id":16423452,"rating":5,"images":[{"id":3851133,"full_path":"https://salt.tikicdn.com/ts/review/5d/18/72/7cea7894a3158f78bb4004aa536450cd.jpg"},{"id":3851134,"full_path":"https://salt.tikicdn.com/ts/review/db/9c/05/a4442554b10639f74eb1a3ddcd3e79a1.jpg"},{"id":3851135,"full_path":"https://salt.tikicdn.com/ts/review/a8/b9/4e/ed4c53459f7e08d3d4d2bcc0518e7754.jpg"}],"created_at":1662380631,"created_by":{"id":16423452,"name":"Linh Hồ","full_name":"Linh Hồ","created_time":"2020-02-14 23:57:30","purchased":true,"purchased_at":1662322060},"product_id":109135487,"timeline":{"review_created_date":"2022-09-05 19:23:51","delivery_date":"2022-09-05 16:34:10"}},{"id":19560388,"title":"Cực kì hài lòng","content":"Mối tình giữa \"cô ngốc 18s\" và quán quân kickboxing được khắc hoạ nhẹ nhàng, dễ thương với nhiều tình tiết dở khóc dở cười, cách kể chuyện rất lôi cuốn khiến mình không thể rời mắt được, các chi tiết liên quan đến thể thao, cách luyện tập đều rất tỉ mỉ, và cả những trận đấu quyết liệt đến nghẹt thở. Thật sự đây là lần đầu mình đọc ngôn tình xen lẫn thể thao thế này nhưng không hề khô khan mà lại tạo động lực cho mình tiếp tục học hỏi và rèn giũa ý chí quyết không chịu thua qua tinh thần của Nguyễn Ấu Điềm - \"Mềm lại ngọt\" và Trần Tịnh Thực - \"chỉ có thể ngắm nhìn từ xa mà không thể chơi đùa được\" 😜\r\n\r\n\"Có lúc, trong môn đối kháng này, chúng ta có lòng dũng cảm, có sự tự tin cũng chưa chắc đã chiến thắng, nhưng nếu không có lòng dũng cảm, không có niềm tin, chúng ta chắc chắn sẽ thua, thế nên niềm tin rất quan trọng. Vậy niềm tin là gì? Có lúc, niềm tin của chúng ta là không bao giờ bỏ cuộc, cho dù bản thân mình là ai đi chăng nữa. Có lúc, niềm tin của chúng ta là phải không biết thỏa mãn, không có không làm được, chỉ có không nghĩ được. Có lúc, niềm tin của chúng ta là càng thất bại càng dũng cảm, tôi có thể bị đánh bại, nhưng tôi không thể gục ngã. Có lúc, niềm tin của chúng ta là sự kiên trì, làm bất cứ chuyện gì mà muốn thành công thì không có hai chữ \"đường tắt\"... Trên võ đài, không có ai là quán quân liên tiếp, cũng không có ai thất bại liên tiếp, thất bại không đáng sợ, điều quan trọng là bạn biết đứng lên...\"\r\n      - Trích \"Kế hoạch \u0027cưa\u0027 lại bạn gái\"","customer_id":13196251,"rating":5,"images":[{"id":4291518,"full_path":"https://salt.tikicdn.com/ts/review/ec/a1/70/46d7505bd0a19b758465e2dee82a19c3.jpg"}],"created_at":1696052117,"created_by":{"id":13196251,"name":"Thư Mai","full_name":"Thư Mai","created_time":"2019-08-01 21:03:22","purchased":true,"purchased_at":1688604076},"product_id":109135487,"timeline":{"review_created_date":"2023-09-30 12:35:17","delivery_date":"2023-07-09 15:41:48"}},{"id":12855485,"title":"Cực kì hài lòng","content":"Tiki đóng gói cẩn thận và giao hàng siêu nhanh\nBìa sách, bookmark đều rất đẹp và ấn tượng. Mình chưa đọc qua nội dung nhưng review mọi người nói là rất hay, là cuốn sách đáng đọc nhất của Amun năm nay","customer_id":387367,"rating":5,"images":[{"id":2659894,"full_path":"https://salt.tikicdn.com/ts/review/53/80/1a/e670ccad2430ecabb57b8d3e3d1a4718.jpg"},{"id":2659895,"full_path":"https://salt.tikicdn.com/ts/review/ea/e7/cd/6a6aa07058629a40925b671eeddb599c.jpg"},{"id":2659896,"full_path":"https://salt.tikicdn.com/ts/review/ae/44/9b/48b90b54d730d1f8371d638028dfc7fd.jpg"},{"id":2659897,"full_path":"https://salt.tikicdn.com/ts/review/62/f1/62/d6cb11aced08dc493c5a07ded8ba59a2.jpg"},{"id":2659898,"full_path":"https://salt.tikicdn.com/ts/review/7e/d5/4a/1b680f929ab1b0f0e4c2f566f793555d.jpg"}],"created_at":1635305962,"created_by":{"id":387367,"name":"Quyết Nguyễn Đức","full_name":"Quyết Nguyễn Đức","created_time":"2014-07-29 14:55:28","purchased":true,"purchased_at":1634879103},"product_id":109135487,"timeline":{"review_created_date":"2021-10-27 10:39:22","delivery_date":"2021-10-22 17:02:53"}},{"id":14945293,"title":"Cực kì hài lòng","content":"Tiki giao hàng nhanh, đóng gói chắc chắn.\nSách có kèm bookmark đầy đủ, khổ sách to, sạch sẽ, cầm chắc tay. \nMình đã đọc khá nhiều truyện của tác giả Hoa Thanh Thần, lối viết khá là hài hước. Xem qua văn án thấy cũng có vẻ là một câu chuyện hài hước và đáng yêu. Khi nào đọc xong mình sẽ cho nhận xét về nội dung, còn riêng về hình thức thì mình thấy khá hài lòng.","customer_id":8610229,"rating":5,"images":[{"id":3127910,"full_path":"https://salt.tikicdn.com/ts/review/60/0f/f0/6391a788aaef1474a82ea738bf62cc95.jpg"}],"created_at":1644769017,"created_by":{"id":8610229,"name":"Nguyễn Ngọc Tuyền","full_name":"Nguyễn Ngọc Tuyền","created_time":"2018-10-25 19:19:17","purchased":true,"purchased_at":1644383423},"product_id":109135487,"timeline":{"review_created_date":"2022-02-13 23:16:57","delivery_date":"2022-02-11 19:03:00"}},{"id":18206128,"title":"Hài lòng","content":"Thiếu bookmark nhé sách ỗn bìa đẹp thật ra thì mik chỉ mong đợi cái bookmark thôi nhưng mà ko có thì thôi","customer_id":28433501,"rating":4,"images":[{"id":3993804,"full_path":"https://salt.tikicdn.com/ts/review/81/53/88/3d802ae60f58f5697aa1f57d5af146f6.jpg"},{"id":3993805,"full_path":"https://salt.tikicdn.com/ts/review/1c/7f/2c/b5871a1fa5c17a3a093864fb970e7d56.jpg"},{"id":3993806,"full_path":"https://salt.tikicdn.com/ts/review/03/80/86/32df3ac862acf5750b154653cc45e8c2.jpg"}],"created_at":1668421604,"created_by":{"id":28433501,"name":"Tuyết Nhi","full_name":"Tuyết Nhi","created_time":"2022-11-07 20:04:13","purchased":true,"purchased_at":1668141721},"product_id":109135487,"timeline":{"review_created_date":"2022-11-14 17:26:44","delivery_date":"2022-11-14 16:10:10"}},{"id":17605850,"title":"Cực kì hài lòng","content":"Sách mới cứng,giảm 50%,tuy móp chút ít nhưng chấp nhận đc. Bìa rất bắt mắt,nội dung hay,giao hàng siêu nhanh","customer_id":16423452,"rating":5,"images":[{"id":3851133,"full_path":"https://salt.tikicdn.com/ts/review/5d/18/72/7cea7894a3158f78bb4004aa536450cd.jpg"},{"id":3851134,"full_path":"https://salt.tikicdn.com/ts/review/db/9c/05/a4442554b10639f74eb1a3ddcd3e79a1.jpg"},{"id":3851135,"full_path":"https://salt.tikicdn.com/ts/review/a8/b9/4e/ed4c53459f7e08d3d4d2bcc0518e7754.jpg"}],"created_at":1662380631,"created_by":{"id":16423452,"name":"Linh Hồ","full_name":"Linh Hồ","created_time":"2020-02-14 23:57:30","purchased":true,"purchased_at":1662322060},"product_id":109135487,"timeline":{"review_created_date":"2022-09-05 19:23:51","delivery_date":"2022-09-05 16:34:10"}}]}