{"id":109298269,"dbId":11214,"createdAt":1624813200000,"name":"Những Tinh Cầu Trôi Dạt - Tập 2 (Tặng kèm Bookmark 2 mặt)","short_description":"Những tinh cầu trôi dạt – tập 2: Không bao giờ là quá muộn.Tập thứ 2 của tuyển tập truyện ngắn “Những tinh cầu trôi dạt” tiếp tục đem đến những câu chuyện nhẹ nhàng mà không kém phần sâu lắng của các...","description":"\u003cp\u003eNhững tinh cầu trôi dạt – tập 2: Không bao giờ là quá muộn.\u003c/p\u003e\n\u003cp\u003eTập thứ 2 của tuyển tập truyện ngắn “Những tinh cầu trôi dạt” tiếp tục đem đến những câu chuyện nhẹ nhàng mà không kém phần sâu lắng của các tác giả truyện tranh trẻ trong nước. Những mẩu chuyện vừa đời thường gần gũi, vừa khéo léo lồng ghép những thông điệp ý nghĩa về cuộc sống.\u003c/p\u003e\n\u003cp\u003eTuyển tập mở đầu với câu chuyện của bộ đôi Vũ Đình Lân – Thế Tài, kể về một cậu học sinh có “năng lực đặc biệt”: luôn gặp may mắn với những câu hỏi trắc nghiệm. Cô bạn lớp bên vô tình phát hiện ra khả năng này của cậu và họ đã thử sử dụng nó để đưa ra những quyết định ngoài đời thực.\u003c/p\u003e\n\u003cp\u003eTrong câu chuyện thứ hai đến từ tác giả Bách Lê, nhân vật chính là một “dân chạy việc” thường xuyên nhận làm những công việc không chính thống, vì một sự cố nghiêm trọng mà đã từ bỏ công việc này. Thế nhưng, quá khứ dường như vẫn bám theo anh khi anh vô tình gặp mặt một người liên quan đến sự kiện ngày ấy.\u003c/p\u003e\n\u003cp\u003eCâu chuyện tiếp theo của tác giả Nalah2410 xoay quanh một cô gái 19 tuổi có ông ngoại vừa mới qua đời. Do người mẹ thường xuyên bận bịu với công việc nên cô chỉ có ông bà bên cạnh, ông ngoại chính là người thân thiết với cô nhất. Cô phải làm thế nào để có thể vượt qua sự mất mát quá đột ngột này, cũng như khắc phục khoảng cách đang ngày càng lớn dần với mẹ mình?\u003c/p\u003e\n\u003cp\u003eKết thúc tuyển tập là một truyện ngắn về tình bạn của tác giả Tuyết Tuyết. Hai cậu bạn thân nọ chẳng mấy giống nhau về gia cảnh lẫn tính cảnh nhưng thường xuyên “đồng cam cộng khổ” trong bao nhiêu rắc rối thời học trò. Thế nhưng tình bạn của họ bỗng trở nên căng thẳng do có người luôn đâm đầu vào rắc rối mà bất chấp hậu quả.\u003c/p\u003e\n\u003cp\u003eKhông có những khung cảnh hùng vĩ, những người hùng hay phép màu kì diệu, “Những tinh cầu trôi dạt 2” viết về cuộc sống đời thường với những con người bình thường, rất “đời”, rất thân thuộc, nhưng đang phấn đấu hết mình để hướng đến ngày mai.\u003c/p\u003e\u003cp\u003eGiá sản phẩm trên Tiki đã bao gồm thuế theo luật hiện hành. Bên cạnh đó, tuỳ vào loại sản phẩm, hình thức và địa chỉ giao hàng mà có thể phát sinh thêm chi phí khác như phí vận chuyển, phụ phí hàng cồng kềnh, thuế nhập khẩu (đối với đơn hàng giao từ nước ngoài có giá trị trên 1 triệu đồng).....\u003c/p\u003e","original_price":72000.0,"thumbnail_url":"https://salt.tikicdn.com/cache/280x280/ts/product/2a/4c/a6/a598bfb731648687e6d993b51005af4e.jpg","images":[{"base_url":"https://salt.tikicdn.com/ts/product/2a/4c/a6/a598bfb731648687e6d993b51005af4e.jpg","dbId":29903},{"base_url":"https://salt.tikicdn.com/ts/product/16/68/75/a736ae37d7ea394534b97b3f8fee80d0.jpg","dbId":29904},{"base_url":"https://salt.tikicdn.com/ts/product/5e/e6/e7/4dcbeeb3a9ab2889ad271c94c9ee6fe6.jpg","dbId":29905},{"base_url":"https://salt.tikicdn.com/ts/product/6e/c8/1d/50bcf1ab255f73b79fed418a3b475f69.jpg","dbId":29906},{"base_url":"https://salt.tikicdn.com/ts/product/e5/f7/79/e8c5190c19addb90528dc75c433d88c6.jpg","dbId":29907},{"base_url":"https://salt.tikicdn.com/ts/product/f3/08/e3/149b6e0d65cf74b219999c9a1aaf7f2b.jpg","dbId":29908}],"authors":[{"id":40745,"name":"Vũ Đình Lân","dbId":5964},{"id":5012489,"name":"Thế Tài","dbId":5965}],"specifications":[{"name":"Thông tin chung","attributes":[{"name":"Công ty phát hành","value":"SkyComics"},{"name":"Ngày xuất bản","value":"2021-06-01 00:00:00"},{"name":"Dịch Giả","value":"Bách Lê, Nalah2410, Tuyết Tuyết"},{"name":"Loại bìa","value":"Bìa mềm"},{"name":"Số trang","value":"200"},{"name":"Phương thức giao hàng Seller Delivery","value":"Nhà bán giao hàng cho khách hàng"},{"name":"Nhà xuất bản","value":"Nhà Xuất Bản Dân Trí"},{"code":"PUBLICATION_DATE","name":"Kích thước","value":"13 x 19 cm"}]}],"stock_item":{"qty":1000},"all_time_quantity_sold":6,"reviews":[{"id":14150834,"title":"Hài lòng","content":"Giao hàng rất nhanh, đóng gói cẩn thận. Tuy nhiên, ở mặt sau sách có vài điểm mình không hài lòng:\n- Mã vạch như kiểu dán đại (lúc trước mình mua sách ở Tiki cũng có dán miếng đó mà gỡ ra bị rách giấy luôn, dù lần này gỡ ra được nhưng vẫn còn chất keo).\n- Ngay góc phải phía trên sách hơi bị tróc ra.\n- Có những chỗ bị dơ và nhiều vết màu tối (không chùi được, mình không biết vết đó là màu in nó như vậy hay bị gì nhưng nhìn xấu).","customer_id":15922884,"rating":4,"images":[{"id":2960172,"full_path":"https://salt.tikicdn.com/ts/review/d0/00/20/938e50e707bf2342debfa6a8b5887fe2.jpg"},{"id":2960173,"full_path":"https://salt.tikicdn.com/ts/review/47/e7/d7/565dfe969cc83df33fe8f44b5db55343.jpg"},{"id":2960174,"full_path":"https://salt.tikicdn.com/ts/review/31/d1/61/2e597114587a8edee443939447627995.jpg"}],"created_at":1640783878,"created_by":{"id":15922884,"name":"Ngọc Linh","full_name":"Ngọc Linh","created_time":"2020-01-10 23:27:41","purchased":true,"purchased_at":1640088884},"product_id":109298269,"timeline":{"review_created_date":"2021-12-29 20:17:58","delivery_date":"2021-12-23 07:39:27"}},{"id":12042834,"title":"Cực kì hài lòng","content":"Giao hàng lâu cực ạ. Chất lượng sách thì tuyệt rồi sp không bị lỗi gì có điều Tiki bọc bookcare nay chưa đẹp lắm, mấy năm trc tiki bọc ôm sát cuốn sách nhìn đẹp cực. Mong tiki cải thiện lại nha. Tại dạo này e đặt 4 5 cuốn thì thấy bọc kh được đẹp lắm ạ. \nND truyện okela đấy mn ạ.","customer_id":6079641,"rating":4,"images":[{"id":2464171,"full_path":"https://salt.tikicdn.com/ts/review/1e/67/75/9b74e5954b76e48a511c87195365ea81.jpg"}],"created_at":1630209510,"created_by":{"id":6079641,"name":"Kim Chi","full_name":"Kim Chi","created_time":"2017-11-17 14:51:59","purchased":true,"purchased_at":1628223080},"product_id":109298269,"timeline":{"review_created_date":"2021-08-29 10:58:30","delivery_date":"2021-08-27 10:38:47"}},{"id":14015723,"title":"Cực kì hài lòng","content":"Sản phẩm rất xinh đẹp tuyệt vời, tôi không thể trông đợi gì hơn. Cảm ơn nhà cung cấp, nhà sản xuất, cảm ơn người bán hàng, cảm ơn sàn thương mại điện tử, cảm ơn người vận chuyển để tôi có cơ hội dùng sản phẩm tốt như thế này.","customer_id":24680089,"rating":5,"images":[],"created_at":1640232659,"created_by":{"id":24680089,"name":"Moe umoe","full_name":"Moe umoe","created_time":"2021-11-02 17:14:30","purchased":true,"purchased_at":1640061380},"product_id":109298269,"timeline":{"review_created_date":"2021-12-23 11:10:59","delivery_date":"2021-12-23 11:05:13"}},{"id":11103913,"title":"Cực kì hài lòng","content":"Mình đã có đọc qua tóm tắt nội dung của tập 2 rồi, với cả mình cũng vừa mua tập 1 xong nên chơi lớn mua tập 2 về đọc thử luôn. Mà ai ngờ nội dung ý nghĩa lắm luôn, nét vẽ đẹp, không che chỗ nào được luôn. Sản phẩm đáng mua nha, bao bọc kĩ càng, giao hàng nhanh, hàng chất lượng, hứa sẽ ủng hộ shop nhiều nhiều.","customer_id":11246532,"rating":5,"images":[],"created_at":1626079752,"created_by":{"id":11246532,"name":"Nguyễn Quỳnh Anh","full_name":"Nguyễn Quỳnh Anh","created_time":"2019-03-11 21:01:54","purchased":true,"purchased_at":1625591247},"product_id":109298269,"timeline":{"review_created_date":"2021-07-12 15:49:12","delivery_date":"2021-07-08 11:00:30"}},{"id":14667039,"title":"Không hài lòng","content":"sách rất đẹp hộp hàng về rất may mắn là ít thiệc hại, sách ko đc chao chuốt bảo quản, ko đc bọc mà chỉ đơn giản là bỏ vào hộp ko có bất cứ màng bảo vệ gì hết, rất không hài lòng","customer_id":26106058,"rating":2,"images":[],"created_at":1643013735,"created_by":{"id":26106058,"name":"hoài Băng","full_name":"hoài Băng","created_time":"2021-12-20 07:36:07","purchased":true,"purchased_at":1639988919},"product_id":109298269,"timeline":{"review_created_date":"2022-01-24 15:42:15","delivery_date":"2021-12-22 12:20:24"}},{"id":14150834,"title":"Hài lòng","content":"Giao hàng rất nhanh, đóng gói cẩn thận. Tuy nhiên, ở mặt sau sách có vài điểm mình không hài lòng:\n- Mã vạch như kiểu dán đại (lúc trước mình mua sách ở Tiki cũng có dán miếng đó mà gỡ ra bị rách giấy luôn, dù lần này gỡ ra được nhưng vẫn còn chất keo).\n- Ngay góc phải phía trên sách hơi bị tróc ra.\n- Có những chỗ bị dơ và nhiều vết màu tối (không chùi được, mình không biết vết đó là màu in nó như vậy hay bị gì nhưng nhìn xấu).","customer_id":15922884,"rating":4,"images":[{"id":2960172,"full_path":"https://salt.tikicdn.com/ts/review/d0/00/20/938e50e707bf2342debfa6a8b5887fe2.jpg"},{"id":2960173,"full_path":"https://salt.tikicdn.com/ts/review/47/e7/d7/565dfe969cc83df33fe8f44b5db55343.jpg"},{"id":2960174,"full_path":"https://salt.tikicdn.com/ts/review/31/d1/61/2e597114587a8edee443939447627995.jpg"}],"created_at":1640783878,"created_by":{"id":15922884,"name":"Ngọc Linh","full_name":"Ngọc Linh","created_time":"2020-01-10 23:27:41","purchased":true,"purchased_at":1640088884},"product_id":109298269,"timeline":{"review_created_date":"2021-12-29 20:17:58","delivery_date":"2021-12-23 07:39:27"}},{"id":12042834,"title":"Cực kì hài lòng","content":"Giao hàng lâu cực ạ. Chất lượng sách thì tuyệt rồi sp không bị lỗi gì có điều Tiki bọc bookcare nay chưa đẹp lắm, mấy năm trc tiki bọc ôm sát cuốn sách nhìn đẹp cực. Mong tiki cải thiện lại nha. Tại dạo này e đặt 4 5 cuốn thì thấy bọc kh được đẹp lắm ạ. \nND truyện okela đấy mn ạ.","customer_id":6079641,"rating":4,"images":[{"id":2464171,"full_path":"https://salt.tikicdn.com/ts/review/1e/67/75/9b74e5954b76e48a511c87195365ea81.jpg"}],"created_at":1630209510,"created_by":{"id":6079641,"name":"Kim Chi","full_name":"Kim Chi","created_time":"2017-11-17 14:51:59","purchased":true,"purchased_at":1628223080},"product_id":109298269,"timeline":{"review_created_date":"2021-08-29 10:58:30","delivery_date":"2021-08-27 10:38:47"}},{"id":14015723,"title":"Cực kì hài lòng","content":"Sản phẩm rất xinh đẹp tuyệt vời, tôi không thể trông đợi gì hơn. Cảm ơn nhà cung cấp, nhà sản xuất, cảm ơn người bán hàng, cảm ơn sàn thương mại điện tử, cảm ơn người vận chuyển để tôi có cơ hội dùng sản phẩm tốt như thế này.","customer_id":24680089,"rating":5,"images":[],"created_at":1640232659,"created_by":{"id":24680089,"name":"Moe umoe","full_name":"Moe umoe","created_time":"2021-11-02 17:14:30","purchased":true,"purchased_at":1640061380},"product_id":109298269,"timeline":{"review_created_date":"2021-12-23 11:10:59","delivery_date":"2021-12-23 11:05:13"}},{"id":11103913,"title":"Cực kì hài lòng","content":"Mình đã có đọc qua tóm tắt nội dung của tập 2 rồi, với cả mình cũng vừa mua tập 1 xong nên chơi lớn mua tập 2 về đọc thử luôn. Mà ai ngờ nội dung ý nghĩa lắm luôn, nét vẽ đẹp, không che chỗ nào được luôn. Sản phẩm đáng mua nha, bao bọc kĩ càng, giao hàng nhanh, hàng chất lượng, hứa sẽ ủng hộ shop nhiều nhiều.","customer_id":11246532,"rating":5,"images":[],"created_at":1626079752,"created_by":{"id":11246532,"name":"Nguyễn Quỳnh Anh","full_name":"Nguyễn Quỳnh Anh","created_time":"2019-03-11 21:01:54","purchased":true,"purchased_at":1625591247},"product_id":109298269,"timeline":{"review_created_date":"2021-07-12 15:49:12","delivery_date":"2021-07-08 11:00:30"}},{"id":14667039,"title":"Không hài lòng","content":"sách rất đẹp hộp hàng về rất may mắn là ít thiệc hại, sách ko đc chao chuốt bảo quản, ko đc bọc mà chỉ đơn giản là bỏ vào hộp ko có bất cứ màng bảo vệ gì hết, rất không hài lòng","customer_id":26106058,"rating":2,"images":[],"created_at":1643013735,"created_by":{"id":26106058,"name":"hoài Băng","full_name":"hoài Băng","created_time":"2021-12-20 07:36:07","purchased":true,"purchased_at":1639988919},"product_id":109298269,"timeline":{"review_created_date":"2022-01-24 15:42:15","delivery_date":"2021-12-22 12:20:24"}},{"id":14150834,"title":"Hài lòng","content":"Giao hàng rất nhanh, đóng gói cẩn thận. Tuy nhiên, ở mặt sau sách có vài điểm mình không hài lòng:\n- Mã vạch như kiểu dán đại (lúc trước mình mua sách ở Tiki cũng có dán miếng đó mà gỡ ra bị rách giấy luôn, dù lần này gỡ ra được nhưng vẫn còn chất keo).\n- Ngay góc phải phía trên sách hơi bị tróc ra.\n- Có những chỗ bị dơ và nhiều vết màu tối (không chùi được, mình không biết vết đó là màu in nó như vậy hay bị gì nhưng nhìn xấu).","customer_id":15922884,"rating":4,"images":[{"id":2960172,"full_path":"https://salt.tikicdn.com/ts/review/d0/00/20/938e50e707bf2342debfa6a8b5887fe2.jpg"},{"id":2960173,"full_path":"https://salt.tikicdn.com/ts/review/47/e7/d7/565dfe969cc83df33fe8f44b5db55343.jpg"},{"id":2960174,"full_path":"https://salt.tikicdn.com/ts/review/31/d1/61/2e597114587a8edee443939447627995.jpg"}],"created_at":1640783878,"created_by":{"id":15922884,"name":"Ngọc Linh","full_name":"Ngọc Linh","created_time":"2020-01-10 23:27:41","purchased":true,"purchased_at":1640088884},"product_id":109298269,"timeline":{"review_created_date":"2021-12-29 20:17:58","delivery_date":"2021-12-23 07:39:27"}},{"id":12042834,"title":"Cực kì hài lòng","content":"Giao hàng lâu cực ạ. Chất lượng sách thì tuyệt rồi sp không bị lỗi gì có điều Tiki bọc bookcare nay chưa đẹp lắm, mấy năm trc tiki bọc ôm sát cuốn sách nhìn đẹp cực. Mong tiki cải thiện lại nha. Tại dạo này e đặt 4 5 cuốn thì thấy bọc kh được đẹp lắm ạ. \nND truyện okela đấy mn ạ.","customer_id":6079641,"rating":4,"images":[{"id":2464171,"full_path":"https://salt.tikicdn.com/ts/review/1e/67/75/9b74e5954b76e48a511c87195365ea81.jpg"}],"created_at":1630209510,"created_by":{"id":6079641,"name":"Kim Chi","full_name":"Kim Chi","created_time":"2017-11-17 14:51:59","purchased":true,"purchased_at":1628223080},"product_id":109298269,"timeline":{"review_created_date":"2021-08-29 10:58:30","delivery_date":"2021-08-27 10:38:47"}},{"id":14015723,"title":"Cực kì hài lòng","content":"Sản phẩm rất xinh đẹp tuyệt vời, tôi không thể trông đợi gì hơn. Cảm ơn nhà cung cấp, nhà sản xuất, cảm ơn người bán hàng, cảm ơn sàn thương mại điện tử, cảm ơn người vận chuyển để tôi có cơ hội dùng sản phẩm tốt như thế này.","customer_id":24680089,"rating":5,"images":[],"created_at":1640232659,"created_by":{"id":24680089,"name":"Moe umoe","full_name":"Moe umoe","created_time":"2021-11-02 17:14:30","purchased":true,"purchased_at":1640061380},"product_id":109298269,"timeline":{"review_created_date":"2021-12-23 11:10:59","delivery_date":"2021-12-23 11:05:13"}},{"id":11103913,"title":"Cực kì hài lòng","content":"Mình đã có đọc qua tóm tắt nội dung của tập 2 rồi, với cả mình cũng vừa mua tập 1 xong nên chơi lớn mua tập 2 về đọc thử luôn. Mà ai ngờ nội dung ý nghĩa lắm luôn, nét vẽ đẹp, không che chỗ nào được luôn. Sản phẩm đáng mua nha, bao bọc kĩ càng, giao hàng nhanh, hàng chất lượng, hứa sẽ ủng hộ shop nhiều nhiều.","customer_id":11246532,"rating":5,"images":[],"created_at":1626079752,"created_by":{"id":11246532,"name":"Nguyễn Quỳnh Anh","full_name":"Nguyễn Quỳnh Anh","created_time":"2019-03-11 21:01:54","purchased":true,"purchased_at":1625591247},"product_id":109298269,"timeline":{"review_created_date":"2021-07-12 15:49:12","delivery_date":"2021-07-08 11:00:30"}},{"id":14667039,"title":"Không hài lòng","content":"sách rất đẹp hộp hàng về rất may mắn là ít thiệc hại, sách ko đc chao chuốt bảo quản, ko đc bọc mà chỉ đơn giản là bỏ vào hộp ko có bất cứ màng bảo vệ gì hết, rất không hài lòng","customer_id":26106058,"rating":2,"images":[],"created_at":1643013735,"created_by":{"id":26106058,"name":"hoài Băng","full_name":"hoài Băng","created_time":"2021-12-20 07:36:07","purchased":true,"purchased_at":1639988919},"product_id":109298269,"timeline":{"review_created_date":"2022-01-24 15:42:15","delivery_date":"2021-12-22 12:20:24"}},{"id":14150834,"title":"Hài lòng","content":"Giao hàng rất nhanh, đóng gói cẩn thận. Tuy nhiên, ở mặt sau sách có vài điểm mình không hài lòng:\n- Mã vạch như kiểu dán đại (lúc trước mình mua sách ở Tiki cũng có dán miếng đó mà gỡ ra bị rách giấy luôn, dù lần này gỡ ra được nhưng vẫn còn chất keo).\n- Ngay góc phải phía trên sách hơi bị tróc ra.\n- Có những chỗ bị dơ và nhiều vết màu tối (không chùi được, mình không biết vết đó là màu in nó như vậy hay bị gì nhưng nhìn xấu).","customer_id":15922884,"rating":4,"images":[{"id":2960172,"full_path":"https://salt.tikicdn.com/ts/review/d0/00/20/938e50e707bf2342debfa6a8b5887fe2.jpg"},{"id":2960173,"full_path":"https://salt.tikicdn.com/ts/review/47/e7/d7/565dfe969cc83df33fe8f44b5db55343.jpg"},{"id":2960174,"full_path":"https://salt.tikicdn.com/ts/review/31/d1/61/2e597114587a8edee443939447627995.jpg"}],"created_at":1640783878,"created_by":{"id":15922884,"name":"Ngọc Linh","full_name":"Ngọc Linh","created_time":"2020-01-10 23:27:41","purchased":true,"purchased_at":1640088884},"product_id":109298269,"timeline":{"review_created_date":"2021-12-29 20:17:58","delivery_date":"2021-12-23 07:39:27"}},{"id":12042834,"title":"Cực kì hài lòng","content":"Giao hàng lâu cực ạ. Chất lượng sách thì tuyệt rồi sp không bị lỗi gì có điều Tiki bọc bookcare nay chưa đẹp lắm, mấy năm trc tiki bọc ôm sát cuốn sách nhìn đẹp cực. Mong tiki cải thiện lại nha. Tại dạo này e đặt 4 5 cuốn thì thấy bọc kh được đẹp lắm ạ. \nND truyện okela đấy mn ạ.","customer_id":6079641,"rating":4,"images":[{"id":2464171,"full_path":"https://salt.tikicdn.com/ts/review/1e/67/75/9b74e5954b76e48a511c87195365ea81.jpg"}],"created_at":1630209510,"created_by":{"id":6079641,"name":"Kim Chi","full_name":"Kim Chi","created_time":"2017-11-17 14:51:59","purchased":true,"purchased_at":1628223080},"product_id":109298269,"timeline":{"review_created_date":"2021-08-29 10:58:30","delivery_date":"2021-08-27 10:38:47"}},{"id":14015723,"title":"Cực kì hài lòng","content":"Sản phẩm rất xinh đẹp tuyệt vời, tôi không thể trông đợi gì hơn. Cảm ơn nhà cung cấp, nhà sản xuất, cảm ơn người bán hàng, cảm ơn sàn thương mại điện tử, cảm ơn người vận chuyển để tôi có cơ hội dùng sản phẩm tốt như thế này.","customer_id":24680089,"rating":5,"images":[],"created_at":1640232659,"created_by":{"id":24680089,"name":"Moe umoe","full_name":"Moe umoe","created_time":"2021-11-02 17:14:30","purchased":true,"purchased_at":1640061380},"product_id":109298269,"timeline":{"review_created_date":"2021-12-23 11:10:59","delivery_date":"2021-12-23 11:05:13"}},{"id":11103913,"title":"Cực kì hài lòng","content":"Mình đã có đọc qua tóm tắt nội dung của tập 2 rồi, với cả mình cũng vừa mua tập 1 xong nên chơi lớn mua tập 2 về đọc thử luôn. Mà ai ngờ nội dung ý nghĩa lắm luôn, nét vẽ đẹp, không che chỗ nào được luôn. Sản phẩm đáng mua nha, bao bọc kĩ càng, giao hàng nhanh, hàng chất lượng, hứa sẽ ủng hộ shop nhiều nhiều.","customer_id":11246532,"rating":5,"images":[],"created_at":1626079752,"created_by":{"id":11246532,"name":"Nguyễn Quỳnh Anh","full_name":"Nguyễn Quỳnh Anh","created_time":"2019-03-11 21:01:54","purchased":true,"purchased_at":1625591247},"product_id":109298269,"timeline":{"review_created_date":"2021-07-12 15:49:12","delivery_date":"2021-07-08 11:00:30"}},{"id":14667039,"title":"Không hài lòng","content":"sách rất đẹp hộp hàng về rất may mắn là ít thiệc hại, sách ko đc chao chuốt bảo quản, ko đc bọc mà chỉ đơn giản là bỏ vào hộp ko có bất cứ màng bảo vệ gì hết, rất không hài lòng","customer_id":26106058,"rating":2,"images":[],"created_at":1643013735,"created_by":{"id":26106058,"name":"hoài Băng","full_name":"hoài Băng","created_time":"2021-12-20 07:36:07","purchased":true,"purchased_at":1639988919},"product_id":109298269,"timeline":{"review_created_date":"2022-01-24 15:42:15","delivery_date":"2021-12-22 12:20:24"}}]}