{"id":110595946,"dbId":12114,"createdAt":1626109200000,"name":"Anh Đến Từ Bên Ngoài Thời Gian","short_description":"Sáng ngày Hai mươi lăm tháng Sáu, một sáng mùa hè đẹp trời, Triệu Chi Viễn tỉnh dậy và nhìn thấy Lục Ngân Kiều lần thứ tư.Vẫn là con hẻm nhỏ nằm trong khu dân cư ồn ào, cũ kĩ của thành phố Bắc Tân, n...","description":"\u003cp\u003eSáng ngày Hai mươi lăm tháng Sáu, một sáng mùa hè đẹp trời, Triệu Chi Viễn tỉnh dậy và nhìn thấy Lục Ngân Kiều lần thứ tư.\u003c/p\u003e\n\u003cp\u003eVẫn là con hẻm nhỏ nằm trong khu dân cư ồn ào, cũ kĩ của thành phố Bắc Tân, những mái ngói tráng men xám, những mảnh đời cần mẫn và một người đàn ông mắc kẹt ở đây suốt bốn mùa hè kỳ lạ. Anh không ngờ mùa hè này lại khó khăn đến vậy. Những ngày chìm đắm trong nỗi ám ảnh sau cái chết của đứa con nuôi, rồi lại đến sự bất lực trước cái chết của người con gái anh yêu tha thiết, những âm mưu từ trong quá khứ, những khúc mắc không cách nào lý giải đã khiến anh không thể thoát ra được.\u003c/p\u003e\n\u003cp\u003eCuộc đời đã ban cho anh một ân huệ, có thể quay ngược lại thời gian để thay đổi kết cục. Nhưng liệu rằng qua bốn lần thời gian lặp lại, lần này anh có cứu được Lục Ngân Kiều và chấm dứt vòng tuần hoàn đầy đau khổ ấy hay không?\u003c/p\u003e\u003cp\u003eGiá sản phẩm trên Tiki đã bao gồm thuế theo luật hiện hành. Bên cạnh đó, tuỳ vào loại sản phẩm, hình thức và địa chỉ giao hàng mà có thể phát sinh thêm chi phí khác như phí vận chuyển, phụ phí hàng cồng kềnh, thuế nhập khẩu (đối với đơn hàng giao từ nước ngoài có giá trị trên 1 triệu đồng).....\u003c/p\u003e","original_price":169000.0,"thumbnail_url":"https://salt.tikicdn.com/cache/280x280/ts/product/10/d8/46/fef114780d48d5104c460a32bb1f5204.jpg","images":[{"base_url":"https://salt.tikicdn.com/ts/product/10/d8/46/fef114780d48d5104c460a32bb1f5204.jpg","dbId":32247},{"base_url":"https://salt.tikicdn.com/ts/product/04/0c/fc/83a852bb7518fa790a433a2e5eb9ac19.jpg","dbId":32248},{"base_url":"https://salt.tikicdn.com/ts/product/18/e2/96/cf2d9422bc0e19eccdd5336ed9694074.png","dbId":32249},{"base_url":"https://salt.tikicdn.com/ts/product/46/17/dc/aff9e3becbe4215a87aae3a5e232e560.png","dbId":32250}],"authors":[{"id":25979,"name":"Huyền Mặc","dbId":6357}],"specifications":[{"name":"Thông tin chung","attributes":[{"name":"Phiên bản sách","value":"Phiên bản thường"},{"name":"Công ty phát hành","value":"Đinh Tị"},{"name":"Ngày xuất bản","value":"2021-07-01 00:00:00"},{"name":"Dịch Giả","value":"Thu Trang"},{"name":"Loại bìa","value":"Bìa mềm"},{"name":"Số trang","value":"524"},{"name":"Nhà xuất bản","value":"Nhà Xuất Bản Văn Học"},{"code":"PUBLICATION_DATE","name":"Kích thước","value":"14.5 x 20.5 cm"}]}],"stock_item":{"qty":1000},"all_time_quantity_sold":92,"reviews":[{"id":18757222,"title":"Cực kì hài lòng","content":"Giao hàng nhanh, chủ nhật đặt mà thứ hai đã giao rồi. Gói hàng ở tình trạng tốt, không bị móp méo chỗ nào cả, Sách thì có cuốn có bookcare, có cuốn không nhưng tất cả đều không bị trầy xước hay gì cả, giao đủ sách. Tiki làm việc rất năng suất nha về điểm này cho tiki hẳn 5 sao luôn.","customer_id":13196251,"rating":5,"images":[{"id":4106785,"full_path":"https://salt.tikicdn.com/ts/review/ef/65/ea/d56145b742501af3f4525f402bb75f62.jpg"},{"id":4106786,"full_path":"https://salt.tikicdn.com/ts/review/20/0a/9e/f0ccf7593a90bfb2f8a3f47b4c936c70.jpg"}],"created_at":1675756256,"created_by":{"id":13196251,"name":"Corinner Rosare","full_name":"Corinner Rosare","created_time":"2019-08-01 21:03:22","purchased":true,"purchased_at":1675001766},"product_id":110595946,"timeline":{"review_created_date":"2023-02-07 14:50:56","delivery_date":"2023-01-30 15:03:30"}},{"id":17323241,"title":"Cực kì hài lòng","content":"bìa đẹp , giao nhanh tác giả Huyền Mặc có rất nhiều truyện hay , đọc phần dẫn truyện đã thấy thu hút thể loại quay về quá khứ cũbg khá thú vị","customer_id":346059,"rating":5,"images":[{"id":3765921,"full_path":"https://salt.tikicdn.com/ts/review/8c/13/db/6535f8f6c948ff16efb63f0f785b8f2e.jpg"},{"id":3765922,"full_path":"https://salt.tikicdn.com/ts/review/53/28/89/8a532567e5208b3713d210222a6130f5.jpg"},{"id":3765923,"full_path":"https://salt.tikicdn.com/ts/review/63/75/bf/73379ccaf875e990ef1845f9ecad3a7b.jpg"}],"created_at":1659802796,"created_by":{"id":346059,"name":"nguyễn thị thuỳ nhiên","full_name":"nguyễn thị thuỳ nhiên","created_time":"2014-05-11 11:33:53","purchased":true,"purchased_at":1659782087},"product_id":110595946,"timeline":{"review_created_date":"2022-08-06 23:19:56","delivery_date":"2022-08-06 19:08:59"}},{"id":14210171,"title":"Hài lòng","content":"Cạnh hơi dơ tí còn cách chỗ khác thì bình thường. Không có màng co bọc sát sách nha.","customer_id":27,"rating":4,"images":[{"id":2973788,"full_path":"https://salt.tikicdn.com/ts/review/82/fd/70/425bc7160629a37e8ae6fa73675749aa.jpg"},{"id":2973789,"full_path":"https://salt.tikicdn.com/ts/review/51/54/f9/72d284395dccebf6702b154b6b9836c6.jpg"},{"id":2973790,"full_path":"https://salt.tikicdn.com/ts/review/c9/1d/a0/1d41a4e316f77fcc2295331c8edcee35.jpg"},{"id":2973791,"full_path":"https://salt.tikicdn.com/ts/review/ac/71/d5/0f8224ff106a5e35888ec6b9bea0491c.jpg"},{"id":2973792,"full_path":"https://salt.tikicdn.com/ts/review/68/3a/76/e39545b2b052466f670eaf31164ed2cd.jpg"}],"created_at":1641093411,"created_by":{"id":27,"name":"Vũ Hương Quỳnh Trang","full_name":"Vũ Hương Quỳnh Trang","created_time":"2010-03-23 16:41:14","purchased":true,"purchased_at":1640974417},"product_id":110595946,"timeline":{"review_created_date":"2022-01-02 10:16:51","delivery_date":"2022-01-01 09:00:56"}},{"id":16719680,"title":"Cực kì hài lòng","content":"May là mình mua được quyển cuối cùng, tác giả này mình rất thích, hiện đã có đủ những quyển được xuất bản ở Việt Nam và dĩ nhiên tậu trên Tiki","customer_id":465520,"rating":5,"images":[{"id":3591144,"full_path":"https://salt.tikicdn.com/ts/review/14/8f/b7/f8462e5316e524d7017c216137e07c86.jpg"}],"created_at":1655278451,"created_by":{"id":465520,"name":"Nguyễn Hân","full_name":"Nguyễn Hân","created_time":"2014-11-02 15:47:31","purchased":true,"purchased_at":1648421558},"product_id":110595946,"timeline":{"review_created_date":"2022-06-15 14:34:11","delivery_date":"2022-03-28 14:10:14"}},{"id":14044827,"title":"Cực kì hài lòng","content":"bìa sách đẹp, câu chuyện tình yêu giữa 2 nhân vật chính khá hay và thú vị, rất đáng tiền","customer_id":24183043,"rating":5,"images":[{"id":3704174,"full_path":"https://salt.tikicdn.com/ts/review/9c/09/f3/31fdca5e46b8e7a1b24a8a17aa63f4b1.jpg"},{"id":3704175,"full_path":"https://salt.tikicdn.com/ts/review/c4/b0/e1/54012660702adb39111bf2e6c7e59420.jpg"},{"id":3704176,"full_path":"https://salt.tikicdn.com/ts/review/11/b8/c3/1755955eac31107b759a6ded68144659.jpg"}],"created_at":1640337556,"created_by":{"id":24183043,"name":"Bình Gia","full_name":"Bình Gia","created_time":"2021-10-16 19:45:22","purchased":true,"purchased_at":1637511130},"product_id":110595946,"timeline":{"review_created_date":"2021-12-24 16:19:16","delivery_date":"2021-11-26 10:51:35"}},{"id":18757222,"title":"Cực kì hài lòng","content":"Giao hàng nhanh, chủ nhật đặt mà thứ hai đã giao rồi. Gói hàng ở tình trạng tốt, không bị móp méo chỗ nào cả, Sách thì có cuốn có bookcare, có cuốn không nhưng tất cả đều không bị trầy xước hay gì cả, giao đủ sách. Tiki làm việc rất năng suất nha về điểm này cho tiki hẳn 5 sao luôn.","customer_id":13196251,"rating":5,"images":[{"id":4106785,"full_path":"https://salt.tikicdn.com/ts/review/ef/65/ea/d56145b742501af3f4525f402bb75f62.jpg"},{"id":4106786,"full_path":"https://salt.tikicdn.com/ts/review/20/0a/9e/f0ccf7593a90bfb2f8a3f47b4c936c70.jpg"}],"created_at":1675756256,"created_by":{"id":13196251,"name":"Corinner Rosare","full_name":"Corinner Rosare","created_time":"2019-08-01 21:03:22","purchased":true,"purchased_at":1675001766},"product_id":110595946,"timeline":{"review_created_date":"2023-02-07 14:50:56","delivery_date":"2023-01-30 15:03:30"}},{"id":17323241,"title":"Cực kì hài lòng","content":"bìa đẹp , giao nhanh tác giả Huyền Mặc có rất nhiều truyện hay , đọc phần dẫn truyện đã thấy thu hút thể loại quay về quá khứ cũbg khá thú vị","customer_id":346059,"rating":5,"images":[{"id":3765921,"full_path":"https://salt.tikicdn.com/ts/review/8c/13/db/6535f8f6c948ff16efb63f0f785b8f2e.jpg"},{"id":3765922,"full_path":"https://salt.tikicdn.com/ts/review/53/28/89/8a532567e5208b3713d210222a6130f5.jpg"},{"id":3765923,"full_path":"https://salt.tikicdn.com/ts/review/63/75/bf/73379ccaf875e990ef1845f9ecad3a7b.jpg"}],"created_at":1659802796,"created_by":{"id":346059,"name":"nguyễn thị thuỳ nhiên","full_name":"nguyễn thị thuỳ nhiên","created_time":"2014-05-11 11:33:53","purchased":true,"purchased_at":1659782087},"product_id":110595946,"timeline":{"review_created_date":"2022-08-06 23:19:56","delivery_date":"2022-08-06 19:08:59"}},{"id":14210171,"title":"Hài lòng","content":"Cạnh hơi dơ tí còn cách chỗ khác thì bình thường. Không có màng co bọc sát sách nha.","customer_id":27,"rating":4,"images":[{"id":2973788,"full_path":"https://salt.tikicdn.com/ts/review/82/fd/70/425bc7160629a37e8ae6fa73675749aa.jpg"},{"id":2973789,"full_path":"https://salt.tikicdn.com/ts/review/51/54/f9/72d284395dccebf6702b154b6b9836c6.jpg"},{"id":2973790,"full_path":"https://salt.tikicdn.com/ts/review/c9/1d/a0/1d41a4e316f77fcc2295331c8edcee35.jpg"},{"id":2973791,"full_path":"https://salt.tikicdn.com/ts/review/ac/71/d5/0f8224ff106a5e35888ec6b9bea0491c.jpg"},{"id":2973792,"full_path":"https://salt.tikicdn.com/ts/review/68/3a/76/e39545b2b052466f670eaf31164ed2cd.jpg"}],"created_at":1641093411,"created_by":{"id":27,"name":"Vũ Hương Quỳnh Trang","full_name":"Vũ Hương Quỳnh Trang","created_time":"2010-03-23 16:41:14","purchased":true,"purchased_at":1640974417},"product_id":110595946,"timeline":{"review_created_date":"2022-01-02 10:16:51","delivery_date":"2022-01-01 09:00:56"}},{"id":16719680,"title":"Cực kì hài lòng","content":"May là mình mua được quyển cuối cùng, tác giả này mình rất thích, hiện đã có đủ những quyển được xuất bản ở Việt Nam và dĩ nhiên tậu trên Tiki","customer_id":465520,"rating":5,"images":[{"id":3591144,"full_path":"https://salt.tikicdn.com/ts/review/14/8f/b7/f8462e5316e524d7017c216137e07c86.jpg"}],"created_at":1655278451,"created_by":{"id":465520,"name":"Nguyễn Hân","full_name":"Nguyễn Hân","created_time":"2014-11-02 15:47:31","purchased":true,"purchased_at":1648421558},"product_id":110595946,"timeline":{"review_created_date":"2022-06-15 14:34:11","delivery_date":"2022-03-28 14:10:14"}},{"id":14044827,"title":"Cực kì hài lòng","content":"bìa sách đẹp, câu chuyện tình yêu giữa 2 nhân vật chính khá hay và thú vị, rất đáng tiền","customer_id":24183043,"rating":5,"images":[{"id":3704174,"full_path":"https://salt.tikicdn.com/ts/review/9c/09/f3/31fdca5e46b8e7a1b24a8a17aa63f4b1.jpg"},{"id":3704175,"full_path":"https://salt.tikicdn.com/ts/review/c4/b0/e1/54012660702adb39111bf2e6c7e59420.jpg"},{"id":3704176,"full_path":"https://salt.tikicdn.com/ts/review/11/b8/c3/1755955eac31107b759a6ded68144659.jpg"}],"created_at":1640337556,"created_by":{"id":24183043,"name":"Bình Gia","full_name":"Bình Gia","created_time":"2021-10-16 19:45:22","purchased":true,"purchased_at":1637511130},"product_id":110595946,"timeline":{"review_created_date":"2021-12-24 16:19:16","delivery_date":"2021-11-26 10:51:35"}},{"id":18757222,"title":"Cực kì hài lòng","content":"Giao hàng nhanh, chủ nhật đặt mà thứ hai đã giao rồi. Gói hàng ở tình trạng tốt, không bị móp méo chỗ nào cả, Sách thì có cuốn có bookcare, có cuốn không nhưng tất cả đều không bị trầy xước hay gì cả, giao đủ sách. Tiki làm việc rất năng suất nha về điểm này cho tiki hẳn 5 sao luôn.","customer_id":13196251,"rating":5,"images":[{"id":4106785,"full_path":"https://salt.tikicdn.com/ts/review/ef/65/ea/d56145b742501af3f4525f402bb75f62.jpg"},{"id":4106786,"full_path":"https://salt.tikicdn.com/ts/review/20/0a/9e/f0ccf7593a90bfb2f8a3f47b4c936c70.jpg"}],"created_at":1675756256,"created_by":{"id":13196251,"name":"Corinner Rosare","full_name":"Corinner Rosare","created_time":"2019-08-01 21:03:22","purchased":true,"purchased_at":1675001766},"product_id":110595946,"timeline":{"review_created_date":"2023-02-07 14:50:56","delivery_date":"2023-01-30 15:03:30"}},{"id":17323241,"title":"Cực kì hài lòng","content":"bìa đẹp , giao nhanh tác giả Huyền Mặc có rất nhiều truyện hay , đọc phần dẫn truyện đã thấy thu hút thể loại quay về quá khứ cũbg khá thú vị","customer_id":346059,"rating":5,"images":[{"id":3765921,"full_path":"https://salt.tikicdn.com/ts/review/8c/13/db/6535f8f6c948ff16efb63f0f785b8f2e.jpg"},{"id":3765922,"full_path":"https://salt.tikicdn.com/ts/review/53/28/89/8a532567e5208b3713d210222a6130f5.jpg"},{"id":3765923,"full_path":"https://salt.tikicdn.com/ts/review/63/75/bf/73379ccaf875e990ef1845f9ecad3a7b.jpg"}],"created_at":1659802796,"created_by":{"id":346059,"name":"nguyễn thị thuỳ nhiên","full_name":"nguyễn thị thuỳ nhiên","created_time":"2014-05-11 11:33:53","purchased":true,"purchased_at":1659782087},"product_id":110595946,"timeline":{"review_created_date":"2022-08-06 23:19:56","delivery_date":"2022-08-06 19:08:59"}},{"id":14210171,"title":"Hài lòng","content":"Cạnh hơi dơ tí còn cách chỗ khác thì bình thường. Không có màng co bọc sát sách nha.","customer_id":27,"rating":4,"images":[{"id":2973788,"full_path":"https://salt.tikicdn.com/ts/review/82/fd/70/425bc7160629a37e8ae6fa73675749aa.jpg"},{"id":2973789,"full_path":"https://salt.tikicdn.com/ts/review/51/54/f9/72d284395dccebf6702b154b6b9836c6.jpg"},{"id":2973790,"full_path":"https://salt.tikicdn.com/ts/review/c9/1d/a0/1d41a4e316f77fcc2295331c8edcee35.jpg"},{"id":2973791,"full_path":"https://salt.tikicdn.com/ts/review/ac/71/d5/0f8224ff106a5e35888ec6b9bea0491c.jpg"},{"id":2973792,"full_path":"https://salt.tikicdn.com/ts/review/68/3a/76/e39545b2b052466f670eaf31164ed2cd.jpg"}],"created_at":1641093411,"created_by":{"id":27,"name":"Vũ Hương Quỳnh Trang","full_name":"Vũ Hương Quỳnh Trang","created_time":"2010-03-23 16:41:14","purchased":true,"purchased_at":1640974417},"product_id":110595946,"timeline":{"review_created_date":"2022-01-02 10:16:51","delivery_date":"2022-01-01 09:00:56"}},{"id":16719680,"title":"Cực kì hài lòng","content":"May là mình mua được quyển cuối cùng, tác giả này mình rất thích, hiện đã có đủ những quyển được xuất bản ở Việt Nam và dĩ nhiên tậu trên Tiki","customer_id":465520,"rating":5,"images":[{"id":3591144,"full_path":"https://salt.tikicdn.com/ts/review/14/8f/b7/f8462e5316e524d7017c216137e07c86.jpg"}],"created_at":1655278451,"created_by":{"id":465520,"name":"Nguyễn Hân","full_name":"Nguyễn Hân","created_time":"2014-11-02 15:47:31","purchased":true,"purchased_at":1648421558},"product_id":110595946,"timeline":{"review_created_date":"2022-06-15 14:34:11","delivery_date":"2022-03-28 14:10:14"}},{"id":14044827,"title":"Cực kì hài lòng","content":"bìa sách đẹp, câu chuyện tình yêu giữa 2 nhân vật chính khá hay và thú vị, rất đáng tiền","customer_id":24183043,"rating":5,"images":[{"id":3704174,"full_path":"https://salt.tikicdn.com/ts/review/9c/09/f3/31fdca5e46b8e7a1b24a8a17aa63f4b1.jpg"},{"id":3704175,"full_path":"https://salt.tikicdn.com/ts/review/c4/b0/e1/54012660702adb39111bf2e6c7e59420.jpg"},{"id":3704176,"full_path":"https://salt.tikicdn.com/ts/review/11/b8/c3/1755955eac31107b759a6ded68144659.jpg"}],"created_at":1640337556,"created_by":{"id":24183043,"name":"Bình Gia","full_name":"Bình Gia","created_time":"2021-10-16 19:45:22","purchased":true,"purchased_at":1637511130},"product_id":110595946,"timeline":{"review_created_date":"2021-12-24 16:19:16","delivery_date":"2021-11-26 10:51:35"}},{"id":18757222,"title":"Cực kì hài lòng","content":"Giao hàng nhanh, chủ nhật đặt mà thứ hai đã giao rồi. Gói hàng ở tình trạng tốt, không bị móp méo chỗ nào cả, Sách thì có cuốn có bookcare, có cuốn không nhưng tất cả đều không bị trầy xước hay gì cả, giao đủ sách. Tiki làm việc rất năng suất nha về điểm này cho tiki hẳn 5 sao luôn.","customer_id":13196251,"rating":5,"images":[{"id":4106785,"full_path":"https://salt.tikicdn.com/ts/review/ef/65/ea/d56145b742501af3f4525f402bb75f62.jpg"},{"id":4106786,"full_path":"https://salt.tikicdn.com/ts/review/20/0a/9e/f0ccf7593a90bfb2f8a3f47b4c936c70.jpg"}],"created_at":1675756256,"created_by":{"id":13196251,"name":"Corinner Rosare","full_name":"Corinner Rosare","created_time":"2019-08-01 21:03:22","purchased":true,"purchased_at":1675001766},"product_id":110595946,"timeline":{"review_created_date":"2023-02-07 14:50:56","delivery_date":"2023-01-30 15:03:30"}},{"id":17323241,"title":"Cực kì hài lòng","content":"bìa đẹp , giao nhanh tác giả Huyền Mặc có rất nhiều truyện hay , đọc phần dẫn truyện đã thấy thu hút thể loại quay về quá khứ cũbg khá thú vị","customer_id":346059,"rating":5,"images":[{"id":3765921,"full_path":"https://salt.tikicdn.com/ts/review/8c/13/db/6535f8f6c948ff16efb63f0f785b8f2e.jpg"},{"id":3765922,"full_path":"https://salt.tikicdn.com/ts/review/53/28/89/8a532567e5208b3713d210222a6130f5.jpg"},{"id":3765923,"full_path":"https://salt.tikicdn.com/ts/review/63/75/bf/73379ccaf875e990ef1845f9ecad3a7b.jpg"}],"created_at":1659802796,"created_by":{"id":346059,"name":"nguyễn thị thuỳ nhiên","full_name":"nguyễn thị thuỳ nhiên","created_time":"2014-05-11 11:33:53","purchased":true,"purchased_at":1659782087},"product_id":110595946,"timeline":{"review_created_date":"2022-08-06 23:19:56","delivery_date":"2022-08-06 19:08:59"}},{"id":14210171,"title":"Hài lòng","content":"Cạnh hơi dơ tí còn cách chỗ khác thì bình thường. Không có màng co bọc sát sách nha.","customer_id":27,"rating":4,"images":[{"id":2973788,"full_path":"https://salt.tikicdn.com/ts/review/82/fd/70/425bc7160629a37e8ae6fa73675749aa.jpg"},{"id":2973789,"full_path":"https://salt.tikicdn.com/ts/review/51/54/f9/72d284395dccebf6702b154b6b9836c6.jpg"},{"id":2973790,"full_path":"https://salt.tikicdn.com/ts/review/c9/1d/a0/1d41a4e316f77fcc2295331c8edcee35.jpg"},{"id":2973791,"full_path":"https://salt.tikicdn.com/ts/review/ac/71/d5/0f8224ff106a5e35888ec6b9bea0491c.jpg"},{"id":2973792,"full_path":"https://salt.tikicdn.com/ts/review/68/3a/76/e39545b2b052466f670eaf31164ed2cd.jpg"}],"created_at":1641093411,"created_by":{"id":27,"name":"Vũ Hương Quỳnh Trang","full_name":"Vũ Hương Quỳnh Trang","created_time":"2010-03-23 16:41:14","purchased":true,"purchased_at":1640974417},"product_id":110595946,"timeline":{"review_created_date":"2022-01-02 10:16:51","delivery_date":"2022-01-01 09:00:56"}},{"id":16719680,"title":"Cực kì hài lòng","content":"May là mình mua được quyển cuối cùng, tác giả này mình rất thích, hiện đã có đủ những quyển được xuất bản ở Việt Nam và dĩ nhiên tậu trên Tiki","customer_id":465520,"rating":5,"images":[{"id":3591144,"full_path":"https://salt.tikicdn.com/ts/review/14/8f/b7/f8462e5316e524d7017c216137e07c86.jpg"}],"created_at":1655278451,"created_by":{"id":465520,"name":"Nguyễn Hân","full_name":"Nguyễn Hân","created_time":"2014-11-02 15:47:31","purchased":true,"purchased_at":1648421558},"product_id":110595946,"timeline":{"review_created_date":"2022-06-15 14:34:11","delivery_date":"2022-03-28 14:10:14"}},{"id":14044827,"title":"Cực kì hài lòng","content":"bìa sách đẹp, câu chuyện tình yêu giữa 2 nhân vật chính khá hay và thú vị, rất đáng tiền","customer_id":24183043,"rating":5,"images":[{"id":3704174,"full_path":"https://salt.tikicdn.com/ts/review/9c/09/f3/31fdca5e46b8e7a1b24a8a17aa63f4b1.jpg"},{"id":3704175,"full_path":"https://salt.tikicdn.com/ts/review/c4/b0/e1/54012660702adb39111bf2e6c7e59420.jpg"},{"id":3704176,"full_path":"https://salt.tikicdn.com/ts/review/11/b8/c3/1755955eac31107b759a6ded68144659.jpg"}],"created_at":1640337556,"created_by":{"id":24183043,"name":"Bình Gia","full_name":"Bình Gia","created_time":"2021-10-16 19:45:22","purchased":true,"purchased_at":1637511130},"product_id":110595946,"timeline":{"review_created_date":"2021-12-24 16:19:16","delivery_date":"2021-11-26 10:51:35"}}]}