{"id":110850682,"dbId":11501,"createdAt":1626627600000,"name":"Thế Cục Quỷ Cốc Tử Tập 12","short_description":"Quỷ Cốc Tử vốn là thế ngoại cao nhân, không màng thế sự. Xót thương trăm họ lầm than bởi binh hỏa phân tranh, nên quyết định tạm gác tu tiên, thao túng ván cờ thiên hạ.Tứ đại đệ tử Tôn Tẫn, Bàng Quyê...","description":"Quỷ Cốc Tử vốn là thế ngoại cao nhân, không màng thế sự. Xót thương trăm họ lầm than bởi binh hỏa phân tranh, nên quyết định tạm gác tu tiên, thao túng ván cờ thiên hạ.\n\u003cp\u003eTứ đại đệ tử Tôn Tẫn, Bàng Quyên, Trương Nghi, Tô Tần được tôi rèn thành 4 quân cờ chủ chốt trong ván cờ thiên hạ. Song phàm là con người, ai cũng có hỉ nộ ái ố, ai cũng có tư tình tư lợi, không phải những quân cờ vô tri mặc người điều khiển. Bốn đệ tử tính cách có khác biệt, nhân phẩm có cao thấp, lý tưởng có xa gần, sau khi hạ sơn, lập tức mỗi người 1 hướng.\u003c/p\u003e\n\u003cp\u003eBốn quân cờ do Quỷ Cốc Tử tung ra, liệu có vuột khỏi tay ông mà khiến thiên hạ loạn càng thêm loạn?\u003c/p\u003e\n\u003cp\u003eBộ tiểu thuyết trường thiên Chiến Quốc tung hoành - Thế cục Quỷ Cốc Tử không chỉ là 1 pho lịch sử bi tráng, mà còn là 1 bộ toàn thư sống động về mưu lược, mở ra cảnh giới tối cực của trí tuệ và âm mưu, chính nghĩa và âm hiể\u003c/p\u003e\u003cp\u003eGiá sản phẩm trên Tiki đã bao gồm thuế theo luật hiện hành. Bên cạnh đó, tuỳ vào loại sản phẩm, hình thức và địa chỉ giao hàng mà có thể phát sinh thêm chi phí khác như phí vận chuyển, phụ phí hàng cồng kềnh, thuế nhập khẩu (đối với đơn hàng giao từ nước ngoài có giá trị trên 1 triệu đồng).....\u003c/p\u003e","original_price":195000.0,"thumbnail_url":"https://salt.tikicdn.com/cache/280x280/ts/product/e9/64/58/a1870d82da3851c49df446ce2550c50b.jpg","images":[{"base_url":"https://salt.tikicdn.com/ts/product/e9/64/58/a1870d82da3851c49df446ce2550c50b.jpg","dbId":30589},{"base_url":"https://salt.tikicdn.com/ts/product/22/c7/1d/5bba7b1d537c2f3f0f045701a82a2a0a.jpg","dbId":30590}],"authors":[{"id":24810,"name":"Hàn Xuyên Tử","dbId":5915}],"specifications":[{"name":"Thông tin chung","attributes":[{"name":"Công ty phát hành","value":"Huy Hoàng Bookstore"},{"name":"Ngày xuất bản","value":"2021-07-01 00:00:00"},{"name":"Dịch Giả","value":"An Lạc Group"},{"name":"Loại bìa","value":"Bìa mềm"},{"name":"Số trang","value":"219"},{"name":"Phương thức giao hàng Seller Delivery","value":"Nhà bán giao hàng cho khách hàng"},{"name":"Nhà xuất bản","value":"Nhà Xuất Bản Văn Học"},{"code":"PUBLICATION_DATE","name":"Kích thước","value":"13.5 x 20.5 cm"}]}],"stock_item":{"qty":1000},"all_time_quantity_sold":28,"reviews":[{"id":12247239,"title":"Cực kì hài lòng","content":"Chiến Quốc tung hoành: Thế cục Quỷ Cốc Tử\" của tác giả Hàn Xuyên Tử là sự hội tụ của trí tuệ và âm mưu, tài năng hùng biện cao siêu và chiến thuật, mưu lược xuất sắc. Chiến Quốc tung hoành: Thế cục Quỷ Cốc Tử gồm 13 tập (lúc đầu TB có 12 tập)","customer_id":8198009,"rating":5,"images":[{"id":2506863,"full_path":"https://salt.tikicdn.com/ts/review/0c/65/a0/21ad2404d7abfc91393e127233374c36.jpg"},{"id":2506864,"full_path":"https://salt.tikicdn.com/ts/review/cc/97/80/3439cb8dd8258b187b48963cb71477b0.jpg"},{"id":2506865,"full_path":"https://salt.tikicdn.com/ts/review/2b/38/61/c5dd3ecdf09502f3bcbfce99e0966972.jpg"}],"created_at":1632024579,"created_by":{"id":8198009,"name":"Ken Nguyễn","full_name":"Ken Nguyễn","created_time":"2018-10-02 13:46:59","purchased":true,"purchased_at":1628388169},"product_id":110850682,"timeline":{"review_created_date":"2021-09-19 11:09:39","delivery_date":"2021-08-16 18:26:31"}},{"id":16801537,"title":"Cực kì hài lòng","content":"Quá hay, quá hấp dẫn không biết kết cuộc của hai người Tô Tần, Trương Nghi sẽ như thế nào. Nhận ra rằng ai cũng có sứ mệnh của riêng mình trong thế giới này.","customer_id":1131301,"rating":5,"images":[{"id":3615051,"full_path":"https://salt.tikicdn.com/ts/review/39/51/c9/cfb82640a0425ef4e03a382957f7fb07.jpg"},{"id":3615052,"full_path":"https://salt.tikicdn.com/ts/review/e0/67/bf/be8e15ddcdcae5690304c2a3174bbe16.jpg"},{"id":3615053,"full_path":"https://salt.tikicdn.com/ts/review/d2/a7/6f/4d7acb8eeb1aa8e3b22b10264ea3f023.jpg"}],"created_at":1655888490,"created_by":{"id":1131301,"name":"King James","full_name":"King James","created_time":"2016-01-26 13:33:01","purchased":true,"purchased_at":1650000711},"product_id":110850682,"timeline":{"review_created_date":"2022-06-22 16:01:30","delivery_date":"2022-04-16 09:11:42"}},{"id":17380575,"title":"Cực kì hài lòng","content":"Truyện đọc cực kỳ hay,  rất nhiều triết lý sâu xa. Cách dẫn truyện cực cuốn luôn ấy. Mình đọc khá nhiều tiểu thuyết lịch sử mà thấy bộ này đứng top 1 chả phải bàn cãi luôn","customer_id":12259697,"rating":5,"images":[{"id":3784311,"full_path":"https://salt.tikicdn.com/ts/review/bf/2c/78/7bcf90392f72f853b05bcbba37be8255.jpg"}],"created_at":1660216611,"created_by":{"id":12259697,"name":"Phi Đẹp Trai","full_name":"Phi Đẹp Trai","created_time":"2019-05-27 14:01:44","purchased":true,"purchased_at":1659957767},"product_id":110850682,"timeline":{"review_created_date":"2022-08-11 18:16:51","delivery_date":"2022-08-10 09:07:05"}},{"id":12132258,"title":"Cực kì hài lòng","content":"Các tập tiếp theo in theo ấn bản mới lạc tông với bộ 8 tập đầu tiên ghê, khác cả decor, chất liệu giấy. Chưa kể tiki chỉ có 10,11,12, vậy tập 9 đâu ta.","customer_id":357419,"rating":5,"images":[{"id":2481372,"full_path":"https://salt.tikicdn.com/ts/review/ba/37/84/462431607013374e0553896bd323e9d9.jpg"},{"id":2481373,"full_path":"https://salt.tikicdn.com/ts/review/3a/4b/1d/8e9b80d5e70673c8b0289e04d50868cb.jpg"},{"id":2481374,"full_path":"https://salt.tikicdn.com/ts/review/d6/99/a7/c94db9fdc4bc4ad4261e7c088ce5466e.jpg"}],"created_at":1631098541,"created_by":{"id":357419,"name":"Phạm Đức Thái","full_name":"Phạm Đức Thái","created_time":"2014-05-31 18:34:39","purchased":true,"purchased_at":1630970542},"product_id":110850682,"timeline":{"review_created_date":"2021-09-08 17:55:41","delivery_date":"2021-09-07 09:13:27"}},{"id":17267580,"title":"Cực kì hài lòng","content":"Sách bao bọc kỹ, khi nhận không mố méo trầy xước, còn mới cong. Giấy chất lượng ổn áp.\r\nSách nội dung hay. Ra cũng lâu rồi không biết bao giờ mới hết.","customer_id":67077,"rating":5,"images":[{"id":3749127,"full_path":"https://salt.tikicdn.com/ts/review/d2/e2/9f/592fb38cf4a5ccd84fdd4c747f3812ea.jpg"}],"created_at":1659340304,"created_by":{"id":67077,"name":"Nguyễn Võ Lâm","full_name":"Nguyễn Võ Lâm","created_time":"2012-11-02 22:27:07","purchased":true,"purchased_at":1658288292},"product_id":110850682,"timeline":{"review_created_date":"2022-08-01 14:51:44","delivery_date":"2022-07-21 11:26:04"}},{"id":12247239,"title":"Cực kì hài lòng","content":"Chiến Quốc tung hoành: Thế cục Quỷ Cốc Tử\" của tác giả Hàn Xuyên Tử là sự hội tụ của trí tuệ và âm mưu, tài năng hùng biện cao siêu và chiến thuật, mưu lược xuất sắc. Chiến Quốc tung hoành: Thế cục Quỷ Cốc Tử gồm 13 tập (lúc đầu TB có 12 tập)","customer_id":8198009,"rating":5,"images":[{"id":2506863,"full_path":"https://salt.tikicdn.com/ts/review/0c/65/a0/21ad2404d7abfc91393e127233374c36.jpg"},{"id":2506864,"full_path":"https://salt.tikicdn.com/ts/review/cc/97/80/3439cb8dd8258b187b48963cb71477b0.jpg"},{"id":2506865,"full_path":"https://salt.tikicdn.com/ts/review/2b/38/61/c5dd3ecdf09502f3bcbfce99e0966972.jpg"}],"created_at":1632024579,"created_by":{"id":8198009,"name":"Ken Nguyễn","full_name":"Ken Nguyễn","created_time":"2018-10-02 13:46:59","purchased":true,"purchased_at":1628388169},"product_id":110850682,"timeline":{"review_created_date":"2021-09-19 11:09:39","delivery_date":"2021-08-16 18:26:31"}},{"id":16801537,"title":"Cực kì hài lòng","content":"Quá hay, quá hấp dẫn không biết kết cuộc của hai người Tô Tần, Trương Nghi sẽ như thế nào. Nhận ra rằng ai cũng có sứ mệnh của riêng mình trong thế giới này.","customer_id":1131301,"rating":5,"images":[{"id":3615051,"full_path":"https://salt.tikicdn.com/ts/review/39/51/c9/cfb82640a0425ef4e03a382957f7fb07.jpg"},{"id":3615052,"full_path":"https://salt.tikicdn.com/ts/review/e0/67/bf/be8e15ddcdcae5690304c2a3174bbe16.jpg"},{"id":3615053,"full_path":"https://salt.tikicdn.com/ts/review/d2/a7/6f/4d7acb8eeb1aa8e3b22b10264ea3f023.jpg"}],"created_at":1655888490,"created_by":{"id":1131301,"name":"King James","full_name":"King James","created_time":"2016-01-26 13:33:01","purchased":true,"purchased_at":1650000711},"product_id":110850682,"timeline":{"review_created_date":"2022-06-22 16:01:30","delivery_date":"2022-04-16 09:11:42"}},{"id":17380575,"title":"Cực kì hài lòng","content":"Truyện đọc cực kỳ hay,  rất nhiều triết lý sâu xa. Cách dẫn truyện cực cuốn luôn ấy. Mình đọc khá nhiều tiểu thuyết lịch sử mà thấy bộ này đứng top 1 chả phải bàn cãi luôn","customer_id":12259697,"rating":5,"images":[{"id":3784311,"full_path":"https://salt.tikicdn.com/ts/review/bf/2c/78/7bcf90392f72f853b05bcbba37be8255.jpg"}],"created_at":1660216611,"created_by":{"id":12259697,"name":"Phi Đẹp Trai","full_name":"Phi Đẹp Trai","created_time":"2019-05-27 14:01:44","purchased":true,"purchased_at":1659957767},"product_id":110850682,"timeline":{"review_created_date":"2022-08-11 18:16:51","delivery_date":"2022-08-10 09:07:05"}},{"id":12132258,"title":"Cực kì hài lòng","content":"Các tập tiếp theo in theo ấn bản mới lạc tông với bộ 8 tập đầu tiên ghê, khác cả decor, chất liệu giấy. Chưa kể tiki chỉ có 10,11,12, vậy tập 9 đâu ta.","customer_id":357419,"rating":5,"images":[{"id":2481372,"full_path":"https://salt.tikicdn.com/ts/review/ba/37/84/462431607013374e0553896bd323e9d9.jpg"},{"id":2481373,"full_path":"https://salt.tikicdn.com/ts/review/3a/4b/1d/8e9b80d5e70673c8b0289e04d50868cb.jpg"},{"id":2481374,"full_path":"https://salt.tikicdn.com/ts/review/d6/99/a7/c94db9fdc4bc4ad4261e7c088ce5466e.jpg"}],"created_at":1631098541,"created_by":{"id":357419,"name":"Phạm Đức Thái","full_name":"Phạm Đức Thái","created_time":"2014-05-31 18:34:39","purchased":true,"purchased_at":1630970542},"product_id":110850682,"timeline":{"review_created_date":"2021-09-08 17:55:41","delivery_date":"2021-09-07 09:13:27"}},{"id":17267580,"title":"Cực kì hài lòng","content":"Sách bao bọc kỹ, khi nhận không mố méo trầy xước, còn mới cong. Giấy chất lượng ổn áp.\r\nSách nội dung hay. Ra cũng lâu rồi không biết bao giờ mới hết.","customer_id":67077,"rating":5,"images":[{"id":3749127,"full_path":"https://salt.tikicdn.com/ts/review/d2/e2/9f/592fb38cf4a5ccd84fdd4c747f3812ea.jpg"}],"created_at":1659340304,"created_by":{"id":67077,"name":"Nguyễn Võ Lâm","full_name":"Nguyễn Võ Lâm","created_time":"2012-11-02 22:27:07","purchased":true,"purchased_at":1658288292},"product_id":110850682,"timeline":{"review_created_date":"2022-08-01 14:51:44","delivery_date":"2022-07-21 11:26:04"}},{"id":12247239,"title":"Cực kì hài lòng","content":"Chiến Quốc tung hoành: Thế cục Quỷ Cốc Tử\" của tác giả Hàn Xuyên Tử là sự hội tụ của trí tuệ và âm mưu, tài năng hùng biện cao siêu và chiến thuật, mưu lược xuất sắc. Chiến Quốc tung hoành: Thế cục Quỷ Cốc Tử gồm 13 tập (lúc đầu TB có 12 tập)","customer_id":8198009,"rating":5,"images":[{"id":2506863,"full_path":"https://salt.tikicdn.com/ts/review/0c/65/a0/21ad2404d7abfc91393e127233374c36.jpg"},{"id":2506864,"full_path":"https://salt.tikicdn.com/ts/review/cc/97/80/3439cb8dd8258b187b48963cb71477b0.jpg"},{"id":2506865,"full_path":"https://salt.tikicdn.com/ts/review/2b/38/61/c5dd3ecdf09502f3bcbfce99e0966972.jpg"}],"created_at":1632024579,"created_by":{"id":8198009,"name":"Ken Nguyễn","full_name":"Ken Nguyễn","created_time":"2018-10-02 13:46:59","purchased":true,"purchased_at":1628388169},"product_id":110850682,"timeline":{"review_created_date":"2021-09-19 11:09:39","delivery_date":"2021-08-16 18:26:31"}},{"id":16801537,"title":"Cực kì hài lòng","content":"Quá hay, quá hấp dẫn không biết kết cuộc của hai người Tô Tần, Trương Nghi sẽ như thế nào. Nhận ra rằng ai cũng có sứ mệnh của riêng mình trong thế giới này.","customer_id":1131301,"rating":5,"images":[{"id":3615051,"full_path":"https://salt.tikicdn.com/ts/review/39/51/c9/cfb82640a0425ef4e03a382957f7fb07.jpg"},{"id":3615052,"full_path":"https://salt.tikicdn.com/ts/review/e0/67/bf/be8e15ddcdcae5690304c2a3174bbe16.jpg"},{"id":3615053,"full_path":"https://salt.tikicdn.com/ts/review/d2/a7/6f/4d7acb8eeb1aa8e3b22b10264ea3f023.jpg"}],"created_at":1655888490,"created_by":{"id":1131301,"name":"King James","full_name":"King James","created_time":"2016-01-26 13:33:01","purchased":true,"purchased_at":1650000711},"product_id":110850682,"timeline":{"review_created_date":"2022-06-22 16:01:30","delivery_date":"2022-04-16 09:11:42"}},{"id":17380575,"title":"Cực kì hài lòng","content":"Truyện đọc cực kỳ hay,  rất nhiều triết lý sâu xa. Cách dẫn truyện cực cuốn luôn ấy. Mình đọc khá nhiều tiểu thuyết lịch sử mà thấy bộ này đứng top 1 chả phải bàn cãi luôn","customer_id":12259697,"rating":5,"images":[{"id":3784311,"full_path":"https://salt.tikicdn.com/ts/review/bf/2c/78/7bcf90392f72f853b05bcbba37be8255.jpg"}],"created_at":1660216611,"created_by":{"id":12259697,"name":"Phi Đẹp Trai","full_name":"Phi Đẹp Trai","created_time":"2019-05-27 14:01:44","purchased":true,"purchased_at":1659957767},"product_id":110850682,"timeline":{"review_created_date":"2022-08-11 18:16:51","delivery_date":"2022-08-10 09:07:05"}},{"id":12132258,"title":"Cực kì hài lòng","content":"Các tập tiếp theo in theo ấn bản mới lạc tông với bộ 8 tập đầu tiên ghê, khác cả decor, chất liệu giấy. Chưa kể tiki chỉ có 10,11,12, vậy tập 9 đâu ta.","customer_id":357419,"rating":5,"images":[{"id":2481372,"full_path":"https://salt.tikicdn.com/ts/review/ba/37/84/462431607013374e0553896bd323e9d9.jpg"},{"id":2481373,"full_path":"https://salt.tikicdn.com/ts/review/3a/4b/1d/8e9b80d5e70673c8b0289e04d50868cb.jpg"},{"id":2481374,"full_path":"https://salt.tikicdn.com/ts/review/d6/99/a7/c94db9fdc4bc4ad4261e7c088ce5466e.jpg"}],"created_at":1631098541,"created_by":{"id":357419,"name":"Phạm Đức Thái","full_name":"Phạm Đức Thái","created_time":"2014-05-31 18:34:39","purchased":true,"purchased_at":1630970542},"product_id":110850682,"timeline":{"review_created_date":"2021-09-08 17:55:41","delivery_date":"2021-09-07 09:13:27"}},{"id":17267580,"title":"Cực kì hài lòng","content":"Sách bao bọc kỹ, khi nhận không mố méo trầy xước, còn mới cong. Giấy chất lượng ổn áp.\r\nSách nội dung hay. Ra cũng lâu rồi không biết bao giờ mới hết.","customer_id":67077,"rating":5,"images":[{"id":3749127,"full_path":"https://salt.tikicdn.com/ts/review/d2/e2/9f/592fb38cf4a5ccd84fdd4c747f3812ea.jpg"}],"created_at":1659340304,"created_by":{"id":67077,"name":"Nguyễn Võ Lâm","full_name":"Nguyễn Võ Lâm","created_time":"2012-11-02 22:27:07","purchased":true,"purchased_at":1658288292},"product_id":110850682,"timeline":{"review_created_date":"2022-08-01 14:51:44","delivery_date":"2022-07-21 11:26:04"}},{"id":12247239,"title":"Cực kì hài lòng","content":"Chiến Quốc tung hoành: Thế cục Quỷ Cốc Tử\" của tác giả Hàn Xuyên Tử là sự hội tụ của trí tuệ và âm mưu, tài năng hùng biện cao siêu và chiến thuật, mưu lược xuất sắc. Chiến Quốc tung hoành: Thế cục Quỷ Cốc Tử gồm 13 tập (lúc đầu TB có 12 tập)","customer_id":8198009,"rating":5,"images":[{"id":2506863,"full_path":"https://salt.tikicdn.com/ts/review/0c/65/a0/21ad2404d7abfc91393e127233374c36.jpg"},{"id":2506864,"full_path":"https://salt.tikicdn.com/ts/review/cc/97/80/3439cb8dd8258b187b48963cb71477b0.jpg"},{"id":2506865,"full_path":"https://salt.tikicdn.com/ts/review/2b/38/61/c5dd3ecdf09502f3bcbfce99e0966972.jpg"}],"created_at":1632024579,"created_by":{"id":8198009,"name":"Ken Nguyễn","full_name":"Ken Nguyễn","created_time":"2018-10-02 13:46:59","purchased":true,"purchased_at":1628388169},"product_id":110850682,"timeline":{"review_created_date":"2021-09-19 11:09:39","delivery_date":"2021-08-16 18:26:31"}},{"id":16801537,"title":"Cực kì hài lòng","content":"Quá hay, quá hấp dẫn không biết kết cuộc của hai người Tô Tần, Trương Nghi sẽ như thế nào. Nhận ra rằng ai cũng có sứ mệnh của riêng mình trong thế giới này.","customer_id":1131301,"rating":5,"images":[{"id":3615051,"full_path":"https://salt.tikicdn.com/ts/review/39/51/c9/cfb82640a0425ef4e03a382957f7fb07.jpg"},{"id":3615052,"full_path":"https://salt.tikicdn.com/ts/review/e0/67/bf/be8e15ddcdcae5690304c2a3174bbe16.jpg"},{"id":3615053,"full_path":"https://salt.tikicdn.com/ts/review/d2/a7/6f/4d7acb8eeb1aa8e3b22b10264ea3f023.jpg"}],"created_at":1655888490,"created_by":{"id":1131301,"name":"King James","full_name":"King James","created_time":"2016-01-26 13:33:01","purchased":true,"purchased_at":1650000711},"product_id":110850682,"timeline":{"review_created_date":"2022-06-22 16:01:30","delivery_date":"2022-04-16 09:11:42"}},{"id":17380575,"title":"Cực kì hài lòng","content":"Truyện đọc cực kỳ hay,  rất nhiều triết lý sâu xa. Cách dẫn truyện cực cuốn luôn ấy. Mình đọc khá nhiều tiểu thuyết lịch sử mà thấy bộ này đứng top 1 chả phải bàn cãi luôn","customer_id":12259697,"rating":5,"images":[{"id":3784311,"full_path":"https://salt.tikicdn.com/ts/review/bf/2c/78/7bcf90392f72f853b05bcbba37be8255.jpg"}],"created_at":1660216611,"created_by":{"id":12259697,"name":"Phi Đẹp Trai","full_name":"Phi Đẹp Trai","created_time":"2019-05-27 14:01:44","purchased":true,"purchased_at":1659957767},"product_id":110850682,"timeline":{"review_created_date":"2022-08-11 18:16:51","delivery_date":"2022-08-10 09:07:05"}},{"id":12132258,"title":"Cực kì hài lòng","content":"Các tập tiếp theo in theo ấn bản mới lạc tông với bộ 8 tập đầu tiên ghê, khác cả decor, chất liệu giấy. Chưa kể tiki chỉ có 10,11,12, vậy tập 9 đâu ta.","customer_id":357419,"rating":5,"images":[{"id":2481372,"full_path":"https://salt.tikicdn.com/ts/review/ba/37/84/462431607013374e0553896bd323e9d9.jpg"},{"id":2481373,"full_path":"https://salt.tikicdn.com/ts/review/3a/4b/1d/8e9b80d5e70673c8b0289e04d50868cb.jpg"},{"id":2481374,"full_path":"https://salt.tikicdn.com/ts/review/d6/99/a7/c94db9fdc4bc4ad4261e7c088ce5466e.jpg"}],"created_at":1631098541,"created_by":{"id":357419,"name":"Phạm Đức Thái","full_name":"Phạm Đức Thái","created_time":"2014-05-31 18:34:39","purchased":true,"purchased_at":1630970542},"product_id":110850682,"timeline":{"review_created_date":"2021-09-08 17:55:41","delivery_date":"2021-09-07 09:13:27"}},{"id":17267580,"title":"Cực kì hài lòng","content":"Sách bao bọc kỹ, khi nhận không mố méo trầy xước, còn mới cong. Giấy chất lượng ổn áp.\r\nSách nội dung hay. Ra cũng lâu rồi không biết bao giờ mới hết.","customer_id":67077,"rating":5,"images":[{"id":3749127,"full_path":"https://salt.tikicdn.com/ts/review/d2/e2/9f/592fb38cf4a5ccd84fdd4c747f3812ea.jpg"}],"created_at":1659340304,"created_by":{"id":67077,"name":"Nguyễn Võ Lâm","full_name":"Nguyễn Võ Lâm","created_time":"2012-11-02 22:27:07","purchased":true,"purchased_at":1658288292},"product_id":110850682,"timeline":{"review_created_date":"2022-08-01 14:51:44","delivery_date":"2022-07-21 11:26:04"}}]}