{"id":111537689,"dbId":12194,"createdAt":1626109200000,"name":"Án Mạng Trên Sông Nile (Agatha Christie)(Tái Bản)","short_description":"Linnet Ridgeway sở hữu trong tay tất cả mọi thứ mà bất cứ một người nào cũng có thể lấy làm ghen tị: tuổi trẻ, sắc đẹp, sự thông minh, của cải và một vị hôn phu rất xứng với cô. Rồi một ngày nọ, người...","description":"Linnet Ridgeway sở hữu trong tay tất cả mọi thứ mà bất cứ một người nào cũng có thể lấy làm ghen tị: tuổi trẻ, sắc đẹp, sự thông minh, của cải và một vị hôn phu rất xứng với cô. Rồi một ngày nọ, người bạn thân nhất của của Linnet - Jackie - đưa vị hôn phu điển trai của mình là Simon Doyle đến, để xin Linnet cho anh một việc làm. Giờ thì chính Linnet và Simon lại đi hưởng tuần trăng mật với nhau, trên một chuyến tàu dạo quanh sông Nile. Bất chợt, Linnet bị giết hại, Jackie trở thành đối tượng bị tình nghi hàng đầu nhưng cô không hề có khả năng thực hiện được điều ấy. Không chỉ dừng lại ở đó, thủ phạm lần lượt ra tay thêm với hai vị khách nữa trong đoàn. Đúng là một vụ án bí hiểm, không có manh mối, nhân chứng, và đoàn khách du lịch dường như cũng không có mối quan hệ với nạn nhân. Tuy nhiên, không có điều gì có thể lọt khỏi tầm mắt của thám tử lừng danh Hercule Poirot.\u003cp\u003eGiá sản phẩm trên Tiki đã bao gồm thuế theo luật hiện hành. Bên cạnh đó, tuỳ vào loại sản phẩm, hình thức và địa chỉ giao hàng mà có thể phát sinh thêm chi phí khác như phí vận chuyển, phụ phí hàng cồng kềnh, thuế nhập khẩu (đối với đơn hàng giao từ nước ngoài có giá trị trên 1 triệu đồng).....\u003c/p\u003e","original_price":135000.0,"thumbnail_url":"https://salt.tikicdn.com/cache/280x280/ts/product/0a/ab/89/b47ffc04b14d40a05c0d6684b482806a.jpg","images":[{"base_url":"https://salt.tikicdn.com/ts/product/0a/ab/89/b47ffc04b14d40a05c0d6684b482806a.jpg","dbId":32452}],"authors":[{"id":3322,"name":"Agatha Christie","dbId":6384}],"specifications":[{"name":"Thông tin chung","attributes":[{"name":"Công ty phát hành","value":"NXB Trẻ"},{"name":"Ngày xuất bản","value":"2021-07-01 00:00:00"},{"name":"Dịch Giả","value":"Lan Phương"},{"name":"Loại bìa","value":"Bìa mềm"},{"name":"Số trang","value":"336"},{"name":"Phương thức giao hàng Seller Delivery","value":"Nhà bán giao hàng cho khách hàng"},{"name":"Nhà xuất bản","value":"NXB Trẻ"},{"code":"PUBLICATION_DATE","name":"Kích thước","value":"13 x 20 cm"}]}],"stock_item":{"qty":1000},"all_time_quantity_sold":86,"reviews":[{"id":12928613,"title":"Cực kì hài lòng","content":"Giao hàng nhanh (nhanh hơn tới 5 ngày so với thời gian dự tính giao hàng), đóng gói cẩn thận. Bookcare đợt này bọc cẩn thận hơn những lần trước nhiều\nNXB Trẻ tái bản cuốn này theo format của cuốn Tàu tốc hành phương đông bản Motion picture. Nên những bạn nào muốn sưu tầm theo format truyền thống thì nên mua bản cũ.\np/s: nếu 20th Century studios bắt re-shot những cảnh có Armie Hammer - vì drama gần đây của anh này - thì chắc NXB cũng phải tái bản lại 1 lần nữa nhỉ? 😂","customer_id":1349805,"rating":5,"images":[{"id":2680055,"full_path":"https://salt.tikicdn.com/ts/review/6a/fb/82/6ba05574cb8a91591b3f689ec630b846.jpg"},{"id":2680056,"full_path":"https://salt.tikicdn.com/ts/review/54/5f/0e/b0576bc41d8fb62bb4bee06dcc463b9e.jpg"},{"id":2680057,"full_path":"https://salt.tikicdn.com/ts/review/cc/94/d7/eb38c1f7b7ff57784c27f2e0c1205eff.jpg"},{"id":2680058,"full_path":"https://salt.tikicdn.com/ts/review/36/2a/31/d7281c7c413bca52609cff507b00c928.jpg"},{"id":2680059,"full_path":"https://salt.tikicdn.com/ts/review/bb/a3/a7/b329eb65ad6986060bd10ece91c1be06.jpg"}],"created_at":1635644936,"created_by":{"id":1349805,"name":"Trương Công Trí","full_name":"Trương Công Trí","created_time":"2016-05-09 09:33:32","purchased":true,"purchased_at":1635329288},"product_id":111537689,"timeline":{"review_created_date":"2021-10-31 08:48:56","delivery_date":"2021-10-30 13:02:28"}},{"id":17943046,"title":"Cực kì hài lòng","content":"Mua được trong đợt sale giảm 40% quá hài lòng luôn. Sách giao siêu nhanh (Đặt lúc 1h30 sáng mà 11h30 trưa sách đã về rôi). Sách bọc cẩn thận, hàng xịn, chất lượng cao. Còn về nội dung thì thuộc hàng tuyệt phẩm trong những cuốn tiểu thuyết trinh thám. Bạn nào còn phân vân thì xem phim trước rồi hãy chuẩn bị tiền đặt mua luôn nhé.","customer_id":8528547,"rating":5,"images":[{"id":3931921,"full_path":"https://salt.tikicdn.com/ts/review/34/c7/17/f36144384b36ce7928d2174a4f7c6330.jpg"},{"id":3931922,"full_path":"https://salt.tikicdn.com/ts/review/50/fd/5a/e240adf9d43d257d69e3e99e51763ff0.jpg"}],"created_at":1665587202,"created_by":{"id":8528547,"name":"Việt Bùi","full_name":"Việt Bùi","created_time":"2018-10-20 07:44:02","purchased":true,"purchased_at":1665510207},"product_id":111537689,"timeline":{"review_created_date":"2022-10-12 22:06:42","delivery_date":"2022-10-12 16:34:19"}},{"id":19517457,"title":"Cực kì hài lòng","content":"Oke \r\nHình ảnh mang tính chất minh hoạ","customer_id":28622445,"rating":5,"images":[{"id":4282627,"full_path":"https://salt.tikicdn.com/ts/review/51/84/3a/8fe925f87203701234ca29a915e6cd00.jpg"},{"id":4282628,"full_path":"https://salt.tikicdn.com/ts/review/e7/a6/49/d4224384859910c1a69c7f8404ca695d.jpg"},{"id":4282629,"full_path":"https://salt.tikicdn.com/ts/review/5b/47/ba/ac9f52352249b5f59e4560687889a9ad.jpg"},{"id":4282630,"full_path":"https://salt.tikicdn.com/ts/review/90/1b/c8/70b74f4c3ecbef988beea3a539d257ba.jpg"},{"id":4282631,"full_path":"https://salt.tikicdn.com/ts/review/d5/95/94/cc80ddef0f2fa0a6c4e0341dd26a46e8.jpg"}],"created_at":1694253378,"created_by":{"id":28622445,"name":"Dung Thuy Dau","full_name":"Dung Thuy Dau","created_time":"2022-12-20 09:50:23","purchased":true,"purchased_at":1680931281},"product_id":111537689,"timeline":{"review_created_date":"2023-09-09 16:56:18","delivery_date":"2023-04-11 09:50:43"}},{"id":11804912,"title":"Rất không hài lòng","content":"Tem không giống tem thật của nxb trẻ, tem thật bóng, tem này mờ, chất lượng in chữ nhoè mực mờ, nét chữ đậm nhạt không đều nhìn rất khó chịu, giấy kg mịn, sách nhận về không trong seal mà trong bọc dùng keo dán lại, tiki trading đang trộn sách lậu bán chung cho Kh rồi","customer_id":449396,"rating":1,"images":[{"id":2416063,"full_path":"https://salt.tikicdn.com/ts/review/f7/55/e0/9c4d3cf2de90d4f7d93a60add6ce731d.jpg"},{"id":2416064,"full_path":"https://salt.tikicdn.com/ts/review/0f/ac/0c/2e78c52e33e9d47a25ee0455543fb2ef.jpg"},{"id":2416065,"full_path":"https://salt.tikicdn.com/ts/review/2d/f8/da/ea751e2dad2ee5c3536c83535544b581.jpg"}],"created_at":1628934149,"created_by":{"id":449396,"name":"Trần Đăng Khoa","full_name":"Trần Đăng Khoa","created_time":"2014-10-13 13:01:21","purchased":true,"purchased_at":1628666141},"product_id":111537689,"timeline":{"review_created_date":"2021-08-14 16:42:29","delivery_date":"2021-08-11 15:58:06"}},{"id":12581462,"title":"Cực kì hài lòng","content":"Săn được hàng tiki sales . Giao hàng cũng rất nhanh lẹ\nLần tái bản này NXB Trẻ đã có chút thay đổi về design bìa nên không được đồng bộ với bản cũ \nĐây là 1 trong những tác phẩm/vụ án ăn khách nhất của Agatha Christie, xứng đáng để bạn dành thời gian đọc nhất nhé !","customer_id":17543377,"rating":5,"images":[{"id":2586941,"full_path":"https://salt.tikicdn.com/ts/review/97/33/65/c91dc0e1cd26874d6e70104b33aea4ef.jpg"},{"id":2586942,"full_path":"https://salt.tikicdn.com/ts/review/4c/93/04/26b693bd41ebf0b206ef942a330fd9a7.jpg"}],"created_at":1634059690,"created_by":{"id":17543377,"name":"Thân Trang","full_name":"Thân Trang","created_time":"2020-06-11 21:58:21","purchased":true,"purchased_at":1633870418},"product_id":111537689,"timeline":{"review_created_date":"2021-10-13 00:28:10","delivery_date":"2021-10-12 13:30:42"}},{"id":12928613,"title":"Cực kì hài lòng","content":"Giao hàng nhanh (nhanh hơn tới 5 ngày so với thời gian dự tính giao hàng), đóng gói cẩn thận. Bookcare đợt này bọc cẩn thận hơn những lần trước nhiều\nNXB Trẻ tái bản cuốn này theo format của cuốn Tàu tốc hành phương đông bản Motion picture. Nên những bạn nào muốn sưu tầm theo format truyền thống thì nên mua bản cũ.\np/s: nếu 20th Century studios bắt re-shot những cảnh có Armie Hammer - vì drama gần đây của anh này - thì chắc NXB cũng phải tái bản lại 1 lần nữa nhỉ? 😂","customer_id":1349805,"rating":5,"images":[{"id":2680055,"full_path":"https://salt.tikicdn.com/ts/review/6a/fb/82/6ba05574cb8a91591b3f689ec630b846.jpg"},{"id":2680056,"full_path":"https://salt.tikicdn.com/ts/review/54/5f/0e/b0576bc41d8fb62bb4bee06dcc463b9e.jpg"},{"id":2680057,"full_path":"https://salt.tikicdn.com/ts/review/cc/94/d7/eb38c1f7b7ff57784c27f2e0c1205eff.jpg"},{"id":2680058,"full_path":"https://salt.tikicdn.com/ts/review/36/2a/31/d7281c7c413bca52609cff507b00c928.jpg"},{"id":2680059,"full_path":"https://salt.tikicdn.com/ts/review/bb/a3/a7/b329eb65ad6986060bd10ece91c1be06.jpg"}],"created_at":1635644936,"created_by":{"id":1349805,"name":"Trương Công Trí","full_name":"Trương Công Trí","created_time":"2016-05-09 09:33:32","purchased":true,"purchased_at":1635329288},"product_id":111537689,"timeline":{"review_created_date":"2021-10-31 08:48:56","delivery_date":"2021-10-30 13:02:28"}},{"id":17943046,"title":"Cực kì hài lòng","content":"Mua được trong đợt sale giảm 40% quá hài lòng luôn. Sách giao siêu nhanh (Đặt lúc 1h30 sáng mà 11h30 trưa sách đã về rôi). Sách bọc cẩn thận, hàng xịn, chất lượng cao. Còn về nội dung thì thuộc hàng tuyệt phẩm trong những cuốn tiểu thuyết trinh thám. Bạn nào còn phân vân thì xem phim trước rồi hãy chuẩn bị tiền đặt mua luôn nhé.","customer_id":8528547,"rating":5,"images":[{"id":3931921,"full_path":"https://salt.tikicdn.com/ts/review/34/c7/17/f36144384b36ce7928d2174a4f7c6330.jpg"},{"id":3931922,"full_path":"https://salt.tikicdn.com/ts/review/50/fd/5a/e240adf9d43d257d69e3e99e51763ff0.jpg"}],"created_at":1665587202,"created_by":{"id":8528547,"name":"Việt Bùi","full_name":"Việt Bùi","created_time":"2018-10-20 07:44:02","purchased":true,"purchased_at":1665510207},"product_id":111537689,"timeline":{"review_created_date":"2022-10-12 22:06:42","delivery_date":"2022-10-12 16:34:19"}},{"id":19517457,"title":"Cực kì hài lòng","content":"Oke \r\nHình ảnh mang tính chất minh hoạ","customer_id":28622445,"rating":5,"images":[{"id":4282627,"full_path":"https://salt.tikicdn.com/ts/review/51/84/3a/8fe925f87203701234ca29a915e6cd00.jpg"},{"id":4282628,"full_path":"https://salt.tikicdn.com/ts/review/e7/a6/49/d4224384859910c1a69c7f8404ca695d.jpg"},{"id":4282629,"full_path":"https://salt.tikicdn.com/ts/review/5b/47/ba/ac9f52352249b5f59e4560687889a9ad.jpg"},{"id":4282630,"full_path":"https://salt.tikicdn.com/ts/review/90/1b/c8/70b74f4c3ecbef988beea3a539d257ba.jpg"},{"id":4282631,"full_path":"https://salt.tikicdn.com/ts/review/d5/95/94/cc80ddef0f2fa0a6c4e0341dd26a46e8.jpg"}],"created_at":1694253378,"created_by":{"id":28622445,"name":"Dung Thuy Dau","full_name":"Dung Thuy Dau","created_time":"2022-12-20 09:50:23","purchased":true,"purchased_at":1680931281},"product_id":111537689,"timeline":{"review_created_date":"2023-09-09 16:56:18","delivery_date":"2023-04-11 09:50:43"}},{"id":11804912,"title":"Rất không hài lòng","content":"Tem không giống tem thật của nxb trẻ, tem thật bóng, tem này mờ, chất lượng in chữ nhoè mực mờ, nét chữ đậm nhạt không đều nhìn rất khó chịu, giấy kg mịn, sách nhận về không trong seal mà trong bọc dùng keo dán lại, tiki trading đang trộn sách lậu bán chung cho Kh rồi","customer_id":449396,"rating":1,"images":[{"id":2416063,"full_path":"https://salt.tikicdn.com/ts/review/f7/55/e0/9c4d3cf2de90d4f7d93a60add6ce731d.jpg"},{"id":2416064,"full_path":"https://salt.tikicdn.com/ts/review/0f/ac/0c/2e78c52e33e9d47a25ee0455543fb2ef.jpg"},{"id":2416065,"full_path":"https://salt.tikicdn.com/ts/review/2d/f8/da/ea751e2dad2ee5c3536c83535544b581.jpg"}],"created_at":1628934149,"created_by":{"id":449396,"name":"Trần Đăng Khoa","full_name":"Trần Đăng Khoa","created_time":"2014-10-13 13:01:21","purchased":true,"purchased_at":1628666141},"product_id":111537689,"timeline":{"review_created_date":"2021-08-14 16:42:29","delivery_date":"2021-08-11 15:58:06"}},{"id":12581462,"title":"Cực kì hài lòng","content":"Săn được hàng tiki sales . Giao hàng cũng rất nhanh lẹ\nLần tái bản này NXB Trẻ đã có chút thay đổi về design bìa nên không được đồng bộ với bản cũ \nĐây là 1 trong những tác phẩm/vụ án ăn khách nhất của Agatha Christie, xứng đáng để bạn dành thời gian đọc nhất nhé !","customer_id":17543377,"rating":5,"images":[{"id":2586941,"full_path":"https://salt.tikicdn.com/ts/review/97/33/65/c91dc0e1cd26874d6e70104b33aea4ef.jpg"},{"id":2586942,"full_path":"https://salt.tikicdn.com/ts/review/4c/93/04/26b693bd41ebf0b206ef942a330fd9a7.jpg"}],"created_at":1634059690,"created_by":{"id":17543377,"name":"Thân Trang","full_name":"Thân Trang","created_time":"2020-06-11 21:58:21","purchased":true,"purchased_at":1633870418},"product_id":111537689,"timeline":{"review_created_date":"2021-10-13 00:28:10","delivery_date":"2021-10-12 13:30:42"}},{"id":12928613,"title":"Cực kì hài lòng","content":"Giao hàng nhanh (nhanh hơn tới 5 ngày so với thời gian dự tính giao hàng), đóng gói cẩn thận. Bookcare đợt này bọc cẩn thận hơn những lần trước nhiều\nNXB Trẻ tái bản cuốn này theo format của cuốn Tàu tốc hành phương đông bản Motion picture. Nên những bạn nào muốn sưu tầm theo format truyền thống thì nên mua bản cũ.\np/s: nếu 20th Century studios bắt re-shot những cảnh có Armie Hammer - vì drama gần đây của anh này - thì chắc NXB cũng phải tái bản lại 1 lần nữa nhỉ? 😂","customer_id":1349805,"rating":5,"images":[{"id":2680055,"full_path":"https://salt.tikicdn.com/ts/review/6a/fb/82/6ba05574cb8a91591b3f689ec630b846.jpg"},{"id":2680056,"full_path":"https://salt.tikicdn.com/ts/review/54/5f/0e/b0576bc41d8fb62bb4bee06dcc463b9e.jpg"},{"id":2680057,"full_path":"https://salt.tikicdn.com/ts/review/cc/94/d7/eb38c1f7b7ff57784c27f2e0c1205eff.jpg"},{"id":2680058,"full_path":"https://salt.tikicdn.com/ts/review/36/2a/31/d7281c7c413bca52609cff507b00c928.jpg"},{"id":2680059,"full_path":"https://salt.tikicdn.com/ts/review/bb/a3/a7/b329eb65ad6986060bd10ece91c1be06.jpg"}],"created_at":1635644936,"created_by":{"id":1349805,"name":"Trương Công Trí","full_name":"Trương Công Trí","created_time":"2016-05-09 09:33:32","purchased":true,"purchased_at":1635329288},"product_id":111537689,"timeline":{"review_created_date":"2021-10-31 08:48:56","delivery_date":"2021-10-30 13:02:28"}},{"id":17943046,"title":"Cực kì hài lòng","content":"Mua được trong đợt sale giảm 40% quá hài lòng luôn. Sách giao siêu nhanh (Đặt lúc 1h30 sáng mà 11h30 trưa sách đã về rôi). Sách bọc cẩn thận, hàng xịn, chất lượng cao. Còn về nội dung thì thuộc hàng tuyệt phẩm trong những cuốn tiểu thuyết trinh thám. Bạn nào còn phân vân thì xem phim trước rồi hãy chuẩn bị tiền đặt mua luôn nhé.","customer_id":8528547,"rating":5,"images":[{"id":3931921,"full_path":"https://salt.tikicdn.com/ts/review/34/c7/17/f36144384b36ce7928d2174a4f7c6330.jpg"},{"id":3931922,"full_path":"https://salt.tikicdn.com/ts/review/50/fd/5a/e240adf9d43d257d69e3e99e51763ff0.jpg"}],"created_at":1665587202,"created_by":{"id":8528547,"name":"Việt Bùi","full_name":"Việt Bùi","created_time":"2018-10-20 07:44:02","purchased":true,"purchased_at":1665510207},"product_id":111537689,"timeline":{"review_created_date":"2022-10-12 22:06:42","delivery_date":"2022-10-12 16:34:19"}},{"id":19517457,"title":"Cực kì hài lòng","content":"Oke \r\nHình ảnh mang tính chất minh hoạ","customer_id":28622445,"rating":5,"images":[{"id":4282627,"full_path":"https://salt.tikicdn.com/ts/review/51/84/3a/8fe925f87203701234ca29a915e6cd00.jpg"},{"id":4282628,"full_path":"https://salt.tikicdn.com/ts/review/e7/a6/49/d4224384859910c1a69c7f8404ca695d.jpg"},{"id":4282629,"full_path":"https://salt.tikicdn.com/ts/review/5b/47/ba/ac9f52352249b5f59e4560687889a9ad.jpg"},{"id":4282630,"full_path":"https://salt.tikicdn.com/ts/review/90/1b/c8/70b74f4c3ecbef988beea3a539d257ba.jpg"},{"id":4282631,"full_path":"https://salt.tikicdn.com/ts/review/d5/95/94/cc80ddef0f2fa0a6c4e0341dd26a46e8.jpg"}],"created_at":1694253378,"created_by":{"id":28622445,"name":"Dung Thuy Dau","full_name":"Dung Thuy Dau","created_time":"2022-12-20 09:50:23","purchased":true,"purchased_at":1680931281},"product_id":111537689,"timeline":{"review_created_date":"2023-09-09 16:56:18","delivery_date":"2023-04-11 09:50:43"}},{"id":11804912,"title":"Rất không hài lòng","content":"Tem không giống tem thật của nxb trẻ, tem thật bóng, tem này mờ, chất lượng in chữ nhoè mực mờ, nét chữ đậm nhạt không đều nhìn rất khó chịu, giấy kg mịn, sách nhận về không trong seal mà trong bọc dùng keo dán lại, tiki trading đang trộn sách lậu bán chung cho Kh rồi","customer_id":449396,"rating":1,"images":[{"id":2416063,"full_path":"https://salt.tikicdn.com/ts/review/f7/55/e0/9c4d3cf2de90d4f7d93a60add6ce731d.jpg"},{"id":2416064,"full_path":"https://salt.tikicdn.com/ts/review/0f/ac/0c/2e78c52e33e9d47a25ee0455543fb2ef.jpg"},{"id":2416065,"full_path":"https://salt.tikicdn.com/ts/review/2d/f8/da/ea751e2dad2ee5c3536c83535544b581.jpg"}],"created_at":1628934149,"created_by":{"id":449396,"name":"Trần Đăng Khoa","full_name":"Trần Đăng Khoa","created_time":"2014-10-13 13:01:21","purchased":true,"purchased_at":1628666141},"product_id":111537689,"timeline":{"review_created_date":"2021-08-14 16:42:29","delivery_date":"2021-08-11 15:58:06"}},{"id":12581462,"title":"Cực kì hài lòng","content":"Săn được hàng tiki sales . Giao hàng cũng rất nhanh lẹ\nLần tái bản này NXB Trẻ đã có chút thay đổi về design bìa nên không được đồng bộ với bản cũ \nĐây là 1 trong những tác phẩm/vụ án ăn khách nhất của Agatha Christie, xứng đáng để bạn dành thời gian đọc nhất nhé !","customer_id":17543377,"rating":5,"images":[{"id":2586941,"full_path":"https://salt.tikicdn.com/ts/review/97/33/65/c91dc0e1cd26874d6e70104b33aea4ef.jpg"},{"id":2586942,"full_path":"https://salt.tikicdn.com/ts/review/4c/93/04/26b693bd41ebf0b206ef942a330fd9a7.jpg"}],"created_at":1634059690,"created_by":{"id":17543377,"name":"Thân Trang","full_name":"Thân Trang","created_time":"2020-06-11 21:58:21","purchased":true,"purchased_at":1633870418},"product_id":111537689,"timeline":{"review_created_date":"2021-10-13 00:28:10","delivery_date":"2021-10-12 13:30:42"}},{"id":12928613,"title":"Cực kì hài lòng","content":"Giao hàng nhanh (nhanh hơn tới 5 ngày so với thời gian dự tính giao hàng), đóng gói cẩn thận. Bookcare đợt này bọc cẩn thận hơn những lần trước nhiều\nNXB Trẻ tái bản cuốn này theo format của cuốn Tàu tốc hành phương đông bản Motion picture. Nên những bạn nào muốn sưu tầm theo format truyền thống thì nên mua bản cũ.\np/s: nếu 20th Century studios bắt re-shot những cảnh có Armie Hammer - vì drama gần đây của anh này - thì chắc NXB cũng phải tái bản lại 1 lần nữa nhỉ? 😂","customer_id":1349805,"rating":5,"images":[{"id":2680055,"full_path":"https://salt.tikicdn.com/ts/review/6a/fb/82/6ba05574cb8a91591b3f689ec630b846.jpg"},{"id":2680056,"full_path":"https://salt.tikicdn.com/ts/review/54/5f/0e/b0576bc41d8fb62bb4bee06dcc463b9e.jpg"},{"id":2680057,"full_path":"https://salt.tikicdn.com/ts/review/cc/94/d7/eb38c1f7b7ff57784c27f2e0c1205eff.jpg"},{"id":2680058,"full_path":"https://salt.tikicdn.com/ts/review/36/2a/31/d7281c7c413bca52609cff507b00c928.jpg"},{"id":2680059,"full_path":"https://salt.tikicdn.com/ts/review/bb/a3/a7/b329eb65ad6986060bd10ece91c1be06.jpg"}],"created_at":1635644936,"created_by":{"id":1349805,"name":"Trương Công Trí","full_name":"Trương Công Trí","created_time":"2016-05-09 09:33:32","purchased":true,"purchased_at":1635329288},"product_id":111537689,"timeline":{"review_created_date":"2021-10-31 08:48:56","delivery_date":"2021-10-30 13:02:28"}},{"id":17943046,"title":"Cực kì hài lòng","content":"Mua được trong đợt sale giảm 40% quá hài lòng luôn. Sách giao siêu nhanh (Đặt lúc 1h30 sáng mà 11h30 trưa sách đã về rôi). Sách bọc cẩn thận, hàng xịn, chất lượng cao. Còn về nội dung thì thuộc hàng tuyệt phẩm trong những cuốn tiểu thuyết trinh thám. Bạn nào còn phân vân thì xem phim trước rồi hãy chuẩn bị tiền đặt mua luôn nhé.","customer_id":8528547,"rating":5,"images":[{"id":3931921,"full_path":"https://salt.tikicdn.com/ts/review/34/c7/17/f36144384b36ce7928d2174a4f7c6330.jpg"},{"id":3931922,"full_path":"https://salt.tikicdn.com/ts/review/50/fd/5a/e240adf9d43d257d69e3e99e51763ff0.jpg"}],"created_at":1665587202,"created_by":{"id":8528547,"name":"Việt Bùi","full_name":"Việt Bùi","created_time":"2018-10-20 07:44:02","purchased":true,"purchased_at":1665510207},"product_id":111537689,"timeline":{"review_created_date":"2022-10-12 22:06:42","delivery_date":"2022-10-12 16:34:19"}},{"id":19517457,"title":"Cực kì hài lòng","content":"Oke \r\nHình ảnh mang tính chất minh hoạ","customer_id":28622445,"rating":5,"images":[{"id":4282627,"full_path":"https://salt.tikicdn.com/ts/review/51/84/3a/8fe925f87203701234ca29a915e6cd00.jpg"},{"id":4282628,"full_path":"https://salt.tikicdn.com/ts/review/e7/a6/49/d4224384859910c1a69c7f8404ca695d.jpg"},{"id":4282629,"full_path":"https://salt.tikicdn.com/ts/review/5b/47/ba/ac9f52352249b5f59e4560687889a9ad.jpg"},{"id":4282630,"full_path":"https://salt.tikicdn.com/ts/review/90/1b/c8/70b74f4c3ecbef988beea3a539d257ba.jpg"},{"id":4282631,"full_path":"https://salt.tikicdn.com/ts/review/d5/95/94/cc80ddef0f2fa0a6c4e0341dd26a46e8.jpg"}],"created_at":1694253378,"created_by":{"id":28622445,"name":"Dung Thuy Dau","full_name":"Dung Thuy Dau","created_time":"2022-12-20 09:50:23","purchased":true,"purchased_at":1680931281},"product_id":111537689,"timeline":{"review_created_date":"2023-09-09 16:56:18","delivery_date":"2023-04-11 09:50:43"}},{"id":11804912,"title":"Rất không hài lòng","content":"Tem không giống tem thật của nxb trẻ, tem thật bóng, tem này mờ, chất lượng in chữ nhoè mực mờ, nét chữ đậm nhạt không đều nhìn rất khó chịu, giấy kg mịn, sách nhận về không trong seal mà trong bọc dùng keo dán lại, tiki trading đang trộn sách lậu bán chung cho Kh rồi","customer_id":449396,"rating":1,"images":[{"id":2416063,"full_path":"https://salt.tikicdn.com/ts/review/f7/55/e0/9c4d3cf2de90d4f7d93a60add6ce731d.jpg"},{"id":2416064,"full_path":"https://salt.tikicdn.com/ts/review/0f/ac/0c/2e78c52e33e9d47a25ee0455543fb2ef.jpg"},{"id":2416065,"full_path":"https://salt.tikicdn.com/ts/review/2d/f8/da/ea751e2dad2ee5c3536c83535544b581.jpg"}],"created_at":1628934149,"created_by":{"id":449396,"name":"Trần Đăng Khoa","full_name":"Trần Đăng Khoa","created_time":"2014-10-13 13:01:21","purchased":true,"purchased_at":1628666141},"product_id":111537689,"timeline":{"review_created_date":"2021-08-14 16:42:29","delivery_date":"2021-08-11 15:58:06"}},{"id":12581462,"title":"Cực kì hài lòng","content":"Săn được hàng tiki sales . Giao hàng cũng rất nhanh lẹ\nLần tái bản này NXB Trẻ đã có chút thay đổi về design bìa nên không được đồng bộ với bản cũ \nĐây là 1 trong những tác phẩm/vụ án ăn khách nhất của Agatha Christie, xứng đáng để bạn dành thời gian đọc nhất nhé !","customer_id":17543377,"rating":5,"images":[{"id":2586941,"full_path":"https://salt.tikicdn.com/ts/review/97/33/65/c91dc0e1cd26874d6e70104b33aea4ef.jpg"},{"id":2586942,"full_path":"https://salt.tikicdn.com/ts/review/4c/93/04/26b693bd41ebf0b206ef942a330fd9a7.jpg"}],"created_at":1634059690,"created_by":{"id":17543377,"name":"Thân Trang","full_name":"Thân Trang","created_time":"2020-06-11 21:58:21","purchased":true,"purchased_at":1633870418},"product_id":111537689,"timeline":{"review_created_date":"2021-10-13 00:28:10","delivery_date":"2021-10-12 13:30:42"}}]}