{"id":111537683,"dbId":12207,"createdAt":1625936400000,"name":"Và Rồi Chẳng Còn Ai (Agatha Christie)","short_description":"“Mười…” Mười người bị lừa ra một hòn đảo nằm trơ trọi giữa biển khơi thuộc vịnh Devon, tất cả được bố trí cho ở trong một căn nhà. Tác giả của trò bịp này là một nhân vật bí hiểm có tên “U.N.Owen”.“C...","description":"\u003cp\u003e“Mười…” Mười người bị lừa ra một hòn đảo nằm trơ trọi giữa biển khơi thuộc vịnh Devon, tất cả được bố trí cho ở trong một căn nhà. Tác giả của trò bịp này là một nhân vật bí hiểm có tên “U.N.Owen”.\u003c/p\u003e\n\u003cp\u003e“Chín…” Trong bữa ăn tối, một thông điệp được thu âm sẵn vang lên lần lượt buộc tội từng người đã gây ra những tội ác bí mật. Vào cuối buổi tối hôm đó, một vị khách đã thiệt mạng.\u003c/p\u003e\n\u003cp\u003e“Tám…” Bị kẹt lại giữa muôn trùng khơi vì giông bão cùng nỗi ám ảnh về một bài vè đếm ngược, từng người, từng người một… những vị khách trên đảo bắt đầu bỏ mạng.\u003c/p\u003e\n\u003cp\u003e“Bảy…” Ai trong số mười người trên đảo là kẻ giết người, và liệu ai trong số họ có thể sống sót?\u003c/p\u003e\n\u003cp\u003e“Một trong những tác phẩm gây tò mò hay nhất, xuất sắc nhất của Christie.” – Tạp chí Observer\u003c/p\u003e\n\u003cp\u003e“Kiệt tác của Agatha Christie.” – Tạp chí Spectator\u003c/p\u003e\u003cp\u003eGiá sản phẩm trên Tiki đã bao gồm thuế theo luật hiện hành. Bên cạnh đó, tuỳ vào loại sản phẩm, hình thức và địa chỉ giao hàng mà có thể phát sinh thêm chi phí khác như phí vận chuyển, phụ phí hàng cồng kềnh, thuế nhập khẩu (đối với đơn hàng giao từ nước ngoài có giá trị trên 1 triệu đồng).....\u003c/p\u003e","original_price":110000.0,"thumbnail_url":"https://salt.tikicdn.com/cache/280x280/ts/product/66/99/7e/068b92f1a2ff7c1e6cd03abce1af64de.jpg","images":[{"base_url":"https://salt.tikicdn.com/ts/product/66/99/7e/068b92f1a2ff7c1e6cd03abce1af64de.jpg","dbId":32479}],"authors":[{"id":3322,"name":"Agatha Christie","dbId":6384}],"specifications":[{"name":"Thông tin chung","attributes":[{"name":"Phiên bản sách","value":"Phiên bản thường"},{"name":"Công ty phát hành","value":"NXB Trẻ"},{"name":"Ngày xuất bản","value":"2021-07-01 00:00:00"},{"name":"Dịch Giả","value":"Việt Hà"},{"name":"Loại bìa","value":"Bìa mềm"},{"name":"Số trang","value":"296"},{"name":"Nhà xuất bản","value":"NXB Trẻ"},{"code":"PUBLICATION_DATE","name":"Kích thước","value":"13 x 20 cm"}]}],"stock_item":{"qty":1000},"all_time_quantity_sold":1647,"reviews":[{"id":17036244,"title":"Cực kì hài lòng","content":"Em gửi anh bản hợp đồng mới với nhiều người đã từng là một trong những ngày đầu tuần sau khi đã có những người bạn của bạn là người đầu tiên thảo luận về các vấn đề về sức khỏe của mình trong khí Chào có thể có thể thao và du lịch sinh thái và các","customer_id":27402478,"rating":5,"images":[{"id":3678135,"full_path":"https://salt.tikicdn.com/ts/review/1d/18/0c/1b1a04af72c22293762142157b4c617d.jpg"},{"id":3678136,"full_path":"https://salt.tikicdn.com/ts/review/8e/b7/65/2a2222cb3ef9491a120847f6db963e0d.jpg"},{"id":3678137,"full_path":"https://salt.tikicdn.com/ts/review/c6/37/60/5d4f96f569900be9ab824adcf1777cb9.jpg"},{"id":3678138,"full_path":"https://salt.tikicdn.com/ts/review/2f/e9/cb/a053eba237527d9708e7eee81936ae69.jpg"},{"id":3678139,"full_path":"https://salt.tikicdn.com/ts/review/49/49/54/e3c869b1342c41d1c5cf2206e1c6bf83.jpg"}],"created_at":1657598135,"created_by":{"id":27402478,"name":"Phạm Đình Đwsx","full_name":"Phạm Đình Đwsx","created_time":"2022-04-26 09:52:11","purchased":true,"purchased_at":1656580188},"product_id":111537683,"timeline":{"review_created_date":"2022-07-12 10:55:35","delivery_date":"2022-07-01 10:30:48"}},{"id":15139728,"title":"Rất không hài lòng","content":"Giao hàng chậm, đóng gói ẩu, tiki chỉ thả nguyên sách vào hộp mà không có bọc gì . Giao hàng hơn 2 tuần nên lúc mình nhận hộp đã bị rách và móp méo, sách bên trong thì đều bị quăn gáy và mép bìa, một số quyển còn bị rách 1 chút giấy ở gáy, và sách còn bám rất nhiều bụi. Bên vận chuyển thì về kho hơn 3 ngày không chịu giao, đã vậy còn tự ý hoàn hàng với lí do kiện hàng cồng kềnh làm mình phải ra tận kho lấy hàng về. Có thể tiki sẽ nói là do mình ko dùng bookcare nma đóng gói sách như này là không thể chấp nhận được, ít nhất cũng f bọc1 lớp chống sốc bao bên ngoài sách. Sách cũng ko nguyên seal và không hề có bọc nilon. Có 2 quyển duy nhất có bọc nilon nhưng đều bị rách hết","customer_id":7159448,"rating":1,"images":[{"id":3169596,"full_path":"https://salt.tikicdn.com/ts/review/9d/70/37/04c712863cc975499b6df622cd46f7ec.jpg"},{"id":3169597,"full_path":"https://salt.tikicdn.com/ts/review/d9/8c/37/6d1424c57d167b2fd1fa4800b7dd89d7.jpg"},{"id":3169598,"full_path":"https://salt.tikicdn.com/ts/review/02/0a/cf/7e5249f856c50f4a18e48235b7bb18c9.jpg"},{"id":3169599,"full_path":"https://salt.tikicdn.com/ts/review/3a/ab/33/6790141003cb82752ae6438f6b7ab40c.jpg"},{"id":3169600,"full_path":"https://salt.tikicdn.com/ts/review/55/ce/44/204cecac1529b9a57ec39a5dba1e2efd.jpg"}],"created_at":1645782013,"created_by":{"id":7159448,"name":"Trần Yến Nhi","full_name":"Trần Yến Nhi","created_time":"2018-05-21 14:31:19","purchased":true,"purchased_at":1644230047},"product_id":111537683,"timeline":{"review_created_date":"2022-02-25 16:40:13","delivery_date":"2022-02-25 16:28:34"}},{"id":16070504,"title":"Cực kì hài lòng","content":"Hàng giao nhanh ơi là nhanh, báo thứ 3 sẽ giao mà chủ nhật đã có. Mỗi tội khâu đóng gói của Tiki thì lỏng lẻo quá nhưng trộm vía là k có cuốn sách nào bị sao cả. Mình tự nhân là khách hàng dễ tính mà còn thấy không ưng bụng với lần đóng gói này, mong Tiki cải thiện chứ k là mất khách ah.","customer_id":737389,"rating":5,"images":[{"id":3403835,"full_path":"https://salt.tikicdn.com/ts/review/45/75/04/cb1bf2ce8e69cc62d5ee5c9947c861e2.jpg"},{"id":3403836,"full_path":"https://salt.tikicdn.com/ts/review/ef/cc/59/902c662870422d1566d1cd6cac2a4593.jpg"},{"id":3403837,"full_path":"https://salt.tikicdn.com/ts/review/07/8a/8c/005d8fb35b46e11a1d575b022221c1a8.jpg"}],"created_at":1650797354,"created_by":{"id":737389,"name":"Nguyễn Thị Hoàng Vân","full_name":"Nguyễn Thị Hoàng Vân","created_time":"2015-08-04 22:21:13","purchased":true,"purchased_at":1650644732},"product_id":111537683,"timeline":{"review_created_date":"2022-04-24 17:49:14","delivery_date":"2022-04-24 11:30:03"}},{"id":19230988,"title":"Không hài lòng","content":"Mình đặt quyển Và rồi chẳng còn ai nhưng lúc giao lại là quyển Đón ngọn triều dâng. Mà do bìa hai cuốn khá giống nên mình không để ý mà xé seal rồi nên giờ chắc cũng không đổi trả được, chỉ mong nxb trẻ sau này để ý một chút ở khâu đóng gói ạ","customer_id":5519147,"rating":2,"images":[{"id":4219257,"full_path":"https://salt.tikicdn.com/ts/review/56/1e/58/bf66b48e4a271b652a0740b06825276d.jpg"}],"created_at":1685073393,"created_by":{"id":5519147,"name":"Kỳ Duyên Cao Nguyễn","full_name":"Kỳ Duyên Cao Nguyễn","created_time":"2017-07-28 10:44:36","purchased":true,"purchased_at":1684928891},"product_id":111537683,"timeline":{"review_created_date":"2023-05-26 10:56:33","delivery_date":"2023-05-26 10:26:10"}},{"id":17487575,"title":"Cực kì hài lòng","content":"Bề ngoài sách đẹp quá trời luôn á, sách mới nguyên seal không móp méo hay bị lỗi gì cả. Nội dung sách thì khỏi phải bàn rồi. Ai fan trinh thám thì mình recommend mua nha....","customer_id":14695253,"rating":5,"images":[{"id":3818469,"full_path":"https://salt.tikicdn.com/ts/review/46/90/be/1b7399c7a998e4ce95850e86ecf5d866.jpg"},{"id":3818470,"full_path":"https://salt.tikicdn.com/ts/review/c2/7b/51/0a9aa6ea7e247e603100046308da9fbd.jpg"},{"id":3818471,"full_path":"https://salt.tikicdn.com/ts/review/58/77/e7/8915c898e1650c03977470d2e20023a2.jpg"},{"id":3818472,"full_path":"https://salt.tikicdn.com/ts/review/90/43/ab/efcb62f3c45c3de7f576558a939bef5f.jpg"},{"id":3818473,"full_path":"https://salt.tikicdn.com/ts/review/8f/d4/67/0bd6f79f7aa349980cb62f56ad4d51e4.jpg"}],"created_at":1661138341,"created_by":{"id":14695253,"name":"Thaoo Nguyenn","full_name":"Thaoo Nguyenn","created_time":"2019-10-30 22:15:13","purchased":true,"purchased_at":1660815099},"product_id":111537683,"timeline":{"review_created_date":"2022-08-22 10:19:01","delivery_date":"2022-08-22 10:04:05"}},{"id":17036244,"title":"Cực kì hài lòng","content":"Em gửi anh bản hợp đồng mới với nhiều người đã từng là một trong những ngày đầu tuần sau khi đã có những người bạn của bạn là người đầu tiên thảo luận về các vấn đề về sức khỏe của mình trong khí Chào có thể có thể thao và du lịch sinh thái và các","customer_id":27402478,"rating":5,"images":[{"id":3678135,"full_path":"https://salt.tikicdn.com/ts/review/1d/18/0c/1b1a04af72c22293762142157b4c617d.jpg"},{"id":3678136,"full_path":"https://salt.tikicdn.com/ts/review/8e/b7/65/2a2222cb3ef9491a120847f6db963e0d.jpg"},{"id":3678137,"full_path":"https://salt.tikicdn.com/ts/review/c6/37/60/5d4f96f569900be9ab824adcf1777cb9.jpg"},{"id":3678138,"full_path":"https://salt.tikicdn.com/ts/review/2f/e9/cb/a053eba237527d9708e7eee81936ae69.jpg"},{"id":3678139,"full_path":"https://salt.tikicdn.com/ts/review/49/49/54/e3c869b1342c41d1c5cf2206e1c6bf83.jpg"}],"created_at":1657598135,"created_by":{"id":27402478,"name":"Phạm Đình Đwsx","full_name":"Phạm Đình Đwsx","created_time":"2022-04-26 09:52:11","purchased":true,"purchased_at":1656580188},"product_id":111537683,"timeline":{"review_created_date":"2022-07-12 10:55:35","delivery_date":"2022-07-01 10:30:48"}},{"id":15139728,"title":"Rất không hài lòng","content":"Giao hàng chậm, đóng gói ẩu, tiki chỉ thả nguyên sách vào hộp mà không có bọc gì . Giao hàng hơn 2 tuần nên lúc mình nhận hộp đã bị rách và móp méo, sách bên trong thì đều bị quăn gáy và mép bìa, một số quyển còn bị rách 1 chút giấy ở gáy, và sách còn bám rất nhiều bụi. Bên vận chuyển thì về kho hơn 3 ngày không chịu giao, đã vậy còn tự ý hoàn hàng với lí do kiện hàng cồng kềnh làm mình phải ra tận kho lấy hàng về. Có thể tiki sẽ nói là do mình ko dùng bookcare nma đóng gói sách như này là không thể chấp nhận được, ít nhất cũng f bọc1 lớp chống sốc bao bên ngoài sách. Sách cũng ko nguyên seal và không hề có bọc nilon. Có 2 quyển duy nhất có bọc nilon nhưng đều bị rách hết","customer_id":7159448,"rating":1,"images":[{"id":3169596,"full_path":"https://salt.tikicdn.com/ts/review/9d/70/37/04c712863cc975499b6df622cd46f7ec.jpg"},{"id":3169597,"full_path":"https://salt.tikicdn.com/ts/review/d9/8c/37/6d1424c57d167b2fd1fa4800b7dd89d7.jpg"},{"id":3169598,"full_path":"https://salt.tikicdn.com/ts/review/02/0a/cf/7e5249f856c50f4a18e48235b7bb18c9.jpg"},{"id":3169599,"full_path":"https://salt.tikicdn.com/ts/review/3a/ab/33/6790141003cb82752ae6438f6b7ab40c.jpg"},{"id":3169600,"full_path":"https://salt.tikicdn.com/ts/review/55/ce/44/204cecac1529b9a57ec39a5dba1e2efd.jpg"}],"created_at":1645782013,"created_by":{"id":7159448,"name":"Trần Yến Nhi","full_name":"Trần Yến Nhi","created_time":"2018-05-21 14:31:19","purchased":true,"purchased_at":1644230047},"product_id":111537683,"timeline":{"review_created_date":"2022-02-25 16:40:13","delivery_date":"2022-02-25 16:28:34"}},{"id":16070504,"title":"Cực kì hài lòng","content":"Hàng giao nhanh ơi là nhanh, báo thứ 3 sẽ giao mà chủ nhật đã có. Mỗi tội khâu đóng gói của Tiki thì lỏng lẻo quá nhưng trộm vía là k có cuốn sách nào bị sao cả. Mình tự nhân là khách hàng dễ tính mà còn thấy không ưng bụng với lần đóng gói này, mong Tiki cải thiện chứ k là mất khách ah.","customer_id":737389,"rating":5,"images":[{"id":3403835,"full_path":"https://salt.tikicdn.com/ts/review/45/75/04/cb1bf2ce8e69cc62d5ee5c9947c861e2.jpg"},{"id":3403836,"full_path":"https://salt.tikicdn.com/ts/review/ef/cc/59/902c662870422d1566d1cd6cac2a4593.jpg"},{"id":3403837,"full_path":"https://salt.tikicdn.com/ts/review/07/8a/8c/005d8fb35b46e11a1d575b022221c1a8.jpg"}],"created_at":1650797354,"created_by":{"id":737389,"name":"Nguyễn Thị Hoàng Vân","full_name":"Nguyễn Thị Hoàng Vân","created_time":"2015-08-04 22:21:13","purchased":true,"purchased_at":1650644732},"product_id":111537683,"timeline":{"review_created_date":"2022-04-24 17:49:14","delivery_date":"2022-04-24 11:30:03"}},{"id":19230988,"title":"Không hài lòng","content":"Mình đặt quyển Và rồi chẳng còn ai nhưng lúc giao lại là quyển Đón ngọn triều dâng. Mà do bìa hai cuốn khá giống nên mình không để ý mà xé seal rồi nên giờ chắc cũng không đổi trả được, chỉ mong nxb trẻ sau này để ý một chút ở khâu đóng gói ạ","customer_id":5519147,"rating":2,"images":[{"id":4219257,"full_path":"https://salt.tikicdn.com/ts/review/56/1e/58/bf66b48e4a271b652a0740b06825276d.jpg"}],"created_at":1685073393,"created_by":{"id":5519147,"name":"Kỳ Duyên Cao Nguyễn","full_name":"Kỳ Duyên Cao Nguyễn","created_time":"2017-07-28 10:44:36","purchased":true,"purchased_at":1684928891},"product_id":111537683,"timeline":{"review_created_date":"2023-05-26 10:56:33","delivery_date":"2023-05-26 10:26:10"}},{"id":17487575,"title":"Cực kì hài lòng","content":"Bề ngoài sách đẹp quá trời luôn á, sách mới nguyên seal không móp méo hay bị lỗi gì cả. Nội dung sách thì khỏi phải bàn rồi. Ai fan trinh thám thì mình recommend mua nha....","customer_id":14695253,"rating":5,"images":[{"id":3818469,"full_path":"https://salt.tikicdn.com/ts/review/46/90/be/1b7399c7a998e4ce95850e86ecf5d866.jpg"},{"id":3818470,"full_path":"https://salt.tikicdn.com/ts/review/c2/7b/51/0a9aa6ea7e247e603100046308da9fbd.jpg"},{"id":3818471,"full_path":"https://salt.tikicdn.com/ts/review/58/77/e7/8915c898e1650c03977470d2e20023a2.jpg"},{"id":3818472,"full_path":"https://salt.tikicdn.com/ts/review/90/43/ab/efcb62f3c45c3de7f576558a939bef5f.jpg"},{"id":3818473,"full_path":"https://salt.tikicdn.com/ts/review/8f/d4/67/0bd6f79f7aa349980cb62f56ad4d51e4.jpg"}],"created_at":1661138341,"created_by":{"id":14695253,"name":"Thaoo Nguyenn","full_name":"Thaoo Nguyenn","created_time":"2019-10-30 22:15:13","purchased":true,"purchased_at":1660815099},"product_id":111537683,"timeline":{"review_created_date":"2022-08-22 10:19:01","delivery_date":"2022-08-22 10:04:05"}},{"id":17036244,"title":"Cực kì hài lòng","content":"Em gửi anh bản hợp đồng mới với nhiều người đã từng là một trong những ngày đầu tuần sau khi đã có những người bạn của bạn là người đầu tiên thảo luận về các vấn đề về sức khỏe của mình trong khí Chào có thể có thể thao và du lịch sinh thái và các","customer_id":27402478,"rating":5,"images":[{"id":3678135,"full_path":"https://salt.tikicdn.com/ts/review/1d/18/0c/1b1a04af72c22293762142157b4c617d.jpg"},{"id":3678136,"full_path":"https://salt.tikicdn.com/ts/review/8e/b7/65/2a2222cb3ef9491a120847f6db963e0d.jpg"},{"id":3678137,"full_path":"https://salt.tikicdn.com/ts/review/c6/37/60/5d4f96f569900be9ab824adcf1777cb9.jpg"},{"id":3678138,"full_path":"https://salt.tikicdn.com/ts/review/2f/e9/cb/a053eba237527d9708e7eee81936ae69.jpg"},{"id":3678139,"full_path":"https://salt.tikicdn.com/ts/review/49/49/54/e3c869b1342c41d1c5cf2206e1c6bf83.jpg"}],"created_at":1657598135,"created_by":{"id":27402478,"name":"Phạm Đình Đwsx","full_name":"Phạm Đình Đwsx","created_time":"2022-04-26 09:52:11","purchased":true,"purchased_at":1656580188},"product_id":111537683,"timeline":{"review_created_date":"2022-07-12 10:55:35","delivery_date":"2022-07-01 10:30:48"}},{"id":15139728,"title":"Rất không hài lòng","content":"Giao hàng chậm, đóng gói ẩu, tiki chỉ thả nguyên sách vào hộp mà không có bọc gì . Giao hàng hơn 2 tuần nên lúc mình nhận hộp đã bị rách và móp méo, sách bên trong thì đều bị quăn gáy và mép bìa, một số quyển còn bị rách 1 chút giấy ở gáy, và sách còn bám rất nhiều bụi. Bên vận chuyển thì về kho hơn 3 ngày không chịu giao, đã vậy còn tự ý hoàn hàng với lí do kiện hàng cồng kềnh làm mình phải ra tận kho lấy hàng về. Có thể tiki sẽ nói là do mình ko dùng bookcare nma đóng gói sách như này là không thể chấp nhận được, ít nhất cũng f bọc1 lớp chống sốc bao bên ngoài sách. Sách cũng ko nguyên seal và không hề có bọc nilon. Có 2 quyển duy nhất có bọc nilon nhưng đều bị rách hết","customer_id":7159448,"rating":1,"images":[{"id":3169596,"full_path":"https://salt.tikicdn.com/ts/review/9d/70/37/04c712863cc975499b6df622cd46f7ec.jpg"},{"id":3169597,"full_path":"https://salt.tikicdn.com/ts/review/d9/8c/37/6d1424c57d167b2fd1fa4800b7dd89d7.jpg"},{"id":3169598,"full_path":"https://salt.tikicdn.com/ts/review/02/0a/cf/7e5249f856c50f4a18e48235b7bb18c9.jpg"},{"id":3169599,"full_path":"https://salt.tikicdn.com/ts/review/3a/ab/33/6790141003cb82752ae6438f6b7ab40c.jpg"},{"id":3169600,"full_path":"https://salt.tikicdn.com/ts/review/55/ce/44/204cecac1529b9a57ec39a5dba1e2efd.jpg"}],"created_at":1645782013,"created_by":{"id":7159448,"name":"Trần Yến Nhi","full_name":"Trần Yến Nhi","created_time":"2018-05-21 14:31:19","purchased":true,"purchased_at":1644230047},"product_id":111537683,"timeline":{"review_created_date":"2022-02-25 16:40:13","delivery_date":"2022-02-25 16:28:34"}},{"id":16070504,"title":"Cực kì hài lòng","content":"Hàng giao nhanh ơi là nhanh, báo thứ 3 sẽ giao mà chủ nhật đã có. Mỗi tội khâu đóng gói của Tiki thì lỏng lẻo quá nhưng trộm vía là k có cuốn sách nào bị sao cả. Mình tự nhân là khách hàng dễ tính mà còn thấy không ưng bụng với lần đóng gói này, mong Tiki cải thiện chứ k là mất khách ah.","customer_id":737389,"rating":5,"images":[{"id":3403835,"full_path":"https://salt.tikicdn.com/ts/review/45/75/04/cb1bf2ce8e69cc62d5ee5c9947c861e2.jpg"},{"id":3403836,"full_path":"https://salt.tikicdn.com/ts/review/ef/cc/59/902c662870422d1566d1cd6cac2a4593.jpg"},{"id":3403837,"full_path":"https://salt.tikicdn.com/ts/review/07/8a/8c/005d8fb35b46e11a1d575b022221c1a8.jpg"}],"created_at":1650797354,"created_by":{"id":737389,"name":"Nguyễn Thị Hoàng Vân","full_name":"Nguyễn Thị Hoàng Vân","created_time":"2015-08-04 22:21:13","purchased":true,"purchased_at":1650644732},"product_id":111537683,"timeline":{"review_created_date":"2022-04-24 17:49:14","delivery_date":"2022-04-24 11:30:03"}},{"id":19230988,"title":"Không hài lòng","content":"Mình đặt quyển Và rồi chẳng còn ai nhưng lúc giao lại là quyển Đón ngọn triều dâng. Mà do bìa hai cuốn khá giống nên mình không để ý mà xé seal rồi nên giờ chắc cũng không đổi trả được, chỉ mong nxb trẻ sau này để ý một chút ở khâu đóng gói ạ","customer_id":5519147,"rating":2,"images":[{"id":4219257,"full_path":"https://salt.tikicdn.com/ts/review/56/1e/58/bf66b48e4a271b652a0740b06825276d.jpg"}],"created_at":1685073393,"created_by":{"id":5519147,"name":"Kỳ Duyên Cao Nguyễn","full_name":"Kỳ Duyên Cao Nguyễn","created_time":"2017-07-28 10:44:36","purchased":true,"purchased_at":1684928891},"product_id":111537683,"timeline":{"review_created_date":"2023-05-26 10:56:33","delivery_date":"2023-05-26 10:26:10"}},{"id":17487575,"title":"Cực kì hài lòng","content":"Bề ngoài sách đẹp quá trời luôn á, sách mới nguyên seal không móp méo hay bị lỗi gì cả. Nội dung sách thì khỏi phải bàn rồi. Ai fan trinh thám thì mình recommend mua nha....","customer_id":14695253,"rating":5,"images":[{"id":3818469,"full_path":"https://salt.tikicdn.com/ts/review/46/90/be/1b7399c7a998e4ce95850e86ecf5d866.jpg"},{"id":3818470,"full_path":"https://salt.tikicdn.com/ts/review/c2/7b/51/0a9aa6ea7e247e603100046308da9fbd.jpg"},{"id":3818471,"full_path":"https://salt.tikicdn.com/ts/review/58/77/e7/8915c898e1650c03977470d2e20023a2.jpg"},{"id":3818472,"full_path":"https://salt.tikicdn.com/ts/review/90/43/ab/efcb62f3c45c3de7f576558a939bef5f.jpg"},{"id":3818473,"full_path":"https://salt.tikicdn.com/ts/review/8f/d4/67/0bd6f79f7aa349980cb62f56ad4d51e4.jpg"}],"created_at":1661138341,"created_by":{"id":14695253,"name":"Thaoo Nguyenn","full_name":"Thaoo Nguyenn","created_time":"2019-10-30 22:15:13","purchased":true,"purchased_at":1660815099},"product_id":111537683,"timeline":{"review_created_date":"2022-08-22 10:19:01","delivery_date":"2022-08-22 10:04:05"}},{"id":17036244,"title":"Cực kì hài lòng","content":"Em gửi anh bản hợp đồng mới với nhiều người đã từng là một trong những ngày đầu tuần sau khi đã có những người bạn của bạn là người đầu tiên thảo luận về các vấn đề về sức khỏe của mình trong khí Chào có thể có thể thao và du lịch sinh thái và các","customer_id":27402478,"rating":5,"images":[{"id":3678135,"full_path":"https://salt.tikicdn.com/ts/review/1d/18/0c/1b1a04af72c22293762142157b4c617d.jpg"},{"id":3678136,"full_path":"https://salt.tikicdn.com/ts/review/8e/b7/65/2a2222cb3ef9491a120847f6db963e0d.jpg"},{"id":3678137,"full_path":"https://salt.tikicdn.com/ts/review/c6/37/60/5d4f96f569900be9ab824adcf1777cb9.jpg"},{"id":3678138,"full_path":"https://salt.tikicdn.com/ts/review/2f/e9/cb/a053eba237527d9708e7eee81936ae69.jpg"},{"id":3678139,"full_path":"https://salt.tikicdn.com/ts/review/49/49/54/e3c869b1342c41d1c5cf2206e1c6bf83.jpg"}],"created_at":1657598135,"created_by":{"id":27402478,"name":"Phạm Đình Đwsx","full_name":"Phạm Đình Đwsx","created_time":"2022-04-26 09:52:11","purchased":true,"purchased_at":1656580188},"product_id":111537683,"timeline":{"review_created_date":"2022-07-12 10:55:35","delivery_date":"2022-07-01 10:30:48"}},{"id":15139728,"title":"Rất không hài lòng","content":"Giao hàng chậm, đóng gói ẩu, tiki chỉ thả nguyên sách vào hộp mà không có bọc gì . Giao hàng hơn 2 tuần nên lúc mình nhận hộp đã bị rách và móp méo, sách bên trong thì đều bị quăn gáy và mép bìa, một số quyển còn bị rách 1 chút giấy ở gáy, và sách còn bám rất nhiều bụi. Bên vận chuyển thì về kho hơn 3 ngày không chịu giao, đã vậy còn tự ý hoàn hàng với lí do kiện hàng cồng kềnh làm mình phải ra tận kho lấy hàng về. Có thể tiki sẽ nói là do mình ko dùng bookcare nma đóng gói sách như này là không thể chấp nhận được, ít nhất cũng f bọc1 lớp chống sốc bao bên ngoài sách. Sách cũng ko nguyên seal và không hề có bọc nilon. Có 2 quyển duy nhất có bọc nilon nhưng đều bị rách hết","customer_id":7159448,"rating":1,"images":[{"id":3169596,"full_path":"https://salt.tikicdn.com/ts/review/9d/70/37/04c712863cc975499b6df622cd46f7ec.jpg"},{"id":3169597,"full_path":"https://salt.tikicdn.com/ts/review/d9/8c/37/6d1424c57d167b2fd1fa4800b7dd89d7.jpg"},{"id":3169598,"full_path":"https://salt.tikicdn.com/ts/review/02/0a/cf/7e5249f856c50f4a18e48235b7bb18c9.jpg"},{"id":3169599,"full_path":"https://salt.tikicdn.com/ts/review/3a/ab/33/6790141003cb82752ae6438f6b7ab40c.jpg"},{"id":3169600,"full_path":"https://salt.tikicdn.com/ts/review/55/ce/44/204cecac1529b9a57ec39a5dba1e2efd.jpg"}],"created_at":1645782013,"created_by":{"id":7159448,"name":"Trần Yến Nhi","full_name":"Trần Yến Nhi","created_time":"2018-05-21 14:31:19","purchased":true,"purchased_at":1644230047},"product_id":111537683,"timeline":{"review_created_date":"2022-02-25 16:40:13","delivery_date":"2022-02-25 16:28:34"}},{"id":16070504,"title":"Cực kì hài lòng","content":"Hàng giao nhanh ơi là nhanh, báo thứ 3 sẽ giao mà chủ nhật đã có. Mỗi tội khâu đóng gói của Tiki thì lỏng lẻo quá nhưng trộm vía là k có cuốn sách nào bị sao cả. Mình tự nhân là khách hàng dễ tính mà còn thấy không ưng bụng với lần đóng gói này, mong Tiki cải thiện chứ k là mất khách ah.","customer_id":737389,"rating":5,"images":[{"id":3403835,"full_path":"https://salt.tikicdn.com/ts/review/45/75/04/cb1bf2ce8e69cc62d5ee5c9947c861e2.jpg"},{"id":3403836,"full_path":"https://salt.tikicdn.com/ts/review/ef/cc/59/902c662870422d1566d1cd6cac2a4593.jpg"},{"id":3403837,"full_path":"https://salt.tikicdn.com/ts/review/07/8a/8c/005d8fb35b46e11a1d575b022221c1a8.jpg"}],"created_at":1650797354,"created_by":{"id":737389,"name":"Nguyễn Thị Hoàng Vân","full_name":"Nguyễn Thị Hoàng Vân","created_time":"2015-08-04 22:21:13","purchased":true,"purchased_at":1650644732},"product_id":111537683,"timeline":{"review_created_date":"2022-04-24 17:49:14","delivery_date":"2022-04-24 11:30:03"}},{"id":19230988,"title":"Không hài lòng","content":"Mình đặt quyển Và rồi chẳng còn ai nhưng lúc giao lại là quyển Đón ngọn triều dâng. Mà do bìa hai cuốn khá giống nên mình không để ý mà xé seal rồi nên giờ chắc cũng không đổi trả được, chỉ mong nxb trẻ sau này để ý một chút ở khâu đóng gói ạ","customer_id":5519147,"rating":2,"images":[{"id":4219257,"full_path":"https://salt.tikicdn.com/ts/review/56/1e/58/bf66b48e4a271b652a0740b06825276d.jpg"}],"created_at":1685073393,"created_by":{"id":5519147,"name":"Kỳ Duyên Cao Nguyễn","full_name":"Kỳ Duyên Cao Nguyễn","created_time":"2017-07-28 10:44:36","purchased":true,"purchased_at":1684928891},"product_id":111537683,"timeline":{"review_created_date":"2023-05-26 10:56:33","delivery_date":"2023-05-26 10:26:10"}},{"id":17487575,"title":"Cực kì hài lòng","content":"Bề ngoài sách đẹp quá trời luôn á, sách mới nguyên seal không móp méo hay bị lỗi gì cả. Nội dung sách thì khỏi phải bàn rồi. Ai fan trinh thám thì mình recommend mua nha....","customer_id":14695253,"rating":5,"images":[{"id":3818469,"full_path":"https://salt.tikicdn.com/ts/review/46/90/be/1b7399c7a998e4ce95850e86ecf5d866.jpg"},{"id":3818470,"full_path":"https://salt.tikicdn.com/ts/review/c2/7b/51/0a9aa6ea7e247e603100046308da9fbd.jpg"},{"id":3818471,"full_path":"https://salt.tikicdn.com/ts/review/58/77/e7/8915c898e1650c03977470d2e20023a2.jpg"},{"id":3818472,"full_path":"https://salt.tikicdn.com/ts/review/90/43/ab/efcb62f3c45c3de7f576558a939bef5f.jpg"},{"id":3818473,"full_path":"https://salt.tikicdn.com/ts/review/8f/d4/67/0bd6f79f7aa349980cb62f56ad4d51e4.jpg"}],"created_at":1661138341,"created_by":{"id":14695253,"name":"Thaoo Nguyenn","full_name":"Thaoo Nguyenn","created_time":"2019-10-30 22:15:13","purchased":true,"purchased_at":1660815099},"product_id":111537683,"timeline":{"review_created_date":"2022-08-22 10:19:01","delivery_date":"2022-08-22 10:04:05"}}]}