{"id":11274891,"dbId":11509,"createdAt":1542895696000,"name":"Combo Ông Trăm Tuổi Trèo Qua Cửa Sổ Và Biến Mất và Cô Gái Mù Chữ Phá Bom Nguyên Tử (Tặng Kèm Sổ Tay)","short_description":"Combo Ông Trăm Tuổi Trèo Qua Cửa Sổ Và Biến Mất và Cô Gái Mù Chữ Phá Bom Nguyên Tử ( Tặng Kèm Sổ Tay )Ông Trăm Tuổi Trèo Qua Cửa Sổ Và Biến MấtVào ngày sinh nhật lần thứ 100 của mình, cụ ông Allan ...","description":"\u003cp\u003e\u003cspan style\u003d\"color: #0000ff;\"\u003eCombo Ông Trăm Tuổi Trèo Qua Cửa Sổ Và Biến Mất và Cô Gái Mù Chữ Phá Bom Nguyên Tử ( Tặng Kèm Sổ Tay )\u003c/span\u003e\u003c/p\u003e\n\u003cp\u003e\u003cstrong style\u003d\"color: #ff6600; font-size: medium; text-align: justify;\"\u003eÔng Trăm Tuổi Trèo Qua Cửa Sổ Và Biến Mất\u003c/strong\u003e\u003c/p\u003e\n\u003cdiv id\u003d\"gioi-thieu\" class\u003d\"content js-content expand\"\u003e\n\u003cp style\u003d\"text-align: justify;\"\u003eVào ngày sinh nhật lần thứ 100 của mình, cụ ông Allan Karlsson đột nhiên trèo qua của sổ ngôi nhà dưỡng lão - Nhà Già - và biến mất. Ở cái tuổi 100 hiếm ai đạt tới thì cụ có thể đi đâu được? Một cuộc truy tìm trên khắp nước Thụy Điển diễn ra từ phía những người có trách nhiệm chăm nom cụ cũng như chính quyền sở tại. Song song với cuộc truy tìm nhân đạo ấy, một cuộc truy tìm đuổi bắt khác gay cấn hơn, xảy đến từ một tên tội phạm, kẻ đã ngớ ngẩn hoặc đúng hơn, bất cẩn trao vali 50 triệu crown vào tay cụ già này. Nhưng một người đã sống qua một thế kỷ thì không dễ gì tóm cụ ta được.\u003c/p\u003e\n\u003cp style\u003d\"text-align: justify;\"\u003eCuốn tiểu thuyết hồi tưởng lại cuộc đời phiêu lưu của Allan Karlsson, người đã đi khắp thế giới từ những năm trước Đại chiến thế giới thứ nhất đến cuộc Thế chiến thứ hai, từ nước Nga Xô Viết tới nước Mỹ siêu cường và nước Trung Quốc con rồng đang lên ở Viễn Đông. Cuốn tiểu thuyết với giọng điệu hóm hỉnh trào lộng, dẫn dắt người đọc chu du cùng Allan qua những tình huống giả tưởng làm bật lên cái nhìn tưng tửng về thế giới này.\u003c/p\u003e\n\u003cp style\u003d\"text-align: justify;\"\u003eNhững xung đột văn hóa, ý thức hệ và những nét khác thường của các vùng đất xa xôi, càng chứng tỏ sự đa dạng của nhân loại trong thế giới có vẻ phẳng này. Cuốn tiểu thuyết\u003cstrong\u003e Ông Trăm Tuổi Trèo Qua Cửa Sổ Và Biến Mất \u003c/strong\u003eđã trở thành hiện tượng quốc gia ở Thụy Điển, đem lại cho người đọc một cái nhìn hài hước kín đáo của văn hóa Bắc Âu, nơi có truyền thống tôn quý văn học lâu đời.\u003c/p\u003e\n\u003cp style\u003d\"text-align: justify;\"\u003e \u003c/p\u003e\n\u003cdiv id\u003d\"gioi-thieu\" class\u003d\"content js-content expand\"\u003e\n\u003cp style\u003d\"text-align: justify;\"\u003e\u003cspan style\u003d\"color: #ff6600; font-size: medium;\"\u003e\u003cstrong\u003eCô Gái Mù Chữ Phá Bom Nguyên Tử\u003c/strong\u003e\u003c/span\u003e\u003c/p\u003e\n\u003cp style\u003d\"text-align: justify;\"\u003e\u003cstrong\u003eCô gái mù chữ phá bom nguyên tử\u003c/strong\u003e - cuốn tiểu thuyết mới đầy chuyện li kì quái dị của \u003cstrong\u003eJonas Jonasson\u003c/strong\u003e, tác giả của \u003cstrong\u003eÔng trăm tuổi trèo qua cửa sổ và biến mất\u003c/strong\u003e.\u003c/p\u003e\n\u003cp style\u003d\"text-align: justify;\"\u003e\u003cspan style\u003d\"font-size: 12px;\"\u003eNombeko được sinh ra trong một căn lều bé tí tẹo ở Johannesburg, thành phố lớn nhất Nam Phi. Ngay từ lúc nhỏ xíu, cô đã mau chóng hiểu rằng thế gian này chẳng hứa hẹn gì với cô ngoài việc cô hoặc chết sớm, vì ma túy, vì rượu hay chỉ vì đơn giản là tuyệt vọng vì màu da châu Phi. Thay vì thế, Nombeko có những kế hoạch vĩ đại hơn nhiều. Cô tự học đọc học viết, bằng mưu mẹo và sự liều lĩnh đáng kinh ngạc, cô thoát khỏi khu ổ chuột với những viên kim cương lậu bạc triệu.\u003c/span\u003e\u003c/p\u003e\n\u003cp style\u003d\"text-align: justify;\"\u003e\u003cspan style\u003d\"font-size: 12px;\"\u003eĐời cô là chuỗi sự cố điên khùng nối tiếp điên khùng. Cô chẳng hề muốn sống đời nô lệ ở đất nước phân biệt chủng tộc nhưng cũng chẳng mong mình trở thành cố vấn bất đắc dĩ cho dự án bom nguyên tử. Vậy mà cô phải làm cả hai với trí tuệ siêu việt về tính toán. Nhưng không gì có thể ngăn cản cô lập kế hoạch trốn thoát tới Thụy Điển, nơi cô gặp cặp sinh đôi Holger, mà một trong số đó nuôi âm mưu làm cách mạng lật đổ vương triều.\u003c/span\u003e\u003c/p\u003e\n\u003cp style\u003d\"text-align: justify;\"\u003e\u003cspan style\u003d\"font-size: 12px;\"\u003eCuộc đời Nombeko đan cài đầy tréo ngoe vào cuộc đời của cặp sinh đôi, và khi cặp đôi dàn xếp vụ bắt cóc vua và thủ tướng Thụy Điển thì điệp vụ giải cứu đã sẵn đợi nữ người hùng ra tay - để cứu cả thế giới khỏi thảm họa. Quả bom nguyên tử sẽ hoàn tất sứ mệnh của nó ở đâu, hay là trong tay một siêu cường có nhu cầu?\u003c/span\u003e\u003c/p\u003e\n\u003cp style\u003d\"text-align: justify;\"\u003e\u003cspan style\u003d\"font-size: 12px;\"\u003eCuốn sách ăn khách toàn cầu của \u003cstrong\u003eJonas Jonasson\u003c/strong\u003e - \u003cstrong\u003eCô gái mù chữ phá bom nguyên tử\u003c/strong\u003e - khiến người đọc phấn khích về cách đùa với các nhân vật lịch sử có thực và các câu chuyện chính trị sặc mùi thuyết âm mưu ở thế giới này.\u003c/span\u003e\u003c/p\u003e\n\u003c/div\u003e\n\u003c/div\u003e\n\u003cp\u003e \u003c/p\u003e\u003cp\u003eGiá sản phẩm trên Tiki đã bao gồm thuế theo luật hiện hành. Bên cạnh đó, tuỳ vào loại sản phẩm, hình thức và địa chỉ giao hàng mà có thể phát sinh thêm chi phí khác như phí vận chuyển, phụ phí hàng cồng kềnh, thuế nhập khẩu (đối với đơn hàng giao từ nước ngoài có giá trị trên 1 triệu đồng).....\u003c/p\u003e","original_price":342000.0,"thumbnail_url":"https://salt.tikicdn.com/cache/280x280/ts/product/5a/bf/73/b95a84713f2473e268d52de799c1697b.jpg","images":[{"base_url":"https://salt.tikicdn.com/ts/product/5a/bf/73/b95a84713f2473e268d52de799c1697b.jpg","dbId":30604},{"base_url":"https://salt.tikicdn.com/ts/product/44/98/61/69e738af032c1251f76ae480111f0e6d.jpg","dbId":30605},{"base_url":"https://salt.tikicdn.com/ts/product/26/43/b5/f750e4545bf7216e6d9ad889cdb94fa2.jpg","dbId":30606},{"base_url":"https://salt.tikicdn.com/ts/product/bf/54/d6/4f9bee16083021e33935c9d9b105bed7.jpg","dbId":30607},{"base_url":"https://salt.tikicdn.com/ts/product/36/b0/45/db188bf98fd3303dfdcbd2b5ed65513d.jpg","dbId":30608}],"authors":[{"id":20806,"name":"Jonas Jonasson","dbId":6054}],"specifications":[{"name":"Thông tin chung","attributes":[{"name":"Công ty phát hành","value":"NXB Trẻ"},{"name":"Ngày xuất bản","value":"2018-11-01 21:08:16"},{"name":"Loại bìa","value":"Bìa mềm"},{"name":"Số trang","value":"1040"},{"code":"PUBLICATION_DATE","name":"Kích thước","value":"13 x 20 cm"}]}],"stock_item":{"qty":1000},"all_time_quantity_sold":422,"reviews":[{"id":18805355,"title":"Cực kì hài lòng","content":"Nội dung thì mình không đánh giá nữa vì đã có nhiều trên các trang nhóm rồi. Sách đẹp lắm nha. \r\nVề nhà bán hàng đóng sách đẹp, cứng cáp. \r\nVề Tiki tiếp nhận đơn nhanh, đóng gói và vận chuyển phải nói là nhanh không ngờ luôn(khâu đóng gói mà thêm tí miếng chống sốc vào thì yên tâm hơn).","customer_id":12167668,"rating":5,"images":[{"id":4117915,"full_path":"https://salt.tikicdn.com/ts/review/fb/71/dd/a558f5ac24a3693ecd1c9c5c310a0c78.jpg"}],"created_at":1676442710,"created_by":{"id":12167668,"name":"Hoa Nguyen","full_name":"Hoa Nguyen","created_time":"2019-05-20 18:30:08","purchased":true,"purchased_at":1676109872},"product_id":11274891,"timeline":{"review_created_date":"2023-02-15 13:31:50","delivery_date":"2023-02-13 12:15:18"}},{"id":19776885,"title":"Cực kì hài lòng","content":"","customer_id":10681858,"rating":5,"images":[],"created_at":1708492918,"created_by":{"id":10681858,"name":"Nguyễn Thị Thanh Minh","full_name":"Nguyễn Thị Thanh Minh","created_time":"2019-02-05 20:34:03","purchased":true,"purchased_at":1696998764},"product_id":11274891,"timeline":{"review_created_date":"2024-02-21 12:21:58","delivery_date":"2023-10-13 17:14:58"}},{"id":19498814,"title":"Cực kì hài lòng","content":"","customer_id":18074534,"rating":5,"images":[],"created_at":1693470968,"created_by":{"id":18074534,"name":"Toan Nguyen","full_name":"Toan Nguyen","created_time":"2020-08-11 22:03:24","purchased":true,"purchased_at":1693270825},"product_id":11274891,"timeline":{"review_created_date":"2023-08-31 15:36:08","delivery_date":"2023-08-30 10:31:59"}},{"id":15691676,"title":"Cực kì hài lòng","content":"Sách bọc sạch đẹp, tikinow giao nhanh còn tặng thêm quyển sổ khá xinh","customer_id":389905,"rating":5,"images":[{"id":3298551,"full_path":"https://salt.tikicdn.com/ts/review/0d/69/c1/56c169ace96e2e14516ac4fa51cae252.jpg"}],"created_at":1648697454,"created_by":{"id":389905,"name":"Nguyễn Thị Nhung","full_name":"Nguyễn Thị Nhung","created_time":"2014-08-04 00:16:09","purchased":true,"purchased_at":1648642207},"product_id":11274891,"timeline":{"review_created_date":"2022-03-31 10:30:54","delivery_date":"2022-03-31 09:27:41"}},{"id":18657237,"title":"Cực kì hài lòng","content":"Sách đẹp, đóng gói tốt, có quà.","customer_id":168361,"rating":5,"images":[],"created_at":1673964457,"created_by":{"id":168361,"name":"Nguyễn Khánh An","full_name":"Nguyễn Khánh An","created_time":"2013-09-05 08:43:52","purchased":true,"purchased_at":1673565486},"product_id":11274891,"timeline":{"review_created_date":"2023-01-17 21:07:37","delivery_date":"2023-01-16 16:37:24"}},{"id":18805355,"title":"Cực kì hài lòng","content":"Nội dung thì mình không đánh giá nữa vì đã có nhiều trên các trang nhóm rồi. Sách đẹp lắm nha. \r\nVề nhà bán hàng đóng sách đẹp, cứng cáp. \r\nVề Tiki tiếp nhận đơn nhanh, đóng gói và vận chuyển phải nói là nhanh không ngờ luôn(khâu đóng gói mà thêm tí miếng chống sốc vào thì yên tâm hơn).","customer_id":12167668,"rating":5,"images":[{"id":4117915,"full_path":"https://salt.tikicdn.com/ts/review/fb/71/dd/a558f5ac24a3693ecd1c9c5c310a0c78.jpg"}],"created_at":1676442710,"created_by":{"id":12167668,"name":"Hoa Nguyen","full_name":"Hoa Nguyen","created_time":"2019-05-20 18:30:08","purchased":true,"purchased_at":1676109872},"product_id":11274891,"timeline":{"review_created_date":"2023-02-15 13:31:50","delivery_date":"2023-02-13 12:15:18"}},{"id":19776885,"title":"Cực kì hài lòng","content":"","customer_id":10681858,"rating":5,"images":[],"created_at":1708492918,"created_by":{"id":10681858,"name":"Nguyễn Thị Thanh Minh","full_name":"Nguyễn Thị Thanh Minh","created_time":"2019-02-05 20:34:03","purchased":true,"purchased_at":1696998764},"product_id":11274891,"timeline":{"review_created_date":"2024-02-21 12:21:58","delivery_date":"2023-10-13 17:14:58"}},{"id":19498814,"title":"Cực kì hài lòng","content":"","customer_id":18074534,"rating":5,"images":[],"created_at":1693470968,"created_by":{"id":18074534,"name":"Toan Nguyen","full_name":"Toan Nguyen","created_time":"2020-08-11 22:03:24","purchased":true,"purchased_at":1693270825},"product_id":11274891,"timeline":{"review_created_date":"2023-08-31 15:36:08","delivery_date":"2023-08-30 10:31:59"}},{"id":15691676,"title":"Cực kì hài lòng","content":"Sách bọc sạch đẹp, tikinow giao nhanh còn tặng thêm quyển sổ khá xinh","customer_id":389905,"rating":5,"images":[{"id":3298551,"full_path":"https://salt.tikicdn.com/ts/review/0d/69/c1/56c169ace96e2e14516ac4fa51cae252.jpg"}],"created_at":1648697454,"created_by":{"id":389905,"name":"Nguyễn Thị Nhung","full_name":"Nguyễn Thị Nhung","created_time":"2014-08-04 00:16:09","purchased":true,"purchased_at":1648642207},"product_id":11274891,"timeline":{"review_created_date":"2022-03-31 10:30:54","delivery_date":"2022-03-31 09:27:41"}},{"id":18657237,"title":"Cực kì hài lòng","content":"Sách đẹp, đóng gói tốt, có quà.","customer_id":168361,"rating":5,"images":[],"created_at":1673964457,"created_by":{"id":168361,"name":"Nguyễn Khánh An","full_name":"Nguyễn Khánh An","created_time":"2013-09-05 08:43:52","purchased":true,"purchased_at":1673565486},"product_id":11274891,"timeline":{"review_created_date":"2023-01-17 21:07:37","delivery_date":"2023-01-16 16:37:24"}},{"id":18805355,"title":"Cực kì hài lòng","content":"Nội dung thì mình không đánh giá nữa vì đã có nhiều trên các trang nhóm rồi. Sách đẹp lắm nha. \r\nVề nhà bán hàng đóng sách đẹp, cứng cáp. \r\nVề Tiki tiếp nhận đơn nhanh, đóng gói và vận chuyển phải nói là nhanh không ngờ luôn(khâu đóng gói mà thêm tí miếng chống sốc vào thì yên tâm hơn).","customer_id":12167668,"rating":5,"images":[{"id":4117915,"full_path":"https://salt.tikicdn.com/ts/review/fb/71/dd/a558f5ac24a3693ecd1c9c5c310a0c78.jpg"}],"created_at":1676442710,"created_by":{"id":12167668,"name":"Hoa Nguyen","full_name":"Hoa Nguyen","created_time":"2019-05-20 18:30:08","purchased":true,"purchased_at":1676109872},"product_id":11274891,"timeline":{"review_created_date":"2023-02-15 13:31:50","delivery_date":"2023-02-13 12:15:18"}},{"id":19776885,"title":"Cực kì hài lòng","content":"","customer_id":10681858,"rating":5,"images":[],"created_at":1708492918,"created_by":{"id":10681858,"name":"Nguyễn Thị Thanh Minh","full_name":"Nguyễn Thị Thanh Minh","created_time":"2019-02-05 20:34:03","purchased":true,"purchased_at":1696998764},"product_id":11274891,"timeline":{"review_created_date":"2024-02-21 12:21:58","delivery_date":"2023-10-13 17:14:58"}},{"id":19498814,"title":"Cực kì hài lòng","content":"","customer_id":18074534,"rating":5,"images":[],"created_at":1693470968,"created_by":{"id":18074534,"name":"Toan Nguyen","full_name":"Toan Nguyen","created_time":"2020-08-11 22:03:24","purchased":true,"purchased_at":1693270825},"product_id":11274891,"timeline":{"review_created_date":"2023-08-31 15:36:08","delivery_date":"2023-08-30 10:31:59"}},{"id":15691676,"title":"Cực kì hài lòng","content":"Sách bọc sạch đẹp, tikinow giao nhanh còn tặng thêm quyển sổ khá xinh","customer_id":389905,"rating":5,"images":[{"id":3298551,"full_path":"https://salt.tikicdn.com/ts/review/0d/69/c1/56c169ace96e2e14516ac4fa51cae252.jpg"}],"created_at":1648697454,"created_by":{"id":389905,"name":"Nguyễn Thị Nhung","full_name":"Nguyễn Thị Nhung","created_time":"2014-08-04 00:16:09","purchased":true,"purchased_at":1648642207},"product_id":11274891,"timeline":{"review_created_date":"2022-03-31 10:30:54","delivery_date":"2022-03-31 09:27:41"}},{"id":18657237,"title":"Cực kì hài lòng","content":"Sách đẹp, đóng gói tốt, có quà.","customer_id":168361,"rating":5,"images":[],"created_at":1673964457,"created_by":{"id":168361,"name":"Nguyễn Khánh An","full_name":"Nguyễn Khánh An","created_time":"2013-09-05 08:43:52","purchased":true,"purchased_at":1673565486},"product_id":11274891,"timeline":{"review_created_date":"2023-01-17 21:07:37","delivery_date":"2023-01-16 16:37:24"}},{"id":18805355,"title":"Cực kì hài lòng","content":"Nội dung thì mình không đánh giá nữa vì đã có nhiều trên các trang nhóm rồi. Sách đẹp lắm nha. \r\nVề nhà bán hàng đóng sách đẹp, cứng cáp. \r\nVề Tiki tiếp nhận đơn nhanh, đóng gói và vận chuyển phải nói là nhanh không ngờ luôn(khâu đóng gói mà thêm tí miếng chống sốc vào thì yên tâm hơn).","customer_id":12167668,"rating":5,"images":[{"id":4117915,"full_path":"https://salt.tikicdn.com/ts/review/fb/71/dd/a558f5ac24a3693ecd1c9c5c310a0c78.jpg"}],"created_at":1676442710,"created_by":{"id":12167668,"name":"Hoa Nguyen","full_name":"Hoa Nguyen","created_time":"2019-05-20 18:30:08","purchased":true,"purchased_at":1676109872},"product_id":11274891,"timeline":{"review_created_date":"2023-02-15 13:31:50","delivery_date":"2023-02-13 12:15:18"}},{"id":19776885,"title":"Cực kì hài lòng","content":"","customer_id":10681858,"rating":5,"images":[],"created_at":1708492918,"created_by":{"id":10681858,"name":"Nguyễn Thị Thanh Minh","full_name":"Nguyễn Thị Thanh Minh","created_time":"2019-02-05 20:34:03","purchased":true,"purchased_at":1696998764},"product_id":11274891,"timeline":{"review_created_date":"2024-02-21 12:21:58","delivery_date":"2023-10-13 17:14:58"}},{"id":19498814,"title":"Cực kì hài lòng","content":"","customer_id":18074534,"rating":5,"images":[],"created_at":1693470968,"created_by":{"id":18074534,"name":"Toan Nguyen","full_name":"Toan Nguyen","created_time":"2020-08-11 22:03:24","purchased":true,"purchased_at":1693270825},"product_id":11274891,"timeline":{"review_created_date":"2023-08-31 15:36:08","delivery_date":"2023-08-30 10:31:59"}},{"id":15691676,"title":"Cực kì hài lòng","content":"Sách bọc sạch đẹp, tikinow giao nhanh còn tặng thêm quyển sổ khá xinh","customer_id":389905,"rating":5,"images":[{"id":3298551,"full_path":"https://salt.tikicdn.com/ts/review/0d/69/c1/56c169ace96e2e14516ac4fa51cae252.jpg"}],"created_at":1648697454,"created_by":{"id":389905,"name":"Nguyễn Thị Nhung","full_name":"Nguyễn Thị Nhung","created_time":"2014-08-04 00:16:09","purchased":true,"purchased_at":1648642207},"product_id":11274891,"timeline":{"review_created_date":"2022-03-31 10:30:54","delivery_date":"2022-03-31 09:27:41"}},{"id":18657237,"title":"Cực kì hài lòng","content":"Sách đẹp, đóng gói tốt, có quà.","customer_id":168361,"rating":5,"images":[],"created_at":1673964457,"created_by":{"id":168361,"name":"Nguyễn Khánh An","full_name":"Nguyễn Khánh An","created_time":"2013-09-05 08:43:52","purchased":true,"purchased_at":1673565486},"product_id":11274891,"timeline":{"review_created_date":"2023-01-17 21:07:37","delivery_date":"2023-01-16 16:37:24"}}]}