{"id":113060806,"dbId":10483,"createdAt":1626368400000,"name":"Bị Đuổi Khỏi Nhóm Anh Hùng, Tôi Muốn Sống Tự Do Tự Tại Ở Vương Đô","short_description":"Bị đuổi khỏi nhóm anh hùng, tôi muốn sống tự do tự tại ở Vương đôFlum Apricot chưa bao giờ có ý muốn rời khỏi ngôi làng của mình. Cô hài lòng dành cả quãng đời để sống yên bình tại nơi đây. Thế nhưng...","description":"\u003ch3 style\u003d\"text-align: justify;\"\u003eBị đuổi khỏi nhóm anh hùng, tôi muốn sống tự do tự tại ở Vương đô\u003c/h3\u003e\n\u003cp style\u003d\"text-align: justify;\"\u003eFlum Apricot chưa bao giờ có ý muốn rời khỏi ngôi làng của mình. Cô hài lòng dành cả quãng đời để sống yên bình tại nơi đây. Thế nhưng cuộc đời chẳng như mơ, sau khi bị chỉ định bởi lời tiên tri của Đấng Sáng tạo Origin rằng phải tham gia nhóm Anh hùng và đánh bại Ma Vương, cô không còn gì ngoài đau khổ. Làm sao một người có mọi chỉ số đều bằng 0 lại có tác dụng trong trận chiến? Kĩ năng duy nhất của cô là “Nghịch đảo” (Inverse), nhưng thậm chí cô còn không biết tác dụng hay ý nghĩa của nó. Hiền Nhân Jean Intage - một người đồng đội trong nhóm Anh hùng - luôn ngứa mắt với sự tồn tại của cô ở trong nhóm, đồng thời luôn nỗ lực để loại bỏ cô khỏi nhóm. Trong vực sâu của nỗi tuyệt vọng, khi lời nguyền cuối cùng cũng “đảo ngược” chính nó, Flum sẽ còn lại gì? Cô sẽ làm gì để thay đổi cuộc sống của mình?\u003c/p\u003e\n\u003cp\u003e\u003cimg id\u003d\"https://salt.tikicdn.com/ts/tmp/b4/6c/7f/2a47f0f837fd0b0beb4518946cfba8b4.jpg\" style\u003d\"display: block; margin-left: auto; margin-right: auto;\" title\u003d\"\" src\u003d\"https://salt.tikicdn.com/ts/tmp/b4/6c/7f/2a47f0f837fd0b0beb4518946cfba8b4.jpg\" alt\u003d\"\" width\u003d\"750\" height\u003d\"626\" /\u003e\u003c/p\u003e\n\u003cp\u003e\u003cimg id\u003d\"https://salt.tikicdn.com/ts/tmp/81/ac/97/8bd74fff301b600512c0d241cce1d49d.jpg\" style\u003d\"display: block; margin-left: auto; margin-right: auto;\" title\u003d\"\" src\u003d\"https://salt.tikicdn.com/ts/tmp/81/ac/97/8bd74fff301b600512c0d241cce1d49d.jpg\" alt\u003d\"\" width\u003d\"750\" height\u003d\"563\" /\u003e\u003c/p\u003e\u003cp\u003eGiá sản phẩm trên Tiki đã bao gồm thuế theo luật hiện hành. Bên cạnh đó, tuỳ vào loại sản phẩm, hình thức và địa chỉ giao hàng mà có thể phát sinh thêm chi phí khác như phí vận chuyển, phụ phí hàng cồng kềnh, thuế nhập khẩu (đối với đơn hàng giao từ nước ngoài có giá trị trên 1 triệu đồng).....\u003c/p\u003e","original_price":159000.0,"thumbnail_url":"https://salt.tikicdn.com/cache/280x280/ts/product/db/ce/c9/2b03c773953827359c3f95d91890851c.jpg","images":[{"base_url":"https://salt.tikicdn.com/ts/product/db/ce/c9/2b03c773953827359c3f95d91890851c.jpg","dbId":27943},{"base_url":"https://salt.tikicdn.com/ts/product/99/09/a0/72422b970d78aa602db19957ecb85be8.jpg","dbId":27944},{"base_url":"https://salt.tikicdn.com/ts/product/d2/1c/40/4d5c0e0391c599d31931103a21115747.png","dbId":27945}],"authors":[{"id":5056677,"name":"Kiki","dbId":5514}],"specifications":[{"name":"Thông tin chung","attributes":[{"name":"Phiên bản sách","value":"Phiên bản thường"},{"name":"Công ty phát hành","value":"Ichi Light Novel"},{"name":"Ngày xuất bản","value":"2021-07-01 00:00:00"},{"name":"Dịch Giả","value":" Vi Vũ"},{"name":"Loại bìa","value":"Bìa mềm"},{"name":"Số trang","value":"496"},{"name":"Nhà xuất bản","value":"Nhà Xuất Bản Thế Giới"},{"code":"PUBLICATION_DATE","name":"Kích thước","value":"13 x 18 cm"}]}],"stock_item":{"qty":1000},"all_time_quantity_sold":657,"reviews":[{"id":14285769,"title":"Cực kì hài lòng","content":"Tiki chúa giao lâu luôn, đợt trc bị hủy đơn nhưng đợt này may nó giao nhưng vẫn hơn 2 tuần. Nhận dc quả hộp méo với rách, mở ra may sao sách vẫn ko sao nhưng sách vẫn bị nhiều lỗi trong khi bọc seal cơ. Biết tập 1 Ichi vẫn còn mắc nhiều lỗi nên bỏ qua. Truyện với standee màu nhạt hơn với so cuốn mình đặt đợt 200 bản bí mật (bản này thì đậm quá :)) Chốt lại là hóng tập 3 :\u003e","customer_id":7435973,"rating":5,"images":[{"id":2990281,"full_path":"https://salt.tikicdn.com/ts/review/9a/46/a8/bf03db763d76ed6837def30f450a2504.jpg"},{"id":2990282,"full_path":"https://salt.tikicdn.com/ts/review/bc/8b/48/a2bd31d034904a26370ecf44bd061090.jpg"},{"id":2990283,"full_path":"https://salt.tikicdn.com/ts/review/b7/27/ab/2f2791560edd2ef2ead4afc013564fde.jpg"}],"created_at":1641448929,"created_by":{"id":7435973,"name":"Nguyễn Hải Thanh","full_name":"Nguyễn Hải Thanh","created_time":"2018-07-10 19:19:05","purchased":true,"purchased_at":1640067772},"product_id":113060806,"timeline":{"review_created_date":"2022-01-06 13:02:09","delivery_date":"2022-01-06 12:23:03"}},{"id":14784652,"title":"Cực kì hài lòng","content":"mình đặt từ tối mùng 2 mà đến sáng sớm mùng 4 đã nhận đc r🥲🥲 làm mình đag ngủ lại phải chui dậy:))) giao hàng quá đỉnh luôn dù máy dự báo mùng 5 hàng mới về:0 hộp bọc các thứ cũng ko hề bị móp hay có dấu hiệu bị va đập🐸👍 quá tuyệt luôn","customer_id":16153594,"rating":5,"images":[{"id":3094006,"full_path":"https://salt.tikicdn.com/ts/review/d0/a1/07/414a1a387dcd2508edccb21e2a3dab04.jpg"},{"id":3094007,"full_path":"https://salt.tikicdn.com/ts/review/1a/7d/3e/ba04314886918479b2dc4cc8814ca503.jpg"},{"id":3094008,"full_path":"https://salt.tikicdn.com/ts/review/51/8b/e6/744525927c5eaa1c35225891e76d6849.jpg"}],"created_at":1643940477,"created_by":{"id":16153594,"name":"Lê Diệu Linh","full_name":"Lê Diệu Linh","created_time":"2020-01-28 17:37:20","purchased":true,"purchased_at":1643803986},"product_id":113060806,"timeline":{"review_created_date":"2022-02-04 09:07:57","delivery_date":"2022-02-04 08:58:13"}},{"id":14303601,"title":"Cực kì hài lòng","content":"tùy hàng giao hơi lâu nhưng bù lại thì hàng 0 bị hư hao gì là ổn áp rồi à quên nữa phần bìa áo có gãy 1 góc nhỏ :v t mua ngay đợt giảm giá 50%","customer_id":15331831,"rating":5,"images":[{"id":2994281,"full_path":"https://salt.tikicdn.com/ts/review/6b/2c/b6/94b229a48d541ef1bd0c4981653507ee.jpg"},{"id":2994282,"full_path":"https://salt.tikicdn.com/ts/review/8d/57/3a/4923b812de1d709c0d9c3b6350db092c.jpg"},{"id":2994283,"full_path":"https://salt.tikicdn.com/ts/review/2d/52/36/c04f80adec7e6d6f537d991babdbe044.jpg"},{"id":2994284,"full_path":"https://salt.tikicdn.com/ts/review/bc/ba/c8/7bffe40b0c70f55df9d1aeccb9d0bee9.jpg"},{"id":2994285,"full_path":"https://salt.tikicdn.com/ts/review/cd/e8/50/9dca1d206898135aea86f01fc619503c.jpg"}],"created_at":1641532255,"created_by":{"id":15331831,"name":"Y Tran","full_name":"Y Tran","created_time":"2019-12-07 10:45:16","purchased":true,"purchased_at":1640091442},"product_id":113060806,"timeline":{"review_created_date":"2022-01-07 12:10:55","delivery_date":"2022-01-07 11:24:05"}},{"id":13548549,"title":"Cực kì hài lòng","content":"Vì một số lý do mà dự kiến giao hàng ngày 27/11 nhưng đến ngày 1/12 mới cầm được sách nhưng cũng không sao, sách không bị hư hại bên ngoài quá nhiều, không cố ý soi sẽ không thấy được nên nhìn chung vẫn rất hài lòng, hóng tập 2 được giao (・∀・)","customer_id":14486377,"rating":5,"images":[{"id":2829691,"full_path":"https://salt.tikicdn.com/ts/review/89/cc/aa/d229ba46ee76433aa627478c677596c5.jpg"},{"id":2829692,"full_path":"https://salt.tikicdn.com/ts/review/6b/96/88/ca7f1e91de4ca3184985b0e5091492a4.jpg"}],"created_at":1638332082,"created_by":{"id":14486377,"name":"Nguyễn Cherry","full_name":"Nguyễn Cherry","created_time":"2019-10-16 22:07:00","purchased":true,"purchased_at":1637898923},"product_id":113060806,"timeline":{"review_created_date":"2021-12-01 11:14:42","delivery_date":"2021-12-01 11:00:19"}},{"id":14311544,"title":"Cực kì hài lòng","content":"Ban đầu mình không tính mua đâu, nhưng đợt đó vô tình mình canh được Tiki trợ giá 50%, thế là chốt luôn 2 tập đặc biệt ngay không suy nghĩ. Không nghĩ là sau khi đọc thử thì ghiền luôn, đọc hay với ám ảnh tới nỗi mà tối mình mơ thấy về truyện luôn á. Mình nghĩ bất kể ai cũng nên đọc tác phẩm này 1 lần.","customer_id":13554668,"rating":5,"images":[{"id":3005599,"full_path":"https://salt.tikicdn.com/ts/review/b0/41/eb/66fdef8c782ffdcaea8370f9f9152b84.jpg"}],"created_at":1641555913,"created_by":{"id":13554668,"name":"Phạm Kim Yến","full_name":"Phạm Kim Yến","created_time":"2019-08-19 23:15:52","purchased":true,"purchased_at":1640064803},"product_id":113060806,"timeline":{"review_created_date":"2022-01-07 18:45:13","delivery_date":"2022-01-06 13:30:17"}},{"id":14285769,"title":"Cực kì hài lòng","content":"Tiki chúa giao lâu luôn, đợt trc bị hủy đơn nhưng đợt này may nó giao nhưng vẫn hơn 2 tuần. Nhận dc quả hộp méo với rách, mở ra may sao sách vẫn ko sao nhưng sách vẫn bị nhiều lỗi trong khi bọc seal cơ. Biết tập 1 Ichi vẫn còn mắc nhiều lỗi nên bỏ qua. Truyện với standee màu nhạt hơn với so cuốn mình đặt đợt 200 bản bí mật (bản này thì đậm quá :)) Chốt lại là hóng tập 3 :\u003e","customer_id":7435973,"rating":5,"images":[{"id":2990281,"full_path":"https://salt.tikicdn.com/ts/review/9a/46/a8/bf03db763d76ed6837def30f450a2504.jpg"},{"id":2990282,"full_path":"https://salt.tikicdn.com/ts/review/bc/8b/48/a2bd31d034904a26370ecf44bd061090.jpg"},{"id":2990283,"full_path":"https://salt.tikicdn.com/ts/review/b7/27/ab/2f2791560edd2ef2ead4afc013564fde.jpg"}],"created_at":1641448929,"created_by":{"id":7435973,"name":"Nguyễn Hải Thanh","full_name":"Nguyễn Hải Thanh","created_time":"2018-07-10 19:19:05","purchased":true,"purchased_at":1640067772},"product_id":113060806,"timeline":{"review_created_date":"2022-01-06 13:02:09","delivery_date":"2022-01-06 12:23:03"}},{"id":14784652,"title":"Cực kì hài lòng","content":"mình đặt từ tối mùng 2 mà đến sáng sớm mùng 4 đã nhận đc r🥲🥲 làm mình đag ngủ lại phải chui dậy:))) giao hàng quá đỉnh luôn dù máy dự báo mùng 5 hàng mới về:0 hộp bọc các thứ cũng ko hề bị móp hay có dấu hiệu bị va đập🐸👍 quá tuyệt luôn","customer_id":16153594,"rating":5,"images":[{"id":3094006,"full_path":"https://salt.tikicdn.com/ts/review/d0/a1/07/414a1a387dcd2508edccb21e2a3dab04.jpg"},{"id":3094007,"full_path":"https://salt.tikicdn.com/ts/review/1a/7d/3e/ba04314886918479b2dc4cc8814ca503.jpg"},{"id":3094008,"full_path":"https://salt.tikicdn.com/ts/review/51/8b/e6/744525927c5eaa1c35225891e76d6849.jpg"}],"created_at":1643940477,"created_by":{"id":16153594,"name":"Lê Diệu Linh","full_name":"Lê Diệu Linh","created_time":"2020-01-28 17:37:20","purchased":true,"purchased_at":1643803986},"product_id":113060806,"timeline":{"review_created_date":"2022-02-04 09:07:57","delivery_date":"2022-02-04 08:58:13"}},{"id":14303601,"title":"Cực kì hài lòng","content":"tùy hàng giao hơi lâu nhưng bù lại thì hàng 0 bị hư hao gì là ổn áp rồi à quên nữa phần bìa áo có gãy 1 góc nhỏ :v t mua ngay đợt giảm giá 50%","customer_id":15331831,"rating":5,"images":[{"id":2994281,"full_path":"https://salt.tikicdn.com/ts/review/6b/2c/b6/94b229a48d541ef1bd0c4981653507ee.jpg"},{"id":2994282,"full_path":"https://salt.tikicdn.com/ts/review/8d/57/3a/4923b812de1d709c0d9c3b6350db092c.jpg"},{"id":2994283,"full_path":"https://salt.tikicdn.com/ts/review/2d/52/36/c04f80adec7e6d6f537d991babdbe044.jpg"},{"id":2994284,"full_path":"https://salt.tikicdn.com/ts/review/bc/ba/c8/7bffe40b0c70f55df9d1aeccb9d0bee9.jpg"},{"id":2994285,"full_path":"https://salt.tikicdn.com/ts/review/cd/e8/50/9dca1d206898135aea86f01fc619503c.jpg"}],"created_at":1641532255,"created_by":{"id":15331831,"name":"Y Tran","full_name":"Y Tran","created_time":"2019-12-07 10:45:16","purchased":true,"purchased_at":1640091442},"product_id":113060806,"timeline":{"review_created_date":"2022-01-07 12:10:55","delivery_date":"2022-01-07 11:24:05"}},{"id":13548549,"title":"Cực kì hài lòng","content":"Vì một số lý do mà dự kiến giao hàng ngày 27/11 nhưng đến ngày 1/12 mới cầm được sách nhưng cũng không sao, sách không bị hư hại bên ngoài quá nhiều, không cố ý soi sẽ không thấy được nên nhìn chung vẫn rất hài lòng, hóng tập 2 được giao (・∀・)","customer_id":14486377,"rating":5,"images":[{"id":2829691,"full_path":"https://salt.tikicdn.com/ts/review/89/cc/aa/d229ba46ee76433aa627478c677596c5.jpg"},{"id":2829692,"full_path":"https://salt.tikicdn.com/ts/review/6b/96/88/ca7f1e91de4ca3184985b0e5091492a4.jpg"}],"created_at":1638332082,"created_by":{"id":14486377,"name":"Nguyễn Cherry","full_name":"Nguyễn Cherry","created_time":"2019-10-16 22:07:00","purchased":true,"purchased_at":1637898923},"product_id":113060806,"timeline":{"review_created_date":"2021-12-01 11:14:42","delivery_date":"2021-12-01 11:00:19"}},{"id":14311544,"title":"Cực kì hài lòng","content":"Ban đầu mình không tính mua đâu, nhưng đợt đó vô tình mình canh được Tiki trợ giá 50%, thế là chốt luôn 2 tập đặc biệt ngay không suy nghĩ. Không nghĩ là sau khi đọc thử thì ghiền luôn, đọc hay với ám ảnh tới nỗi mà tối mình mơ thấy về truyện luôn á. Mình nghĩ bất kể ai cũng nên đọc tác phẩm này 1 lần.","customer_id":13554668,"rating":5,"images":[{"id":3005599,"full_path":"https://salt.tikicdn.com/ts/review/b0/41/eb/66fdef8c782ffdcaea8370f9f9152b84.jpg"}],"created_at":1641555913,"created_by":{"id":13554668,"name":"Phạm Kim Yến","full_name":"Phạm Kim Yến","created_time":"2019-08-19 23:15:52","purchased":true,"purchased_at":1640064803},"product_id":113060806,"timeline":{"review_created_date":"2022-01-07 18:45:13","delivery_date":"2022-01-06 13:30:17"}},{"id":14285769,"title":"Cực kì hài lòng","content":"Tiki chúa giao lâu luôn, đợt trc bị hủy đơn nhưng đợt này may nó giao nhưng vẫn hơn 2 tuần. Nhận dc quả hộp méo với rách, mở ra may sao sách vẫn ko sao nhưng sách vẫn bị nhiều lỗi trong khi bọc seal cơ. Biết tập 1 Ichi vẫn còn mắc nhiều lỗi nên bỏ qua. Truyện với standee màu nhạt hơn với so cuốn mình đặt đợt 200 bản bí mật (bản này thì đậm quá :)) Chốt lại là hóng tập 3 :\u003e","customer_id":7435973,"rating":5,"images":[{"id":2990281,"full_path":"https://salt.tikicdn.com/ts/review/9a/46/a8/bf03db763d76ed6837def30f450a2504.jpg"},{"id":2990282,"full_path":"https://salt.tikicdn.com/ts/review/bc/8b/48/a2bd31d034904a26370ecf44bd061090.jpg"},{"id":2990283,"full_path":"https://salt.tikicdn.com/ts/review/b7/27/ab/2f2791560edd2ef2ead4afc013564fde.jpg"}],"created_at":1641448929,"created_by":{"id":7435973,"name":"Nguyễn Hải Thanh","full_name":"Nguyễn Hải Thanh","created_time":"2018-07-10 19:19:05","purchased":true,"purchased_at":1640067772},"product_id":113060806,"timeline":{"review_created_date":"2022-01-06 13:02:09","delivery_date":"2022-01-06 12:23:03"}},{"id":14784652,"title":"Cực kì hài lòng","content":"mình đặt từ tối mùng 2 mà đến sáng sớm mùng 4 đã nhận đc r🥲🥲 làm mình đag ngủ lại phải chui dậy:))) giao hàng quá đỉnh luôn dù máy dự báo mùng 5 hàng mới về:0 hộp bọc các thứ cũng ko hề bị móp hay có dấu hiệu bị va đập🐸👍 quá tuyệt luôn","customer_id":16153594,"rating":5,"images":[{"id":3094006,"full_path":"https://salt.tikicdn.com/ts/review/d0/a1/07/414a1a387dcd2508edccb21e2a3dab04.jpg"},{"id":3094007,"full_path":"https://salt.tikicdn.com/ts/review/1a/7d/3e/ba04314886918479b2dc4cc8814ca503.jpg"},{"id":3094008,"full_path":"https://salt.tikicdn.com/ts/review/51/8b/e6/744525927c5eaa1c35225891e76d6849.jpg"}],"created_at":1643940477,"created_by":{"id":16153594,"name":"Lê Diệu Linh","full_name":"Lê Diệu Linh","created_time":"2020-01-28 17:37:20","purchased":true,"purchased_at":1643803986},"product_id":113060806,"timeline":{"review_created_date":"2022-02-04 09:07:57","delivery_date":"2022-02-04 08:58:13"}},{"id":14303601,"title":"Cực kì hài lòng","content":"tùy hàng giao hơi lâu nhưng bù lại thì hàng 0 bị hư hao gì là ổn áp rồi à quên nữa phần bìa áo có gãy 1 góc nhỏ :v t mua ngay đợt giảm giá 50%","customer_id":15331831,"rating":5,"images":[{"id":2994281,"full_path":"https://salt.tikicdn.com/ts/review/6b/2c/b6/94b229a48d541ef1bd0c4981653507ee.jpg"},{"id":2994282,"full_path":"https://salt.tikicdn.com/ts/review/8d/57/3a/4923b812de1d709c0d9c3b6350db092c.jpg"},{"id":2994283,"full_path":"https://salt.tikicdn.com/ts/review/2d/52/36/c04f80adec7e6d6f537d991babdbe044.jpg"},{"id":2994284,"full_path":"https://salt.tikicdn.com/ts/review/bc/ba/c8/7bffe40b0c70f55df9d1aeccb9d0bee9.jpg"},{"id":2994285,"full_path":"https://salt.tikicdn.com/ts/review/cd/e8/50/9dca1d206898135aea86f01fc619503c.jpg"}],"created_at":1641532255,"created_by":{"id":15331831,"name":"Y Tran","full_name":"Y Tran","created_time":"2019-12-07 10:45:16","purchased":true,"purchased_at":1640091442},"product_id":113060806,"timeline":{"review_created_date":"2022-01-07 12:10:55","delivery_date":"2022-01-07 11:24:05"}},{"id":13548549,"title":"Cực kì hài lòng","content":"Vì một số lý do mà dự kiến giao hàng ngày 27/11 nhưng đến ngày 1/12 mới cầm được sách nhưng cũng không sao, sách không bị hư hại bên ngoài quá nhiều, không cố ý soi sẽ không thấy được nên nhìn chung vẫn rất hài lòng, hóng tập 2 được giao (・∀・)","customer_id":14486377,"rating":5,"images":[{"id":2829691,"full_path":"https://salt.tikicdn.com/ts/review/89/cc/aa/d229ba46ee76433aa627478c677596c5.jpg"},{"id":2829692,"full_path":"https://salt.tikicdn.com/ts/review/6b/96/88/ca7f1e91de4ca3184985b0e5091492a4.jpg"}],"created_at":1638332082,"created_by":{"id":14486377,"name":"Nguyễn Cherry","full_name":"Nguyễn Cherry","created_time":"2019-10-16 22:07:00","purchased":true,"purchased_at":1637898923},"product_id":113060806,"timeline":{"review_created_date":"2021-12-01 11:14:42","delivery_date":"2021-12-01 11:00:19"}},{"id":14311544,"title":"Cực kì hài lòng","content":"Ban đầu mình không tính mua đâu, nhưng đợt đó vô tình mình canh được Tiki trợ giá 50%, thế là chốt luôn 2 tập đặc biệt ngay không suy nghĩ. Không nghĩ là sau khi đọc thử thì ghiền luôn, đọc hay với ám ảnh tới nỗi mà tối mình mơ thấy về truyện luôn á. Mình nghĩ bất kể ai cũng nên đọc tác phẩm này 1 lần.","customer_id":13554668,"rating":5,"images":[{"id":3005599,"full_path":"https://salt.tikicdn.com/ts/review/b0/41/eb/66fdef8c782ffdcaea8370f9f9152b84.jpg"}],"created_at":1641555913,"created_by":{"id":13554668,"name":"Phạm Kim Yến","full_name":"Phạm Kim Yến","created_time":"2019-08-19 23:15:52","purchased":true,"purchased_at":1640064803},"product_id":113060806,"timeline":{"review_created_date":"2022-01-07 18:45:13","delivery_date":"2022-01-06 13:30:17"}},{"id":14285769,"title":"Cực kì hài lòng","content":"Tiki chúa giao lâu luôn, đợt trc bị hủy đơn nhưng đợt này may nó giao nhưng vẫn hơn 2 tuần. Nhận dc quả hộp méo với rách, mở ra may sao sách vẫn ko sao nhưng sách vẫn bị nhiều lỗi trong khi bọc seal cơ. Biết tập 1 Ichi vẫn còn mắc nhiều lỗi nên bỏ qua. Truyện với standee màu nhạt hơn với so cuốn mình đặt đợt 200 bản bí mật (bản này thì đậm quá :)) Chốt lại là hóng tập 3 :\u003e","customer_id":7435973,"rating":5,"images":[{"id":2990281,"full_path":"https://salt.tikicdn.com/ts/review/9a/46/a8/bf03db763d76ed6837def30f450a2504.jpg"},{"id":2990282,"full_path":"https://salt.tikicdn.com/ts/review/bc/8b/48/a2bd31d034904a26370ecf44bd061090.jpg"},{"id":2990283,"full_path":"https://salt.tikicdn.com/ts/review/b7/27/ab/2f2791560edd2ef2ead4afc013564fde.jpg"}],"created_at":1641448929,"created_by":{"id":7435973,"name":"Nguyễn Hải Thanh","full_name":"Nguyễn Hải Thanh","created_time":"2018-07-10 19:19:05","purchased":true,"purchased_at":1640067772},"product_id":113060806,"timeline":{"review_created_date":"2022-01-06 13:02:09","delivery_date":"2022-01-06 12:23:03"}},{"id":14784652,"title":"Cực kì hài lòng","content":"mình đặt từ tối mùng 2 mà đến sáng sớm mùng 4 đã nhận đc r🥲🥲 làm mình đag ngủ lại phải chui dậy:))) giao hàng quá đỉnh luôn dù máy dự báo mùng 5 hàng mới về:0 hộp bọc các thứ cũng ko hề bị móp hay có dấu hiệu bị va đập🐸👍 quá tuyệt luôn","customer_id":16153594,"rating":5,"images":[{"id":3094006,"full_path":"https://salt.tikicdn.com/ts/review/d0/a1/07/414a1a387dcd2508edccb21e2a3dab04.jpg"},{"id":3094007,"full_path":"https://salt.tikicdn.com/ts/review/1a/7d/3e/ba04314886918479b2dc4cc8814ca503.jpg"},{"id":3094008,"full_path":"https://salt.tikicdn.com/ts/review/51/8b/e6/744525927c5eaa1c35225891e76d6849.jpg"}],"created_at":1643940477,"created_by":{"id":16153594,"name":"Lê Diệu Linh","full_name":"Lê Diệu Linh","created_time":"2020-01-28 17:37:20","purchased":true,"purchased_at":1643803986},"product_id":113060806,"timeline":{"review_created_date":"2022-02-04 09:07:57","delivery_date":"2022-02-04 08:58:13"}},{"id":14303601,"title":"Cực kì hài lòng","content":"tùy hàng giao hơi lâu nhưng bù lại thì hàng 0 bị hư hao gì là ổn áp rồi à quên nữa phần bìa áo có gãy 1 góc nhỏ :v t mua ngay đợt giảm giá 50%","customer_id":15331831,"rating":5,"images":[{"id":2994281,"full_path":"https://salt.tikicdn.com/ts/review/6b/2c/b6/94b229a48d541ef1bd0c4981653507ee.jpg"},{"id":2994282,"full_path":"https://salt.tikicdn.com/ts/review/8d/57/3a/4923b812de1d709c0d9c3b6350db092c.jpg"},{"id":2994283,"full_path":"https://salt.tikicdn.com/ts/review/2d/52/36/c04f80adec7e6d6f537d991babdbe044.jpg"},{"id":2994284,"full_path":"https://salt.tikicdn.com/ts/review/bc/ba/c8/7bffe40b0c70f55df9d1aeccb9d0bee9.jpg"},{"id":2994285,"full_path":"https://salt.tikicdn.com/ts/review/cd/e8/50/9dca1d206898135aea86f01fc619503c.jpg"}],"created_at":1641532255,"created_by":{"id":15331831,"name":"Y Tran","full_name":"Y Tran","created_time":"2019-12-07 10:45:16","purchased":true,"purchased_at":1640091442},"product_id":113060806,"timeline":{"review_created_date":"2022-01-07 12:10:55","delivery_date":"2022-01-07 11:24:05"}},{"id":13548549,"title":"Cực kì hài lòng","content":"Vì một số lý do mà dự kiến giao hàng ngày 27/11 nhưng đến ngày 1/12 mới cầm được sách nhưng cũng không sao, sách không bị hư hại bên ngoài quá nhiều, không cố ý soi sẽ không thấy được nên nhìn chung vẫn rất hài lòng, hóng tập 2 được giao (・∀・)","customer_id":14486377,"rating":5,"images":[{"id":2829691,"full_path":"https://salt.tikicdn.com/ts/review/89/cc/aa/d229ba46ee76433aa627478c677596c5.jpg"},{"id":2829692,"full_path":"https://salt.tikicdn.com/ts/review/6b/96/88/ca7f1e91de4ca3184985b0e5091492a4.jpg"}],"created_at":1638332082,"created_by":{"id":14486377,"name":"Nguyễn Cherry","full_name":"Nguyễn Cherry","created_time":"2019-10-16 22:07:00","purchased":true,"purchased_at":1637898923},"product_id":113060806,"timeline":{"review_created_date":"2021-12-01 11:14:42","delivery_date":"2021-12-01 11:00:19"}},{"id":14311544,"title":"Cực kì hài lòng","content":"Ban đầu mình không tính mua đâu, nhưng đợt đó vô tình mình canh được Tiki trợ giá 50%, thế là chốt luôn 2 tập đặc biệt ngay không suy nghĩ. Không nghĩ là sau khi đọc thử thì ghiền luôn, đọc hay với ám ảnh tới nỗi mà tối mình mơ thấy về truyện luôn á. Mình nghĩ bất kể ai cũng nên đọc tác phẩm này 1 lần.","customer_id":13554668,"rating":5,"images":[{"id":3005599,"full_path":"https://salt.tikicdn.com/ts/review/b0/41/eb/66fdef8c782ffdcaea8370f9f9152b84.jpg"}],"created_at":1641555913,"created_by":{"id":13554668,"name":"Phạm Kim Yến","full_name":"Phạm Kim Yến","created_time":"2019-08-19 23:15:52","purchased":true,"purchased_at":1640064803},"product_id":113060806,"timeline":{"review_created_date":"2022-01-07 18:45:13","delivery_date":"2022-01-06 13:30:17"}}]}