{"id":113117264,"dbId":11792,"createdAt":1712145908000,"name":"Sách - Chuyện xảy đến trong đêm (Tập 1 series 9)","short_description":"       Tác giả: Marc Levy   Dịch giả: Thiên Bình   Nhà xuất bản: Hội nhà văn   Số trang: 350   Kích thước: 14x20.5cm   Ngày phát hành: 07-2021   “Tôi có thói quen để mình bị cuốn đi trong dò...","description":"\u003chtml\u003e\n \u003chead\u003e\u003c/head\u003e\n \u003cbody\u003e\n  \u003cul\u003e\n   \u003cp\u003eTác giả: Marc Levy\u003c/p\u003e\n   \u003cp\u003eDịch giả: Thiên Bình\u003c/p\u003e\n   \u003cp\u003eNhà xuất bản: Hội nhà văn\u003c/p\u003e\n   \u003cp\u003eSố trang: 350\u003c/p\u003e\n   \u003cp\u003eKích thước: 14x20.5cm\u003c/p\u003e\n   \u003cp\u003eNgày phát hành: 07-2021\u003c/p\u003e\n   \u003cp\u003e“Tôi có thói quen để mình bị cuốn đi trong dòng đời của hai nhân vật. Nhưng lần này, họ có tới 9. Tôi đã làm tất cả để được gia nhập Hội của họ và họ đã chấp nhận tôi. Chào mừng đến với thế giới của 9!” (Marc Levy)\u003c/p\u003e\n   \u003cp\u003eGIỚI THIỆU SÁCH:\u003c/p\u003e\n   \u003cp\u003eTÁC GIẢ:\u003c/p\u003e\n   \u003cp\u003eChuyện xảy đến trong đêm là tiểu thuyết thứ 21 của Marc Levy, là tập mở đầu cho xê ri 9.\u003c/p\u003e\n  \u003c/ul\u003e\n \u003c/body\u003e\n\u003c/html\u003e\u003cp\u003eGiá sản phẩm trên Tiki đã bao gồm thuế theo luật hiện hành. Bên cạnh đó, tuỳ vào loại sản phẩm, hình thức và địa chỉ giao hàng mà có thể phát sinh thêm chi phí khác như phí vận chuyển, phụ phí hàng cồng kềnh, thuế nhập khẩu (đối với đơn hàng giao từ nước ngoài có giá trị trên 1 triệu đồng).....\u003c/p\u003e","original_price":179000.0,"thumbnail_url":"https://salt.tikicdn.com/cache/280x280/ts/product/59/ef/df/ceb838e31549eb117c2e21dcc6a90d48.jpg","images":[{"base_url":"https://salt.tikicdn.com/ts/product/59/ef/df/ceb838e31549eb117c2e21dcc6a90d48.jpg","dbId":31382}],"specifications":[{"name":"Thông tin chung","attributes":[{"name":"Công ty phát hành","value":"Nhã Nam"},{"name":"Nhà xuất bản","value":"Nhà Xuất Bản Hội Nhà Văn"},{"code":"PUBLICATION_DATE","name":"Ngày xuất bản","value":"Tue Mar 05 19:05:08 ICT 2024"}]}],"stock_item":{"qty":1000},"all_time_quantity_sold":0,"reviews":[]}