{"id":113528050,"dbId":11357,"createdAt":1619088849000,"name":"Sách - Truyện ngụ ngôn hay nhất của Aesop","short_description":"       NHỮNG TRUYỆN NGỤ NGÔN HAY NHẤT CỦA AESOP   Tác giả: Blancher Winder   Đối tượng: Nhi đồng (6 – 11)   Khuôn Khổ: 13x19 cm   Số trang: 192   Định dạng: bìa mềm   Trọng lượng: 190 gram ...","description":"\u003chtml\u003e\n \u003chead\u003e\u003c/head\u003e\n \u003cbody\u003e\n  \u003cul\u003e\n   \u003cp\u003eNHỮNG TRUYỆN NGỤ NGÔN HAY NHẤT CỦA AESOP\u003c/p\u003e\n   \u003cp\u003eTác giả: Blancher Winder\u003c/p\u003e\n   \u003cp\u003eĐối tượng: Nhi đồng (6 – 11)\u003c/p\u003e\n   \u003cp\u003eKhuôn Khổ: 13x19 cm\u003c/p\u003e\n   \u003cp\u003eSố trang: 192\u003c/p\u003e\n   \u003cp\u003eĐịnh dạng: bìa mềm\u003c/p\u003e\n   \u003cp\u003eTrọng lượng: 190 gram\u003c/p\u003e\n   \u003cp\u003eBộ sách: Tủ sách các nền văn học thế giới\u003c/p\u003e\n   \u003cp\u003eNgày phát hành: 08/04/2021\u003c/p\u003e\n   \u003cp\u003eGIỚI THIỆU TÁC PHẨM\u003c/p\u003e\n   \u003cp\u003eNgày xửa ngày xưa…\u003c/p\u003e\n   \u003cp\u003eNhững câu chuyện ngụ ngôn ý nghĩa của Aesop về một thế giới muôn màu muôn vẻ, qua lời kể nhẹ nhàng và hóm hỉnh sẽ mang lại cho bạn học niềm vui và những bài học nhân văn sâu săc.\u003c/p\u003e\n   \u003cp\u003eNhững truyện ngụ ngôn của Asop được tác giả Blanche Winder kể lại!\u003c/p\u003e\n  \u003c/ul\u003e\n \u003c/body\u003e\n\u003c/html\u003e\u003cp\u003eGiá sản phẩm trên Tiki đã bao gồm thuế theo luật hiện hành. Bên cạnh đó, tuỳ vào loại sản phẩm, hình thức và địa chỉ giao hàng mà có thể phát sinh thêm chi phí khác như phí vận chuyển, phụ phí hàng cồng kềnh, thuế nhập khẩu (đối với đơn hàng giao từ nước ngoài có giá trị trên 1 triệu đồng).....\u003c/p\u003e","original_price":45000.0,"thumbnail_url":"https://salt.tikicdn.com/cache/280x280/ts/product/4e/83/ce/1ee1b5484c708706f2b24198bccb72d7.jpg","images":[{"base_url":"https://salt.tikicdn.com/ts/product/4e/83/ce/1ee1b5484c708706f2b24198bccb72d7.jpg","dbId":30256}],"authors":[{"id":5348,"name":"Aesop","dbId":5989}],"specifications":[{"name":"Thông tin chung","attributes":[{"name":"Công ty phát hành","value":"NXB Kim Đồng"},{"name":"Ngày xuất bản","value":"2021-04-08 17:54:09"},{"name":"Loại bìa","value":"Bìa mềm"},{"name":"Số trang","value":"192"},{"name":"Nhà xuất bản","value":"Nhà Xuất Bản Kim Đồng"}]}],"stock_item":{"qty":1000},"all_time_quantity_sold":1,"reviews":[]}