{"id":113526885,"dbId":11321,"createdAt":1540563203000,"name":"Sách - Đồi gai","short_description":"2017Ella vừa chuyển nhà đến một thành phố mới đầy lạ lẫm. Từ căn phòng riêng trên tầng cao nhất, Ella có thể thấy rõ toà nhà đổ nát, bị bỏ hoang của cô nhi viện Đồi Gai, nơi bóng hình của một cô bé bỗ...","description":"\u003cp class\u003d\"rtejustify\"\u003e2017\u003cbr /\u003eElla vừa chuyển nhà đến một thành phố mới đầy lạ lẫm. Từ căn phòng riêng trên tầng cao nhất, Ella có thể thấy rõ toà nhà đổ nát, bị bỏ hoang của cô nhi viện Đồi Gai, nơi bóng hình của một cô bé bỗng thoáng xuất hiện bên khung cửa sổ. Quyết tâm kết bạn với cô bé lạ mặt kia, Ella dần khám phá ra quá khứ đen tối của Đồi Gai.\u003c/p\u003e\n\u003cp class\u003d\"rtejustify\"\u003e\u003cbr /\u003e1982\u003cbr /\u003eMary là một đứa trẻ mồ côi sống tại cô nhi viện Đồi Gai, nơi chuẩn bị đóng cửa để duy tu. Khi tất cả lũ trẻ sống cùng cô nhi viện đã được nhận nuôi hoặc chuyển chỗ ở, Mary bị bỏ lại đơn độc với một kẻ bắt nạt khó lường. Kế hoạch trả thù của cô bé sẽ có tác động mãi mãi lên kẻ bắt nạt kia, Mary, và chính bản thân Đồi Gai.\u003cbr /\u003e“Đồi Gai là một tác phẩm tuyệt vời của Pam Smy. Các bức vẽ chất chứa tâm trạng, những từ ngữ ngập tràn căng thẳng, và cảm xúc là mạnh mẽ hơn cả - vì nó được tác giả hé lộ từng chút, từng chút một…\u003c/p\u003e\n\u003cp class\u003d\"rtejustify\"\u003eThật quá đỗi rùng rợn.” (Philip Pullman)\u003cbr /\u003e---\u003cbr /\u003eMột ấn phẩm của WINGS BOOKS - Thương hiệu sách trẻ của NXB Kim Đồng.\u003c/p\u003e\u003cp\u003eGiá sản phẩm trên Tiki đã bao gồm thuế theo luật hiện hành. Bên cạnh đó, tuỳ vào loại sản phẩm, hình thức và địa chỉ giao hàng mà có thể phát sinh thêm chi phí khác như phí vận chuyển, phụ phí hàng cồng kềnh, thuế nhập khẩu (đối với đơn hàng giao từ nước ngoài có giá trị trên 1 triệu đồng).....\u003c/p\u003e","original_price":139000.0,"thumbnail_url":"https://salt.tikicdn.com/cache/280x280/ts/product/a7/5c/7a/76bfc832175d4636fdf8e9c74aa75a1e.jpg","images":[{"base_url":"https://salt.tikicdn.com/ts/product/a7/5c/7a/76bfc832175d4636fdf8e9c74aa75a1e.jpg","dbId":30179}],"authors":[{"id":439053,"name":"Pam Smy","dbId":6003}],"specifications":[{"name":"Thông tin chung","attributes":[{"name":"Công ty phát hành","value":"NXB Kim Đồng"},{"name":"Ngày xuất bản","value":"2018-10-21 21:13:23"},{"name":"Loại bìa","value":"Bìa mềm"},{"name":"Số trang","value":"552"},{"name":"Nhà xuất bản","value":"Nhà Xuất Bản Kim Đồng"}]}],"stock_item":{"qty":1000},"all_time_quantity_sold":1,"reviews":[{"id":19250733,"title":"Cực kì hài lòng","content":"Sách giao nhanh, mép bìa có móp nhưng hơi xíu thôi. Vibe của cuốn này khá creepy nên mik đợi đến dịp tháng 10 mới đọc.","customer_id":27757957,"rating":5,"images":[{"id":4223664,"full_path":"https://salt.tikicdn.com/ts/review/8c/10/73/cb1edec4c185e38ce8e0d01e320f7278.jpg"}],"created_at":1685610635,"created_by":{"id":27757957,"name":"Tad El","full_name":"Tad El","created_time":"2022-06-29 21:55:26","purchased":true,"purchased_at":1685485965},"product_id":113526885,"timeline":{"review_created_date":"2023-06-01 16:10:35","delivery_date":"2023-06-01 14:14:23"}},{"id":13881417,"title":"Hài lòng","content":"sách giao nhanh hơn dự kiến, mới và đẹp","customer_id":24816006,"rating":5,"images":[{"id":2899602,"full_path":"https://salt.tikicdn.com/ts/review/2b/42/11/32fa7e77a87a8ee2140515e65e8af475.jpg"}],"created_at":1639678532,"created_by":{"id":24816006,"name":"Hữu Đức ","full_name":"Hữu Đức ","created_time":"2021-11-10 13:11:08","purchased":true,"purchased_at":1639410740},"product_id":113526885,"timeline":{"review_created_date":"2021-12-17 01:15:32","delivery_date":"2021-12-15 10:46:25"}},{"id":16356460,"title":"Cực kì hài lòng","content":"","customer_id":9818247,"rating":5,"images":[],"created_at":1652759048,"created_by":{"id":9818247,"name":"Nguyễn Ngọc Yến Nhi","full_name":"Nguyễn Ngọc Yến Nhi","created_time":"2018-12-14 02:38:23","purchased":true,"purchased_at":1649502055},"product_id":113526885,"timeline":{"review_created_date":"2022-05-17 10:44:08","delivery_date":"2022-04-14 11:43:01"}}]}