{"id":11415525,"dbId":10550,"createdAt":1552496400000,"name":"Chuyện Tình Thanh Xuân Bi Hài Của Tôi Quả Nhiên Là Sai Lầm 5","short_description":"Chuyện Tình Thanh Xuân Bi Hài Của Tôi Quả Nhiên Là Sai Lầm 5Chuyện tình thanh xuân bi hài của tôi quả nhiên là sai lầm. (tên gốc: Yahari Ore no Seishun Rabukome wa Machigatteiru., gọi tắt là Oregairu...","description":"\u003cp\u003e\u003cstrong\u003eChuyện Tình Thanh Xuân Bi Hài Của Tôi Quả Nhiên Là Sai Lầm 5\u003c/strong\u003e\u003c/p\u003e\n\u003cp\u003e\u003cspan lang\u003d\"VI\"\u003eChuyện tình thanh xuân bi hài của tôi quả nhiên là sai lầm.\u003c/span\u003e\u003cspan lang\u003d\"VI\"\u003e (tên gốc: Yahari Ore no Seishun Rabukome wa Machigatteiru., gọi tắt là Oregairu), là một trong những series light novel ăn khách nhất trong vòng 20 năm trở lại đây, bộ truyện được viết bởi tác giả trẻ Wataru WATARI, do họa sĩ Ponkan8 vẽ minh họa và được xuất bản bởi NXB nổi tiếng Shogakukan.\u003c/span\u003e\u003c/p\u003e\n\u003cp\u003e\u003cspan lang\u003d\"VI\"\u003eChuyện tình thanh xuân bi hài của tôi quả nhiên là sai lầm.\u003c/span\u003e\u003cspan lang\u003d\"VI\"\u003e đã dành giải light novel hay nhất của bảng xếp hạng uy tín Kono light novel ga sugoi! trong 3 năm liên tiếp là 2014, 2015 và 2016. Bên cạnh đó, nam chính và nữ chính của series này là Hachiman và Yokin oshita cũng đoạt giải nam nữ chính được yêu thích nhất trong các năm đó. Họa sĩ minh họa Ponkan8 với những bức tranh minh họa đẹp và sinh động của mình cũng được bình chọn là họa sĩ minh họa được yêu thích nhất trong năm 2015. Đến thời điểm hiện tại, series đã phát hành được 12 tập, nhưng số sách bán ra đã vượt mốc 7 triệu bản, một con số mà những đầu sách nổi tiếng như Cô gái văn chương hay Sói \u0026amp; Gia vị cũng chưa từng làm được.\u003c/span\u003e\u003c/p\u003e\n\u003cp\u003eMùa hè ngắn ngủi mà cảm giác thật đằng đẵng đã sắp kết thúc.\u003c/p\u003e\n\u003cp\u003eYui đã tới ghé thăm nhà của Hachiman, nơi cậu sống cùng Komachi.\u003c/p\u003e\n\u003cp\u003eThêm nữa, cậu còn nhận được lời mời từ Totsuka, rồi Kawasaki ngỏ ý muốn nhờ vả,…\u003c/p\u003e\n\u003cp\u003eVà ở lễ hội bắn pháo hoa, cậu gặp lại Haruno – chị gái của Yukino!\u003c/p\u003e\n\u003cp\u003eKhông hội nhóm, không kì vọng, nếu cứ cố tiếp tục mà vô vọng thì dẹp hết đi\u003c/p\u003e\n\u003cp\u003eKể cả khi có được khả năng làm ngơ mọi chuyện của Hachiman, người đã đạt đến cảnh giới hiểu sai tất cả về mối quan hệ giữa người với người, và là chuyên gia về sự cô độc luôn quán triệt tinh thần lảng tránh mọi thứ, cũng có những chuyện không thể nhắm mắt cho qua. Đó chính là sự thật rằng mối quan hệ của bộ ba Yukino, Yui và Hachiman đang dần dần thay đổi.\u003c/p\u003e\n\u003cp\u003eBản đàn thứ năm là một bước ngoặt của những nét thanh xuân vẫn còn đang lầm lạc này đây!\u003c/p\u003e\u003cp\u003eGiá sản phẩm trên Tiki đã bao gồm thuế theo luật hiện hành. Bên cạnh đó, tuỳ vào loại sản phẩm, hình thức và địa chỉ giao hàng mà có thể phát sinh thêm chi phí khác như phí vận chuyển, phụ phí hàng cồng kềnh, thuế nhập khẩu (đối với đơn hàng giao từ nước ngoài có giá trị trên 1 triệu đồng).....\u003c/p\u003e","original_price":99000.0,"thumbnail_url":"https://salt.tikicdn.com/cache/280x280/ts/product/26/b0/15/06d58c4d45425659dc9f1f4b25b47d6f.jpg","images":[{"base_url":"https://salt.tikicdn.com/ts/product/26/b0/15/06d58c4d45425659dc9f1f4b25b47d6f.jpg","dbId":28145}],"authors":[{"id":152262,"name":"Wataru WATARI","dbId":5532}],"specifications":[{"name":"Thông tin chung","attributes":[{"name":"Công ty phát hành","value":"Thái Hà"},{"name":"Ngày xuất bản","value":"2019-03-01 00:00:00"},{"name":"Loại bìa","value":"Bìa mềm"},{"name":"Số trang","value":"313"},{"name":"Phương thức giao hàng Seller Delivery","value":"Nhà bán giao hàng cho khách hàng"},{"code":"PUBLICATION_DATE","name":"Kích thước","value":"13 x 19 cm"}]}],"stock_item":{"qty":1000},"all_time_quantity_sold":30,"reviews":[{"id":8475721,"title":"KHÔNG CÓ POSTER ?","content":"chọn bản đặc biệt có poster xong không có, trang đầu dính vào nhau xong bị rách như hình?? Thấy có nhiều người cũng bị vậy thì chắc hết bản đặc biệt rồi, tiki nên XÓA tùy chọn bản đặc biệt đi và mình cần BỒI THƯỜNG MÃ GIẢM GIÁ SÁCH để níu kéo mình tiếp tục mua trên tiki. Nếu không thì đành say goodbye","customer_id":20810820,"rating":1,"images":[{"id":1709700,"full_path":"https://salt.tikicdn.com/ts/review/e0/ef/3a/a8e6dc3eb5e43a709b662aa8c251a770.jpg"}],"created_at":1615984733,"created_by":{"id":20810820,"name":"Trung Nguyen Duc","full_name":"Trung Nguyen Duc","created_time":"2021-03-16 22:19:06","purchased":true,"purchased_at":1615959851},"product_id":11415525,"timeline":{"review_created_date":"2021-03-17 19:38:53","delivery_date":"2021-03-17 13:40:27"}},{"id":5756997,"title":"Rất không hài lòng","content":"Không biết nói sao luôn mình đặt bản đặc biệt vì có poster mắc hơn bản thường mà nhận về 1 cuốn sách mất seal, không có poster ko có luôn bookmark nhìn chán hẳn. Mua tiki cũng nhiều rồi mà lần này giao hàng thất vọng thật đó. Thấy nhiều bạn đặt cũng ko có poster phải đổi trả khó khăn, cúu nghĩ hên xui ai ngờ mình đặt cũng vậy. Vì bận việc ko có thời gian ở nhà nhận hàng nên đặt tiki now cho tiện giờ bị vầy ko biết đổi trả sao nữa","customer_id":430318,"rating":1,"images":[{"id":1325804,"full_path":"https://salt.tikicdn.com/ts/review/1b/13/c4/f6af01cedf40f770ff50b428c89b68c4.jpg"}],"created_at":1606393158,"created_by":{"id":430318,"name":"lê thành tâm","full_name":"lê thành tâm","created_time":"2014-09-19 17:31:26","purchased":true,"purchased_at":1606380215},"product_id":11415525,"timeline":{"review_created_date":"2020-11-26 19:19:18","delivery_date":"2020-11-26 18:50:58"}},{"id":18751109,"title":"Hài lòng","content":"Không biết vì sao bìa sách lại bị lệch như hình","customer_id":10663246,"rating":4,"images":[{"id":4105062,"full_path":"https://salt.tikicdn.com/ts/review/fa/92/d6/a14377c31cf8965938630e55334a1910.jpg"},{"id":4105063,"full_path":"https://salt.tikicdn.com/ts/review/4a/e4/45/efbfa750053afd742dc9996fddaf60e6.jpg"}],"created_at":1675674803,"created_by":{"id":10663246,"name":"Đoàn Kim Lân","full_name":"Đoàn Kim Lân","created_time":"2019-02-04 09:54:03","purchased":true,"purchased_at":1675415010},"product_id":11415525,"timeline":{"review_created_date":"2023-02-06 16:13:23","delivery_date":"2023-02-06 15:34:13"}},{"id":18054337,"title":"Cực kì hài lòng","content":"sách tốt ko bị gì cả ae nên mua khi còn đang sale nhá sách xin lắm ae, với lại ship nhanh nữa mới đặt hôm qua hôm sau giao rồi !!!","customer_id":7153556,"rating":5,"images":[],"created_at":1666778455,"created_by":{"id":7153556,"name":"Justa Tee","full_name":"Justa Tee","created_time":"2018-05-20 15:00:23","purchased":true,"purchased_at":1666702672},"product_id":11415525,"timeline":{"review_created_date":"2022-10-26 17:00:55","delivery_date":"2022-10-26 10:28:59"}},{"id":8111945,"title":"Rất không hài lòng","content":"Giao rất nhanh nhưng lại giao mình bản thường trong khi mình đặt hàng bản đặc biệt ? Mong tiki xem lại giúp mình với ạ vì đây là lần đầu mình đặt ở tiki với ạ mong rằng sau này không có chuyện này xảy ra nữa","customer_id":16130433,"rating":1,"images":[{"id":1650918,"full_path":"https://salt.tikicdn.com/ts/review/1c/e2/99/0979490a2e9e0503b37313cf36392978.jpg"}],"created_at":1614676630,"created_by":{"id":16130433,"name":"Long Nguyen","full_name":"Long Nguyen","created_time":"2020-01-26 14:36:21","purchased":true,"purchased_at":1614606900},"product_id":11415525,"timeline":{"review_created_date":"2021-03-02 16:17:10","delivery_date":"2021-03-02 14:32:13"}},{"id":8475721,"title":"KHÔNG CÓ POSTER ?","content":"chọn bản đặc biệt có poster xong không có, trang đầu dính vào nhau xong bị rách như hình?? Thấy có nhiều người cũng bị vậy thì chắc hết bản đặc biệt rồi, tiki nên XÓA tùy chọn bản đặc biệt đi và mình cần BỒI THƯỜNG MÃ GIẢM GIÁ SÁCH để níu kéo mình tiếp tục mua trên tiki. Nếu không thì đành say goodbye","customer_id":20810820,"rating":1,"images":[{"id":1709700,"full_path":"https://salt.tikicdn.com/ts/review/e0/ef/3a/a8e6dc3eb5e43a709b662aa8c251a770.jpg"}],"created_at":1615984733,"created_by":{"id":20810820,"name":"Trung Nguyen Duc","full_name":"Trung Nguyen Duc","created_time":"2021-03-16 22:19:06","purchased":true,"purchased_at":1615959851},"product_id":11415525,"timeline":{"review_created_date":"2021-03-17 19:38:53","delivery_date":"2021-03-17 13:40:27"}},{"id":5756997,"title":"Rất không hài lòng","content":"Không biết nói sao luôn mình đặt bản đặc biệt vì có poster mắc hơn bản thường mà nhận về 1 cuốn sách mất seal, không có poster ko có luôn bookmark nhìn chán hẳn. Mua tiki cũng nhiều rồi mà lần này giao hàng thất vọng thật đó. Thấy nhiều bạn đặt cũng ko có poster phải đổi trả khó khăn, cúu nghĩ hên xui ai ngờ mình đặt cũng vậy. Vì bận việc ko có thời gian ở nhà nhận hàng nên đặt tiki now cho tiện giờ bị vầy ko biết đổi trả sao nữa","customer_id":430318,"rating":1,"images":[{"id":1325804,"full_path":"https://salt.tikicdn.com/ts/review/1b/13/c4/f6af01cedf40f770ff50b428c89b68c4.jpg"}],"created_at":1606393158,"created_by":{"id":430318,"name":"lê thành tâm","full_name":"lê thành tâm","created_time":"2014-09-19 17:31:26","purchased":true,"purchased_at":1606380215},"product_id":11415525,"timeline":{"review_created_date":"2020-11-26 19:19:18","delivery_date":"2020-11-26 18:50:58"}},{"id":18751109,"title":"Hài lòng","content":"Không biết vì sao bìa sách lại bị lệch như hình","customer_id":10663246,"rating":4,"images":[{"id":4105062,"full_path":"https://salt.tikicdn.com/ts/review/fa/92/d6/a14377c31cf8965938630e55334a1910.jpg"},{"id":4105063,"full_path":"https://salt.tikicdn.com/ts/review/4a/e4/45/efbfa750053afd742dc9996fddaf60e6.jpg"}],"created_at":1675674803,"created_by":{"id":10663246,"name":"Đoàn Kim Lân","full_name":"Đoàn Kim Lân","created_time":"2019-02-04 09:54:03","purchased":true,"purchased_at":1675415010},"product_id":11415525,"timeline":{"review_created_date":"2023-02-06 16:13:23","delivery_date":"2023-02-06 15:34:13"}},{"id":18054337,"title":"Cực kì hài lòng","content":"sách tốt ko bị gì cả ae nên mua khi còn đang sale nhá sách xin lắm ae, với lại ship nhanh nữa mới đặt hôm qua hôm sau giao rồi !!!","customer_id":7153556,"rating":5,"images":[],"created_at":1666778455,"created_by":{"id":7153556,"name":"Justa Tee","full_name":"Justa Tee","created_time":"2018-05-20 15:00:23","purchased":true,"purchased_at":1666702672},"product_id":11415525,"timeline":{"review_created_date":"2022-10-26 17:00:55","delivery_date":"2022-10-26 10:28:59"}},{"id":8111945,"title":"Rất không hài lòng","content":"Giao rất nhanh nhưng lại giao mình bản thường trong khi mình đặt hàng bản đặc biệt ? Mong tiki xem lại giúp mình với ạ vì đây là lần đầu mình đặt ở tiki với ạ mong rằng sau này không có chuyện này xảy ra nữa","customer_id":16130433,"rating":1,"images":[{"id":1650918,"full_path":"https://salt.tikicdn.com/ts/review/1c/e2/99/0979490a2e9e0503b37313cf36392978.jpg"}],"created_at":1614676630,"created_by":{"id":16130433,"name":"Long Nguyen","full_name":"Long Nguyen","created_time":"2020-01-26 14:36:21","purchased":true,"purchased_at":1614606900},"product_id":11415525,"timeline":{"review_created_date":"2021-03-02 16:17:10","delivery_date":"2021-03-02 14:32:13"}},{"id":8475721,"title":"KHÔNG CÓ POSTER ?","content":"chọn bản đặc biệt có poster xong không có, trang đầu dính vào nhau xong bị rách như hình?? Thấy có nhiều người cũng bị vậy thì chắc hết bản đặc biệt rồi, tiki nên XÓA tùy chọn bản đặc biệt đi và mình cần BỒI THƯỜNG MÃ GIẢM GIÁ SÁCH để níu kéo mình tiếp tục mua trên tiki. Nếu không thì đành say goodbye","customer_id":20810820,"rating":1,"images":[{"id":1709700,"full_path":"https://salt.tikicdn.com/ts/review/e0/ef/3a/a8e6dc3eb5e43a709b662aa8c251a770.jpg"}],"created_at":1615984733,"created_by":{"id":20810820,"name":"Trung Nguyen Duc","full_name":"Trung Nguyen Duc","created_time":"2021-03-16 22:19:06","purchased":true,"purchased_at":1615959851},"product_id":11415525,"timeline":{"review_created_date":"2021-03-17 19:38:53","delivery_date":"2021-03-17 13:40:27"}},{"id":5756997,"title":"Rất không hài lòng","content":"Không biết nói sao luôn mình đặt bản đặc biệt vì có poster mắc hơn bản thường mà nhận về 1 cuốn sách mất seal, không có poster ko có luôn bookmark nhìn chán hẳn. Mua tiki cũng nhiều rồi mà lần này giao hàng thất vọng thật đó. Thấy nhiều bạn đặt cũng ko có poster phải đổi trả khó khăn, cúu nghĩ hên xui ai ngờ mình đặt cũng vậy. Vì bận việc ko có thời gian ở nhà nhận hàng nên đặt tiki now cho tiện giờ bị vầy ko biết đổi trả sao nữa","customer_id":430318,"rating":1,"images":[{"id":1325804,"full_path":"https://salt.tikicdn.com/ts/review/1b/13/c4/f6af01cedf40f770ff50b428c89b68c4.jpg"}],"created_at":1606393158,"created_by":{"id":430318,"name":"lê thành tâm","full_name":"lê thành tâm","created_time":"2014-09-19 17:31:26","purchased":true,"purchased_at":1606380215},"product_id":11415525,"timeline":{"review_created_date":"2020-11-26 19:19:18","delivery_date":"2020-11-26 18:50:58"}},{"id":18751109,"title":"Hài lòng","content":"Không biết vì sao bìa sách lại bị lệch như hình","customer_id":10663246,"rating":4,"images":[{"id":4105062,"full_path":"https://salt.tikicdn.com/ts/review/fa/92/d6/a14377c31cf8965938630e55334a1910.jpg"},{"id":4105063,"full_path":"https://salt.tikicdn.com/ts/review/4a/e4/45/efbfa750053afd742dc9996fddaf60e6.jpg"}],"created_at":1675674803,"created_by":{"id":10663246,"name":"Đoàn Kim Lân","full_name":"Đoàn Kim Lân","created_time":"2019-02-04 09:54:03","purchased":true,"purchased_at":1675415010},"product_id":11415525,"timeline":{"review_created_date":"2023-02-06 16:13:23","delivery_date":"2023-02-06 15:34:13"}},{"id":18054337,"title":"Cực kì hài lòng","content":"sách tốt ko bị gì cả ae nên mua khi còn đang sale nhá sách xin lắm ae, với lại ship nhanh nữa mới đặt hôm qua hôm sau giao rồi !!!","customer_id":7153556,"rating":5,"images":[],"created_at":1666778455,"created_by":{"id":7153556,"name":"Justa Tee","full_name":"Justa Tee","created_time":"2018-05-20 15:00:23","purchased":true,"purchased_at":1666702672},"product_id":11415525,"timeline":{"review_created_date":"2022-10-26 17:00:55","delivery_date":"2022-10-26 10:28:59"}},{"id":8111945,"title":"Rất không hài lòng","content":"Giao rất nhanh nhưng lại giao mình bản thường trong khi mình đặt hàng bản đặc biệt ? Mong tiki xem lại giúp mình với ạ vì đây là lần đầu mình đặt ở tiki với ạ mong rằng sau này không có chuyện này xảy ra nữa","customer_id":16130433,"rating":1,"images":[{"id":1650918,"full_path":"https://salt.tikicdn.com/ts/review/1c/e2/99/0979490a2e9e0503b37313cf36392978.jpg"}],"created_at":1614676630,"created_by":{"id":16130433,"name":"Long Nguyen","full_name":"Long Nguyen","created_time":"2020-01-26 14:36:21","purchased":true,"purchased_at":1614606900},"product_id":11415525,"timeline":{"review_created_date":"2021-03-02 16:17:10","delivery_date":"2021-03-02 14:32:13"}},{"id":8475721,"title":"KHÔNG CÓ POSTER ?","content":"chọn bản đặc biệt có poster xong không có, trang đầu dính vào nhau xong bị rách như hình?? Thấy có nhiều người cũng bị vậy thì chắc hết bản đặc biệt rồi, tiki nên XÓA tùy chọn bản đặc biệt đi và mình cần BỒI THƯỜNG MÃ GIẢM GIÁ SÁCH để níu kéo mình tiếp tục mua trên tiki. Nếu không thì đành say goodbye","customer_id":20810820,"rating":1,"images":[{"id":1709700,"full_path":"https://salt.tikicdn.com/ts/review/e0/ef/3a/a8e6dc3eb5e43a709b662aa8c251a770.jpg"}],"created_at":1615984733,"created_by":{"id":20810820,"name":"Trung Nguyen Duc","full_name":"Trung Nguyen Duc","created_time":"2021-03-16 22:19:06","purchased":true,"purchased_at":1615959851},"product_id":11415525,"timeline":{"review_created_date":"2021-03-17 19:38:53","delivery_date":"2021-03-17 13:40:27"}},{"id":5756997,"title":"Rất không hài lòng","content":"Không biết nói sao luôn mình đặt bản đặc biệt vì có poster mắc hơn bản thường mà nhận về 1 cuốn sách mất seal, không có poster ko có luôn bookmark nhìn chán hẳn. Mua tiki cũng nhiều rồi mà lần này giao hàng thất vọng thật đó. Thấy nhiều bạn đặt cũng ko có poster phải đổi trả khó khăn, cúu nghĩ hên xui ai ngờ mình đặt cũng vậy. Vì bận việc ko có thời gian ở nhà nhận hàng nên đặt tiki now cho tiện giờ bị vầy ko biết đổi trả sao nữa","customer_id":430318,"rating":1,"images":[{"id":1325804,"full_path":"https://salt.tikicdn.com/ts/review/1b/13/c4/f6af01cedf40f770ff50b428c89b68c4.jpg"}],"created_at":1606393158,"created_by":{"id":430318,"name":"lê thành tâm","full_name":"lê thành tâm","created_time":"2014-09-19 17:31:26","purchased":true,"purchased_at":1606380215},"product_id":11415525,"timeline":{"review_created_date":"2020-11-26 19:19:18","delivery_date":"2020-11-26 18:50:58"}},{"id":18751109,"title":"Hài lòng","content":"Không biết vì sao bìa sách lại bị lệch như hình","customer_id":10663246,"rating":4,"images":[{"id":4105062,"full_path":"https://salt.tikicdn.com/ts/review/fa/92/d6/a14377c31cf8965938630e55334a1910.jpg"},{"id":4105063,"full_path":"https://salt.tikicdn.com/ts/review/4a/e4/45/efbfa750053afd742dc9996fddaf60e6.jpg"}],"created_at":1675674803,"created_by":{"id":10663246,"name":"Đoàn Kim Lân","full_name":"Đoàn Kim Lân","created_time":"2019-02-04 09:54:03","purchased":true,"purchased_at":1675415010},"product_id":11415525,"timeline":{"review_created_date":"2023-02-06 16:13:23","delivery_date":"2023-02-06 15:34:13"}},{"id":18054337,"title":"Cực kì hài lòng","content":"sách tốt ko bị gì cả ae nên mua khi còn đang sale nhá sách xin lắm ae, với lại ship nhanh nữa mới đặt hôm qua hôm sau giao rồi !!!","customer_id":7153556,"rating":5,"images":[],"created_at":1666778455,"created_by":{"id":7153556,"name":"Justa Tee","full_name":"Justa Tee","created_time":"2018-05-20 15:00:23","purchased":true,"purchased_at":1666702672},"product_id":11415525,"timeline":{"review_created_date":"2022-10-26 17:00:55","delivery_date":"2022-10-26 10:28:59"}},{"id":8111945,"title":"Rất không hài lòng","content":"Giao rất nhanh nhưng lại giao mình bản thường trong khi mình đặt hàng bản đặc biệt ? Mong tiki xem lại giúp mình với ạ vì đây là lần đầu mình đặt ở tiki với ạ mong rằng sau này không có chuyện này xảy ra nữa","customer_id":16130433,"rating":1,"images":[{"id":1650918,"full_path":"https://salt.tikicdn.com/ts/review/1c/e2/99/0979490a2e9e0503b37313cf36392978.jpg"}],"created_at":1614676630,"created_by":{"id":16130433,"name":"Long Nguyen","full_name":"Long Nguyen","created_time":"2020-01-26 14:36:21","purchased":true,"purchased_at":1614606900},"product_id":11415525,"timeline":{"review_created_date":"2021-03-02 16:17:10","delivery_date":"2021-03-02 14:32:13"}}]}