{"id":114447397,"dbId":10656,"createdAt":1626714000000,"name":"Bạn Văn Bạn Mình: Phê Bình Và Cảo Luận","short_description":"Cuốn sách này được in theo bản in lần đầu năm 1933 của Nam Kỳ Thư Quán, giữ nguyên chính tả theo bản in đó. Bởi đây là cuốn sách phê bình văn học đầu tiên viết bằng chữ quốc ngữ và Thiếu Sơn được coi ...","description":"\u003cp\u003eCuốn sách này được in theo bản in lần đầu năm 1933 của Nam Kỳ Thư Quán, giữ nguyên chính tả theo bản in đó. Bởi đây là cuốn sách phê bình văn học đầu tiên viết bằng chữ quốc ngữ và Thiếu Sơn được coi là một trong những người mở đầu cho nền phê bình văn học nước nhà, việc giữ nguyên có dụng ý để bạn đọc hình dung sự biến đổi và phát triển của chữ quốc ngữ từ bấy đến nay.\u003c/p\u003e\n\u003cp\u003ePhê bình và cảo luận còn một số yếu tố “mở đầu” nữa, chẳng hạn, tác giả bình hai tác phẩm được cho là tiểu thuyết đầu tiên của văn học Việt Nam hiện đại: Quả dưa đỏ và Tố Tâm.\u003c/p\u003e\n\u003cp\u003eVà mặc dù là cuốn sách “mở đầu”, nhưng những vấn đề Thiếu Sơn đưa ra, nay vẫn còn tính thời sự.\u003c/p\u003e\n\u003cp\u003eNhà văn, nhà báo, nhà phê bình văn học Thiếu Sơn (1908 - 1978), tên thật là Lê Sĩ Quý. Sinh tại Hải Dương trong một gia đình có truyền thống Nho học. \u003cbr /\u003eÔng vào công chức sở Bưu điện Gia Định, viết nhiều cho Nam Phong tạp chí, Tiểu thuyết thứ Bảy, Đại Việt tạp chí, Nam Kỳ tuần báo… và làm chủ bút báo Justice (Công lý).\u003c/p\u003e\n\u003cp\u003eVới Phê bình và cảo luận, tập phê bình văn học đầu tiên viết bằng chữ Quốc ngữ, Thiếu Sơn được coi là một trong những người mở đường cho nền phê bình văn học ở Việt Nam.\u003c/p\u003e\n\u003cp\u003eMột số bài phê bình Hai cái quan niệm về văn học, Nghệ thuật với đời người… của ông đăng trên Tiểu thuyết thứ Bảy, đã góp phần khơi lên cuộc tranh luận Nghệ thuật 1935-1939, cuộc bút chiến lớn trong lịch sử văn học nước nhà.\u003c/p\u003e\n\u003cp\u003eCác tác phẩm chính:\u003c/p\u003e\n\u003cp\u003e• Phê bình và cảo luận (Nam Ký xuất bản, 1933) \u003cbr /\u003e• Người bạn gái (Cộng Lực xuất bản, 1941) \u003cbr /\u003e• Câu chuyện văn họcb(Cộng Lực xuất bản, 1943) \u003cbr /\u003e• Đời sống tinh thần (Đời Mới xuất bản, 1945) \u003cbr /\u003e• Giữa hai cuộc cách mạng (Mạch Sống xuất bản, 1947) \u003cbr /\u003e• Nợ bút nghiên hay nghĩa đồng bào (1975) \u003cbr /\u003e• Nghệ thuật và nhân sinh (NXB Văn hóa Thông Tin, 2000)\u003c/p\u003e\n\u003cp\u003e***\u003c/p\u003e\n\u003cp\u003eBộ Bạn Văn Bạn Mình tuyển chọn những cuốn chân dung văn học đặc sắc. Từ cuốn sách phê bình văn học đầu tiên viết bằng chữ Quốc ngữ, tới những cuốn sách có tư liệu hiếm, độc bản, lần đầu được công bố… Những câu chuyện vô cùng hấp dẫn và thú vị. Kho tư liệu dồi dào, bao quát về lịch sử văn chương.\u003c/p\u003e\n\u003cp\u003eCùng tìm đọc bộ sách Bạn Văn Bạn Mình (10 cuốn):\u003c/p\u003e\n\u003cp\u003eBạn Văn Bạn Mình: Đốt Lò Hương Cũ \u003cbr /\u003eBạn Văn Bạn Mình: Chân Dung Văn Học \u003cbr /\u003eBạn Văn Bạn Mình: Phê Bình Và Cảo Luận \u003cbr /\u003eBạn Văn Bạn Mình: Hình Dung Và Tâm Tưởng \u003cbr /\u003eBạn Văn Bạn Mình: Mười Chín Chân Dung Nhà Văn Cùng Thời \u003cbr /\u003eBạn Văn Bạn Mình: Cây Bút Đời Người \u003cbr /\u003eBạn Văn Bạn Mình: Những Gương Mặt \u003cbr /\u003eBạn Văn Bạn Mình: Văn Thi Sĩ Hiện Đại \u003cbr /\u003eBạn Văn Bạn Mình: Bạn Văn \u003cbr /\u003eBạn Văn Bạn Mình: Văn Thi Sĩ Tiền Chiến\u003c/p\u003e\u003cp\u003eGiá sản phẩm trên Tiki đã bao gồm thuế theo luật hiện hành. Bên cạnh đó, tuỳ vào loại sản phẩm, hình thức và địa chỉ giao hàng mà có thể phát sinh thêm chi phí khác như phí vận chuyển, phụ phí hàng cồng kềnh, thuế nhập khẩu (đối với đơn hàng giao từ nước ngoài có giá trị trên 1 triệu đồng).....\u003c/p\u003e","original_price":50000.0,"thumbnail_url":"https://salt.tikicdn.com/cache/280x280/ts/product/3c/ec/f5/56393df96159b89ad352b60e4c0f7e7f.jpg","images":[{"base_url":"https://salt.tikicdn.com/ts/product/3c/ec/f5/56393df96159b89ad352b60e4c0f7e7f.jpg","dbId":28425}],"authors":[{"id":5076529,"name":"Thiếu Sơn","dbId":5615}],"specifications":[{"name":"Thông tin chung","attributes":[{"name":"Công ty phát hành","value":"NXB Kim Đồng"},{"name":"Ngày xuất bản","value":"2021-07-01 00:00:00"},{"name":"Loại bìa","value":"Bìa mềm"},{"name":"Số trang","value":"144"},{"name":"Phương thức giao hàng Seller Delivery","value":"Nhà bán giao hàng cho khách hàng"},{"name":"Nhà xuất bản","value":"Nhà Xuất Bản Kim Đồng"},{"code":"PUBLICATION_DATE","name":"Kích thước","value":"14 x 22.5 cm"}]}],"stock_item":{"qty":1000},"all_time_quantity_sold":6,"reviews":[{"id":12042890,"title":"Cực kì hài lòng","content":". Về chất lượng sản phẩm:\n-Bìa sách mang tính nghệ thuật cao với hình ảnh bắt mắt, màu sắc hài hoà, thu hút. Đây là tiêu chí khá quan trọng khi mình có ý định mua sách.\n- Sách mới tinh, chất giấy ok.\n- Không bị rách hay biến dạng do vận chuyển.\n- NXB Kim Đồng rất chỉn chu trong khâu biên tập nên không có lỗi chính tả, lỗi đánh máy.\n- Nội dung hay, rất phù hợp với người yêu văn thơ như mình.\n\n. Về chất lượng dịch vụ:\n- Dù đang dịch bệnh nhưng sách được giao khá nhanh. Điều đó cho thấy đội ngũ nhân viên Tiki đã rất nỗ lực để đem sản phẩm đến tay khách hàng nhanh nhất. Điều đó khiến mình rất hài lòng.\n- Dạo gần đây, một số đơn sách của mình hộp bị móp méo. May là đơn này hộp nguyên vẹn, vì vậy mà sách vẫn giữ được ngoại hình đẹp như ban đầu.\n- Anh shipper ở chỗ mình rất thân thiện. Và để đảm bảo an toàn, mình hay thanh toán trước. Anh giao hàng vẫn luôn lịch sự gọi điện và nhẹ nhàng đặt hộp hàng trước cổng nhà mình.","customer_id":19978390,"rating":5,"images":[{"id":2464185,"full_path":"https://salt.tikicdn.com/ts/review/9d/88/56/83b7e2d9bd62abb803581f0d3741c3f4.jpg"}],"created_at":1630210050,"created_by":{"id":19978390,"name":"Trần Thị Thuý Diễm","full_name":"Trần Thị Thuý Diễm","created_time":"2021-01-21 09:50:36","purchased":true,"purchased_at":1628221395},"product_id":114447397,"timeline":{"review_created_date":"2021-08-29 11:07:30","delivery_date":"2021-08-11 12:31:25"}},{"id":11722872,"title":"Cực kì hài lòng","content":"Cuốn sách trong bộ 10 cuốn Bạn văn Bạn mình do NXB Kim Đồng mới ấn hành. Sách đẹp, bìa mềm tay gập, giấy tốt. Minh hoạ bìa rất ấn tượng.","customer_id":12293130,"rating":5,"images":[{"id":2399247,"full_path":"https://salt.tikicdn.com/ts/review/e1/bd/86/e73ed33354103c26aa5f3f0e61f5bb6b.jpg"},{"id":2399248,"full_path":"https://salt.tikicdn.com/ts/review/6f/d5/fa/ec38cd6f36c8867934e1d4f0a930b5f6.jpg"},{"id":2399249,"full_path":"https://salt.tikicdn.com/ts/review/0a/ab/3e/b23190408da45c323874211b7649e514.jpg"}],"created_at":1628581334,"created_by":{"id":12293130,"name":"Nguyễn Thanh Hưng","full_name":"Nguyễn Thanh Hưng","created_time":"2019-05-29 22:37:40","purchased":true,"purchased_at":1628497721},"product_id":114447397,"timeline":{"review_created_date":"2021-08-10 14:42:14","delivery_date":"2021-08-10 12:44:25"}},{"id":14278101,"title":"Rất không hài lòng","content":"shipper ép tôi phải nhận hàng khi tôi đang ở quê dẫn đến mất hàng","customer_id":1515143,"rating":1,"images":[],"created_at":1641399930,"created_by":{"id":1515143,"name":"Doan Duong Duc Giang","full_name":"Doan Duong Duc Giang","created_time":"2016-07-17 17:54:37","purchased":true,"purchased_at":1640686836},"product_id":114447397,"timeline":{"review_created_date":"2022-01-05 23:25:30","delivery_date":"2021-12-31 11:49:53"}},{"id":13850723,"title":"Cực kì hài lòng","content":"","customer_id":11048587,"rating":5,"images":[],"created_at":1639571462,"created_by":{"id":11048587,"name":"Nguyễn Thị Quý","full_name":"Nguyễn Thị Quý","created_time":"2019-02-26 04:53:17","purchased":true,"purchased_at":1639274826},"product_id":114447397,"timeline":{"review_created_date":"2021-12-15 19:31:02","delivery_date":"2021-12-12 11:20:40"}},{"id":13295028,"title":"Cực kì hài lòng","content":"","customer_id":18980985,"rating":5,"images":[],"created_at":1637274222,"created_by":{"id":18980985,"name":"Phạm Thị Hương","full_name":"Phạm Thị Hương","created_time":"2020-10-24 13:05:51","purchased":true,"purchased_at":1636509521},"product_id":114447397,"timeline":{"review_created_date":"2021-11-19 05:23:42","delivery_date":"2021-11-11 12:39:22"}}]}