{"id":114459430,"dbId":10600,"createdAt":1626800400000,"name":"Combo Bộ 10 Cuốn: Bạn Văn Bạn Mình","short_description":"Bộ Bạn Văn Bạn Mình tuyển chọn những cuốn chân dung văn học đặc sắc. Từ cuốn sách phê bình văn học đầu tiên viết bằng chữ Quốc ngữ, tới những cuốn sách có tư liệu hiếm, độc bản, lần đầu được công bố… ...","description":"\u003cp\u003e\u003cstrong\u003eBộ Bạn Văn Bạn Mình\u003c/strong\u003e tuyển chọn những cuốn chân dung văn học đặc sắc. Từ cuốn sách phê bình văn học đầu tiên viết bằng chữ Quốc ngữ, tới những cuốn sách có tư liệu hiếm, độc bản, lần đầu được công bố… Những câu chuyện vô cùng hấp dẫn và thú vị. Kho tư liệu dồi dào, bao quát về lịch sử văn chương. \u003c/p\u003e\n\u003cp\u003eCùng tìm đọc bộ sách Bạn Văn Bạn Mình (10 cuốn): \u003c/p\u003e\n\u003cul\u003e\n\u003cli\u003eBạn Văn Bạn Mình: Đốt Lò Hương Cũ \u003c/li\u003e\n\u003cli\u003eBạn Văn Bạn Mình: Chân Dung Văn Học \u003c/li\u003e\n\u003cli\u003eBạn Văn Bạn Mình: Phê Bình Và Cảo Luận \u003c/li\u003e\n\u003cli\u003eBạn Văn Bạn Mình: Hình Dung Và Tâm Tưởng \u003c/li\u003e\n\u003cli\u003eBạn Văn Bạn Mình: Mười Chín Chân Dung Nhà Văn Cùng Thời \u003c/li\u003e\n\u003cli\u003eBạn Văn Bạn Mình: Cây Bút Đời Người \u003c/li\u003e\n\u003cli\u003eBạn Văn Bạn Mình: Những Gương Mặt \u003c/li\u003e\n\u003cli\u003eBạn Văn Bạn Mình: Văn Thi Sĩ Hiện Đại \u003c/li\u003e\n\u003cli\u003eBạn Văn Bạn Mình: Bạn Văn \u003c/li\u003e\n\u003cli\u003eBạn Văn Bạn Mình: Văn Thi Sĩ Tiền Chiến\u003c/li\u003e\n\u003c/ul\u003e\u003cp\u003eGiá sản phẩm trên Tiki đã bao gồm thuế theo luật hiện hành. Bên cạnh đó, tuỳ vào loại sản phẩm, hình thức và địa chỉ giao hàng mà có thể phát sinh thêm chi phí khác như phí vận chuyển, phụ phí hàng cồng kềnh, thuế nhập khẩu (đối với đơn hàng giao từ nước ngoài có giá trị trên 1 triệu đồng).....\u003c/p\u003e","original_price":630000.0,"thumbnail_url":"https://salt.tikicdn.com/cache/280x280/ts/product/7a/32/63/b95bf151b632fe1c3e47448002a05d6c.jpg","images":[{"base_url":"https://salt.tikicdn.com/ts/product/7a/32/63/b95bf151b632fe1c3e47448002a05d6c.jpg","dbId":28252}],"authors":[{"id":4043,"name":"Nhiều Tác Giả","dbId":5466}],"specifications":[{"name":"Thông tin chung","attributes":[{"name":"Công ty phát hành","value":"NXB Kim Đồng"},{"name":"Ngày xuất bản","value":"2021-07-15 00:00:00"},{"name":"Loại bìa","value":"Bìa mềm"},{"name":"Số trang","value":"2440"},{"name":"Nhà xuất bản","value":"Nhà Xuất Bản Kim Đồng"},{"code":"PUBLICATION_DATE","name":"Kích thước","value":"14 x 22.5 cm"}]}],"stock_item":{"qty":1000},"all_time_quantity_sold":15,"reviews":[{"id":14447591,"title":"Cực kì hài lòng","content":"Một bộ sưu tập đồ sộ những tác phẩm tiêu biểu của những nhà văn lớn VN thế kỷ XX. Sách giao nhanh, đủ bộ, hài lòng.","customer_id":438169,"rating":5,"images":[],"created_at":1642136026,"created_by":{"id":438169,"name":"Vũ Như Cẩn","full_name":"Vũ Như Cẩn","created_time":"2014-10-01 12:08:52","purchased":true,"purchased_at":1636565007},"product_id":114459430,"timeline":{"review_created_date":"2022-01-14 11:53:46","delivery_date":"2021-11-11 09:15:52"}},{"id":18820082,"title":"Cực kì hài lòng","content":"Bộ sách rất hay","customer_id":19334330,"rating":5,"images":[],"created_at":1676640157,"created_by":{"id":19334330,"name":"Phạm Thị Quỳnh Loan","full_name":"Phạm Thị Quỳnh Loan","created_time":"2020-11-27 15:28:37","purchased":true,"purchased_at":1665975231},"product_id":114459430,"timeline":{"review_created_date":"2023-02-17 20:22:37","delivery_date":"2022-10-19 17:45:04"}},{"id":15784654,"title":"Cực kì hài lòng","content":"","customer_id":662977,"rating":5,"images":[],"created_at":1649153200,"created_by":{"id":662977,"name":"Tran  Mai Anh Phuong","full_name":"Tran  Mai Anh Phuong","created_time":"2015-06-14 00:03:32","purchased":true,"purchased_at":1647674258},"product_id":114459430,"timeline":{"review_created_date":"2022-04-05 17:06:40","delivery_date":"2022-03-22 08:53:13"}},{"id":15356306,"title":"Cực kì hài lòng","content":"Tốt","customer_id":1321133,"rating":5,"images":[],"created_at":1646927149,"created_by":{"id":1321133,"name":"Bui Quang Khai","full_name":"Bui Quang Khai","created_time":"2016-04-22 18:46:09","purchased":true,"purchased_at":1644390475},"product_id":114459430,"timeline":{"review_created_date":"2022-03-10 22:45:49","delivery_date":"2022-02-09 16:05:03"}},{"id":14564331,"title":"Cực kì hài lòng","content":"","customer_id":21169064,"rating":5,"images":[],"created_at":1642573780,"created_by":{"id":21169064,"name":"Hoàng Hữu Tấn","full_name":"Hoàng Hữu Tấn","created_time":"2021-04-02 19:51:12","purchased":true,"purchased_at":1642403089},"product_id":114459430,"timeline":{"review_created_date":"2022-01-19 13:29:40","delivery_date":"2022-01-19 13:03:05"}},{"id":14447591,"title":"Cực kì hài lòng","content":"Một bộ sưu tập đồ sộ những tác phẩm tiêu biểu của những nhà văn lớn VN thế kỷ XX. Sách giao nhanh, đủ bộ, hài lòng.","customer_id":438169,"rating":5,"images":[],"created_at":1642136026,"created_by":{"id":438169,"name":"Vũ Như Cẩn","full_name":"Vũ Như Cẩn","created_time":"2014-10-01 12:08:52","purchased":true,"purchased_at":1636565007},"product_id":114459430,"timeline":{"review_created_date":"2022-01-14 11:53:46","delivery_date":"2021-11-11 09:15:52"}},{"id":18820082,"title":"Cực kì hài lòng","content":"Bộ sách rất hay","customer_id":19334330,"rating":5,"images":[],"created_at":1676640157,"created_by":{"id":19334330,"name":"Phạm Thị Quỳnh Loan","full_name":"Phạm Thị Quỳnh Loan","created_time":"2020-11-27 15:28:37","purchased":true,"purchased_at":1665975231},"product_id":114459430,"timeline":{"review_created_date":"2023-02-17 20:22:37","delivery_date":"2022-10-19 17:45:04"}},{"id":15784654,"title":"Cực kì hài lòng","content":"","customer_id":662977,"rating":5,"images":[],"created_at":1649153200,"created_by":{"id":662977,"name":"Tran  Mai Anh Phuong","full_name":"Tran  Mai Anh Phuong","created_time":"2015-06-14 00:03:32","purchased":true,"purchased_at":1647674258},"product_id":114459430,"timeline":{"review_created_date":"2022-04-05 17:06:40","delivery_date":"2022-03-22 08:53:13"}},{"id":15356306,"title":"Cực kì hài lòng","content":"Tốt","customer_id":1321133,"rating":5,"images":[],"created_at":1646927149,"created_by":{"id":1321133,"name":"Bui Quang Khai","full_name":"Bui Quang Khai","created_time":"2016-04-22 18:46:09","purchased":true,"purchased_at":1644390475},"product_id":114459430,"timeline":{"review_created_date":"2022-03-10 22:45:49","delivery_date":"2022-02-09 16:05:03"}},{"id":14564331,"title":"Cực kì hài lòng","content":"","customer_id":21169064,"rating":5,"images":[],"created_at":1642573780,"created_by":{"id":21169064,"name":"Hoàng Hữu Tấn","full_name":"Hoàng Hữu Tấn","created_time":"2021-04-02 19:51:12","purchased":true,"purchased_at":1642403089},"product_id":114459430,"timeline":{"review_created_date":"2022-01-19 13:29:40","delivery_date":"2022-01-19 13:03:05"}}]}