{"id":114895808,"dbId":11041,"createdAt":1647227021000,"name":"Sách - Combo 3 cuốn, lẻ tùy chọn: Từ Điển Tiếng “Em” + Vui Vẻ Không Quạu Nha + Một Cuốn Sách Buồn...Cười","short_description":"       1.Từ Điển Tiếng “Em”   Tuy nhiên, với cuốn sách “Từ điển tiếng “em”, các bạn sẽ hết sức bất ngờ với những định nghĩa mới, bắt trend, sáng tạo, thông minh và vô cùng hài hước.   Tiếng “em”...","description":"\u003chtml\u003e\n \u003chead\u003e\u003c/head\u003e\n \u003cbody\u003e\n  \u003cul\u003e\n   \u003cp\u003e1.Từ Điển Tiếng “Em”\u003c/p\u003e\n   \u003cp\u003eTuy nhiên, với cuốn sách “Từ điển tiếng “em”, các bạn sẽ hết sức bất ngờ với những định nghĩa mới, bắt trend, sáng tạo, thông minh và vô cùng hài hước.\u003c/p\u003e\n   \u003cp\u003eTiếng “em” [danh từ] ở đây là tiếng lòng của những người yêu sự thật, ghét sự giả dối\u003c/p\u003e\n   \u003cp\u003eCô đơn [ tính từ ] không phải là không có ai bên cạnh, mà là người mình muốn ở cạnh lại không hề ở bên\u003c/p\u003e\n   \u003cp\u003eSống lỗi [ động từ ] là cách sống của mấy bạn có người yêu cái là bỏ bê bạn bè liền hà\u003c/p\u003e\n   \u003cp\u003eLà những câu cửa miệng của giới trẻ thời nay; là hoạt động tưởng vô bổ nhưng cần thiết cho sự sống: ăn, ngủ, tắm, gội cũng được định nghĩa hết sức dí dỏ Và cũng không thiếu những “tật xấu, thói hư” nghĩ đến đã thấy “tức cái lồng ngực”\u003c/p\u003e\n   \u003cp\u003eVà bạn yên tâm, “tập đoàn” Kho Từ Điển điều hành bởi Thịt Kho – Hiệp Thị - 2 chủ xị cho ra đời cuốn sách nhỏ bé xíu xiu nhưng mới mẻ và mặn mà vô cùng này sẽ khiến bạn thoát mác “người tối cổ” cười cả ngày không chán, nhìn bạn bè quanh mình bằng ánh mắt dễ thương, tận hưởng cuộc đời với những định nghĩa hoàn toàn!!!\u003c/p\u003e\n   \u003cp\u003e~~~~~\u003c/p\u003e\n   \u003cp\u003eTác giả Khotudien\u003c/p\u003e\n   \u003cp\u003eNgày xuất bản 09-2020\u003c/p\u003e\n   \u003cp\u003eKích thước 10 x 12 cm\u003c/p\u003e\n   \u003cp\u003eNhà xuất bản NXB Phụ Nữ Việt Nam\u003c/p\u003e\n   \u003cp\u003eLoại bìa Bìa mềm\u003c/p\u003e\n   \u003cp\u003eSố trang 278\u003c/p\u003e\n   \u003cp\u003e2. Vui Vẻ Không Quạu Nha\u003c/p\u003e\n   \u003cp\u003e~~~~~~\u003c/p\u003e\n   \u003cp\u003eTác giả Ở Đây Zui Nè\u003c/p\u003e\n   \u003cp\u003eNgày xuất bản 02-2020\u003c/p\u003e\n   \u003cp\u003eKích thước 10 x 12 cm\u003c/p\u003e\n   \u003cp\u003eNhà xuất bản Nhà Xuất Bản Phụ nữ Việt Nam\u003c/p\u003e\n   \u003cp\u003eLoại bìa Bìa mềm\u003c/p\u003e\n   \u003cp\u003eSố trang 280\u003c/p\u003e\n   \u003cp\u003eôi lúc 6 tuổi: Mẹ ơi, 25 tuổi con sẽ mua cho mẹ một căn nhà lớn và chiếc xe hơi!\u003c/p\u003e\n   \u003cp\u003eTôi lúc 25 tuổi: Mẹ yêu, shipper đến rồi con còn thiếu 20k để nhận hàng.”\u003c/p\u003e\n   \u003cp\u003e“Có thể bạn thấy tôi bình tĩnh với mọi thứ. Nhưng thực ra trong đầu tôi đã bỏ cuộc 7749 lần”.\u003c/p\u003e\n   \u003cp\u003e“Vì đây là cuộc sống, nên ngày trước bạn có thể khóc vì người yêu cũ, và tiếp theo bạn thả thính đu dây một lúc với bảy người!”\u003c/p\u003e\n   \u003cp\u003e“Bạn có biết là con gái luôn đọc tin nhắn trong bảng xem trước. Nhưng họ chỉ trả lời khi họ thật sự muốn trả lời.”\u003c/p\u003e\n   \u003cp\u003e~~~~~~\u003c/p\u003e\n   \u003cp\u003eTác giả Ở Đây Zui Nè\u003c/p\u003e\n   \u003cp\u003eNgày xuất bản 03-2021\u003c/p\u003e\n   \u003cp\u003eKích thước 10 x 12 cm\u003c/p\u003e\n   \u003cp\u003eNhà xuất bản Nhà Xuất Bản Phụ Nữ Việt Nam\u003c/p\u003e\n   \u003cp\u003eLoại bìa Bìa mềm\u003c/p\u003e\n   \u003cp\u003eSố trang 278\u003c/p\u003e\n  \u003c/ul\u003e\n \u003c/body\u003e\n\u003c/html\u003e\u003cp\u003eGiá sản phẩm trên Tiki đã bao gồm thuế theo luật hiện hành. Bên cạnh đó, tuỳ vào loại sản phẩm, hình thức và địa chỉ giao hàng mà có thể phát sinh thêm chi phí khác như phí vận chuyển, phụ phí hàng cồng kềnh, thuế nhập khẩu (đối với đơn hàng giao từ nước ngoài có giá trị trên 1 triệu đồng).....\u003c/p\u003e","original_price":79000.0,"thumbnail_url":"https://salt.tikicdn.com/cache/280x280/ts/product/ba/39/56/6212b3482dab1fedca85f07dc35deb3f.jpg","images":[{"base_url":"https://salt.tikicdn.com/ts/product/ba/39/56/6212b3482dab1fedca85f07dc35deb3f.jpg","dbId":29478},{"base_url":"https://salt.tikicdn.com/ts/product/11/18/26/7152c2be3a8a1e8cdf5804f4f743632a.jpg","dbId":29479},{"base_url":"https://salt.tikicdn.com/ts/product/16/4c/86/cfcc2e4225bcd8dff5dcbf85a34b46ce.jpg","dbId":29480},{"base_url":"https://salt.tikicdn.com/ts/product/32/04/3e/500d88292047eb36b049662fab94bda1.jpg","dbId":29481},{"base_url":"https://salt.tikicdn.com/ts/product/95/8d/ae/b8ffc3058504c5377c189ee914b852ac.jpg","dbId":29482},{"base_url":"https://salt.tikicdn.com/ts/product/de/b5/04/8cb7e92b7d3d840bae1d4723bcec44e2.jpg","dbId":29483},{"base_url":"https://salt.tikicdn.com/ts/product/eb/05/08/304e34506a952e82038694589e83e65d.jpg","dbId":29484}],"specifications":[{"name":"Thông tin chung","attributes":[{"name":"Công ty phát hành","value":"Skybooks"},{"name":"Nhà xuất bản","value":"Nhà Xuất Bản Phụ Nữ Việt Nam"},{"code":"PUBLICATION_DATE","name":"Ngày xuất bản","value":"Tue Mar 08 10:03:41 ICT 2022"}]}],"stock_item":{"qty":1000},"all_time_quantity_sold":2,"reviews":[{"id":15493989,"title":"Bình thường","content":"khá thất vọng về shop . mình đặt từ điển tiếng em xong giao về một cuốn sách buồn.....cười đóng gói cũng không kĩ càng 😥 shop làm ăn sơ xài quá . Thất vọng rất nhiều :((","customer_id":27071742,"rating":3,"images":[{"id":3249829,"full_path":"https://salt.tikicdn.com/ts/review/bc/a6/4d/05b230817145e35bb9d602845a376516.jpg"},{"id":3249830,"full_path":"https://salt.tikicdn.com/ts/review/8e/67/2d/899b593361206213c97d1ccd763ec5cc.jpg"},{"id":3249831,"full_path":"https://salt.tikicdn.com/ts/review/02/b4/eb/32ce6cc09390510c0c19522616406e9a.jpg"}],"created_at":1647659021,"created_by":{"id":27071742,"name":"Idol Hải Anh","full_name":"Idol Hải Anh","created_time":"2022-03-15 10:02:55","purchased":true,"purchased_at":1647313747},"product_id":114895808,"timeline":{"review_created_date":"2022-03-19 10:03:41","delivery_date":"2022-03-19 09:58:11"}},{"id":17634110,"title":"Rất không hài lòng","content":"Bạn ơi check lại mình mình thiếu 2 quyển ạ. Có mỗi quyển vui vẻ ko quạu ạ. Cảm ơn bạn","customer_id":7139763,"rating":1,"images":[],"created_at":1662640053,"created_by":{"id":7139763,"name":"ngô thị yến","full_name":"ngô thị yến","created_time":"2018-05-18 11:01:37","purchased":true,"purchased_at":1662484208},"product_id":114895808,"timeline":{"review_created_date":"2022-09-08 19:27:33","delivery_date":"2022-09-08 14:37:28"}},{"id":18289942,"title":"Rất không hài lòng","content":"Chỉ nhận đc 1 cuốn, đặt 2 đơn nhận đc 2 cuốn vui vẻ ko quạu","customer_id":7305854,"rating":1,"images":[],"created_at":1669431880,"created_by":{"id":7305854,"name":"nguyen thi ngoc anh","full_name":"nguyen thi ngoc anh","created_time":"2018-06-16 09:37:42","purchased":true,"purchased_at":1666791395},"product_id":114895808,"timeline":{"review_created_date":"2022-11-26 10:04:40","delivery_date":"2022-10-31 10:16:05"}},{"id":15716878,"title":"Rất không hài lòng","content":"đặt combo ba cuốn sách nhưng chỉ ship có mỗi một cuốn như hình","customer_id":27175753,"rating":1,"images":[{"id":3305483,"full_path":"https://salt.tikicdn.com/ts/review/cf/07/e2/c047b2a011415ee660b71afc22e24740.jpg"}],"created_at":1648799084,"created_by":{"id":27175753,"name":"Thanh Thảo Lê Thị","full_name":"Thanh Thảo Lê Thị","created_time":"2022-03-26 16:33:02","purchased":true,"purchased_at":1648288108},"product_id":114895808,"timeline":{"review_created_date":"2022-04-01 14:44:44","delivery_date":"2022-04-01 14:34:02"}},{"id":18771564,"title":"Hài lòng","content":"","customer_id":28752794,"rating":4,"images":[],"created_at":1675942564,"created_by":{"id":28752794,"name":"Hoàng kim hiền","full_name":"Hoàng kim hiền","created_time":"2023-01-25 12:11:03","purchased":true,"purchased_at":1675338944},"product_id":114895808,"timeline":{"review_created_date":"2023-02-09 18:36:04","delivery_date":"2023-02-07 14:35:00"}},{"id":15493989,"title":"Bình thường","content":"khá thất vọng về shop . mình đặt từ điển tiếng em xong giao về một cuốn sách buồn.....cười đóng gói cũng không kĩ càng 😥 shop làm ăn sơ xài quá . Thất vọng rất nhiều :((","customer_id":27071742,"rating":3,"images":[{"id":3249829,"full_path":"https://salt.tikicdn.com/ts/review/bc/a6/4d/05b230817145e35bb9d602845a376516.jpg"},{"id":3249830,"full_path":"https://salt.tikicdn.com/ts/review/8e/67/2d/899b593361206213c97d1ccd763ec5cc.jpg"},{"id":3249831,"full_path":"https://salt.tikicdn.com/ts/review/02/b4/eb/32ce6cc09390510c0c19522616406e9a.jpg"}],"created_at":1647659021,"created_by":{"id":27071742,"name":"Idol Hải Anh","full_name":"Idol Hải Anh","created_time":"2022-03-15 10:02:55","purchased":true,"purchased_at":1647313747},"product_id":114895808,"timeline":{"review_created_date":"2022-03-19 10:03:41","delivery_date":"2022-03-19 09:58:11"}},{"id":17634110,"title":"Rất không hài lòng","content":"Bạn ơi check lại mình mình thiếu 2 quyển ạ. Có mỗi quyển vui vẻ ko quạu ạ. Cảm ơn bạn","customer_id":7139763,"rating":1,"images":[],"created_at":1662640053,"created_by":{"id":7139763,"name":"ngô thị yến","full_name":"ngô thị yến","created_time":"2018-05-18 11:01:37","purchased":true,"purchased_at":1662484208},"product_id":114895808,"timeline":{"review_created_date":"2022-09-08 19:27:33","delivery_date":"2022-09-08 14:37:28"}},{"id":18289942,"title":"Rất không hài lòng","content":"Chỉ nhận đc 1 cuốn, đặt 2 đơn nhận đc 2 cuốn vui vẻ ko quạu","customer_id":7305854,"rating":1,"images":[],"created_at":1669431880,"created_by":{"id":7305854,"name":"nguyen thi ngoc anh","full_name":"nguyen thi ngoc anh","created_time":"2018-06-16 09:37:42","purchased":true,"purchased_at":1666791395},"product_id":114895808,"timeline":{"review_created_date":"2022-11-26 10:04:40","delivery_date":"2022-10-31 10:16:05"}},{"id":15716878,"title":"Rất không hài lòng","content":"đặt combo ba cuốn sách nhưng chỉ ship có mỗi một cuốn như hình","customer_id":27175753,"rating":1,"images":[{"id":3305483,"full_path":"https://salt.tikicdn.com/ts/review/cf/07/e2/c047b2a011415ee660b71afc22e24740.jpg"}],"created_at":1648799084,"created_by":{"id":27175753,"name":"Thanh Thảo Lê Thị","full_name":"Thanh Thảo Lê Thị","created_time":"2022-03-26 16:33:02","purchased":true,"purchased_at":1648288108},"product_id":114895808,"timeline":{"review_created_date":"2022-04-01 14:44:44","delivery_date":"2022-04-01 14:34:02"}},{"id":18771564,"title":"Hài lòng","content":"","customer_id":28752794,"rating":4,"images":[],"created_at":1675942564,"created_by":{"id":28752794,"name":"Hoàng kim hiền","full_name":"Hoàng kim hiền","created_time":"2023-01-25 12:11:03","purchased":true,"purchased_at":1675338944},"product_id":114895808,"timeline":{"review_created_date":"2023-02-09 18:36:04","delivery_date":"2023-02-07 14:35:00"}},{"id":15493989,"title":"Bình thường","content":"khá thất vọng về shop . mình đặt từ điển tiếng em xong giao về một cuốn sách buồn.....cười đóng gói cũng không kĩ càng 😥 shop làm ăn sơ xài quá . Thất vọng rất nhiều :((","customer_id":27071742,"rating":3,"images":[{"id":3249829,"full_path":"https://salt.tikicdn.com/ts/review/bc/a6/4d/05b230817145e35bb9d602845a376516.jpg"},{"id":3249830,"full_path":"https://salt.tikicdn.com/ts/review/8e/67/2d/899b593361206213c97d1ccd763ec5cc.jpg"},{"id":3249831,"full_path":"https://salt.tikicdn.com/ts/review/02/b4/eb/32ce6cc09390510c0c19522616406e9a.jpg"}],"created_at":1647659021,"created_by":{"id":27071742,"name":"Idol Hải Anh","full_name":"Idol Hải Anh","created_time":"2022-03-15 10:02:55","purchased":true,"purchased_at":1647313747},"product_id":114895808,"timeline":{"review_created_date":"2022-03-19 10:03:41","delivery_date":"2022-03-19 09:58:11"}},{"id":17634110,"title":"Rất không hài lòng","content":"Bạn ơi check lại mình mình thiếu 2 quyển ạ. Có mỗi quyển vui vẻ ko quạu ạ. Cảm ơn bạn","customer_id":7139763,"rating":1,"images":[],"created_at":1662640053,"created_by":{"id":7139763,"name":"ngô thị yến","full_name":"ngô thị yến","created_time":"2018-05-18 11:01:37","purchased":true,"purchased_at":1662484208},"product_id":114895808,"timeline":{"review_created_date":"2022-09-08 19:27:33","delivery_date":"2022-09-08 14:37:28"}},{"id":18289942,"title":"Rất không hài lòng","content":"Chỉ nhận đc 1 cuốn, đặt 2 đơn nhận đc 2 cuốn vui vẻ ko quạu","customer_id":7305854,"rating":1,"images":[],"created_at":1669431880,"created_by":{"id":7305854,"name":"nguyen thi ngoc anh","full_name":"nguyen thi ngoc anh","created_time":"2018-06-16 09:37:42","purchased":true,"purchased_at":1666791395},"product_id":114895808,"timeline":{"review_created_date":"2022-11-26 10:04:40","delivery_date":"2022-10-31 10:16:05"}},{"id":15716878,"title":"Rất không hài lòng","content":"đặt combo ba cuốn sách nhưng chỉ ship có mỗi một cuốn như hình","customer_id":27175753,"rating":1,"images":[{"id":3305483,"full_path":"https://salt.tikicdn.com/ts/review/cf/07/e2/c047b2a011415ee660b71afc22e24740.jpg"}],"created_at":1648799084,"created_by":{"id":27175753,"name":"Thanh Thảo Lê Thị","full_name":"Thanh Thảo Lê Thị","created_time":"2022-03-26 16:33:02","purchased":true,"purchased_at":1648288108},"product_id":114895808,"timeline":{"review_created_date":"2022-04-01 14:44:44","delivery_date":"2022-04-01 14:34:02"}},{"id":18771564,"title":"Hài lòng","content":"","customer_id":28752794,"rating":4,"images":[],"created_at":1675942564,"created_by":{"id":28752794,"name":"Hoàng kim hiền","full_name":"Hoàng kim hiền","created_time":"2023-01-25 12:11:03","purchased":true,"purchased_at":1675338944},"product_id":114895808,"timeline":{"review_created_date":"2023-02-09 18:36:04","delivery_date":"2023-02-07 14:35:00"}},{"id":15493989,"title":"Bình thường","content":"khá thất vọng về shop . mình đặt từ điển tiếng em xong giao về một cuốn sách buồn.....cười đóng gói cũng không kĩ càng 😥 shop làm ăn sơ xài quá . Thất vọng rất nhiều :((","customer_id":27071742,"rating":3,"images":[{"id":3249829,"full_path":"https://salt.tikicdn.com/ts/review/bc/a6/4d/05b230817145e35bb9d602845a376516.jpg"},{"id":3249830,"full_path":"https://salt.tikicdn.com/ts/review/8e/67/2d/899b593361206213c97d1ccd763ec5cc.jpg"},{"id":3249831,"full_path":"https://salt.tikicdn.com/ts/review/02/b4/eb/32ce6cc09390510c0c19522616406e9a.jpg"}],"created_at":1647659021,"created_by":{"id":27071742,"name":"Idol Hải Anh","full_name":"Idol Hải Anh","created_time":"2022-03-15 10:02:55","purchased":true,"purchased_at":1647313747},"product_id":114895808,"timeline":{"review_created_date":"2022-03-19 10:03:41","delivery_date":"2022-03-19 09:58:11"}},{"id":17634110,"title":"Rất không hài lòng","content":"Bạn ơi check lại mình mình thiếu 2 quyển ạ. Có mỗi quyển vui vẻ ko quạu ạ. Cảm ơn bạn","customer_id":7139763,"rating":1,"images":[],"created_at":1662640053,"created_by":{"id":7139763,"name":"ngô thị yến","full_name":"ngô thị yến","created_time":"2018-05-18 11:01:37","purchased":true,"purchased_at":1662484208},"product_id":114895808,"timeline":{"review_created_date":"2022-09-08 19:27:33","delivery_date":"2022-09-08 14:37:28"}},{"id":18289942,"title":"Rất không hài lòng","content":"Chỉ nhận đc 1 cuốn, đặt 2 đơn nhận đc 2 cuốn vui vẻ ko quạu","customer_id":7305854,"rating":1,"images":[],"created_at":1669431880,"created_by":{"id":7305854,"name":"nguyen thi ngoc anh","full_name":"nguyen thi ngoc anh","created_time":"2018-06-16 09:37:42","purchased":true,"purchased_at":1666791395},"product_id":114895808,"timeline":{"review_created_date":"2022-11-26 10:04:40","delivery_date":"2022-10-31 10:16:05"}},{"id":15716878,"title":"Rất không hài lòng","content":"đặt combo ba cuốn sách nhưng chỉ ship có mỗi một cuốn như hình","customer_id":27175753,"rating":1,"images":[{"id":3305483,"full_path":"https://salt.tikicdn.com/ts/review/cf/07/e2/c047b2a011415ee660b71afc22e24740.jpg"}],"created_at":1648799084,"created_by":{"id":27175753,"name":"Thanh Thảo Lê Thị","full_name":"Thanh Thảo Lê Thị","created_time":"2022-03-26 16:33:02","purchased":true,"purchased_at":1648288108},"product_id":114895808,"timeline":{"review_created_date":"2022-04-01 14:44:44","delivery_date":"2022-04-01 14:34:02"}},{"id":18771564,"title":"Hài lòng","content":"","customer_id":28752794,"rating":4,"images":[],"created_at":1675942564,"created_by":{"id":28752794,"name":"Hoàng kim hiền","full_name":"Hoàng kim hiền","created_time":"2023-01-25 12:11:03","purchased":true,"purchased_at":1675338944},"product_id":114895808,"timeline":{"review_created_date":"2023-02-09 18:36:04","delivery_date":"2023-02-07 14:35:00"}}]}