{"id":114896212,"dbId":11766,"createdAt":1628265667000,"name":"Sách Nhã Nam - Combo Hảo Nữ Trung Hoa + Thiên Táng","short_description":"  GIỚI THIỆU SÁCH:   Combo Hảo Nữ Trung Hoa + Thiên Táng   1. Hào Nữ Trung Hoa   Câu chuyện của những người phụ nữ ấy đã thay đổi hoàn toàn nhận thức của Hân Nhiên về đất nước Trung Quốc và ám ảnh...","description":"\n  \u003cp\u003eGIỚI THIỆU SÁCH:\u003c/p\u003e\n   \u003cp\u003eCombo Hảo Nữ Trung Hoa + Thiên Táng\u003c/p\u003e\n   \u003cp\u003e1. Hào Nữ Trung Hoa\u003c/p\u003e\n   \u003cp\u003eCâu chuyện của những người phụ nữ ấy đã thay đổi hoàn toàn nhận thức của Hân Nhiên về đất nước Trung Quốc và ám ảnh bà suốt một thời gian dài trước khi chúng được viết ra trong cuốn sách khó thế nào quên này.\u003c/p\u003e\n   \u003cp\u003e--------------------------------------------\u003c/p\u003e\n   \u003cp\u003eNhà Cung Cấp: Nhã Nam\u003c/p\u003e\n   \u003cp\u003eTác giả: Hân Nhiên\u003c/p\u003e\n   \u003cp\u003eNgười Dịch: Tạ Huyền\u003c/p\u003e\n   \u003cp\u003eNăm XB: 2021\u003c/p\u003e\n   \u003cp\u003eSố trang: 356\u003c/p\u003e\n   \u003cp\u003e\u003d\u003d\u003d\u003d\u003d\u003d\u003d\u003d\u003d\u003d\u003d\u003d\u003d\u003d\u003d\u003d\u003d\u003d\u003d\u003d\u003d\u003d\u003d\u003d\u003d\u003d\u003d\u003d\u003d\u003c/p\u003e\n   \u003cp\u003e2. Thiên Táng\u003c/p\u003e\n   \u003cp\u003eTây Tạng của năm mươi năm trước. Miền Bắc cao nguyên hoang vu là bất tận trời xanh, bất tận cỏ. Chỉ có tín ngưỡng và sinh kế. Không còn thời gian. Chỉ có chống chọi với tự nhiên. Không còn cuộc chiến nào khác.\u003c/p\u003e\n   \u003cp\u003e---------------------------------------------\u003c/p\u003e\n   \u003cp\u003eNhà Cung Cấp: Nhã Nam\u003c/p\u003e\n   \u003cp\u003eTác giả: Hân Nhiên\u003c/p\u003e\n   \u003cp\u003eNgười Dịch: Thanh Loan\u003c/p\u003e\n   \u003cp\u003eNăm XB: 2021\u003c/p\u003e\n   \u003cp\u003eSố trang: 208\u003c/p\u003e\n  \u003cp\u003eGiá sản phẩm trên Tiki đã bao gồm thuế theo luật hiện hành. Bên cạnh đó, tuỳ vào loại sản phẩm, hình thức và địa chỉ giao hàng mà có thể phát sinh thêm chi phí khác như phí vận chuyển, phụ phí hàng cồng kềnh, thuế nhập khẩu (đối với đơn hàng giao từ nước ngoài có giá trị trên 1 triệu đồng).....\u003c/p\u003e","original_price":224000.0,"thumbnail_url":"https://salt.tikicdn.com/cache/280x280/ts/product/b7/f8/31/71f18b67f2fa3e606561219aaa05dde3.jpg","images":[{"base_url":"https://salt.tikicdn.com/ts/product/b7/f8/31/71f18b67f2fa3e606561219aaa05dde3.jpg","dbId":31333},{"base_url":"https://salt.tikicdn.com/ts/product/bc/0c/24/4732b777aecdf538281d5edba8ba6994.jpg","dbId":31334},{"base_url":"https://salt.tikicdn.com/ts/product/ef/df/66/9cc293de12ffa9978952dccbdc2a2144.jpg","dbId":31335}],"specifications":[{"name":"Thông tin chung","attributes":[{"name":"Công ty phát hành","value":"Nhã Nam"},{"name":"Nhà xuất bản","value":"Nhà Xuất Bản Hà Nội"},{"code":"PUBLICATION_DATE","name":"Ngày xuất bản","value":"Wed Jul 28 23:01:07 ICT 2021"}]}],"stock_item":{"qty":1000},"all_time_quantity_sold":5,"reviews":[{"id":12912294,"title":"Rất không hài lòng","content":"Thái độ giao hàng quá tệ. \nN.Viên giao hàng mà thái độ quá cục súc. Địa chỉ giao là ở C.Ty, trước cổng có để 1 cái bàn dài 1.5m để nhận hàng, tránh tiếp xúc trực tiếp và có giăng dây 2 đầu của bàn. Thường thì shipper để lên bàn và dùng cây đẩy gói hàng vào trong (cây đẩy để sẵn trên bàn). \nVừa mới nhận hàng xong mà tức quá lên phản ánh. Anh shipper đó ko có mặc đồng phục của Tiki hay các dịch vụ giao hàng nào hết, mình ra tới cổng tìm anh shpper thì thấy ảnh vẩy tay, xong ảnh quăng cái đùng lên bàn giao hàng, mình nói là đẩy hàng vào giúp e thì thấy ảnh bỏ đi luôn, quăng xong gói hàng là xong nhiệm vụ, quá vô trách nhiệm và cục súc, không 1 tí tôn trọng khách hàng. Tiki nên xem lại và làm việc với đối tác giao hàng, kiểu giao hàng này ai mà mua trên Tiki nữa, đâu phải chỉ 1 sàn TMĐT đâu trời. \nThái độ giao hàng làm không còn hứng thú review sách gì luôn. Quá chán cách Tiki làm việc vs đối tác giao hàng.","customer_id":495788,"rating":1,"images":[{"id":2675819,"full_path":"https://salt.tikicdn.com/ts/review/dc/1f/a5/a68a3ed8aa7a952c1f163d9316bd724c.jpg"}],"created_at":1635564898,"created_by":{"id":495788,"name":"Lâm Lâm","full_name":"Lâm Lâm","created_time":"2014-11-29 01:52:19","purchased":true,"purchased_at":1635406662},"product_id":114896212,"timeline":{"review_created_date":"2021-10-30 10:34:58","delivery_date":"2021-10-30 10:25:07"}},{"id":11767552,"title":"Cực kì hài lòng","content":"mừng quá. Combo Hân Nhiên rồi cũng đến tay sau bao ngày chờ đợi. Cứ tưởng hàng sẽ giam đến hết giãn cách. Bộ sách này hot cực nên Nhã Nam đã ko ngần ngại tái lại cả cứng lẫn mềm.","customer_id":67077,"rating":5,"images":[{"id":2408351,"full_path":"https://salt.tikicdn.com/ts/review/dc/0d/a0/379cce07a26d586830920882c82813fc.jpg"}],"created_at":1628776549,"created_by":{"id":67077,"name":"Lâm Nguyễn Võ","full_name":"Lâm Nguyễn Võ","created_time":"2012-11-02 22:27:07","purchased":true,"purchased_at":1627493004},"product_id":114896212,"timeline":{"review_created_date":"2021-08-12 20:55:49","delivery_date":"2021-08-11 10:06:46"}},{"id":11731775,"title":"Cực kì hài lòng","content":"Rất lâu rồi bộ sách mới dc tái bản nên mình rất mong chờ bộ này. Sách Nhã Nam lúc nào cũng dày dặn, chất lượng!","customer_id":18707616,"rating":5,"images":[{"id":2454627,"full_path":"https://salt.tikicdn.com/ts/review/b8/87/8c/e266243dc9a4825b89172ac6a6efdc75.jpg"}],"created_at":1628611267,"created_by":{"id":18707616,"name":"Nhung Vu","full_name":"Nhung Vu","created_time":"2020-10-07 12:33:53","purchased":true,"purchased_at":1627914156},"product_id":114896212,"timeline":{"review_created_date":"2021-08-10 23:01:07","delivery_date":"2021-08-09 17:02:07"}},{"id":12027544,"title":"Cực kì hài lòng","content":"Dịch giã ở nhà đọc sách, nhâm nhi cafe thôi các bạn ạ. Tiki giao hàng nhanh lắm ý.","customer_id":10398340,"rating":5,"images":[{"id":2460489,"full_path":"https://salt.tikicdn.com/ts/review/fc/27/eb/1bb4ae80c08ade0fa7bef3dc3c325694.jpg"}],"created_at":1630036009,"created_by":{"id":10398340,"name":"Pham Thi Hoang Oanh","full_name":"Pham Thi Hoang Oanh","created_time":"2019-01-16 08:47:35","purchased":true,"purchased_at":1629004293},"product_id":114896212,"timeline":{"review_created_date":"2021-08-27 10:46:49","delivery_date":"2021-08-17 09:55:46"}},{"id":11745743,"title":"Cực kì hài lòng","content":"","customer_id":22820532,"rating":5,"images":[{"id":2404105,"full_path":"https://salt.tikicdn.com/ts/review/17/37/5f/549578b76d9774f634089c0212b91ea0.jpg"},{"id":2404106,"full_path":"https://salt.tikicdn.com/ts/review/97/81/ec/4a3a3a91afe97878fceba7bbd2eecbf6.jpg"}],"created_at":1628679651,"created_by":{"id":22820532,"name":"nguyễn phi khanh","full_name":"nguyễn phi khanh","created_time":"2021-07-30 20:31:01","purchased":true,"purchased_at":1627880099},"product_id":114896212,"timeline":{"review_created_date":"2021-08-11 18:00:51","delivery_date":"2021-08-10 17:09:22"}},{"id":12912294,"title":"Rất không hài lòng","content":"Thái độ giao hàng quá tệ. \nN.Viên giao hàng mà thái độ quá cục súc. Địa chỉ giao là ở C.Ty, trước cổng có để 1 cái bàn dài 1.5m để nhận hàng, tránh tiếp xúc trực tiếp và có giăng dây 2 đầu của bàn. Thường thì shipper để lên bàn và dùng cây đẩy gói hàng vào trong (cây đẩy để sẵn trên bàn). \nVừa mới nhận hàng xong mà tức quá lên phản ánh. Anh shipper đó ko có mặc đồng phục của Tiki hay các dịch vụ giao hàng nào hết, mình ra tới cổng tìm anh shpper thì thấy ảnh vẩy tay, xong ảnh quăng cái đùng lên bàn giao hàng, mình nói là đẩy hàng vào giúp e thì thấy ảnh bỏ đi luôn, quăng xong gói hàng là xong nhiệm vụ, quá vô trách nhiệm và cục súc, không 1 tí tôn trọng khách hàng. Tiki nên xem lại và làm việc với đối tác giao hàng, kiểu giao hàng này ai mà mua trên Tiki nữa, đâu phải chỉ 1 sàn TMĐT đâu trời. \nThái độ giao hàng làm không còn hứng thú review sách gì luôn. Quá chán cách Tiki làm việc vs đối tác giao hàng.","customer_id":495788,"rating":1,"images":[{"id":2675819,"full_path":"https://salt.tikicdn.com/ts/review/dc/1f/a5/a68a3ed8aa7a952c1f163d9316bd724c.jpg"}],"created_at":1635564898,"created_by":{"id":495788,"name":"Lâm Lâm","full_name":"Lâm Lâm","created_time":"2014-11-29 01:52:19","purchased":true,"purchased_at":1635406662},"product_id":114896212,"timeline":{"review_created_date":"2021-10-30 10:34:58","delivery_date":"2021-10-30 10:25:07"}},{"id":11767552,"title":"Cực kì hài lòng","content":"mừng quá. Combo Hân Nhiên rồi cũng đến tay sau bao ngày chờ đợi. Cứ tưởng hàng sẽ giam đến hết giãn cách. Bộ sách này hot cực nên Nhã Nam đã ko ngần ngại tái lại cả cứng lẫn mềm.","customer_id":67077,"rating":5,"images":[{"id":2408351,"full_path":"https://salt.tikicdn.com/ts/review/dc/0d/a0/379cce07a26d586830920882c82813fc.jpg"}],"created_at":1628776549,"created_by":{"id":67077,"name":"Lâm Nguyễn Võ","full_name":"Lâm Nguyễn Võ","created_time":"2012-11-02 22:27:07","purchased":true,"purchased_at":1627493004},"product_id":114896212,"timeline":{"review_created_date":"2021-08-12 20:55:49","delivery_date":"2021-08-11 10:06:46"}},{"id":11731775,"title":"Cực kì hài lòng","content":"Rất lâu rồi bộ sách mới dc tái bản nên mình rất mong chờ bộ này. Sách Nhã Nam lúc nào cũng dày dặn, chất lượng!","customer_id":18707616,"rating":5,"images":[{"id":2454627,"full_path":"https://salt.tikicdn.com/ts/review/b8/87/8c/e266243dc9a4825b89172ac6a6efdc75.jpg"}],"created_at":1628611267,"created_by":{"id":18707616,"name":"Nhung Vu","full_name":"Nhung Vu","created_time":"2020-10-07 12:33:53","purchased":true,"purchased_at":1627914156},"product_id":114896212,"timeline":{"review_created_date":"2021-08-10 23:01:07","delivery_date":"2021-08-09 17:02:07"}},{"id":12027544,"title":"Cực kì hài lòng","content":"Dịch giã ở nhà đọc sách, nhâm nhi cafe thôi các bạn ạ. Tiki giao hàng nhanh lắm ý.","customer_id":10398340,"rating":5,"images":[{"id":2460489,"full_path":"https://salt.tikicdn.com/ts/review/fc/27/eb/1bb4ae80c08ade0fa7bef3dc3c325694.jpg"}],"created_at":1630036009,"created_by":{"id":10398340,"name":"Pham Thi Hoang Oanh","full_name":"Pham Thi Hoang Oanh","created_time":"2019-01-16 08:47:35","purchased":true,"purchased_at":1629004293},"product_id":114896212,"timeline":{"review_created_date":"2021-08-27 10:46:49","delivery_date":"2021-08-17 09:55:46"}},{"id":11745743,"title":"Cực kì hài lòng","content":"","customer_id":22820532,"rating":5,"images":[{"id":2404105,"full_path":"https://salt.tikicdn.com/ts/review/17/37/5f/549578b76d9774f634089c0212b91ea0.jpg"},{"id":2404106,"full_path":"https://salt.tikicdn.com/ts/review/97/81/ec/4a3a3a91afe97878fceba7bbd2eecbf6.jpg"}],"created_at":1628679651,"created_by":{"id":22820532,"name":"nguyễn phi khanh","full_name":"nguyễn phi khanh","created_time":"2021-07-30 20:31:01","purchased":true,"purchased_at":1627880099},"product_id":114896212,"timeline":{"review_created_date":"2021-08-11 18:00:51","delivery_date":"2021-08-10 17:09:22"}},{"id":12912294,"title":"Rất không hài lòng","content":"Thái độ giao hàng quá tệ. \nN.Viên giao hàng mà thái độ quá cục súc. Địa chỉ giao là ở C.Ty, trước cổng có để 1 cái bàn dài 1.5m để nhận hàng, tránh tiếp xúc trực tiếp và có giăng dây 2 đầu của bàn. Thường thì shipper để lên bàn và dùng cây đẩy gói hàng vào trong (cây đẩy để sẵn trên bàn). \nVừa mới nhận hàng xong mà tức quá lên phản ánh. Anh shipper đó ko có mặc đồng phục của Tiki hay các dịch vụ giao hàng nào hết, mình ra tới cổng tìm anh shpper thì thấy ảnh vẩy tay, xong ảnh quăng cái đùng lên bàn giao hàng, mình nói là đẩy hàng vào giúp e thì thấy ảnh bỏ đi luôn, quăng xong gói hàng là xong nhiệm vụ, quá vô trách nhiệm và cục súc, không 1 tí tôn trọng khách hàng. Tiki nên xem lại và làm việc với đối tác giao hàng, kiểu giao hàng này ai mà mua trên Tiki nữa, đâu phải chỉ 1 sàn TMĐT đâu trời. \nThái độ giao hàng làm không còn hứng thú review sách gì luôn. Quá chán cách Tiki làm việc vs đối tác giao hàng.","customer_id":495788,"rating":1,"images":[{"id":2675819,"full_path":"https://salt.tikicdn.com/ts/review/dc/1f/a5/a68a3ed8aa7a952c1f163d9316bd724c.jpg"}],"created_at":1635564898,"created_by":{"id":495788,"name":"Lâm Lâm","full_name":"Lâm Lâm","created_time":"2014-11-29 01:52:19","purchased":true,"purchased_at":1635406662},"product_id":114896212,"timeline":{"review_created_date":"2021-10-30 10:34:58","delivery_date":"2021-10-30 10:25:07"}},{"id":11767552,"title":"Cực kì hài lòng","content":"mừng quá. Combo Hân Nhiên rồi cũng đến tay sau bao ngày chờ đợi. Cứ tưởng hàng sẽ giam đến hết giãn cách. Bộ sách này hot cực nên Nhã Nam đã ko ngần ngại tái lại cả cứng lẫn mềm.","customer_id":67077,"rating":5,"images":[{"id":2408351,"full_path":"https://salt.tikicdn.com/ts/review/dc/0d/a0/379cce07a26d586830920882c82813fc.jpg"}],"created_at":1628776549,"created_by":{"id":67077,"name":"Lâm Nguyễn Võ","full_name":"Lâm Nguyễn Võ","created_time":"2012-11-02 22:27:07","purchased":true,"purchased_at":1627493004},"product_id":114896212,"timeline":{"review_created_date":"2021-08-12 20:55:49","delivery_date":"2021-08-11 10:06:46"}},{"id":11731775,"title":"Cực kì hài lòng","content":"Rất lâu rồi bộ sách mới dc tái bản nên mình rất mong chờ bộ này. Sách Nhã Nam lúc nào cũng dày dặn, chất lượng!","customer_id":18707616,"rating":5,"images":[{"id":2454627,"full_path":"https://salt.tikicdn.com/ts/review/b8/87/8c/e266243dc9a4825b89172ac6a6efdc75.jpg"}],"created_at":1628611267,"created_by":{"id":18707616,"name":"Nhung Vu","full_name":"Nhung Vu","created_time":"2020-10-07 12:33:53","purchased":true,"purchased_at":1627914156},"product_id":114896212,"timeline":{"review_created_date":"2021-08-10 23:01:07","delivery_date":"2021-08-09 17:02:07"}},{"id":12027544,"title":"Cực kì hài lòng","content":"Dịch giã ở nhà đọc sách, nhâm nhi cafe thôi các bạn ạ. Tiki giao hàng nhanh lắm ý.","customer_id":10398340,"rating":5,"images":[{"id":2460489,"full_path":"https://salt.tikicdn.com/ts/review/fc/27/eb/1bb4ae80c08ade0fa7bef3dc3c325694.jpg"}],"created_at":1630036009,"created_by":{"id":10398340,"name":"Pham Thi Hoang Oanh","full_name":"Pham Thi Hoang Oanh","created_time":"2019-01-16 08:47:35","purchased":true,"purchased_at":1629004293},"product_id":114896212,"timeline":{"review_created_date":"2021-08-27 10:46:49","delivery_date":"2021-08-17 09:55:46"}},{"id":11745743,"title":"Cực kì hài lòng","content":"","customer_id":22820532,"rating":5,"images":[{"id":2404105,"full_path":"https://salt.tikicdn.com/ts/review/17/37/5f/549578b76d9774f634089c0212b91ea0.jpg"},{"id":2404106,"full_path":"https://salt.tikicdn.com/ts/review/97/81/ec/4a3a3a91afe97878fceba7bbd2eecbf6.jpg"}],"created_at":1628679651,"created_by":{"id":22820532,"name":"nguyễn phi khanh","full_name":"nguyễn phi khanh","created_time":"2021-07-30 20:31:01","purchased":true,"purchased_at":1627880099},"product_id":114896212,"timeline":{"review_created_date":"2021-08-11 18:00:51","delivery_date":"2021-08-10 17:09:22"}},{"id":12912294,"title":"Rất không hài lòng","content":"Thái độ giao hàng quá tệ. \nN.Viên giao hàng mà thái độ quá cục súc. Địa chỉ giao là ở C.Ty, trước cổng có để 1 cái bàn dài 1.5m để nhận hàng, tránh tiếp xúc trực tiếp và có giăng dây 2 đầu của bàn. Thường thì shipper để lên bàn và dùng cây đẩy gói hàng vào trong (cây đẩy để sẵn trên bàn). \nVừa mới nhận hàng xong mà tức quá lên phản ánh. Anh shipper đó ko có mặc đồng phục của Tiki hay các dịch vụ giao hàng nào hết, mình ra tới cổng tìm anh shpper thì thấy ảnh vẩy tay, xong ảnh quăng cái đùng lên bàn giao hàng, mình nói là đẩy hàng vào giúp e thì thấy ảnh bỏ đi luôn, quăng xong gói hàng là xong nhiệm vụ, quá vô trách nhiệm và cục súc, không 1 tí tôn trọng khách hàng. Tiki nên xem lại và làm việc với đối tác giao hàng, kiểu giao hàng này ai mà mua trên Tiki nữa, đâu phải chỉ 1 sàn TMĐT đâu trời. \nThái độ giao hàng làm không còn hứng thú review sách gì luôn. Quá chán cách Tiki làm việc vs đối tác giao hàng.","customer_id":495788,"rating":1,"images":[{"id":2675819,"full_path":"https://salt.tikicdn.com/ts/review/dc/1f/a5/a68a3ed8aa7a952c1f163d9316bd724c.jpg"}],"created_at":1635564898,"created_by":{"id":495788,"name":"Lâm Lâm","full_name":"Lâm Lâm","created_time":"2014-11-29 01:52:19","purchased":true,"purchased_at":1635406662},"product_id":114896212,"timeline":{"review_created_date":"2021-10-30 10:34:58","delivery_date":"2021-10-30 10:25:07"}},{"id":11767552,"title":"Cực kì hài lòng","content":"mừng quá. Combo Hân Nhiên rồi cũng đến tay sau bao ngày chờ đợi. Cứ tưởng hàng sẽ giam đến hết giãn cách. Bộ sách này hot cực nên Nhã Nam đã ko ngần ngại tái lại cả cứng lẫn mềm.","customer_id":67077,"rating":5,"images":[{"id":2408351,"full_path":"https://salt.tikicdn.com/ts/review/dc/0d/a0/379cce07a26d586830920882c82813fc.jpg"}],"created_at":1628776549,"created_by":{"id":67077,"name":"Lâm Nguyễn Võ","full_name":"Lâm Nguyễn Võ","created_time":"2012-11-02 22:27:07","purchased":true,"purchased_at":1627493004},"product_id":114896212,"timeline":{"review_created_date":"2021-08-12 20:55:49","delivery_date":"2021-08-11 10:06:46"}},{"id":11731775,"title":"Cực kì hài lòng","content":"Rất lâu rồi bộ sách mới dc tái bản nên mình rất mong chờ bộ này. Sách Nhã Nam lúc nào cũng dày dặn, chất lượng!","customer_id":18707616,"rating":5,"images":[{"id":2454627,"full_path":"https://salt.tikicdn.com/ts/review/b8/87/8c/e266243dc9a4825b89172ac6a6efdc75.jpg"}],"created_at":1628611267,"created_by":{"id":18707616,"name":"Nhung Vu","full_name":"Nhung Vu","created_time":"2020-10-07 12:33:53","purchased":true,"purchased_at":1627914156},"product_id":114896212,"timeline":{"review_created_date":"2021-08-10 23:01:07","delivery_date":"2021-08-09 17:02:07"}},{"id":12027544,"title":"Cực kì hài lòng","content":"Dịch giã ở nhà đọc sách, nhâm nhi cafe thôi các bạn ạ. Tiki giao hàng nhanh lắm ý.","customer_id":10398340,"rating":5,"images":[{"id":2460489,"full_path":"https://salt.tikicdn.com/ts/review/fc/27/eb/1bb4ae80c08ade0fa7bef3dc3c325694.jpg"}],"created_at":1630036009,"created_by":{"id":10398340,"name":"Pham Thi Hoang Oanh","full_name":"Pham Thi Hoang Oanh","created_time":"2019-01-16 08:47:35","purchased":true,"purchased_at":1629004293},"product_id":114896212,"timeline":{"review_created_date":"2021-08-27 10:46:49","delivery_date":"2021-08-17 09:55:46"}},{"id":11745743,"title":"Cực kì hài lòng","content":"","customer_id":22820532,"rating":5,"images":[{"id":2404105,"full_path":"https://salt.tikicdn.com/ts/review/17/37/5f/549578b76d9774f634089c0212b91ea0.jpg"},{"id":2404106,"full_path":"https://salt.tikicdn.com/ts/review/97/81/ec/4a3a3a91afe97878fceba7bbd2eecbf6.jpg"}],"created_at":1628679651,"created_by":{"id":22820532,"name":"nguyễn phi khanh","full_name":"nguyễn phi khanh","created_time":"2021-07-30 20:31:01","purchased":true,"purchased_at":1627880099},"product_id":114896212,"timeline":{"review_created_date":"2021-08-11 18:00:51","delivery_date":"2021-08-10 17:09:22"}}]}