{"id":114950134,"dbId":10629,"createdAt":1644120833000,"name":"Lý luận và phê bình văn học","short_description":"Sách: Lý luận và phê bình văn họcNhà xuất bản: NXB Giáo Dục Việt Nam...","description":"\u003cp\u003eSách: \u003cspan data-sheets-value\u003d\"{\u0026quot;1\u0026quot;:2,\u0026quot;2\u0026quot;:\u0026quot;Lý luận và phê bình văn học\u0026quot;}\" data-sheets-userformat\u003d\"{\u0026quot;2\u0026quot;:31615,\u0026quot;3\u0026quot;:{\u0026quot;1\u0026quot;:0},\u0026quot;4\u0026quot;:[null,2,16777215],\u0026quot;5\u0026quot;:{\u0026quot;1\u0026quot;:[{\u0026quot;1\u0026quot;:2,\u0026quot;2\u0026quot;:0,\u0026quot;5\u0026quot;:[null,2,0]},{\u0026quot;1\u0026quot;:0,\u0026quot;2\u0026quot;:0,\u0026quot;3\u0026quot;:3},{\u0026quot;1\u0026quot;:1,\u0026quot;2\u0026quot;:0,\u0026quot;4\u0026quot;:1}]},\u0026quot;6\u0026quot;:{\u0026quot;1\u0026quot;:[{\u0026quot;1\u0026quot;:2,\u0026quot;2\u0026quot;:0,\u0026quot;5\u0026quot;:[null,2,0]},{\u0026quot;1\u0026quot;:0,\u0026quot;2\u0026quot;:0,\u0026quot;3\u0026quot;:3},{\u0026quot;1\u0026quot;:1,\u0026quot;2\u0026quot;:0,\u0026quot;4\u0026quot;:1}]},\u0026quot;7\u0026quot;:{\u0026quot;1\u0026quot;:[{\u0026quot;1\u0026quot;:2,\u0026quot;2\u0026quot;:0,\u0026quot;5\u0026quot;:[null,2,0]},{\u0026quot;1\u0026quot;:0,\u0026quot;2\u0026quot;:0,\u0026quot;3\u0026quot;:3},{\u0026quot;1\u0026quot;:1,\u0026quot;2\u0026quot;:0,\u0026quot;4\u0026quot;:1}]},\u0026quot;8\u0026quot;:{\u0026quot;1\u0026quot;:[{\u0026quot;1\u0026quot;:2,\u0026quot;2\u0026quot;:0,\u0026quot;5\u0026quot;:[null,2,0]},{\u0026quot;1\u0026quot;:0,\u0026quot;2\u0026quot;:0,\u0026quot;3\u0026quot;:3},{\u0026quot;1\u0026quot;:1,\u0026quot;2\u0026quot;:0,\u0026quot;4\u0026quot;:1}]},\u0026quot;9\u0026quot;:0,\u0026quot;11\u0026quot;:4,\u0026quot;12\u0026quot;:0,\u0026quot;14\u0026quot;:{\u0026quot;1\u0026quot;:3,\u0026quot;3\u0026quot;:1},\u0026quot;15\u0026quot;:\u0026quot;Times New Roman\u0026quot;,\u0026quot;16\u0026quot;:11,\u0026quot;17\u0026quot;:1}\"\u003eLý luận và phê bình văn học\u003c/span\u003e\u003c/p\u003e\n\u003cp\u003e\u003cspan data-sheets-value\u003d\"{\u0026quot;1\u0026quot;:2,\u0026quot;2\u0026quot;:\u0026quot;Lý luận và phê bình văn học\u0026quot;}\" data-sheets-userformat\u003d\"{\u0026quot;2\u0026quot;:31615,\u0026quot;3\u0026quot;:{\u0026quot;1\u0026quot;:0},\u0026quot;4\u0026quot;:[null,2,16777215],\u0026quot;5\u0026quot;:{\u0026quot;1\u0026quot;:[{\u0026quot;1\u0026quot;:2,\u0026quot;2\u0026quot;:0,\u0026quot;5\u0026quot;:[null,2,0]},{\u0026quot;1\u0026quot;:0,\u0026quot;2\u0026quot;:0,\u0026quot;3\u0026quot;:3},{\u0026quot;1\u0026quot;:1,\u0026quot;2\u0026quot;:0,\u0026quot;4\u0026quot;:1}]},\u0026quot;6\u0026quot;:{\u0026quot;1\u0026quot;:[{\u0026quot;1\u0026quot;:2,\u0026quot;2\u0026quot;:0,\u0026quot;5\u0026quot;:[null,2,0]},{\u0026quot;1\u0026quot;:0,\u0026quot;2\u0026quot;:0,\u0026quot;3\u0026quot;:3},{\u0026quot;1\u0026quot;:1,\u0026quot;2\u0026quot;:0,\u0026quot;4\u0026quot;:1}]},\u0026quot;7\u0026quot;:{\u0026quot;1\u0026quot;:[{\u0026quot;1\u0026quot;:2,\u0026quot;2\u0026quot;:0,\u0026quot;5\u0026quot;:[null,2,0]},{\u0026quot;1\u0026quot;:0,\u0026quot;2\u0026quot;:0,\u0026quot;3\u0026quot;:3},{\u0026quot;1\u0026quot;:1,\u0026quot;2\u0026quot;:0,\u0026quot;4\u0026quot;:1}]},\u0026quot;8\u0026quot;:{\u0026quot;1\u0026quot;:[{\u0026quot;1\u0026quot;:2,\u0026quot;2\u0026quot;:0,\u0026quot;5\u0026quot;:[null,2,0]},{\u0026quot;1\u0026quot;:0,\u0026quot;2\u0026quot;:0,\u0026quot;3\u0026quot;:3},{\u0026quot;1\u0026quot;:1,\u0026quot;2\u0026quot;:0,\u0026quot;4\u0026quot;:1}]},\u0026quot;9\u0026quot;:0,\u0026quot;11\u0026quot;:4,\u0026quot;12\u0026quot;:0,\u0026quot;14\u0026quot;:{\u0026quot;1\u0026quot;:3,\u0026quot;3\u0026quot;:1},\u0026quot;15\u0026quot;:\u0026quot;Times New Roman\u0026quot;,\u0026quot;16\u0026quot;:11,\u0026quot;17\u0026quot;:1}\"\u003eNhà xuất bản: NXB Giáo Dục Việt Nam\u003c/span\u003e\u003c/p\u003e\n\u003cstyle type\u003d\"text/css\"\u003e\u003c!--td {border: 1px solid #ccc;}br {mso-data-placement:same-cell;}--\u003e\u003c/style\u003e\u003cp\u003eGiá sản phẩm trên Tiki đã bao gồm thuế theo luật hiện hành. Bên cạnh đó, tuỳ vào loại sản phẩm, hình thức và địa chỉ giao hàng mà có thể phát sinh thêm chi phí khác như phí vận chuyển, phụ phí hàng cồng kềnh, thuế nhập khẩu (đối với đơn hàng giao từ nước ngoài có giá trị trên 1 triệu đồng).....\u003c/p\u003e","original_price":90000.0,"thumbnail_url":"https://salt.tikicdn.com/cache/280x280/ts/product/66/6e/ff/125d8904a369e2c05c7900a79326bea4.jpg","images":[{"base_url":"https://salt.tikicdn.com/ts/product/66/6e/ff/125d8904a369e2c05c7900a79326bea4.jpg","dbId":28328},{"base_url":"https://salt.tikicdn.com/ts/product/02/65/ed/02b6e3e9961ead71530642912310996b.jpg","dbId":28329}],"specifications":[{"name":"Thông tin chung","attributes":[{"name":"Công ty phát hành","value":"Công Ty Cổ Phần Sách Đại Học - Dạy Nghề"},{"name":"Loại bìa","value":"Bìa mềm"},{"name":"Số trang","value":"432"},{"name":"Nhà xuất bản","value":"Nhà Xuất Bản Giáo Dục Việt Nam"},{"code":"PUBLICATION_DATE","name":"Ngày xuất bản","value":"Mon Jan 10 11:13:53 ICT 2022"}]}],"stock_item":{"qty":1000},"all_time_quantity_sold":49,"reviews":[{"id":19549189,"title":"Cực kì hài lòng","content":"Chất lượng tốt, giao hàng nhanh, bao đẹp","customer_id":28100834,"rating":5,"images":[{"id":4289112,"full_path":"https://salt.tikicdn.com/ts/review/ff/f8/19/f649f6aba205b52a520aca9bc736b3bd.jpg"}],"created_at":1695533527,"created_by":{"id":28100834,"name":"Nguyễn Hậu Yuu","full_name":"Nguyễn Hậu Yuu","created_time":"2022-08-29 12:46:14","purchased":true,"purchased_at":1695363646},"product_id":114950134,"timeline":{"review_created_date":"2023-09-24 12:32:07","delivery_date":"2023-09-24 12:18:07"}},{"id":15738780,"title":"Cực kì hài lòng","content":"sách mới...mình chưa đọc nội dung nhưng nhìn chung ko có vấn đề j\nShop đóng gói cẩn thận, nên tham khảo nha mn","customer_id":20517866,"rating":5,"images":[{"id":3315301,"full_path":"https://salt.tikicdn.com/ts/review/b5/7a/9f/0b7cf7e3a48d3b64713911287ad0530a.jpg"}],"created_at":1648905539,"created_by":{"id":20517866,"name":"Lương Thị Hoài Trang","full_name":"Lương Thị Hoài Trang","created_time":"2021-02-28 14:47:20","purchased":true,"purchased_at":1648525433},"product_id":114950134,"timeline":{"review_created_date":"2022-04-02 20:18:59","delivery_date":"2022-04-02 13:22:16"}},{"id":15145012,"title":"Cực kì hài lòng","content":"Sách đóng gói rất cẩn thận, rất đẹp, nội dung mình đọc sơ lược thấy rất hay🥰🥰. Sẽ ủng hộ shop lần sua ạ","customer_id":26166232,"rating":5,"images":[],"created_at":1645803139,"created_by":{"id":26166232,"name":"Tram Nguyen","full_name":"Tram Nguyen","created_time":"2021-12-23 14:42:56","purchased":true,"purchased_at":1645607596},"product_id":114950134,"timeline":{"review_created_date":"2022-02-25 22:32:19","delivery_date":"2022-02-25 11:39:51"}},{"id":14535973,"title":"Cực kì hài lòng","content":"Bìa sách rất đẹp, giao nhanh, nội dung hay, đóng gói kỹ càng, shipper lịch sự. 10 điểm","customer_id":659089,"rating":5,"images":[{"id":3044588,"full_path":"https://salt.tikicdn.com/ts/review/7d/c0/7c/311d5070800aba021dac7840d4f55053.jpg"}],"created_at":1642479233,"created_by":{"id":659089,"name":"Nguyễn Hà Lan Anh","full_name":"Nguyễn Hà Lan Anh","created_time":"2015-06-10 14:03:44","purchased":true,"purchased_at":1642300813},"product_id":114950134,"timeline":{"review_created_date":"2022-01-18 11:13:53","delivery_date":"2022-01-18 10:59:29"}},{"id":18757622,"title":"Cực kì hài lòng","content":"","customer_id":28782440,"rating":5,"images":[],"created_at":1675760298,"created_by":{"id":28782440,"name":"Nguyễn Nhật Vĩnh","full_name":"Nguyễn Nhật Vĩnh","created_time":"2023-02-02 19:00:20","purchased":true,"purchased_at":1675344742},"product_id":114950134,"timeline":{"review_created_date":"2023-02-07 15:58:18","delivery_date":"2023-02-07 10:06:08"}},{"id":19549189,"title":"Cực kì hài lòng","content":"Chất lượng tốt, giao hàng nhanh, bao đẹp","customer_id":28100834,"rating":5,"images":[{"id":4289112,"full_path":"https://salt.tikicdn.com/ts/review/ff/f8/19/f649f6aba205b52a520aca9bc736b3bd.jpg"}],"created_at":1695533527,"created_by":{"id":28100834,"name":"Nguyễn Hậu Yuu","full_name":"Nguyễn Hậu Yuu","created_time":"2022-08-29 12:46:14","purchased":true,"purchased_at":1695363646},"product_id":114950134,"timeline":{"review_created_date":"2023-09-24 12:32:07","delivery_date":"2023-09-24 12:18:07"}},{"id":15738780,"title":"Cực kì hài lòng","content":"sách mới...mình chưa đọc nội dung nhưng nhìn chung ko có vấn đề j\nShop đóng gói cẩn thận, nên tham khảo nha mn","customer_id":20517866,"rating":5,"images":[{"id":3315301,"full_path":"https://salt.tikicdn.com/ts/review/b5/7a/9f/0b7cf7e3a48d3b64713911287ad0530a.jpg"}],"created_at":1648905539,"created_by":{"id":20517866,"name":"Lương Thị Hoài Trang","full_name":"Lương Thị Hoài Trang","created_time":"2021-02-28 14:47:20","purchased":true,"purchased_at":1648525433},"product_id":114950134,"timeline":{"review_created_date":"2022-04-02 20:18:59","delivery_date":"2022-04-02 13:22:16"}},{"id":15145012,"title":"Cực kì hài lòng","content":"Sách đóng gói rất cẩn thận, rất đẹp, nội dung mình đọc sơ lược thấy rất hay🥰🥰. Sẽ ủng hộ shop lần sua ạ","customer_id":26166232,"rating":5,"images":[],"created_at":1645803139,"created_by":{"id":26166232,"name":"Tram Nguyen","full_name":"Tram Nguyen","created_time":"2021-12-23 14:42:56","purchased":true,"purchased_at":1645607596},"product_id":114950134,"timeline":{"review_created_date":"2022-02-25 22:32:19","delivery_date":"2022-02-25 11:39:51"}},{"id":14535973,"title":"Cực kì hài lòng","content":"Bìa sách rất đẹp, giao nhanh, nội dung hay, đóng gói kỹ càng, shipper lịch sự. 10 điểm","customer_id":659089,"rating":5,"images":[{"id":3044588,"full_path":"https://salt.tikicdn.com/ts/review/7d/c0/7c/311d5070800aba021dac7840d4f55053.jpg"}],"created_at":1642479233,"created_by":{"id":659089,"name":"Nguyễn Hà Lan Anh","full_name":"Nguyễn Hà Lan Anh","created_time":"2015-06-10 14:03:44","purchased":true,"purchased_at":1642300813},"product_id":114950134,"timeline":{"review_created_date":"2022-01-18 11:13:53","delivery_date":"2022-01-18 10:59:29"}},{"id":18757622,"title":"Cực kì hài lòng","content":"","customer_id":28782440,"rating":5,"images":[],"created_at":1675760298,"created_by":{"id":28782440,"name":"Nguyễn Nhật Vĩnh","full_name":"Nguyễn Nhật Vĩnh","created_time":"2023-02-02 19:00:20","purchased":true,"purchased_at":1675344742},"product_id":114950134,"timeline":{"review_created_date":"2023-02-07 15:58:18","delivery_date":"2023-02-07 10:06:08"}},{"id":19549189,"title":"Cực kì hài lòng","content":"Chất lượng tốt, giao hàng nhanh, bao đẹp","customer_id":28100834,"rating":5,"images":[{"id":4289112,"full_path":"https://salt.tikicdn.com/ts/review/ff/f8/19/f649f6aba205b52a520aca9bc736b3bd.jpg"}],"created_at":1695533527,"created_by":{"id":28100834,"name":"Nguyễn Hậu Yuu","full_name":"Nguyễn Hậu Yuu","created_time":"2022-08-29 12:46:14","purchased":true,"purchased_at":1695363646},"product_id":114950134,"timeline":{"review_created_date":"2023-09-24 12:32:07","delivery_date":"2023-09-24 12:18:07"}},{"id":15738780,"title":"Cực kì hài lòng","content":"sách mới...mình chưa đọc nội dung nhưng nhìn chung ko có vấn đề j\nShop đóng gói cẩn thận, nên tham khảo nha mn","customer_id":20517866,"rating":5,"images":[{"id":3315301,"full_path":"https://salt.tikicdn.com/ts/review/b5/7a/9f/0b7cf7e3a48d3b64713911287ad0530a.jpg"}],"created_at":1648905539,"created_by":{"id":20517866,"name":"Lương Thị Hoài Trang","full_name":"Lương Thị Hoài Trang","created_time":"2021-02-28 14:47:20","purchased":true,"purchased_at":1648525433},"product_id":114950134,"timeline":{"review_created_date":"2022-04-02 20:18:59","delivery_date":"2022-04-02 13:22:16"}},{"id":15145012,"title":"Cực kì hài lòng","content":"Sách đóng gói rất cẩn thận, rất đẹp, nội dung mình đọc sơ lược thấy rất hay🥰🥰. Sẽ ủng hộ shop lần sua ạ","customer_id":26166232,"rating":5,"images":[],"created_at":1645803139,"created_by":{"id":26166232,"name":"Tram Nguyen","full_name":"Tram Nguyen","created_time":"2021-12-23 14:42:56","purchased":true,"purchased_at":1645607596},"product_id":114950134,"timeline":{"review_created_date":"2022-02-25 22:32:19","delivery_date":"2022-02-25 11:39:51"}},{"id":14535973,"title":"Cực kì hài lòng","content":"Bìa sách rất đẹp, giao nhanh, nội dung hay, đóng gói kỹ càng, shipper lịch sự. 10 điểm","customer_id":659089,"rating":5,"images":[{"id":3044588,"full_path":"https://salt.tikicdn.com/ts/review/7d/c0/7c/311d5070800aba021dac7840d4f55053.jpg"}],"created_at":1642479233,"created_by":{"id":659089,"name":"Nguyễn Hà Lan Anh","full_name":"Nguyễn Hà Lan Anh","created_time":"2015-06-10 14:03:44","purchased":true,"purchased_at":1642300813},"product_id":114950134,"timeline":{"review_created_date":"2022-01-18 11:13:53","delivery_date":"2022-01-18 10:59:29"}},{"id":18757622,"title":"Cực kì hài lòng","content":"","customer_id":28782440,"rating":5,"images":[],"created_at":1675760298,"created_by":{"id":28782440,"name":"Nguyễn Nhật Vĩnh","full_name":"Nguyễn Nhật Vĩnh","created_time":"2023-02-02 19:00:20","purchased":true,"purchased_at":1675344742},"product_id":114950134,"timeline":{"review_created_date":"2023-02-07 15:58:18","delivery_date":"2023-02-07 10:06:08"}},{"id":19549189,"title":"Cực kì hài lòng","content":"Chất lượng tốt, giao hàng nhanh, bao đẹp","customer_id":28100834,"rating":5,"images":[{"id":4289112,"full_path":"https://salt.tikicdn.com/ts/review/ff/f8/19/f649f6aba205b52a520aca9bc736b3bd.jpg"}],"created_at":1695533527,"created_by":{"id":28100834,"name":"Nguyễn Hậu Yuu","full_name":"Nguyễn Hậu Yuu","created_time":"2022-08-29 12:46:14","purchased":true,"purchased_at":1695363646},"product_id":114950134,"timeline":{"review_created_date":"2023-09-24 12:32:07","delivery_date":"2023-09-24 12:18:07"}},{"id":15738780,"title":"Cực kì hài lòng","content":"sách mới...mình chưa đọc nội dung nhưng nhìn chung ko có vấn đề j\nShop đóng gói cẩn thận, nên tham khảo nha mn","customer_id":20517866,"rating":5,"images":[{"id":3315301,"full_path":"https://salt.tikicdn.com/ts/review/b5/7a/9f/0b7cf7e3a48d3b64713911287ad0530a.jpg"}],"created_at":1648905539,"created_by":{"id":20517866,"name":"Lương Thị Hoài Trang","full_name":"Lương Thị Hoài Trang","created_time":"2021-02-28 14:47:20","purchased":true,"purchased_at":1648525433},"product_id":114950134,"timeline":{"review_created_date":"2022-04-02 20:18:59","delivery_date":"2022-04-02 13:22:16"}},{"id":15145012,"title":"Cực kì hài lòng","content":"Sách đóng gói rất cẩn thận, rất đẹp, nội dung mình đọc sơ lược thấy rất hay🥰🥰. Sẽ ủng hộ shop lần sua ạ","customer_id":26166232,"rating":5,"images":[],"created_at":1645803139,"created_by":{"id":26166232,"name":"Tram Nguyen","full_name":"Tram Nguyen","created_time":"2021-12-23 14:42:56","purchased":true,"purchased_at":1645607596},"product_id":114950134,"timeline":{"review_created_date":"2022-02-25 22:32:19","delivery_date":"2022-02-25 11:39:51"}},{"id":14535973,"title":"Cực kì hài lòng","content":"Bìa sách rất đẹp, giao nhanh, nội dung hay, đóng gói kỹ càng, shipper lịch sự. 10 điểm","customer_id":659089,"rating":5,"images":[{"id":3044588,"full_path":"https://salt.tikicdn.com/ts/review/7d/c0/7c/311d5070800aba021dac7840d4f55053.jpg"}],"created_at":1642479233,"created_by":{"id":659089,"name":"Nguyễn Hà Lan Anh","full_name":"Nguyễn Hà Lan Anh","created_time":"2015-06-10 14:03:44","purchased":true,"purchased_at":1642300813},"product_id":114950134,"timeline":{"review_created_date":"2022-01-18 11:13:53","delivery_date":"2022-01-18 10:59:29"}},{"id":18757622,"title":"Cực kì hài lòng","content":"","customer_id":28782440,"rating":5,"images":[],"created_at":1675760298,"created_by":{"id":28782440,"name":"Nguyễn Nhật Vĩnh","full_name":"Nguyễn Nhật Vĩnh","created_time":"2023-02-02 19:00:20","purchased":true,"purchased_at":1675344742},"product_id":114950134,"timeline":{"review_created_date":"2023-02-07 15:58:18","delivery_date":"2023-02-07 10:06:08"}}]}