{"id":114937969,"dbId":11065,"createdAt":1626541200000,"name":"Rừng Nauy (Tái Bản)","short_description":"Câu chuyện bắt đầu từ một chuyến bay trong ngày mưa ảm đạm, một người đàn ông 37 tuổi chợt nghe thấy bài hát gắn liền với hình ảnh người yêu cũ, thế là quá khứ ùa về xâm chiếm thực tại. Mười tám năm t...","description":"\u003cp\u003eCâu chuyện bắt đầu từ một chuyến bay trong ngày mưa ảm đạm, một người đàn ông 37 tuổi chợt nghe thấy bài hát gắn liền với hình ảnh người yêu cũ, thế là quá khứ ùa về xâm chiếm thực tại. Mười tám năm trước, người đàn ông ấy là chàng Toru Wanatabe trẻ trung, mỗi chủ nhật lại cùng nàng Naoko lang thang vô định trên những con phố Tokyo. Họ sánh bước bên nhau để thấy mình còn sống, còn tồn tại, và gắng gượng tiếp tục sống, tiếp tục tồn tại sau cái chết của người bạn cũ Kizuki. Cho đến khi Toru nhận ra rằng mình thực sự yêu và cần có Naoko thì cũng là lúc nàng không thể chạy trốn những ám ảnh quá khứ, không thể hòa nhập với cuộc sống thực tại và trở về dưỡng bệnh trong một khu trị liệu khép kín. Toru, bên cạnh giảng đường vô nghĩa chán ngắt, bên cạnh những đêm chơi bời chuyển từ cảm giác thích thú đến uể oải, ghê tởẫn kiên nhẫn chờ đợi và hy vọng vào sự hồi phục của Naoko. Cuối cùng, những lá thư, những lần thăm hỏi, hồi ức về lần ân ái duy nhất của Toru không thể níu Naoko ở lại, nàng chọn cái chết như một lối đi thanh thản. Từ trong mất mát, Toru nhận ra rằng mình cần tiếp tục sống và bắt đầu tình yêu mới với Midori. \u003c/p\u003e\n\u003cp\u003eMột cuốn sách ẩn chứa mọi điều khiến bạn phải say mê và đau đớn, tình yêu với muôn vàn màu sắc và cung bậc khác nhau, cảm giác trống rỗng và hẫng hụt của cả một thế hệ thanh niên vô hướng, ý niệm về sự sinh tồn tất yếu của cái chết trong lòng cuộc sống, những gắng gượng âm thầm nhưng quyết liệt của con người để vượt qua mất mát trong đờất cả đã tạo nên vẻ đẹp riêng cho \"Rừng Na uy\", im lặng, ma thuật và tuyệt vọng như một chấm máu cô độc giữa bạt ngàn tuyết lạnh. \u003cbr /\u003e\u003cbr /\u003e\u003cstrong\u003eNhận định\u003c/strong\u003e \u003cbr /\u003e\u003cbr /\u003e\"\"Rừng Na-uy\" là một câu chuyện tình giản dị.\u003c/p\u003e\n\u003cp\u003eGiản dị như sự thật \u003c/p\u003e\n\u003cp\u003eNhư bốn mùa \u003c/p\u003e\n\u003cp\u003eNhư Sống/Chết \u003c/p\u003e\n\u003cp\u003eCái giản dị của \"Rừng Na-uy\" là cái giản dị chỉ có được khi người viết đã vượt lên trên hết những làm dáng có bản chất kỹ thuật vốn rất khó tránh trong sáng tác chỉ để bồi hồi kể lại những gì đang tuôn trào từ sâu thẳm cõi lòng mình. \"Rừng Na-uy\" không lãng mạn. Nó không lý tưởng hóa và do vậy không bị lừa mị bởi chính những lí tưởng ấy của mình. Nó dũng mãnh như mũi tên vừa bay ra khỏi cánh cung. Thẳng từ cõi lòng bộc trực và thân xác của kiếp người\" \u003cbr /\u003e- Trịnh Lữ \u003cbr /\u003e\u003cbr /\u003e\"Rừng Na Uy\" không có những biểu tượng truyền thống của Nhật Bản, thế nhưng Murakami vẫn thể hiện mình là một nhà văn Nhật Bản từ trong cốt tủy. Hành trình của Toru qua những cánh rừng âm u sâu thẳm dẫn tới khu điều dưỡng gợi nhớ con đường thiên lý của các thi nhân văn sỹ Nhật Bản xưa, gợi nhớ chuyến đi tới xứ tuyết của chàng trai trẻ Shimamura trong tác phẩm \"Xứ tuyết\" của Kawabata. Mỗi người một thời đại, nhưng họ đều bỏ lại thị thành để tìm đến vùng đất yên tĩnh có phần siêu thoát. Vẻ đẹp mong manh, trong trắng nhưng xa vời của Naoko là hiện thân cho mỹ cảm đặc trưng của Nhật Bản, ta có thể gặp dấu ấn đặc trưng ấy trong những nhân vật nữ của Kawabata (Kyoko trong \"Thủy nguyệt\", Yoko trong \"Xứ tuyết\"). Dường như văn hóa phương Tây có thể khiến các nhân vật của Murakami không đủ kiên nhẫn để sống với trà đạo, bonsai, nhưng khát vọng hướng thượng, tìm kiếm cảm giác thanh nhàn và vẻ đẹp trinh khiết là điều không bao giờ mất. \u003cbr /\u003e- Nhã Nam \u003cbr /\u003e\u003cbr /\u003e\"Một lối cấu tứ tinh tế, nhẹ bỗng mà mọi thứ Murakami chọn dựa để mô tả đều run rẩy với những chiều hướng tượng trưng: một cái áo sơ mi trong máy giặt công cộng, một sợi dây bị cắt lìa, một cái xước tóc hình bướ tất cả vẻ u ám siêu hình của nó, \"Rừng Na-uy\" vẫn hấp dẫn ta với sự hài hước đáng mến\" - The Guardian \u003c/p\u003e\n\u003cp\u003e\"Được chạm chổ tuyệt vời và tràn đầy những điều tuyệt diệân vật kể chuyện đọc \"Núi Thiêng\" và tiểu thuyết ưa thích nhất của chàng ta là Gatsby vĩ đại. Trong \"Rừng Na-uy\", Murakami đã cập nhật hai tác phẩm kinh điển ấy thành một dạng ca khúc pop tuyệt hảo nhất: lãng mạn, buồn, tưởng như đơn giản, và không thể nào quên\" \u003cbr /\u003e- The Age \u003c/p\u003e\n\u003cp\u003e\"Dịu dàng, quyến rũ như thơ, căng thẳng như bi kịch và gợi dục một cách mê đắm. Một cuốn tiểu thuyết kỳ diệu có âm hưởng hướng đạo và tự truyệệt đối nên đọc\" \u003cbr /\u003e- SDM \u003c/p\u003e\n\u003cp\u003e\"Câu chuyện của Murakami là một hồi ức đau buồn về cái đã có và cái đã có thể xảy ra, một kết hợp tài tình giữa trí tuệ của người già và trái tim của người trẻ.\" \u003cbr /\u003e- Salon \u003c/p\u003e\n\u003cp\u003e\"Văn xuôi của Murakami hào hoa một cách đáng ngạc nhiêà mô tả một cách đẹp đẽ sự chơi bời vô độ của cả Watanabe lẫn một Tokyo cuối những năm 60. Cuốn sách cũng chẳng hơn hay kém \"Tây\" so với \"Cuộc săn cừu\" hay \"Xứ sở kỳ diệu vô tình và chỗ tận cùng thế giới\". Điều khiến nó khác chính là bên kia cái vẻ hơi cách biệt thế gian của viện điều dưỡng, \"Rừng Na-uy\" đặc biệt là một tác phẩm hiện thực\" \u003cbr /\u003e- Review of Contemporary Fiction \u003c/p\u003e\n\u003cp\u003e\"Lặng lẽ lôi cuốn người đọc và cuối cùng lay động tâm can, Murakami đã thử nghiệm rất thành công với chủ nghĩa hiện thực, ông đã cố đè nén những xung lực dồi dào của mình cũng hiệu quả như các nhân vật cảu ông đè nén những sức mạnh lịch sử xung quanh họ\" \u003cbr /\u003e- Times Literary Supplement \u003c/p\u003e\n\u003cp\u003e“Rừng Na-uy sẽ là cuốn sách thanh xuân bất diệt, bầu bạn với hết thế hệ này qua thế hệ khác.” \u003cbr /\u003e- Báo Đọc sách Trung Hoa \u003c/p\u003e\n\u003cp\u003e“Trong mười cuốn sách văn học có ảnh hưởng lớn nhất tới Trung Quốc trong thế kỷ 20, xếp thứ mười chính là Rừng Na-uy.” \u003cbr /\u003e- Giáo sư Lâm Thiếu Hoa, dịch giả Rừng Na-uy ở Trung Quốc \u003c/p\u003e\n\u003cp\u003e“Nắm bắt sự đam mê và gấp gáp của ái tình tuổi trẻ… Lặng lẽ lôi cuốn người đọc và cuối cùng lay động tâm can.” \u003cbr /\u003e- Time Literary Supplement \u003c/p\u003e\n\u003cp\u003e“Khêu gợi, thú vị, sexy và hài hước, nếu không Murakami đã chẳng là một trong những nhà văn hay nhất.” \u003cbr /\u003e- Time Out \u003c/p\u003e\n\u003cp\u003e“Một câu chuyện xúc động đến ngạt thở…. Không nghi ngờ gì, Murakami là một trong những tiểu thuyết gia tinh tế nhất thế giới.” \u003cbr /\u003e- Glasgow Herald \u003c/p\u003e\n\u003cp\u003e“Cuốn sách chắc chắn là sành điệu, đầy những trò quậy sinh viên, tình ái cởi mở, rượu và văn hoá pop những năm 1960. Nó chân xác và cảm động, miêu tả mọi cung bậc thăng trầm thời tuổi trẻ.” \u003cbr /\u003e-Independent on Sunday \u003c/p\u003e\n\u003cp\u003e“Một cuốn tiểu thuyết bậc thầy về tình yêu kiểu những năm 1960.” \u003cbr /\u003e- The New York Times Book Review) \u003c/p\u003e\n\u003cp\u003e\"Câu chuyện cổ điển này của Murakami rõ ràng là gợi cảm nhất trong các tiểu thuyết của ông.\" \u003cbr /\u003e- Los Angeles Times \u003c/p\u003e\n\u003cp\u003e\" Rừng Na Uy, nơi chúng ta-những độc giả- chạm mặt tuổi hai mươi chính mình, kể cả tuổi hai mươi đã qua và tuổi hai mươi chưa tớơi đó, hơi rượu whisky và khói thuốc nặng nhọc kéo ta chìm xuống đầm lầy cô độc nhưng giấc mơ và tình yêu trong sáng mang chúng ta bay lên\" \u003cbr /\u003e- Báo Người Lao Động \u003cbr /\u003e\u003cbr /\u003e***** \u003cbr /\u003e\u003cbr /\u003e\u003cstrong\u003eTrích đoạn tác phẩm \u003c/strong\u003e\u003cbr /\u003e\u003cbr /\u003eHai người đàn bà thay nhau đánh răng rồi rút lui vào phòng ngủ. Tôi rót cho mình một ít rượu nữa rồi nằm dài trên chiếc giường sô-pha, điểm lại những sự kiện trong ngày từ sáng đến đêm. Một ngày đằng đẵng đến ghê người. Gian phòng tiếp tục trắng lên dưới ánh trăng. Ngoài vài tiếng giường cựa cọt kẹt rất nhẹ, không có một tiếng động nào trong phòng nơi Naoko và Reiko đang nằm ngủ. Những hình thù sơ giản bé tí xíu hình như đang trôi nổi trong bóng tối khi tôi nhắm mắt lại, và trong tai tôi vẫn còn vương vấn tiếng ghi-ta của Reiko, nhưng cả hai cái đó chẳng mấy chốc đều qua đi. Giấc ngủ tới và nhúng tôi vào một khối bùn ấm áp. Tôi mơ thấy những cây liễu. Cả hai bên của một con đường núi đều toàn những liễu. Nhiều liễu không thể tưởng tượng được. Một cơn gió khá mạnh đang thổi, nhưng những cành liễu vẫn im phăng phắc. Sao lại thế được? Tôi thắc mắc, nhưng rồi thấy cành cây nào cũng đầy những con chim nhỏ đang bậu chắc ở đó. Sức nặng của chúng giữ cho cành không lay động trong gió. Tôi vớ lấy một cái gậy và đập mạnh vào một cành ở gần mình, hy vọng chim sẽ bay đi và cành sẽ đu đưa theo gió. Nhưng chúng không chịu bay. Đáng nhẽ bay đi thì chúng lại biến thành những mảnh kim loại hình chim và rơi loảng xoảng xuống đất. \u003c/p\u003e\n\u003cp\u003eKhi mở mắt, tôi cảm thấy như giấc mơ vẫn hiển hiện tiếp tục ở trước mặt. Vầng trăng ùa vào gian phòng một thứ ánh sáng trắng cũng dịu nhẹ như thế. Như một phản xạ tự nhiên, tôi ngồi dậy và bắt đầu tìm những con chim kim loại kia, tất nhiên là làm gì có ở đó. Nhưng tôi thấy Naoko ở chân giường, ngồi im một mình, nhìn trân trối ra cửa sổ. Nàng đã co hai đầu gối và đang tựa cằm lên chúng, trông như một trẻ mồ côi đang bị đói. Tôi lần tìm chiếc đồng hồ đeo tay để cạnh gối mà không thấy. Nhìn độ chếch của ánh trăng, tôi đoán lúc ấy phải là hai hoặc ba giờ sáng rồi. Một cơn khát dữ dội bỗng đến với tôi, nhưng tôi nhất định ngồi im và tiếp tục ngắm nhìn Naoko. Nàng vẫn mặc bộ áo ngủ màu xanh tôi đã thấy lúc trước, và một bên tóc nàng đã được buộc lại bằng dải buộc đầu hình con bướm, để lộ vẻ đẹp của gương mặt nàng dưới ánh trăng. Lạ thật, tôi nghĩ, nàng đã cởi dải buộc đầu trước khi đi ngủ cơ mà. \u003c/p\u003e\n\u003cp\u003eNaoko im phăng phắc ở đó, như một con thú ăn đêm nhỏ bé vừa bị ánh trăng nhử ra ngoài tổ. Trăng sáng làm rõ nét đường viền của môi nàng. Có vẻ cực kì mỏng mảnh và rất dễ bị tan vỡ, đường viền ấy rung động hầu như không thể nhận thấy được, theo với nhịp đập của tim nàng hoặc những chuyển động của nội tâm nàng, như thể nàng đang thì thầm với bóng đêm những từ ngữ vô thanh. \u003cbr /\u003eTôi nuốt khan, hy vọng đỡ khát, nhưng trong màn đêm tĩnh mịch tiếng nuốt ấy của tôi có vẻ thật ầm ĩ. Như thể đó là dấu hiệu cho nàng,\u003c/p\u003e\n\u003cp\u003eNaoko đứng lên và lướt về phía đầu giường, áo ngủ sột soạt nhẹ nhàng. Nàng quì xuống sàn nhà ngay cạnh gối tôi, hai mắt gắn chặt vào mắt tôi. Tôi nhìn nàng chăm chú, nhưng mắt nàng không nói gì với tôi hết. Trong vắt lạ lùng, chúng có vẻ là những cửa sổ vào một thế giới khác, nhưng có nhìn mãi vào đó tôi cũng chẳng thấy được gì. Mặt chúng tôi cách nhau chưa đầy một gang, nhưng nàng xa cách tôi cả nhiều năm ánh sáng. \u003c/p\u003e\n\u003cp\u003eTôi với ra và cố chạm vào nàng, nhưng Naoko rụt người lại, môi hơi run rẩy. Một lúc sau, nàng đưa tay lên và bắt đầu cởi khuy bộ áo ngủ của mình. Có bảy cái tất cả. Tôi cảm thấy như giấc mơ của mình đang tiếp diễn khi nhìn những ngón tay mảnh dẻ đáng yêu của nàng cởi dần từng chiếc khuy từ trên xuống dưới. Bảy cái khuy trắng nhỏ bé. Khi đã cởi hết chúng, Naoko kéo cho bộ áo trật khỏi vai rồi lôi nó tuột hẳn xuống như một con côn trùng lột xác. Nàng không mặc gì dưới lần áo ngủ ấy. Trên người nàng chỉ còn chiếc dải buộc đầu hình bươm bướm. Trần truồng, và vẫn quì cạnh giường, nàng nhìn tôi. Tắm trong ánh trăng dìu dịu, thân thể của Naoko ánh lên như da thịt sơ sinh khiến tôi thấy tan nát cả cõi lòng. Khi nàng cử động - và nàng cử động nhẹ đến mức hầu như không thấy được - những chỗ sáng tối trên người nàng di động thật tinh tế. Khối tròn trịa căng phồng của cặp vú, hai đầu vú nhỏ xíu, chỗ lõm vào ở phần rốn, cặp xương hông và đám lông mu, tất cả đều tạo nên những bóng đổ li ti lấm chấm mà hình dạng của chúng liên tục biến đổi như những gợn sóng lăn tăn trải dài trên mặt hồ phẳng lặng. \u003c/p\u003e\n\u003cp\u003eThật là một tòa thiên nhiên hoàn hảo! tôi thầm nghĩ. Naoko đã có được một thân hình hoàn hảo như vậy từ bao giờ? Chuyện gì đã xảy ra với tấm thân tôi đã từng ôm trong tay đêm xuân năm trước? \u003c/p\u003e\n\u003cp\u003eĐêm đó, khi tôi nhẹ nhàng cởi quần áo nàng trong khi nàng khóc, thân thể của Naoko đã gợi cho tôi một cảm giác về sự bất toàn. Vú nàng dường như cứng nhắc, với hai đầu vú đâm ra một cách lạ lẫm, cặp hông cũng cứng lạ lùng. Nàng là một cô gái đẹp, tất nhiên rồi, thân thể nàng kì diệu và hấp dẫn. Nó đã kích động tôi đêm đó và lôi tôi vào những đợt sóng với một sức mạnh khổng lồ. Nhưng dù sao, khi ôm nàng, vuốt ve nàng, hôn lên da thịt trần trụi của nàng, tôi vẫn có một cảm thức lạ lùng và mạnh mẽ về sự lệch lạc và vụng về của cơ thể con người. Khi ôm Naoko trong tay, tôi đã muốn nói với nàng rằng “Mình đang làm tình với cậu đây. Mình đang ở trong cậu đây. Nhưng thực tình chẳng có gì đâu. Không có chuyện gì hết. Chỉ là hai tấm thân kết nối với nhau mà thôi. Tất cả những gì mình đang làm đây chỉ là nói cho nhau biết rằng có những điều chỉ có thể nói được bằng cách cọ xát hai khối thịt bất toàn như thế này. Làm như vậy, chúng mình mới chia sẻ được những bất toàn của nhau.” Nhưng tất nhiên tôi không thể hy vọng sẽ có ai hiểu được những lời định nói ấy của mình. Tôi chỉ tiếp tục ôm chặt nàng vào lòng. Và khi làm vậy, tôi có thể cảm thấy bên trong thân thể nàng một cái gì đó như một tố chất ngoại lai chai đá, một cái gì phụ trội mà tôi không thể đến gần được. Và chính cảm giác ấy đã vừa làm cho Naoko tràn ngập cõi lòng tôi vừa cho tôi một cương cứng căng thẳng khủng khiếp. \u003c/p\u003e\n\u003cp\u003eNhưng tấm thân mà Naoko đang để lộ trước mắt tôi đây không giống tí gì với tấm thân tôi đã ôm ấp đêm đó. Da thịt này đã phải qua nhiều biến đổi để tái sinh trong tuyệt đỉnh hoàn hảo dưới ánh trăng. Mọi dấu hiệu mũm mĩm trẻ con đã bị tước bỏ hết từ cái chết của Kizuki để được thay thế bằng da thịt của một người đàn bà trưởng thành. Vẻ đẹp thân xác của Naoko lúc bấy giờ hoàn hảo đến nỗi nó không khơi gợi một chút gì là dục tính ở trong tôi. Tôi chỉ có thể kinh ngạc ngắm nhìn đường cong kiều diễm từ thắt lưng xuống hông, vẻ phì nhiêu tròn trịa của đôi vú, những chuyển động nhẹ nhàng theo nhịp thở của làn bụng thon và đám lông mu đen đổ bóng ở bên dưới. \u003cbr /\u003eNàng phô bày vẻ trần trụi của mình cho tôi như thế có lẽ khoảng năm phút, rồi cuối cùng lại phủ mình dưới bộ áo ngủ kia và lần lượt cài lại khuy từ trên xuống dưới. Xong chiếc khuy cuối cùng một cái là nàng trỗi dậy và lướt về phía phòng ngủ, lẳng lặng mở cửa, rồi khuất dạng. \u003c/p\u003e\n\u003cp\u003eTôi ở nguyên tại chỗ rất lâu rồi mới chợt ra khỏi giường. Tôi lượm cái đồng hồ đã rơi xuống sàn và đưa nó ra chỗ có ánh trăng. Đã ba giờ bốn mươi phút. Tôi vào bếp uống mấy cốc nước rồi mới trở về giường, nhưng khi giấc ngủ đến với tôi thì nắng sáng đã vào đến mọi ngóc ngách của gian phòng và xua tan mọi dấu vết của vầng trăng nhợt nhạt. Tôi vừa lơ mơ muốn thiếp đi thì Reiko đã đến vỗ vỗ vào má, miệng kêu to, “Sáng rồi! Sáng rồi!”\u003c/p\u003e\u003cp\u003eGiá sản phẩm trên Tiki đã bao gồm thuế theo luật hiện hành. Bên cạnh đó, tuỳ vào loại sản phẩm, hình thức và địa chỉ giao hàng mà có thể phát sinh thêm chi phí khác như phí vận chuyển, phụ phí hàng cồng kềnh, thuế nhập khẩu (đối với đơn hàng giao từ nước ngoài có giá trị trên 1 triệu đồng).....\u003c/p\u003e","original_price":150000.0,"thumbnail_url":"https://salt.tikicdn.com/cache/280x280/ts/product/c9/e4/18/a9cfc425fa590c453f20307229804bb3.jpg","images":[{"base_url":"https://salt.tikicdn.com/ts/product/c9/e4/18/a9cfc425fa590c453f20307229804bb3.jpg","dbId":29547}],"authors":[{"id":363,"name":"Haruki Murakami","dbId":5857}],"specifications":[{"name":"Thông tin chung","attributes":[{"name":"Công ty phát hành","value":"Nhã Nam"},{"name":"Ngày xuất bản","value":"2021-07-15 00:00:00"},{"name":"Dịch Giả","value":"Trịnh Lữ"},{"name":"Loại bìa","value":"Bìa mềm"},{"name":"Số trang","value":"556"},{"name":"Phương thức giao hàng Seller Delivery","value":"Nhà bán giao hàng cho khách hàng"},{"name":"Nhà xuất bản","value":"Nhà Xuất Bản Hội Nhà Văn"},{"code":"PUBLICATION_DATE","name":"Kích thước","value":"13 x 20.5 cm"}]}],"stock_item":{"qty":1000},"all_time_quantity_sold":366,"reviews":[{"id":18978430,"title":"Cực kì hài lòng","content":"Tiki ship với tốc độ ánh sáng, chẳng chống sốc gì nhưng trộm vía đến nơi vẫn an toàn, mùi giấy thì thơm vô cùng rất phê\r\nTruyện thì 10đ nha mng, truyện có thể tuỳ gu (nhưng với mình là rất hay) nhưng văn phong bác Trịnh lữ dịch thì không có gì để chê. Rừng Na Uy đọc lần 1 không hiểu hết nhưng khi đọc lại lần 2 thì chắc chắn thấm được rất nhiều điều. Truyện thiên về tâm lý rất nhiều, mình thì lại thích được phân tích tâm lý nhân vật nên phải nói mình rất thích quyển nàyyyy.","customer_id":12769682,"rating":5,"images":[{"id":4160098,"full_path":"https://salt.tikicdn.com/ts/review/af/bd/ca/ba2b34effaf656aeb41f75551f4b5df8.jpg"},{"id":4160099,"full_path":"https://salt.tikicdn.com/ts/review/71/d4/38/c235485b5be9f63c3ffb7369c36c9041.jpg"}],"created_at":1679156340,"created_by":{"id":12769682,"name":"Ph Uyên ","full_name":"Ph Uyên ","created_time":"2019-07-04 22:19:53","purchased":true,"purchased_at":1677779324},"product_id":114937969,"timeline":{"review_created_date":"2023-03-18 23:19:00","delivery_date":"2023-03-03 15:10:16"}},{"id":13057470,"title":"Cực kì hài lòng","content":"ncl hài lòng, giao hàng nhanh nhưng đóng gói k cẩn thận lắm. Trước mình ở HN thì đặt sách của tiki chả phải bàn cãi gì nhưng giờ đang dịch nên mình ship về quê thì có hơi móp méo 1 chút, lúc nhận hàng hết hồn vì hộp méo mó. may mắn thay là sách chỉ bị quăn tí xíu, vuốt lại là ok ngay như ban đầu. Mình mua 4 quyển hết 150k. Vẫn tiếc vì chưa săn dc hết 😢","customer_id":19192786,"rating":5,"images":[{"id":2715157,"full_path":"https://salt.tikicdn.com/ts/review/09/5d/3b/b7750e85229aa3977fa5513907ed5be5.jpg"},{"id":2715158,"full_path":"https://salt.tikicdn.com/ts/review/98/88/f5/46e7f58abfd99c440bf1482d8273f754.jpg"},{"id":2715159,"full_path":"https://salt.tikicdn.com/ts/review/dd/0b/86/087fa9d11bb30c9aa0e06be00efddf57.jpg"},{"id":2715160,"full_path":"https://salt.tikicdn.com/ts/review/8b/70/cc/2eedf169a8733066779b590f6bf2d703.jpg"},{"id":2715161,"full_path":"https://salt.tikicdn.com/ts/review/68/db/48/fd910cc77c70ba4d53e7d202f2a2bd1d.jpg"}],"created_at":1636268269,"created_by":{"id":19192786,"name":"Đỗ Thị Anh Thư","full_name":"Đỗ Thị Anh Thư","created_time":"2020-11-12 19:36:25","purchased":true,"purchased_at":1636159686},"product_id":114937969,"timeline":{"review_created_date":"2021-11-07 13:57:49","delivery_date":"2021-11-07 11:57:04"}},{"id":18905317,"title":"Cực kì hài lòng","content":"Sách được đóng gói tương đối là sơ sài. May là em nó vẫn bình an vô sự tới tay mình không bị xay xước gì nhiều. Bản thân mình khá là thiện cảm với văn học Nhật Bản và nghe tới bác Murakami đã lâu nhưng giờ mới có cơ hội thưởng thức tác phẩm của bác. Hi vọng mình sẽ có được trải nghiệm đáng nhớ với quyển sách này \u003e","customer_id":16091921,"rating":5,"images":[{"id":4142412,"full_path":"https://salt.tikicdn.com/ts/review/ce/54/fc/dd957d52e22e43922bdfb6e821ef94ec.jpg"},{"id":4142413,"full_path":"https://salt.tikicdn.com/ts/review/f0/a7/51/a3c69361ef80b7d3dba2364c541294a1.jpg"}],"created_at":1677948876,"created_by":{"id":16091921,"name":"Trần Ngọc","full_name":"Trần Ngọc","created_time":"2020-01-21 22:36:14","purchased":true,"purchased_at":1677693041},"product_id":114937969,"timeline":{"review_created_date":"2023-03-04 23:54:36","delivery_date":"2023-03-04 14:14:23"}},{"id":19393042,"title":"Cực kì hài lòng","content":"saostar.vn\r\n\r\nPHIM ẢNH\r\n\r\n19/07/2023 - 14:03 (GMT+7)\r\nCùng tạo hình Lưu Diệc Phi lấn át mỹ nữ Bắc Kinh: Đẳng cấp thiên tiên là đây\r\nHạ Băng\r\nCùng tạo hình Lưu Diệc Phi lấn át mỹ nữ Bắc Kinh\r\nLưu Diệc Phi và nàng mỹ nữ Bắc Kinh bất ngờ đụng độ tạo hình.\r\nXem tiếp sau quảng cáo\r\n\r\nDù không liên tiếp có phim bạo, thế nhưng Lưu Diệc Phi vẫn được đánh giá là sao nữ đứng đầu lứa 85 bỏ xa cả Triệu Lệ Dĩnh – Dương Mịch. Diễn xuất có thể gây tranh cãi, thế nhưng nhan sắc của thần tiên tỷ tỷ là điều mà công chúng không thể phủ nhận. Ngoài vẻ đẹp mặn mà, Lưu Diệc Phi còn được trời phú cho khí chất thanh lãnh, thoát tục ít ai có thể bì kịp. Trong cuộc đua đụng độ tạo hình với nàng mỹ nữ Bắc Kinh, thần tiên tỷ tỷ hoàn toàn áp đảo.\r\n\r\nCùng tạo hình Lưu Diệc Phi lấn át mỹ nữ Bắc Kinh: Đẳng cấp thiên tiên là đây Ảnh 1\r\nTheo đó, Lưu Diệc Phi từng diện một bộ trang phục cực kỳ đặc biệt đến tham gia Đêm hội Điện ảnh Weibo năm 2022. Đây là một bộ váy màu vàng tôn dáng với phần ống tay áo phồng lớn. Điểm đặc biệt của bộ trang phục này chính là chiếc cổ áo cao cầu kỳ. Lộ diện trong tạo hình này, Lưu Diệc Phi khiến dân tình bấn loạn với nhan sắc xinh đẹp, kiểu tóc búi cao sát đầu càng làm tôn lên chiếc cổ cao cực phẩm của cô.\r\n\r\nCùng tạo hình Lưu Diệc Phi lấn át mỹ nữ Bắc Kinh: Đẳng cấp thiên tiên là đây Ảnh 2\r\nCùng tạo hình Lưu Diệc Phi lấn át mỹ nữ Bắc Kinh: Đẳng cấp thiên tiên là đây Ảnh 3\r\nMới đây, Cảnh Điềm cũng xuất hiện trong một bộ trang phục có nhiều điểm tương đồng với Lưu Diệc Phi. Cũng là chiếc váy màu vàng lấp lánh, ống tay phồng và chiếc cổ áo ấn tượng, thế nhưng khác là bộ trang phục của nữ chính Tư Đằng bồng bềnh như công chúa. Ngoài ra, Cảnh Điềm cũng chọn kiểu tóc buông xõa tự nhiên thay vì búi cao như Lưu Diệc Phi. Được biết đây là tạo hình của nàng tiểu hoa khi quay một MV âm nhạc.\r\n\r\nCùng tạo hình Lưu Diệc Phi lấn át mỹ nữ Bắc Kinh: Đẳng cấp thiên tiên là đây Ảnh 4\r\nCùng tạo hình Lưu Diệc Phi lấn át mỹ nữ Bắc Kinh: Đẳng cấp thiên tiên là đây Ảnh 5\r\nĐặt lên bàn cân so sánh, khán giả cho rằng ở kiểu trang phục tương đồng thế này Lưu Diệc Phi hoàn toàn lấn át Cảnh Điềm. Không chỉ có nhan sắc thu hút hơn, điểm nổi bật của thần tiên tỷ tỷ so với nàng mỹ nữ Bắc Kinh chính là khí chất ít ai bì kịp. Dù vậy, Cảnh Điềm vẫn hệt như một nàng công chúa xinh đẹp là điều không ai có thể phủ nhận.\r\n\r\nCùng tạo hình Lưu Diệc Phi lấn át mỹ nữ Bắc Kinh: Đẳng cấp thiên tiên là đây Ảnh 6\r\nCùng tạo hình Lưu Diệc Phi lấn át mỹ nữ Bắc Kinh: Đẳng cấp thiên tiên là đây Ảnh 7\r\nTrong 2 năm trở lại đây, thần tiên tỷ tỷ thành công lớn khi quay lại màn ảnh nhỏ với Mộng Hoa Lục và Đi Đến Nơi Có Gió. Được biết hiện tại Lưu Diệc Phi đang quay dự án phim mới là Câu Chuyện Hoa Hồng. Trong khi đó Cảnh Điềm cũng là nữ chính của bộ phim cổ trang Tứ Hải Trọng Minh.\r\n\r\nXem thêm: Pháo Hoa Nhân Gian Của Tôi do Dương Dương và tiểu Lưu Diệc Phi đóng bị tẩy chay\r\n\r\nBài viết\r\n\r\nHạ Băng\r\n\r\nXem tiếp sau quảng cáo\r\n\r\n\r\nTin liên quan\r\nThảm đỏ Rồng Xanh 2023: Song Hye Kyo - Suzy tựa nữ thần, trùm cuối quá đỉnh\r\nNgô Lỗi thừa nhận Triệu Lộ Tư là ánh dương duy nhất trong lòng anh\r\nĐàm Tùng Vận sắp kết hôn, theo chồng bỏ cuộc chơi?\r\nLà tiểu hoa đứng đầu lứa 95, Triệu Lộ Tư bị \u0027nữ thần thanh xuân\u0027 mới nổi hạ gục\r\nPHIM MỚIPHIM HOA NGỮLƯU DIỆC PHICẢNH ĐIỀMCÂU CHUYỆN HOA HỒNG\r\nChia sẻ\r\nBÌNH LUẬN\r\n\r\nPiaLinh x Lâm Phúc Vietnam Idol: \u0027Bạn thì bạn nhưng đã vào cuộc chơi thì...\u0027\r\nPiaLinh x Lâm Phúc Vietnam Idol: \u0027Bạn thì bạn nhưng đã vào cuộc chơi thì...\u0027\r\nRơi - Hà An Huy (MV Lyrics)\r\nKim Nhã tự nhận thất bại trong tình yêu, Mỹ Tâm khai sáng định nghĩa mới\r\nMỹ Tâm khó xử không biết phải làm sao với thí sinh giống Đan Trường?\r\nMai Kim Liên ngỏ ý muốn nhạc sĩ Huy Tuấn trở thành chồng chưa cưới\r\nVietnam Idol 2023 - Tập 2: Dàn thí sinh \u0027khủng\u0027 lộ diện\r\nLoạt biểu cảm siêu đáng yêu, \u0027keo ly mãi mặn\u0027 của Mỹ Tâm tại Vietnam Idol\r\nNguyễn Lâm Phúc Tâm Sự Cùng Người Lạ đi thẳng vào vòng trong\r\nHồ Võ Thanh Thảo ngọt ngào Yêu Xa, bất ngờ nhận vé vàng vào thẳng vòng Nhà Hát\r\nDương Thành Đạt đốn tim Mỹ Tâm khi hát Thương Em Là Điều Anh Không Thể Ngờ\r\nXem thêm\r\nTin tài trợ\r\nQuảng cáo\r\nwww.saostar.vn\r\n\r\nThuộc Hội Người Mẫu Việt Nam\r\n\r\nGiấy phép Tạp chí điện tử Saostar số: 13/GP-BTTTT do Bộ Thông tin \u0026 Truyền Thông cấp ngày 11/01/2016\r\n\r\nTổng biên tập\r\n\r\nNguyễn Quang Minh\r\n\r\nThư ký tòa soạn\r\n\r\nNguyễn Quỳnh Hoa\r\n\r\nTrụ sở TP. Hồ Chí Minh\r\n5B Nguyễn Đình Chiểu, Phường Đa Kao, Quận 1\r\n\r\nHotline\r\n***\r\n\r\nHợp tác nội dung\r\n***\r\n\r\nHợp tác quảng cáo\r\n***\r\n\r\nBẢNG GIÁ QUẢNG CÁO","customer_id":16303137,"rating":5,"images":[{"id":4256220,"full_path":"https://salt.tikicdn.com/ts/review/f5/cb/87/a23bf7e897d13c1ee7a37edc22ccdd45.jpg"}],"created_at":1689777738,"created_by":{"id":16303137,"name":"Lê Thùy Trang","full_name":"Lê Thùy Trang","created_time":"2020-02-07 13:29:31","purchased":true,"purchased_at":1689666773},"product_id":114937969,"timeline":{"review_created_date":"2023-07-19 21:42:18","delivery_date":"2023-07-19 09:48:22"}},{"id":18692669,"title":"Cực kì hài lòng","content":"Hài lòng về sản phẩm. Cuốn này những người trẻ hoặc đã từng trẻ nên đọc vì độ tuổi này đều có những nỗi chán chường, buồn man mát là tất yếu của sự trưởng thành, là dũng cảm vượt qua hoặc là bị khó khăn thử thách nhấn chìm vĩnh viễn. Tiki giao hàng nhanh, dịch vụ tốt","customer_id":1889344,"rating":5,"images":[{"id":4092346,"full_path":"https://salt.tikicdn.com/ts/review/8b/b2/75/202759835e19867c7a70f5aef8d53946.jpg"},{"id":4092347,"full_path":"https://salt.tikicdn.com/ts/review/41/5e/9c/29ddbda36a24314c0447c99f86acf2fd.jpg"}],"created_at":1674907289,"created_by":{"id":1889344,"name":"Nguyễn Anh","full_name":"Nguyễn Anh","created_time":"2016-11-13 15:03:24","purchased":true,"purchased_at":1674752706},"product_id":114937969,"timeline":{"review_created_date":"2023-01-28 19:01:29","delivery_date":"2023-01-28 15:46:12"}},{"id":18978430,"title":"Cực kì hài lòng","content":"Tiki ship với tốc độ ánh sáng, chẳng chống sốc gì nhưng trộm vía đến nơi vẫn an toàn, mùi giấy thì thơm vô cùng rất phê\r\nTruyện thì 10đ nha mng, truyện có thể tuỳ gu (nhưng với mình là rất hay) nhưng văn phong bác Trịnh lữ dịch thì không có gì để chê. Rừng Na Uy đọc lần 1 không hiểu hết nhưng khi đọc lại lần 2 thì chắc chắn thấm được rất nhiều điều. Truyện thiên về tâm lý rất nhiều, mình thì lại thích được phân tích tâm lý nhân vật nên phải nói mình rất thích quyển nàyyyy.","customer_id":12769682,"rating":5,"images":[{"id":4160098,"full_path":"https://salt.tikicdn.com/ts/review/af/bd/ca/ba2b34effaf656aeb41f75551f4b5df8.jpg"},{"id":4160099,"full_path":"https://salt.tikicdn.com/ts/review/71/d4/38/c235485b5be9f63c3ffb7369c36c9041.jpg"}],"created_at":1679156340,"created_by":{"id":12769682,"name":"Ph Uyên ","full_name":"Ph Uyên ","created_time":"2019-07-04 22:19:53","purchased":true,"purchased_at":1677779324},"product_id":114937969,"timeline":{"review_created_date":"2023-03-18 23:19:00","delivery_date":"2023-03-03 15:10:16"}},{"id":13057470,"title":"Cực kì hài lòng","content":"ncl hài lòng, giao hàng nhanh nhưng đóng gói k cẩn thận lắm. Trước mình ở HN thì đặt sách của tiki chả phải bàn cãi gì nhưng giờ đang dịch nên mình ship về quê thì có hơi móp méo 1 chút, lúc nhận hàng hết hồn vì hộp méo mó. may mắn thay là sách chỉ bị quăn tí xíu, vuốt lại là ok ngay như ban đầu. Mình mua 4 quyển hết 150k. Vẫn tiếc vì chưa săn dc hết 😢","customer_id":19192786,"rating":5,"images":[{"id":2715157,"full_path":"https://salt.tikicdn.com/ts/review/09/5d/3b/b7750e85229aa3977fa5513907ed5be5.jpg"},{"id":2715158,"full_path":"https://salt.tikicdn.com/ts/review/98/88/f5/46e7f58abfd99c440bf1482d8273f754.jpg"},{"id":2715159,"full_path":"https://salt.tikicdn.com/ts/review/dd/0b/86/087fa9d11bb30c9aa0e06be00efddf57.jpg"},{"id":2715160,"full_path":"https://salt.tikicdn.com/ts/review/8b/70/cc/2eedf169a8733066779b590f6bf2d703.jpg"},{"id":2715161,"full_path":"https://salt.tikicdn.com/ts/review/68/db/48/fd910cc77c70ba4d53e7d202f2a2bd1d.jpg"}],"created_at":1636268269,"created_by":{"id":19192786,"name":"Đỗ Thị Anh Thư","full_name":"Đỗ Thị Anh Thư","created_time":"2020-11-12 19:36:25","purchased":true,"purchased_at":1636159686},"product_id":114937969,"timeline":{"review_created_date":"2021-11-07 13:57:49","delivery_date":"2021-11-07 11:57:04"}},{"id":18905317,"title":"Cực kì hài lòng","content":"Sách được đóng gói tương đối là sơ sài. May là em nó vẫn bình an vô sự tới tay mình không bị xay xước gì nhiều. Bản thân mình khá là thiện cảm với văn học Nhật Bản và nghe tới bác Murakami đã lâu nhưng giờ mới có cơ hội thưởng thức tác phẩm của bác. Hi vọng mình sẽ có được trải nghiệm đáng nhớ với quyển sách này \u003e","customer_id":16091921,"rating":5,"images":[{"id":4142412,"full_path":"https://salt.tikicdn.com/ts/review/ce/54/fc/dd957d52e22e43922bdfb6e821ef94ec.jpg"},{"id":4142413,"full_path":"https://salt.tikicdn.com/ts/review/f0/a7/51/a3c69361ef80b7d3dba2364c541294a1.jpg"}],"created_at":1677948876,"created_by":{"id":16091921,"name":"Trần Ngọc","full_name":"Trần Ngọc","created_time":"2020-01-21 22:36:14","purchased":true,"purchased_at":1677693041},"product_id":114937969,"timeline":{"review_created_date":"2023-03-04 23:54:36","delivery_date":"2023-03-04 14:14:23"}},{"id":19393042,"title":"Cực kì hài lòng","content":"saostar.vn\r\n\r\nPHIM ẢNH\r\n\r\n19/07/2023 - 14:03 (GMT+7)\r\nCùng tạo hình Lưu Diệc Phi lấn át mỹ nữ Bắc Kinh: Đẳng cấp thiên tiên là đây\r\nHạ Băng\r\nCùng tạo hình Lưu Diệc Phi lấn át mỹ nữ Bắc Kinh\r\nLưu Diệc Phi và nàng mỹ nữ Bắc Kinh bất ngờ đụng độ tạo hình.\r\nXem tiếp sau quảng cáo\r\n\r\nDù không liên tiếp có phim bạo, thế nhưng Lưu Diệc Phi vẫn được đánh giá là sao nữ đứng đầu lứa 85 bỏ xa cả Triệu Lệ Dĩnh – Dương Mịch. Diễn xuất có thể gây tranh cãi, thế nhưng nhan sắc của thần tiên tỷ tỷ là điều mà công chúng không thể phủ nhận. Ngoài vẻ đẹp mặn mà, Lưu Diệc Phi còn được trời phú cho khí chất thanh lãnh, thoát tục ít ai có thể bì kịp. Trong cuộc đua đụng độ tạo hình với nàng mỹ nữ Bắc Kinh, thần tiên tỷ tỷ hoàn toàn áp đảo.\r\n\r\nCùng tạo hình Lưu Diệc Phi lấn át mỹ nữ Bắc Kinh: Đẳng cấp thiên tiên là đây Ảnh 1\r\nTheo đó, Lưu Diệc Phi từng diện một bộ trang phục cực kỳ đặc biệt đến tham gia Đêm hội Điện ảnh Weibo năm 2022. Đây là một bộ váy màu vàng tôn dáng với phần ống tay áo phồng lớn. Điểm đặc biệt của bộ trang phục này chính là chiếc cổ áo cao cầu kỳ. Lộ diện trong tạo hình này, Lưu Diệc Phi khiến dân tình bấn loạn với nhan sắc xinh đẹp, kiểu tóc búi cao sát đầu càng làm tôn lên chiếc cổ cao cực phẩm của cô.\r\n\r\nCùng tạo hình Lưu Diệc Phi lấn át mỹ nữ Bắc Kinh: Đẳng cấp thiên tiên là đây Ảnh 2\r\nCùng tạo hình Lưu Diệc Phi lấn át mỹ nữ Bắc Kinh: Đẳng cấp thiên tiên là đây Ảnh 3\r\nMới đây, Cảnh Điềm cũng xuất hiện trong một bộ trang phục có nhiều điểm tương đồng với Lưu Diệc Phi. Cũng là chiếc váy màu vàng lấp lánh, ống tay phồng và chiếc cổ áo ấn tượng, thế nhưng khác là bộ trang phục của nữ chính Tư Đằng bồng bềnh như công chúa. Ngoài ra, Cảnh Điềm cũng chọn kiểu tóc buông xõa tự nhiên thay vì búi cao như Lưu Diệc Phi. Được biết đây là tạo hình của nàng tiểu hoa khi quay một MV âm nhạc.\r\n\r\nCùng tạo hình Lưu Diệc Phi lấn át mỹ nữ Bắc Kinh: Đẳng cấp thiên tiên là đây Ảnh 4\r\nCùng tạo hình Lưu Diệc Phi lấn át mỹ nữ Bắc Kinh: Đẳng cấp thiên tiên là đây Ảnh 5\r\nĐặt lên bàn cân so sánh, khán giả cho rằng ở kiểu trang phục tương đồng thế này Lưu Diệc Phi hoàn toàn lấn át Cảnh Điềm. Không chỉ có nhan sắc thu hút hơn, điểm nổi bật của thần tiên tỷ tỷ so với nàng mỹ nữ Bắc Kinh chính là khí chất ít ai bì kịp. Dù vậy, Cảnh Điềm vẫn hệt như một nàng công chúa xinh đẹp là điều không ai có thể phủ nhận.\r\n\r\nCùng tạo hình Lưu Diệc Phi lấn át mỹ nữ Bắc Kinh: Đẳng cấp thiên tiên là đây Ảnh 6\r\nCùng tạo hình Lưu Diệc Phi lấn át mỹ nữ Bắc Kinh: Đẳng cấp thiên tiên là đây Ảnh 7\r\nTrong 2 năm trở lại đây, thần tiên tỷ tỷ thành công lớn khi quay lại màn ảnh nhỏ với Mộng Hoa Lục và Đi Đến Nơi Có Gió. Được biết hiện tại Lưu Diệc Phi đang quay dự án phim mới là Câu Chuyện Hoa Hồng. Trong khi đó Cảnh Điềm cũng là nữ chính của bộ phim cổ trang Tứ Hải Trọng Minh.\r\n\r\nXem thêm: Pháo Hoa Nhân Gian Của Tôi do Dương Dương và tiểu Lưu Diệc Phi đóng bị tẩy chay\r\n\r\nBài viết\r\n\r\nHạ Băng\r\n\r\nXem tiếp sau quảng cáo\r\n\r\n\r\nTin liên quan\r\nThảm đỏ Rồng Xanh 2023: Song Hye Kyo - Suzy tựa nữ thần, trùm cuối quá đỉnh\r\nNgô Lỗi thừa nhận Triệu Lộ Tư là ánh dương duy nhất trong lòng anh\r\nĐàm Tùng Vận sắp kết hôn, theo chồng bỏ cuộc chơi?\r\nLà tiểu hoa đứng đầu lứa 95, Triệu Lộ Tư bị \u0027nữ thần thanh xuân\u0027 mới nổi hạ gục\r\nPHIM MỚIPHIM HOA NGỮLƯU DIỆC PHICẢNH ĐIỀMCÂU CHUYỆN HOA HỒNG\r\nChia sẻ\r\nBÌNH LUẬN\r\n\r\nPiaLinh x Lâm Phúc Vietnam Idol: \u0027Bạn thì bạn nhưng đã vào cuộc chơi thì...\u0027\r\nPiaLinh x Lâm Phúc Vietnam Idol: \u0027Bạn thì bạn nhưng đã vào cuộc chơi thì...\u0027\r\nRơi - Hà An Huy (MV Lyrics)\r\nKim Nhã tự nhận thất bại trong tình yêu, Mỹ Tâm khai sáng định nghĩa mới\r\nMỹ Tâm khó xử không biết phải làm sao với thí sinh giống Đan Trường?\r\nMai Kim Liên ngỏ ý muốn nhạc sĩ Huy Tuấn trở thành chồng chưa cưới\r\nVietnam Idol 2023 - Tập 2: Dàn thí sinh \u0027khủng\u0027 lộ diện\r\nLoạt biểu cảm siêu đáng yêu, \u0027keo ly mãi mặn\u0027 của Mỹ Tâm tại Vietnam Idol\r\nNguyễn Lâm Phúc Tâm Sự Cùng Người Lạ đi thẳng vào vòng trong\r\nHồ Võ Thanh Thảo ngọt ngào Yêu Xa, bất ngờ nhận vé vàng vào thẳng vòng Nhà Hát\r\nDương Thành Đạt đốn tim Mỹ Tâm khi hát Thương Em Là Điều Anh Không Thể Ngờ\r\nXem thêm\r\nTin tài trợ\r\nQuảng cáo\r\nwww.saostar.vn\r\n\r\nThuộc Hội Người Mẫu Việt Nam\r\n\r\nGiấy phép Tạp chí điện tử Saostar số: 13/GP-BTTTT do Bộ Thông tin \u0026 Truyền Thông cấp ngày 11/01/2016\r\n\r\nTổng biên tập\r\n\r\nNguyễn Quang Minh\r\n\r\nThư ký tòa soạn\r\n\r\nNguyễn Quỳnh Hoa\r\n\r\nTrụ sở TP. Hồ Chí Minh\r\n5B Nguyễn Đình Chiểu, Phường Đa Kao, Quận 1\r\n\r\nHotline\r\n***\r\n\r\nHợp tác nội dung\r\n***\r\n\r\nHợp tác quảng cáo\r\n***\r\n\r\nBẢNG GIÁ QUẢNG CÁO","customer_id":16303137,"rating":5,"images":[{"id":4256220,"full_path":"https://salt.tikicdn.com/ts/review/f5/cb/87/a23bf7e897d13c1ee7a37edc22ccdd45.jpg"}],"created_at":1689777738,"created_by":{"id":16303137,"name":"Lê Thùy Trang","full_name":"Lê Thùy Trang","created_time":"2020-02-07 13:29:31","purchased":true,"purchased_at":1689666773},"product_id":114937969,"timeline":{"review_created_date":"2023-07-19 21:42:18","delivery_date":"2023-07-19 09:48:22"}},{"id":18692669,"title":"Cực kì hài lòng","content":"Hài lòng về sản phẩm. Cuốn này những người trẻ hoặc đã từng trẻ nên đọc vì độ tuổi này đều có những nỗi chán chường, buồn man mát là tất yếu của sự trưởng thành, là dũng cảm vượt qua hoặc là bị khó khăn thử thách nhấn chìm vĩnh viễn. Tiki giao hàng nhanh, dịch vụ tốt","customer_id":1889344,"rating":5,"images":[{"id":4092346,"full_path":"https://salt.tikicdn.com/ts/review/8b/b2/75/202759835e19867c7a70f5aef8d53946.jpg"},{"id":4092347,"full_path":"https://salt.tikicdn.com/ts/review/41/5e/9c/29ddbda36a24314c0447c99f86acf2fd.jpg"}],"created_at":1674907289,"created_by":{"id":1889344,"name":"Nguyễn Anh","full_name":"Nguyễn Anh","created_time":"2016-11-13 15:03:24","purchased":true,"purchased_at":1674752706},"product_id":114937969,"timeline":{"review_created_date":"2023-01-28 19:01:29","delivery_date":"2023-01-28 15:46:12"}},{"id":18978430,"title":"Cực kì hài lòng","content":"Tiki ship với tốc độ ánh sáng, chẳng chống sốc gì nhưng trộm vía đến nơi vẫn an toàn, mùi giấy thì thơm vô cùng rất phê\r\nTruyện thì 10đ nha mng, truyện có thể tuỳ gu (nhưng với mình là rất hay) nhưng văn phong bác Trịnh lữ dịch thì không có gì để chê. Rừng Na Uy đọc lần 1 không hiểu hết nhưng khi đọc lại lần 2 thì chắc chắn thấm được rất nhiều điều. Truyện thiên về tâm lý rất nhiều, mình thì lại thích được phân tích tâm lý nhân vật nên phải nói mình rất thích quyển nàyyyy.","customer_id":12769682,"rating":5,"images":[{"id":4160098,"full_path":"https://salt.tikicdn.com/ts/review/af/bd/ca/ba2b34effaf656aeb41f75551f4b5df8.jpg"},{"id":4160099,"full_path":"https://salt.tikicdn.com/ts/review/71/d4/38/c235485b5be9f63c3ffb7369c36c9041.jpg"}],"created_at":1679156340,"created_by":{"id":12769682,"name":"Ph Uyên ","full_name":"Ph Uyên ","created_time":"2019-07-04 22:19:53","purchased":true,"purchased_at":1677779324},"product_id":114937969,"timeline":{"review_created_date":"2023-03-18 23:19:00","delivery_date":"2023-03-03 15:10:16"}},{"id":13057470,"title":"Cực kì hài lòng","content":"ncl hài lòng, giao hàng nhanh nhưng đóng gói k cẩn thận lắm. Trước mình ở HN thì đặt sách của tiki chả phải bàn cãi gì nhưng giờ đang dịch nên mình ship về quê thì có hơi móp méo 1 chút, lúc nhận hàng hết hồn vì hộp méo mó. may mắn thay là sách chỉ bị quăn tí xíu, vuốt lại là ok ngay như ban đầu. Mình mua 4 quyển hết 150k. Vẫn tiếc vì chưa săn dc hết 😢","customer_id":19192786,"rating":5,"images":[{"id":2715157,"full_path":"https://salt.tikicdn.com/ts/review/09/5d/3b/b7750e85229aa3977fa5513907ed5be5.jpg"},{"id":2715158,"full_path":"https://salt.tikicdn.com/ts/review/98/88/f5/46e7f58abfd99c440bf1482d8273f754.jpg"},{"id":2715159,"full_path":"https://salt.tikicdn.com/ts/review/dd/0b/86/087fa9d11bb30c9aa0e06be00efddf57.jpg"},{"id":2715160,"full_path":"https://salt.tikicdn.com/ts/review/8b/70/cc/2eedf169a8733066779b590f6bf2d703.jpg"},{"id":2715161,"full_path":"https://salt.tikicdn.com/ts/review/68/db/48/fd910cc77c70ba4d53e7d202f2a2bd1d.jpg"}],"created_at":1636268269,"created_by":{"id":19192786,"name":"Đỗ Thị Anh Thư","full_name":"Đỗ Thị Anh Thư","created_time":"2020-11-12 19:36:25","purchased":true,"purchased_at":1636159686},"product_id":114937969,"timeline":{"review_created_date":"2021-11-07 13:57:49","delivery_date":"2021-11-07 11:57:04"}},{"id":18905317,"title":"Cực kì hài lòng","content":"Sách được đóng gói tương đối là sơ sài. May là em nó vẫn bình an vô sự tới tay mình không bị xay xước gì nhiều. Bản thân mình khá là thiện cảm với văn học Nhật Bản và nghe tới bác Murakami đã lâu nhưng giờ mới có cơ hội thưởng thức tác phẩm của bác. Hi vọng mình sẽ có được trải nghiệm đáng nhớ với quyển sách này \u003e","customer_id":16091921,"rating":5,"images":[{"id":4142412,"full_path":"https://salt.tikicdn.com/ts/review/ce/54/fc/dd957d52e22e43922bdfb6e821ef94ec.jpg"},{"id":4142413,"full_path":"https://salt.tikicdn.com/ts/review/f0/a7/51/a3c69361ef80b7d3dba2364c541294a1.jpg"}],"created_at":1677948876,"created_by":{"id":16091921,"name":"Trần Ngọc","full_name":"Trần Ngọc","created_time":"2020-01-21 22:36:14","purchased":true,"purchased_at":1677693041},"product_id":114937969,"timeline":{"review_created_date":"2023-03-04 23:54:36","delivery_date":"2023-03-04 14:14:23"}},{"id":19393042,"title":"Cực kì hài lòng","content":"saostar.vn\r\n\r\nPHIM ẢNH\r\n\r\n19/07/2023 - 14:03 (GMT+7)\r\nCùng tạo hình Lưu Diệc Phi lấn át mỹ nữ Bắc Kinh: Đẳng cấp thiên tiên là đây\r\nHạ Băng\r\nCùng tạo hình Lưu Diệc Phi lấn át mỹ nữ Bắc Kinh\r\nLưu Diệc Phi và nàng mỹ nữ Bắc Kinh bất ngờ đụng độ tạo hình.\r\nXem tiếp sau quảng cáo\r\n\r\nDù không liên tiếp có phim bạo, thế nhưng Lưu Diệc Phi vẫn được đánh giá là sao nữ đứng đầu lứa 85 bỏ xa cả Triệu Lệ Dĩnh – Dương Mịch. Diễn xuất có thể gây tranh cãi, thế nhưng nhan sắc của thần tiên tỷ tỷ là điều mà công chúng không thể phủ nhận. Ngoài vẻ đẹp mặn mà, Lưu Diệc Phi còn được trời phú cho khí chất thanh lãnh, thoát tục ít ai có thể bì kịp. Trong cuộc đua đụng độ tạo hình với nàng mỹ nữ Bắc Kinh, thần tiên tỷ tỷ hoàn toàn áp đảo.\r\n\r\nCùng tạo hình Lưu Diệc Phi lấn át mỹ nữ Bắc Kinh: Đẳng cấp thiên tiên là đây Ảnh 1\r\nTheo đó, Lưu Diệc Phi từng diện một bộ trang phục cực kỳ đặc biệt đến tham gia Đêm hội Điện ảnh Weibo năm 2022. Đây là một bộ váy màu vàng tôn dáng với phần ống tay áo phồng lớn. Điểm đặc biệt của bộ trang phục này chính là chiếc cổ áo cao cầu kỳ. Lộ diện trong tạo hình này, Lưu Diệc Phi khiến dân tình bấn loạn với nhan sắc xinh đẹp, kiểu tóc búi cao sát đầu càng làm tôn lên chiếc cổ cao cực phẩm của cô.\r\n\r\nCùng tạo hình Lưu Diệc Phi lấn át mỹ nữ Bắc Kinh: Đẳng cấp thiên tiên là đây Ảnh 2\r\nCùng tạo hình Lưu Diệc Phi lấn át mỹ nữ Bắc Kinh: Đẳng cấp thiên tiên là đây Ảnh 3\r\nMới đây, Cảnh Điềm cũng xuất hiện trong một bộ trang phục có nhiều điểm tương đồng với Lưu Diệc Phi. Cũng là chiếc váy màu vàng lấp lánh, ống tay phồng và chiếc cổ áo ấn tượng, thế nhưng khác là bộ trang phục của nữ chính Tư Đằng bồng bềnh như công chúa. Ngoài ra, Cảnh Điềm cũng chọn kiểu tóc buông xõa tự nhiên thay vì búi cao như Lưu Diệc Phi. Được biết đây là tạo hình của nàng tiểu hoa khi quay một MV âm nhạc.\r\n\r\nCùng tạo hình Lưu Diệc Phi lấn át mỹ nữ Bắc Kinh: Đẳng cấp thiên tiên là đây Ảnh 4\r\nCùng tạo hình Lưu Diệc Phi lấn át mỹ nữ Bắc Kinh: Đẳng cấp thiên tiên là đây Ảnh 5\r\nĐặt lên bàn cân so sánh, khán giả cho rằng ở kiểu trang phục tương đồng thế này Lưu Diệc Phi hoàn toàn lấn át Cảnh Điềm. Không chỉ có nhan sắc thu hút hơn, điểm nổi bật của thần tiên tỷ tỷ so với nàng mỹ nữ Bắc Kinh chính là khí chất ít ai bì kịp. Dù vậy, Cảnh Điềm vẫn hệt như một nàng công chúa xinh đẹp là điều không ai có thể phủ nhận.\r\n\r\nCùng tạo hình Lưu Diệc Phi lấn át mỹ nữ Bắc Kinh: Đẳng cấp thiên tiên là đây Ảnh 6\r\nCùng tạo hình Lưu Diệc Phi lấn át mỹ nữ Bắc Kinh: Đẳng cấp thiên tiên là đây Ảnh 7\r\nTrong 2 năm trở lại đây, thần tiên tỷ tỷ thành công lớn khi quay lại màn ảnh nhỏ với Mộng Hoa Lục và Đi Đến Nơi Có Gió. Được biết hiện tại Lưu Diệc Phi đang quay dự án phim mới là Câu Chuyện Hoa Hồng. Trong khi đó Cảnh Điềm cũng là nữ chính của bộ phim cổ trang Tứ Hải Trọng Minh.\r\n\r\nXem thêm: Pháo Hoa Nhân Gian Của Tôi do Dương Dương và tiểu Lưu Diệc Phi đóng bị tẩy chay\r\n\r\nBài viết\r\n\r\nHạ Băng\r\n\r\nXem tiếp sau quảng cáo\r\n\r\n\r\nTin liên quan\r\nThảm đỏ Rồng Xanh 2023: Song Hye Kyo - Suzy tựa nữ thần, trùm cuối quá đỉnh\r\nNgô Lỗi thừa nhận Triệu Lộ Tư là ánh dương duy nhất trong lòng anh\r\nĐàm Tùng Vận sắp kết hôn, theo chồng bỏ cuộc chơi?\r\nLà tiểu hoa đứng đầu lứa 95, Triệu Lộ Tư bị \u0027nữ thần thanh xuân\u0027 mới nổi hạ gục\r\nPHIM MỚIPHIM HOA NGỮLƯU DIỆC PHICẢNH ĐIỀMCÂU CHUYỆN HOA HỒNG\r\nChia sẻ\r\nBÌNH LUẬN\r\n\r\nPiaLinh x Lâm Phúc Vietnam Idol: \u0027Bạn thì bạn nhưng đã vào cuộc chơi thì...\u0027\r\nPiaLinh x Lâm Phúc Vietnam Idol: \u0027Bạn thì bạn nhưng đã vào cuộc chơi thì...\u0027\r\nRơi - Hà An Huy (MV Lyrics)\r\nKim Nhã tự nhận thất bại trong tình yêu, Mỹ Tâm khai sáng định nghĩa mới\r\nMỹ Tâm khó xử không biết phải làm sao với thí sinh giống Đan Trường?\r\nMai Kim Liên ngỏ ý muốn nhạc sĩ Huy Tuấn trở thành chồng chưa cưới\r\nVietnam Idol 2023 - Tập 2: Dàn thí sinh \u0027khủng\u0027 lộ diện\r\nLoạt biểu cảm siêu đáng yêu, \u0027keo ly mãi mặn\u0027 của Mỹ Tâm tại Vietnam Idol\r\nNguyễn Lâm Phúc Tâm Sự Cùng Người Lạ đi thẳng vào vòng trong\r\nHồ Võ Thanh Thảo ngọt ngào Yêu Xa, bất ngờ nhận vé vàng vào thẳng vòng Nhà Hát\r\nDương Thành Đạt đốn tim Mỹ Tâm khi hát Thương Em Là Điều Anh Không Thể Ngờ\r\nXem thêm\r\nTin tài trợ\r\nQuảng cáo\r\nwww.saostar.vn\r\n\r\nThuộc Hội Người Mẫu Việt Nam\r\n\r\nGiấy phép Tạp chí điện tử Saostar số: 13/GP-BTTTT do Bộ Thông tin \u0026 Truyền Thông cấp ngày 11/01/2016\r\n\r\nTổng biên tập\r\n\r\nNguyễn Quang Minh\r\n\r\nThư ký tòa soạn\r\n\r\nNguyễn Quỳnh Hoa\r\n\r\nTrụ sở TP. Hồ Chí Minh\r\n5B Nguyễn Đình Chiểu, Phường Đa Kao, Quận 1\r\n\r\nHotline\r\n***\r\n\r\nHợp tác nội dung\r\n***\r\n\r\nHợp tác quảng cáo\r\n***\r\n\r\nBẢNG GIÁ QUẢNG CÁO","customer_id":16303137,"rating":5,"images":[{"id":4256220,"full_path":"https://salt.tikicdn.com/ts/review/f5/cb/87/a23bf7e897d13c1ee7a37edc22ccdd45.jpg"}],"created_at":1689777738,"created_by":{"id":16303137,"name":"Lê Thùy Trang","full_name":"Lê Thùy Trang","created_time":"2020-02-07 13:29:31","purchased":true,"purchased_at":1689666773},"product_id":114937969,"timeline":{"review_created_date":"2023-07-19 21:42:18","delivery_date":"2023-07-19 09:48:22"}},{"id":18692669,"title":"Cực kì hài lòng","content":"Hài lòng về sản phẩm. Cuốn này những người trẻ hoặc đã từng trẻ nên đọc vì độ tuổi này đều có những nỗi chán chường, buồn man mát là tất yếu của sự trưởng thành, là dũng cảm vượt qua hoặc là bị khó khăn thử thách nhấn chìm vĩnh viễn. Tiki giao hàng nhanh, dịch vụ tốt","customer_id":1889344,"rating":5,"images":[{"id":4092346,"full_path":"https://salt.tikicdn.com/ts/review/8b/b2/75/202759835e19867c7a70f5aef8d53946.jpg"},{"id":4092347,"full_path":"https://salt.tikicdn.com/ts/review/41/5e/9c/29ddbda36a24314c0447c99f86acf2fd.jpg"}],"created_at":1674907289,"created_by":{"id":1889344,"name":"Nguyễn Anh","full_name":"Nguyễn Anh","created_time":"2016-11-13 15:03:24","purchased":true,"purchased_at":1674752706},"product_id":114937969,"timeline":{"review_created_date":"2023-01-28 19:01:29","delivery_date":"2023-01-28 15:46:12"}},{"id":18978430,"title":"Cực kì hài lòng","content":"Tiki ship với tốc độ ánh sáng, chẳng chống sốc gì nhưng trộm vía đến nơi vẫn an toàn, mùi giấy thì thơm vô cùng rất phê\r\nTruyện thì 10đ nha mng, truyện có thể tuỳ gu (nhưng với mình là rất hay) nhưng văn phong bác Trịnh lữ dịch thì không có gì để chê. Rừng Na Uy đọc lần 1 không hiểu hết nhưng khi đọc lại lần 2 thì chắc chắn thấm được rất nhiều điều. Truyện thiên về tâm lý rất nhiều, mình thì lại thích được phân tích tâm lý nhân vật nên phải nói mình rất thích quyển nàyyyy.","customer_id":12769682,"rating":5,"images":[{"id":4160098,"full_path":"https://salt.tikicdn.com/ts/review/af/bd/ca/ba2b34effaf656aeb41f75551f4b5df8.jpg"},{"id":4160099,"full_path":"https://salt.tikicdn.com/ts/review/71/d4/38/c235485b5be9f63c3ffb7369c36c9041.jpg"}],"created_at":1679156340,"created_by":{"id":12769682,"name":"Ph Uyên ","full_name":"Ph Uyên ","created_time":"2019-07-04 22:19:53","purchased":true,"purchased_at":1677779324},"product_id":114937969,"timeline":{"review_created_date":"2023-03-18 23:19:00","delivery_date":"2023-03-03 15:10:16"}},{"id":13057470,"title":"Cực kì hài lòng","content":"ncl hài lòng, giao hàng nhanh nhưng đóng gói k cẩn thận lắm. Trước mình ở HN thì đặt sách của tiki chả phải bàn cãi gì nhưng giờ đang dịch nên mình ship về quê thì có hơi móp méo 1 chút, lúc nhận hàng hết hồn vì hộp méo mó. may mắn thay là sách chỉ bị quăn tí xíu, vuốt lại là ok ngay như ban đầu. Mình mua 4 quyển hết 150k. Vẫn tiếc vì chưa săn dc hết 😢","customer_id":19192786,"rating":5,"images":[{"id":2715157,"full_path":"https://salt.tikicdn.com/ts/review/09/5d/3b/b7750e85229aa3977fa5513907ed5be5.jpg"},{"id":2715158,"full_path":"https://salt.tikicdn.com/ts/review/98/88/f5/46e7f58abfd99c440bf1482d8273f754.jpg"},{"id":2715159,"full_path":"https://salt.tikicdn.com/ts/review/dd/0b/86/087fa9d11bb30c9aa0e06be00efddf57.jpg"},{"id":2715160,"full_path":"https://salt.tikicdn.com/ts/review/8b/70/cc/2eedf169a8733066779b590f6bf2d703.jpg"},{"id":2715161,"full_path":"https://salt.tikicdn.com/ts/review/68/db/48/fd910cc77c70ba4d53e7d202f2a2bd1d.jpg"}],"created_at":1636268269,"created_by":{"id":19192786,"name":"Đỗ Thị Anh Thư","full_name":"Đỗ Thị Anh Thư","created_time":"2020-11-12 19:36:25","purchased":true,"purchased_at":1636159686},"product_id":114937969,"timeline":{"review_created_date":"2021-11-07 13:57:49","delivery_date":"2021-11-07 11:57:04"}},{"id":18905317,"title":"Cực kì hài lòng","content":"Sách được đóng gói tương đối là sơ sài. May là em nó vẫn bình an vô sự tới tay mình không bị xay xước gì nhiều. Bản thân mình khá là thiện cảm với văn học Nhật Bản và nghe tới bác Murakami đã lâu nhưng giờ mới có cơ hội thưởng thức tác phẩm của bác. Hi vọng mình sẽ có được trải nghiệm đáng nhớ với quyển sách này \u003e","customer_id":16091921,"rating":5,"images":[{"id":4142412,"full_path":"https://salt.tikicdn.com/ts/review/ce/54/fc/dd957d52e22e43922bdfb6e821ef94ec.jpg"},{"id":4142413,"full_path":"https://salt.tikicdn.com/ts/review/f0/a7/51/a3c69361ef80b7d3dba2364c541294a1.jpg"}],"created_at":1677948876,"created_by":{"id":16091921,"name":"Trần Ngọc","full_name":"Trần Ngọc","created_time":"2020-01-21 22:36:14","purchased":true,"purchased_at":1677693041},"product_id":114937969,"timeline":{"review_created_date":"2023-03-04 23:54:36","delivery_date":"2023-03-04 14:14:23"}},{"id":19393042,"title":"Cực kì hài lòng","content":"saostar.vn\r\n\r\nPHIM ẢNH\r\n\r\n19/07/2023 - 14:03 (GMT+7)\r\nCùng tạo hình Lưu Diệc Phi lấn át mỹ nữ Bắc Kinh: Đẳng cấp thiên tiên là đây\r\nHạ Băng\r\nCùng tạo hình Lưu Diệc Phi lấn át mỹ nữ Bắc Kinh\r\nLưu Diệc Phi và nàng mỹ nữ Bắc Kinh bất ngờ đụng độ tạo hình.\r\nXem tiếp sau quảng cáo\r\n\r\nDù không liên tiếp có phim bạo, thế nhưng Lưu Diệc Phi vẫn được đánh giá là sao nữ đứng đầu lứa 85 bỏ xa cả Triệu Lệ Dĩnh – Dương Mịch. Diễn xuất có thể gây tranh cãi, thế nhưng nhan sắc của thần tiên tỷ tỷ là điều mà công chúng không thể phủ nhận. Ngoài vẻ đẹp mặn mà, Lưu Diệc Phi còn được trời phú cho khí chất thanh lãnh, thoát tục ít ai có thể bì kịp. Trong cuộc đua đụng độ tạo hình với nàng mỹ nữ Bắc Kinh, thần tiên tỷ tỷ hoàn toàn áp đảo.\r\n\r\nCùng tạo hình Lưu Diệc Phi lấn át mỹ nữ Bắc Kinh: Đẳng cấp thiên tiên là đây Ảnh 1\r\nTheo đó, Lưu Diệc Phi từng diện một bộ trang phục cực kỳ đặc biệt đến tham gia Đêm hội Điện ảnh Weibo năm 2022. Đây là một bộ váy màu vàng tôn dáng với phần ống tay áo phồng lớn. Điểm đặc biệt của bộ trang phục này chính là chiếc cổ áo cao cầu kỳ. Lộ diện trong tạo hình này, Lưu Diệc Phi khiến dân tình bấn loạn với nhan sắc xinh đẹp, kiểu tóc búi cao sát đầu càng làm tôn lên chiếc cổ cao cực phẩm của cô.\r\n\r\nCùng tạo hình Lưu Diệc Phi lấn át mỹ nữ Bắc Kinh: Đẳng cấp thiên tiên là đây Ảnh 2\r\nCùng tạo hình Lưu Diệc Phi lấn át mỹ nữ Bắc Kinh: Đẳng cấp thiên tiên là đây Ảnh 3\r\nMới đây, Cảnh Điềm cũng xuất hiện trong một bộ trang phục có nhiều điểm tương đồng với Lưu Diệc Phi. Cũng là chiếc váy màu vàng lấp lánh, ống tay phồng và chiếc cổ áo ấn tượng, thế nhưng khác là bộ trang phục của nữ chính Tư Đằng bồng bềnh như công chúa. Ngoài ra, Cảnh Điềm cũng chọn kiểu tóc buông xõa tự nhiên thay vì búi cao như Lưu Diệc Phi. Được biết đây là tạo hình của nàng tiểu hoa khi quay một MV âm nhạc.\r\n\r\nCùng tạo hình Lưu Diệc Phi lấn át mỹ nữ Bắc Kinh: Đẳng cấp thiên tiên là đây Ảnh 4\r\nCùng tạo hình Lưu Diệc Phi lấn át mỹ nữ Bắc Kinh: Đẳng cấp thiên tiên là đây Ảnh 5\r\nĐặt lên bàn cân so sánh, khán giả cho rằng ở kiểu trang phục tương đồng thế này Lưu Diệc Phi hoàn toàn lấn át Cảnh Điềm. Không chỉ có nhan sắc thu hút hơn, điểm nổi bật của thần tiên tỷ tỷ so với nàng mỹ nữ Bắc Kinh chính là khí chất ít ai bì kịp. Dù vậy, Cảnh Điềm vẫn hệt như một nàng công chúa xinh đẹp là điều không ai có thể phủ nhận.\r\n\r\nCùng tạo hình Lưu Diệc Phi lấn át mỹ nữ Bắc Kinh: Đẳng cấp thiên tiên là đây Ảnh 6\r\nCùng tạo hình Lưu Diệc Phi lấn át mỹ nữ Bắc Kinh: Đẳng cấp thiên tiên là đây Ảnh 7\r\nTrong 2 năm trở lại đây, thần tiên tỷ tỷ thành công lớn khi quay lại màn ảnh nhỏ với Mộng Hoa Lục và Đi Đến Nơi Có Gió. Được biết hiện tại Lưu Diệc Phi đang quay dự án phim mới là Câu Chuyện Hoa Hồng. Trong khi đó Cảnh Điềm cũng là nữ chính của bộ phim cổ trang Tứ Hải Trọng Minh.\r\n\r\nXem thêm: Pháo Hoa Nhân Gian Của Tôi do Dương Dương và tiểu Lưu Diệc Phi đóng bị tẩy chay\r\n\r\nBài viết\r\n\r\nHạ Băng\r\n\r\nXem tiếp sau quảng cáo\r\n\r\n\r\nTin liên quan\r\nThảm đỏ Rồng Xanh 2023: Song Hye Kyo - Suzy tựa nữ thần, trùm cuối quá đỉnh\r\nNgô Lỗi thừa nhận Triệu Lộ Tư là ánh dương duy nhất trong lòng anh\r\nĐàm Tùng Vận sắp kết hôn, theo chồng bỏ cuộc chơi?\r\nLà tiểu hoa đứng đầu lứa 95, Triệu Lộ Tư bị \u0027nữ thần thanh xuân\u0027 mới nổi hạ gục\r\nPHIM MỚIPHIM HOA NGỮLƯU DIỆC PHICẢNH ĐIỀMCÂU CHUYỆN HOA HỒNG\r\nChia sẻ\r\nBÌNH LUẬN\r\n\r\nPiaLinh x Lâm Phúc Vietnam Idol: \u0027Bạn thì bạn nhưng đã vào cuộc chơi thì...\u0027\r\nPiaLinh x Lâm Phúc Vietnam Idol: \u0027Bạn thì bạn nhưng đã vào cuộc chơi thì...\u0027\r\nRơi - Hà An Huy (MV Lyrics)\r\nKim Nhã tự nhận thất bại trong tình yêu, Mỹ Tâm khai sáng định nghĩa mới\r\nMỹ Tâm khó xử không biết phải làm sao với thí sinh giống Đan Trường?\r\nMai Kim Liên ngỏ ý muốn nhạc sĩ Huy Tuấn trở thành chồng chưa cưới\r\nVietnam Idol 2023 - Tập 2: Dàn thí sinh \u0027khủng\u0027 lộ diện\r\nLoạt biểu cảm siêu đáng yêu, \u0027keo ly mãi mặn\u0027 của Mỹ Tâm tại Vietnam Idol\r\nNguyễn Lâm Phúc Tâm Sự Cùng Người Lạ đi thẳng vào vòng trong\r\nHồ Võ Thanh Thảo ngọt ngào Yêu Xa, bất ngờ nhận vé vàng vào thẳng vòng Nhà Hát\r\nDương Thành Đạt đốn tim Mỹ Tâm khi hát Thương Em Là Điều Anh Không Thể Ngờ\r\nXem thêm\r\nTin tài trợ\r\nQuảng cáo\r\nwww.saostar.vn\r\n\r\nThuộc Hội Người Mẫu Việt Nam\r\n\r\nGiấy phép Tạp chí điện tử Saostar số: 13/GP-BTTTT do Bộ Thông tin \u0026 Truyền Thông cấp ngày 11/01/2016\r\n\r\nTổng biên tập\r\n\r\nNguyễn Quang Minh\r\n\r\nThư ký tòa soạn\r\n\r\nNguyễn Quỳnh Hoa\r\n\r\nTrụ sở TP. Hồ Chí Minh\r\n5B Nguyễn Đình Chiểu, Phường Đa Kao, Quận 1\r\n\r\nHotline\r\n***\r\n\r\nHợp tác nội dung\r\n***\r\n\r\nHợp tác quảng cáo\r\n***\r\n\r\nBẢNG GIÁ QUẢNG CÁO","customer_id":16303137,"rating":5,"images":[{"id":4256220,"full_path":"https://salt.tikicdn.com/ts/review/f5/cb/87/a23bf7e897d13c1ee7a37edc22ccdd45.jpg"}],"created_at":1689777738,"created_by":{"id":16303137,"name":"Lê Thùy Trang","full_name":"Lê Thùy Trang","created_time":"2020-02-07 13:29:31","purchased":true,"purchased_at":1689666773},"product_id":114937969,"timeline":{"review_created_date":"2023-07-19 21:42:18","delivery_date":"2023-07-19 09:48:22"}},{"id":18692669,"title":"Cực kì hài lòng","content":"Hài lòng về sản phẩm. Cuốn này những người trẻ hoặc đã từng trẻ nên đọc vì độ tuổi này đều có những nỗi chán chường, buồn man mát là tất yếu của sự trưởng thành, là dũng cảm vượt qua hoặc là bị khó khăn thử thách nhấn chìm vĩnh viễn. Tiki giao hàng nhanh, dịch vụ tốt","customer_id":1889344,"rating":5,"images":[{"id":4092346,"full_path":"https://salt.tikicdn.com/ts/review/8b/b2/75/202759835e19867c7a70f5aef8d53946.jpg"},{"id":4092347,"full_path":"https://salt.tikicdn.com/ts/review/41/5e/9c/29ddbda36a24314c0447c99f86acf2fd.jpg"}],"created_at":1674907289,"created_by":{"id":1889344,"name":"Nguyễn Anh","full_name":"Nguyễn Anh","created_time":"2016-11-13 15:03:24","purchased":true,"purchased_at":1674752706},"product_id":114937969,"timeline":{"review_created_date":"2023-01-28 19:01:29","delivery_date":"2023-01-28 15:46:12"}}]}