{"id":114937975,"dbId":11866,"createdAt":1628701200000,"name":"Bóng Trăng Trắng Ngà","short_description":"Ẩn sau lời bài hát du dương êm ả, vang lên mỗi độ Trung Thu về, lại ẩn chứa những câu chuyện đau thương và đầy ghê rợ Bài hát “Thằng Cuội” gợi lên tuổi thơ phá cỗ ngắm trăng tươi đẹp của bao người lại...","description":"\u003cp\u003eẨn sau lời bài hát du dương êm ả, vang lên mỗi độ Trung Thu về, lại ẩn chứa những câu chuyện đau thương và đầy ghê rợ \u003cbr /\u003eBài hát “Thằng Cuội” gợi lên tuổi thơ phá cỗ ngắm trăng tươi đẹp của bao người lại có thể buồn day dứt tới vậy. Liệu có khi nào, bạn lắng nghe bài hát ấy và tự hỏi, nó có ý nghĩa gì hay chưa? \u003c/p\u003e\n\u003cp\u003e“Sáng rơi xuống đồi \u003cbr /\u003eSáng leo lên cây \u003cbr /\u003eSáng mỏi chân rồi \u003cbr /\u003eSáng ngồi xuống đâ” \u003cbr /\u003eBảo cũng như vậy. \u003c/p\u003e\n\u003cp\u003eMột cậu bé mới chỉ 9 tuổi, đã bị thu hút bởi giọng hát tuyệt vời của một cô bé bí ẩn. Cô bé tên Chi, xuất hiện giữa một rừng đom đóm đẹp như mộng. Tình bạn nhanh chóng nảy nở giữa hai đứa trẻ chỉ bằng một bài hát. Chi hay kể cho Bảo nghe những câu chuyện kì dị phía sau từng lời bài hát cô bé hay hát. Những tưởng rằng đó chỉ là những câu chuyện kể vui vẻ thế nhưng, dường như, nhân vật trong từng câu chuyện đó lại dần dần hiện hữu trong cuộc sống thực của Bảo. Một bóng ma không đầu… Một con ma đói… \u003c/p\u003e\n\u003cp\u003eSức khỏe của Bảo sa sút, người thân trong gia đình lo lắng, sợ hãi, thậm chí là rơi vào vòng nguy hiểm\u003c/p\u003e\n\u003cp\u003eChuyện gì đang thực sự xảy ra? Mục đích của cô bé Chi là gì? Cô bé đóng vai trò gì trong những câu chuyện kể ấy, với những gì đang xảy ra với Bảo? Liệu Bảo có thể vượt qua cơn ác mộng và cứu lấy gia đình mình không? \u003c/p\u003e\n\u003cp\u003eKhởi đầu là nỗi sợ hãi, ám ảnh. Kết lại cuốn sách, lại là những cảm xúc đau đớn tới xé lòng. Lòng trắc ẩn của bạn sẽ rung lên những sợi dây cảm xúc, để cùng khóc với những nhân vật. \u003c/p\u003e\n\u003cp\u003eLiệu tà ác có tồn tại hay không? \u003c/p\u003e\n\u003cp\u003eTất cả câu trả lời sẽ có trong cuốn sách “Bóng trăng trắng ngà” của nhà văn Thục Linh, một ấn phẩm tuyệt vời để nhâm nhi vào dịp Trung thu. Nếu bạn đã từng yêu thích ngòi bút của Thục Linh qua những ấn phẩm trước đó như “Ngôi làng cổ mộ” hay “Tứ trấn huyền linh” thì chắc chắn không thể bỏ qua cuốn sách thứ ba này.\u003c/p\u003e\u003cp\u003eGiá sản phẩm trên Tiki đã bao gồm thuế theo luật hiện hành. Bên cạnh đó, tuỳ vào loại sản phẩm, hình thức và địa chỉ giao hàng mà có thể phát sinh thêm chi phí khác như phí vận chuyển, phụ phí hàng cồng kềnh, thuế nhập khẩu (đối với đơn hàng giao từ nước ngoài có giá trị trên 1 triệu đồng).....\u003c/p\u003e","original_price":129000.0,"thumbnail_url":"https://salt.tikicdn.com/cache/280x280/ts/product/e4/7d/57/bca985c1e61c8df910a0a4b0b816125d.jpg","images":[{"base_url":"https://salt.tikicdn.com/ts/product/e4/7d/57/bca985c1e61c8df910a0a4b0b816125d.jpg","dbId":31540},{"base_url":"https://salt.tikicdn.com/ts/product/19/6d/05/a6e66125487e9584f34562ac419769db.jpg","dbId":31541},{"base_url":"https://salt.tikicdn.com/ts/product/c7/ab/c4/2955a2463b0f85cdccb3e03f9f3c2a7d.jpg","dbId":31542},{"base_url":"https://salt.tikicdn.com/ts/product/b6/5e/f0/cdfccb5ea15ca88db9cc449d2b0f3fb7.jpg","dbId":31543},{"base_url":"https://salt.tikicdn.com/ts/product/8c/1a/3b/943ebc38239ffc40d81b6842ae011104.jpg","dbId":31544},{"base_url":"https://salt.tikicdn.com/ts/product/69/5c/15/dd8b113e700daaf46e8a831294b56673.jpg","dbId":31545},{"base_url":"https://salt.tikicdn.com/ts/product/41/e7/b5/3269a46d7b1b630b6f33e502baa2bd6a.jpg","dbId":31546}],"authors":[{"id":186157,"name":"Thục Linh","dbId":6139}],"specifications":[{"name":"Thông tin chung","attributes":[{"name":"Phiên bản sách","value":"Phiên bản thường"},{"name":"Công ty phát hành","value":"Người Trẻ Việt"},{"name":"Ngày xuất bản","value":"2021-07-15 00:00:00"},{"name":"Loại bìa","value":"Bìa mềm"},{"name":"Số trang","value":"312"},{"name":"Nhà xuất bản","value":"Nhà Xuất Bản Phụ Nữ Việt Nam"},{"code":"PUBLICATION_DATE","name":"Kích thước","value":"14.5x20.5 cm"}]}],"stock_item":{"qty":1000},"all_time_quantity_sold":749,"reviews":[{"id":17120315,"title":"Cực kì hài lòng","content":"Sách được giao rất nhanh ạ, vì em đặt trong đợt sale nên giá khá vừa với túi tiền. Mặc dù lúc nhận sách em nghe tiếng sách rơi bộp bộp trong hộp, xót lắm ạ nhưng rất may sách ko bị cong hay móp gì cả ạ","customer_id":23940840,"rating":5,"images":[{"id":3702256,"full_path":"https://salt.tikicdn.com/ts/review/fe/86/64/b9cdb77bb5c072c0774f944d43cedad1.jpg"},{"id":3702257,"full_path":"https://salt.tikicdn.com/ts/review/c8/1b/61/b257ac4c17e4e9e64b27455de6eac905.jpg"},{"id":3702258,"full_path":"https://salt.tikicdn.com/ts/review/92/53/ca/38f3eeafa4cff534ef6a029ff2d67caa.jpg"},{"id":3702259,"full_path":"https://salt.tikicdn.com/ts/review/8a/be/34/234c288bb77d4b21bc3538419851ff9f.jpg"}],"created_at":1658203332,"created_by":{"id":23940840,"name":"Thanh Thảo ","full_name":"Thanh Thảo ","created_time":"2021-10-07 01:15:20","purchased":true,"purchased_at":1658136283},"product_id":114937975,"timeline":{"review_created_date":"2022-07-19 11:02:12","delivery_date":"2022-07-19 10:49:20"}},{"id":13142693,"title":"Cực kì hài lòng","content":"Đầy đủ phụ kiện bản đặc biệt. Vì có chữ ký tác giả nên sách không còn seal nhé. Do khi bọc seal có kèm theo cả móc khoá nên bị cộm hằn lên cả bìa trước lẫn bìa sau luôn. Mà đây cũng là đặc trưng cố hữu của mấy cuốn đb có tặng móc khoá rồi. Hy vọng bên phát hành tìm được cách cải thiện tình trạng này.\n\nVề nội dung thì truyện khá ổn. Lời bài hát của nhạc sĩ Lê Thương mà ai cũng thuộc cũng hát mỗi Tết Trung Thu được tác giả thêm thắt, biến tấu thành những câu chuyện kinh dị pha chút bi thương về số phận và cuộc đời của những người đã khuất. Những vong hồn đó tuy đáng sợ nhưng cũng đáng thương khi ai cũng có một câu chuyện của mình. Chung quy lại họ đến tìm ta cũng chỉ mong có người nghe được câu chuyện của họ, giúp được họ tiêu trừ oán nghiệp hoặc chấp niệm để họ có thể siêu sinh. Cuối sách tác giả bonus thêm vài bài đồng dao nữa, tham khảo từ các tư liệu và truyền miệng trong dân gian.\n\nĐọc cuốn này sau 12 giờ đêm, vì giờ đó mới tỉnh 😅 Cũng không sợ mấy, mất 2 đêm là đọc xong.","customer_id":1886737,"rating":5,"images":[{"id":2738905,"full_path":"https://salt.tikicdn.com/ts/review/c0/fc/a0/97d222de04f3126d2c119f65ce8ab32e.jpg"},{"id":2738906,"full_path":"https://salt.tikicdn.com/ts/review/cd/63/12/ac3a888cf5a96274be73ad0543d9279a.jpg"}],"created_at":1636696666,"created_by":{"id":1886737,"name":"Vân","full_name":"Vân","created_time":"2016-11-12 12:23:06","purchased":true,"purchased_at":1635195307},"product_id":114937975,"timeline":{"review_created_date":"2021-11-12 12:57:46","delivery_date":"2021-10-30 16:33:41"}},{"id":11619577,"title":"Hài lòng","content":"gần phần gáy bìa bọc bên ngoài có nếp bị gấp, mặt sau có vài chỗ bị in hằn. Cơ bản, hài lòng, có kèm cả bookmark vs móc khoá và chữ kí tác giả nên cx hài lòng, bìa được thiết kế tốt.","customer_id":13663931,"rating":4,"images":[{"id":2380679,"full_path":"https://salt.tikicdn.com/ts/review/89/f1/dc/9794aa5abf0cf6c2dd7b44a766e7cb60.jpg"},{"id":2380680,"full_path":"https://salt.tikicdn.com/ts/review/72/ec/57/e5de1fecf2a16fa81b9d7e6f45ca4f8b.jpg"},{"id":2380681,"full_path":"https://salt.tikicdn.com/ts/review/49/4f/22/25727a76b079d70e9bce486ce391779a.jpg"},{"id":2380682,"full_path":"https://salt.tikicdn.com/ts/review/4a/bd/0e/98aee8c2118db6041497a6c6f902c46d.jpg"},{"id":2380683,"full_path":"https://salt.tikicdn.com/ts/review/61/e7/3e/662b652d833a7125e168bc130eeff2e4.jpg"}],"created_at":1628142362,"created_by":{"id":13663931,"name":"Dương Quang Thắng","full_name":"Dương Quang Thắng","created_time":"2019-08-26 16:13:53","purchased":true,"purchased_at":1628041125},"product_id":114937975,"timeline":{"review_created_date":"2021-08-05 12:46:02","delivery_date":"2021-08-05 08:12:31"}},{"id":17624017,"title":"Cực kì hài lòng","content":"Sách đẹp, chất lượng giấy ổn, Tiki giao hàng nhanh. Nội dung lôi cuốn, hấp dẫn, rất thích đọc sách của chị Thục Linh, mong sắp tới sẽ có nhiều đầu sách hay từ chị.","customer_id":149872,"rating":5,"images":[{"id":3855411,"full_path":"https://salt.tikicdn.com/ts/review/53/a2/d7/e428612e22554d377599617287519ac9.jpg"},{"id":3855412,"full_path":"https://salt.tikicdn.com/ts/review/8a/25/ca/457026d53d80948953e8f260aaaf755a.jpg"},{"id":3855413,"full_path":"https://salt.tikicdn.com/ts/review/35/af/80/3eb3bd7693263d1eba3732177291b9c9.jpg"}],"created_at":1662548264,"created_by":{"id":149872,"name":"Đỗ Đức  Đạt Ngọc","full_name":"Đỗ Đức  Đạt Ngọc","created_time":"2013-08-19 21:10:43","purchased":true,"purchased_at":1661768082},"product_id":114937975,"timeline":{"review_created_date":"2022-09-07 17:57:44","delivery_date":"2022-08-29 19:48:30"}},{"id":12032024,"title":"Cực kì hài lòng","content":"Mặc dù tiki thông báo đơn hàng sẽ muộn so với lịch dự kiến 7-10 ngày\nnhưng tiki vẫn cbi hàng và giao đúng hẹn\nMình mới biết đến tác giả Thục linh và 2 tác phẩm này của c, mình thấy khá là thú vị sau khi đọc review của mọi ng nên đã mua ngay 2 em nó. Trước đây mình đa phần hay đọc trinh thám kinh dị của các tác giả nước ngoài hơn, sau khi lấn sân sang 1 số tác phẩm của tác giả Việt, mình cảm thấy lối viết, xây dựng nv và nội dụng chn rất hay, vừa kinh dị vừa mang hơi hướng tâm linh, đôi khi lại pha chút trinh thám nữa. \nSách đã về rồi, h phải đọc ngay thôi 😉","customer_id":6193025,"rating":5,"images":[{"id":2461672,"full_path":"https://salt.tikicdn.com/ts/review/08/e4/38/ff5eb927e8406f583928ebb2687585a8.jpg"},{"id":2461673,"full_path":"https://salt.tikicdn.com/ts/review/de/21/e0/39ce2a95a5fd0c45f7ccb181cffa1fdc.jpg"}],"created_at":1630071164,"created_by":{"id":6193025,"name":"EnZy Kim","full_name":"EnZy Kim","created_time":"2017-12-11 19:18:17","purchased":true,"purchased_at":1629685597},"product_id":114937975,"timeline":{"review_created_date":"2021-08-27 20:32:44","delivery_date":"2021-08-26 16:38:01"}},{"id":17120315,"title":"Cực kì hài lòng","content":"Sách được giao rất nhanh ạ, vì em đặt trong đợt sale nên giá khá vừa với túi tiền. Mặc dù lúc nhận sách em nghe tiếng sách rơi bộp bộp trong hộp, xót lắm ạ nhưng rất may sách ko bị cong hay móp gì cả ạ","customer_id":23940840,"rating":5,"images":[{"id":3702256,"full_path":"https://salt.tikicdn.com/ts/review/fe/86/64/b9cdb77bb5c072c0774f944d43cedad1.jpg"},{"id":3702257,"full_path":"https://salt.tikicdn.com/ts/review/c8/1b/61/b257ac4c17e4e9e64b27455de6eac905.jpg"},{"id":3702258,"full_path":"https://salt.tikicdn.com/ts/review/92/53/ca/38f3eeafa4cff534ef6a029ff2d67caa.jpg"},{"id":3702259,"full_path":"https://salt.tikicdn.com/ts/review/8a/be/34/234c288bb77d4b21bc3538419851ff9f.jpg"}],"created_at":1658203332,"created_by":{"id":23940840,"name":"Thanh Thảo ","full_name":"Thanh Thảo ","created_time":"2021-10-07 01:15:20","purchased":true,"purchased_at":1658136283},"product_id":114937975,"timeline":{"review_created_date":"2022-07-19 11:02:12","delivery_date":"2022-07-19 10:49:20"}},{"id":13142693,"title":"Cực kì hài lòng","content":"Đầy đủ phụ kiện bản đặc biệt. Vì có chữ ký tác giả nên sách không còn seal nhé. Do khi bọc seal có kèm theo cả móc khoá nên bị cộm hằn lên cả bìa trước lẫn bìa sau luôn. Mà đây cũng là đặc trưng cố hữu của mấy cuốn đb có tặng móc khoá rồi. Hy vọng bên phát hành tìm được cách cải thiện tình trạng này.\n\nVề nội dung thì truyện khá ổn. Lời bài hát của nhạc sĩ Lê Thương mà ai cũng thuộc cũng hát mỗi Tết Trung Thu được tác giả thêm thắt, biến tấu thành những câu chuyện kinh dị pha chút bi thương về số phận và cuộc đời của những người đã khuất. Những vong hồn đó tuy đáng sợ nhưng cũng đáng thương khi ai cũng có một câu chuyện của mình. Chung quy lại họ đến tìm ta cũng chỉ mong có người nghe được câu chuyện của họ, giúp được họ tiêu trừ oán nghiệp hoặc chấp niệm để họ có thể siêu sinh. Cuối sách tác giả bonus thêm vài bài đồng dao nữa, tham khảo từ các tư liệu và truyền miệng trong dân gian.\n\nĐọc cuốn này sau 12 giờ đêm, vì giờ đó mới tỉnh 😅 Cũng không sợ mấy, mất 2 đêm là đọc xong.","customer_id":1886737,"rating":5,"images":[{"id":2738905,"full_path":"https://salt.tikicdn.com/ts/review/c0/fc/a0/97d222de04f3126d2c119f65ce8ab32e.jpg"},{"id":2738906,"full_path":"https://salt.tikicdn.com/ts/review/cd/63/12/ac3a888cf5a96274be73ad0543d9279a.jpg"}],"created_at":1636696666,"created_by":{"id":1886737,"name":"Vân","full_name":"Vân","created_time":"2016-11-12 12:23:06","purchased":true,"purchased_at":1635195307},"product_id":114937975,"timeline":{"review_created_date":"2021-11-12 12:57:46","delivery_date":"2021-10-30 16:33:41"}},{"id":11619577,"title":"Hài lòng","content":"gần phần gáy bìa bọc bên ngoài có nếp bị gấp, mặt sau có vài chỗ bị in hằn. Cơ bản, hài lòng, có kèm cả bookmark vs móc khoá và chữ kí tác giả nên cx hài lòng, bìa được thiết kế tốt.","customer_id":13663931,"rating":4,"images":[{"id":2380679,"full_path":"https://salt.tikicdn.com/ts/review/89/f1/dc/9794aa5abf0cf6c2dd7b44a766e7cb60.jpg"},{"id":2380680,"full_path":"https://salt.tikicdn.com/ts/review/72/ec/57/e5de1fecf2a16fa81b9d7e6f45ca4f8b.jpg"},{"id":2380681,"full_path":"https://salt.tikicdn.com/ts/review/49/4f/22/25727a76b079d70e9bce486ce391779a.jpg"},{"id":2380682,"full_path":"https://salt.tikicdn.com/ts/review/4a/bd/0e/98aee8c2118db6041497a6c6f902c46d.jpg"},{"id":2380683,"full_path":"https://salt.tikicdn.com/ts/review/61/e7/3e/662b652d833a7125e168bc130eeff2e4.jpg"}],"created_at":1628142362,"created_by":{"id":13663931,"name":"Dương Quang Thắng","full_name":"Dương Quang Thắng","created_time":"2019-08-26 16:13:53","purchased":true,"purchased_at":1628041125},"product_id":114937975,"timeline":{"review_created_date":"2021-08-05 12:46:02","delivery_date":"2021-08-05 08:12:31"}},{"id":17624017,"title":"Cực kì hài lòng","content":"Sách đẹp, chất lượng giấy ổn, Tiki giao hàng nhanh. Nội dung lôi cuốn, hấp dẫn, rất thích đọc sách của chị Thục Linh, mong sắp tới sẽ có nhiều đầu sách hay từ chị.","customer_id":149872,"rating":5,"images":[{"id":3855411,"full_path":"https://salt.tikicdn.com/ts/review/53/a2/d7/e428612e22554d377599617287519ac9.jpg"},{"id":3855412,"full_path":"https://salt.tikicdn.com/ts/review/8a/25/ca/457026d53d80948953e8f260aaaf755a.jpg"},{"id":3855413,"full_path":"https://salt.tikicdn.com/ts/review/35/af/80/3eb3bd7693263d1eba3732177291b9c9.jpg"}],"created_at":1662548264,"created_by":{"id":149872,"name":"Đỗ Đức  Đạt Ngọc","full_name":"Đỗ Đức  Đạt Ngọc","created_time":"2013-08-19 21:10:43","purchased":true,"purchased_at":1661768082},"product_id":114937975,"timeline":{"review_created_date":"2022-09-07 17:57:44","delivery_date":"2022-08-29 19:48:30"}},{"id":12032024,"title":"Cực kì hài lòng","content":"Mặc dù tiki thông báo đơn hàng sẽ muộn so với lịch dự kiến 7-10 ngày\nnhưng tiki vẫn cbi hàng và giao đúng hẹn\nMình mới biết đến tác giả Thục linh và 2 tác phẩm này của c, mình thấy khá là thú vị sau khi đọc review của mọi ng nên đã mua ngay 2 em nó. Trước đây mình đa phần hay đọc trinh thám kinh dị của các tác giả nước ngoài hơn, sau khi lấn sân sang 1 số tác phẩm của tác giả Việt, mình cảm thấy lối viết, xây dựng nv và nội dụng chn rất hay, vừa kinh dị vừa mang hơi hướng tâm linh, đôi khi lại pha chút trinh thám nữa. \nSách đã về rồi, h phải đọc ngay thôi 😉","customer_id":6193025,"rating":5,"images":[{"id":2461672,"full_path":"https://salt.tikicdn.com/ts/review/08/e4/38/ff5eb927e8406f583928ebb2687585a8.jpg"},{"id":2461673,"full_path":"https://salt.tikicdn.com/ts/review/de/21/e0/39ce2a95a5fd0c45f7ccb181cffa1fdc.jpg"}],"created_at":1630071164,"created_by":{"id":6193025,"name":"EnZy Kim","full_name":"EnZy Kim","created_time":"2017-12-11 19:18:17","purchased":true,"purchased_at":1629685597},"product_id":114937975,"timeline":{"review_created_date":"2021-08-27 20:32:44","delivery_date":"2021-08-26 16:38:01"}},{"id":17120315,"title":"Cực kì hài lòng","content":"Sách được giao rất nhanh ạ, vì em đặt trong đợt sale nên giá khá vừa với túi tiền. Mặc dù lúc nhận sách em nghe tiếng sách rơi bộp bộp trong hộp, xót lắm ạ nhưng rất may sách ko bị cong hay móp gì cả ạ","customer_id":23940840,"rating":5,"images":[{"id":3702256,"full_path":"https://salt.tikicdn.com/ts/review/fe/86/64/b9cdb77bb5c072c0774f944d43cedad1.jpg"},{"id":3702257,"full_path":"https://salt.tikicdn.com/ts/review/c8/1b/61/b257ac4c17e4e9e64b27455de6eac905.jpg"},{"id":3702258,"full_path":"https://salt.tikicdn.com/ts/review/92/53/ca/38f3eeafa4cff534ef6a029ff2d67caa.jpg"},{"id":3702259,"full_path":"https://salt.tikicdn.com/ts/review/8a/be/34/234c288bb77d4b21bc3538419851ff9f.jpg"}],"created_at":1658203332,"created_by":{"id":23940840,"name":"Thanh Thảo ","full_name":"Thanh Thảo ","created_time":"2021-10-07 01:15:20","purchased":true,"purchased_at":1658136283},"product_id":114937975,"timeline":{"review_created_date":"2022-07-19 11:02:12","delivery_date":"2022-07-19 10:49:20"}},{"id":13142693,"title":"Cực kì hài lòng","content":"Đầy đủ phụ kiện bản đặc biệt. Vì có chữ ký tác giả nên sách không còn seal nhé. Do khi bọc seal có kèm theo cả móc khoá nên bị cộm hằn lên cả bìa trước lẫn bìa sau luôn. Mà đây cũng là đặc trưng cố hữu của mấy cuốn đb có tặng móc khoá rồi. Hy vọng bên phát hành tìm được cách cải thiện tình trạng này.\n\nVề nội dung thì truyện khá ổn. Lời bài hát của nhạc sĩ Lê Thương mà ai cũng thuộc cũng hát mỗi Tết Trung Thu được tác giả thêm thắt, biến tấu thành những câu chuyện kinh dị pha chút bi thương về số phận và cuộc đời của những người đã khuất. Những vong hồn đó tuy đáng sợ nhưng cũng đáng thương khi ai cũng có một câu chuyện của mình. Chung quy lại họ đến tìm ta cũng chỉ mong có người nghe được câu chuyện của họ, giúp được họ tiêu trừ oán nghiệp hoặc chấp niệm để họ có thể siêu sinh. Cuối sách tác giả bonus thêm vài bài đồng dao nữa, tham khảo từ các tư liệu và truyền miệng trong dân gian.\n\nĐọc cuốn này sau 12 giờ đêm, vì giờ đó mới tỉnh 😅 Cũng không sợ mấy, mất 2 đêm là đọc xong.","customer_id":1886737,"rating":5,"images":[{"id":2738905,"full_path":"https://salt.tikicdn.com/ts/review/c0/fc/a0/97d222de04f3126d2c119f65ce8ab32e.jpg"},{"id":2738906,"full_path":"https://salt.tikicdn.com/ts/review/cd/63/12/ac3a888cf5a96274be73ad0543d9279a.jpg"}],"created_at":1636696666,"created_by":{"id":1886737,"name":"Vân","full_name":"Vân","created_time":"2016-11-12 12:23:06","purchased":true,"purchased_at":1635195307},"product_id":114937975,"timeline":{"review_created_date":"2021-11-12 12:57:46","delivery_date":"2021-10-30 16:33:41"}},{"id":11619577,"title":"Hài lòng","content":"gần phần gáy bìa bọc bên ngoài có nếp bị gấp, mặt sau có vài chỗ bị in hằn. Cơ bản, hài lòng, có kèm cả bookmark vs móc khoá và chữ kí tác giả nên cx hài lòng, bìa được thiết kế tốt.","customer_id":13663931,"rating":4,"images":[{"id":2380679,"full_path":"https://salt.tikicdn.com/ts/review/89/f1/dc/9794aa5abf0cf6c2dd7b44a766e7cb60.jpg"},{"id":2380680,"full_path":"https://salt.tikicdn.com/ts/review/72/ec/57/e5de1fecf2a16fa81b9d7e6f45ca4f8b.jpg"},{"id":2380681,"full_path":"https://salt.tikicdn.com/ts/review/49/4f/22/25727a76b079d70e9bce486ce391779a.jpg"},{"id":2380682,"full_path":"https://salt.tikicdn.com/ts/review/4a/bd/0e/98aee8c2118db6041497a6c6f902c46d.jpg"},{"id":2380683,"full_path":"https://salt.tikicdn.com/ts/review/61/e7/3e/662b652d833a7125e168bc130eeff2e4.jpg"}],"created_at":1628142362,"created_by":{"id":13663931,"name":"Dương Quang Thắng","full_name":"Dương Quang Thắng","created_time":"2019-08-26 16:13:53","purchased":true,"purchased_at":1628041125},"product_id":114937975,"timeline":{"review_created_date":"2021-08-05 12:46:02","delivery_date":"2021-08-05 08:12:31"}},{"id":17624017,"title":"Cực kì hài lòng","content":"Sách đẹp, chất lượng giấy ổn, Tiki giao hàng nhanh. Nội dung lôi cuốn, hấp dẫn, rất thích đọc sách của chị Thục Linh, mong sắp tới sẽ có nhiều đầu sách hay từ chị.","customer_id":149872,"rating":5,"images":[{"id":3855411,"full_path":"https://salt.tikicdn.com/ts/review/53/a2/d7/e428612e22554d377599617287519ac9.jpg"},{"id":3855412,"full_path":"https://salt.tikicdn.com/ts/review/8a/25/ca/457026d53d80948953e8f260aaaf755a.jpg"},{"id":3855413,"full_path":"https://salt.tikicdn.com/ts/review/35/af/80/3eb3bd7693263d1eba3732177291b9c9.jpg"}],"created_at":1662548264,"created_by":{"id":149872,"name":"Đỗ Đức  Đạt Ngọc","full_name":"Đỗ Đức  Đạt Ngọc","created_time":"2013-08-19 21:10:43","purchased":true,"purchased_at":1661768082},"product_id":114937975,"timeline":{"review_created_date":"2022-09-07 17:57:44","delivery_date":"2022-08-29 19:48:30"}},{"id":12032024,"title":"Cực kì hài lòng","content":"Mặc dù tiki thông báo đơn hàng sẽ muộn so với lịch dự kiến 7-10 ngày\nnhưng tiki vẫn cbi hàng và giao đúng hẹn\nMình mới biết đến tác giả Thục linh và 2 tác phẩm này của c, mình thấy khá là thú vị sau khi đọc review của mọi ng nên đã mua ngay 2 em nó. Trước đây mình đa phần hay đọc trinh thám kinh dị của các tác giả nước ngoài hơn, sau khi lấn sân sang 1 số tác phẩm của tác giả Việt, mình cảm thấy lối viết, xây dựng nv và nội dụng chn rất hay, vừa kinh dị vừa mang hơi hướng tâm linh, đôi khi lại pha chút trinh thám nữa. \nSách đã về rồi, h phải đọc ngay thôi 😉","customer_id":6193025,"rating":5,"images":[{"id":2461672,"full_path":"https://salt.tikicdn.com/ts/review/08/e4/38/ff5eb927e8406f583928ebb2687585a8.jpg"},{"id":2461673,"full_path":"https://salt.tikicdn.com/ts/review/de/21/e0/39ce2a95a5fd0c45f7ccb181cffa1fdc.jpg"}],"created_at":1630071164,"created_by":{"id":6193025,"name":"EnZy Kim","full_name":"EnZy Kim","created_time":"2017-12-11 19:18:17","purchased":true,"purchased_at":1629685597},"product_id":114937975,"timeline":{"review_created_date":"2021-08-27 20:32:44","delivery_date":"2021-08-26 16:38:01"}},{"id":17120315,"title":"Cực kì hài lòng","content":"Sách được giao rất nhanh ạ, vì em đặt trong đợt sale nên giá khá vừa với túi tiền. Mặc dù lúc nhận sách em nghe tiếng sách rơi bộp bộp trong hộp, xót lắm ạ nhưng rất may sách ko bị cong hay móp gì cả ạ","customer_id":23940840,"rating":5,"images":[{"id":3702256,"full_path":"https://salt.tikicdn.com/ts/review/fe/86/64/b9cdb77bb5c072c0774f944d43cedad1.jpg"},{"id":3702257,"full_path":"https://salt.tikicdn.com/ts/review/c8/1b/61/b257ac4c17e4e9e64b27455de6eac905.jpg"},{"id":3702258,"full_path":"https://salt.tikicdn.com/ts/review/92/53/ca/38f3eeafa4cff534ef6a029ff2d67caa.jpg"},{"id":3702259,"full_path":"https://salt.tikicdn.com/ts/review/8a/be/34/234c288bb77d4b21bc3538419851ff9f.jpg"}],"created_at":1658203332,"created_by":{"id":23940840,"name":"Thanh Thảo ","full_name":"Thanh Thảo ","created_time":"2021-10-07 01:15:20","purchased":true,"purchased_at":1658136283},"product_id":114937975,"timeline":{"review_created_date":"2022-07-19 11:02:12","delivery_date":"2022-07-19 10:49:20"}},{"id":13142693,"title":"Cực kì hài lòng","content":"Đầy đủ phụ kiện bản đặc biệt. Vì có chữ ký tác giả nên sách không còn seal nhé. Do khi bọc seal có kèm theo cả móc khoá nên bị cộm hằn lên cả bìa trước lẫn bìa sau luôn. Mà đây cũng là đặc trưng cố hữu của mấy cuốn đb có tặng móc khoá rồi. Hy vọng bên phát hành tìm được cách cải thiện tình trạng này.\n\nVề nội dung thì truyện khá ổn. Lời bài hát của nhạc sĩ Lê Thương mà ai cũng thuộc cũng hát mỗi Tết Trung Thu được tác giả thêm thắt, biến tấu thành những câu chuyện kinh dị pha chút bi thương về số phận và cuộc đời của những người đã khuất. Những vong hồn đó tuy đáng sợ nhưng cũng đáng thương khi ai cũng có một câu chuyện của mình. Chung quy lại họ đến tìm ta cũng chỉ mong có người nghe được câu chuyện của họ, giúp được họ tiêu trừ oán nghiệp hoặc chấp niệm để họ có thể siêu sinh. Cuối sách tác giả bonus thêm vài bài đồng dao nữa, tham khảo từ các tư liệu và truyền miệng trong dân gian.\n\nĐọc cuốn này sau 12 giờ đêm, vì giờ đó mới tỉnh 😅 Cũng không sợ mấy, mất 2 đêm là đọc xong.","customer_id":1886737,"rating":5,"images":[{"id":2738905,"full_path":"https://salt.tikicdn.com/ts/review/c0/fc/a0/97d222de04f3126d2c119f65ce8ab32e.jpg"},{"id":2738906,"full_path":"https://salt.tikicdn.com/ts/review/cd/63/12/ac3a888cf5a96274be73ad0543d9279a.jpg"}],"created_at":1636696666,"created_by":{"id":1886737,"name":"Vân","full_name":"Vân","created_time":"2016-11-12 12:23:06","purchased":true,"purchased_at":1635195307},"product_id":114937975,"timeline":{"review_created_date":"2021-11-12 12:57:46","delivery_date":"2021-10-30 16:33:41"}},{"id":11619577,"title":"Hài lòng","content":"gần phần gáy bìa bọc bên ngoài có nếp bị gấp, mặt sau có vài chỗ bị in hằn. Cơ bản, hài lòng, có kèm cả bookmark vs móc khoá và chữ kí tác giả nên cx hài lòng, bìa được thiết kế tốt.","customer_id":13663931,"rating":4,"images":[{"id":2380679,"full_path":"https://salt.tikicdn.com/ts/review/89/f1/dc/9794aa5abf0cf6c2dd7b44a766e7cb60.jpg"},{"id":2380680,"full_path":"https://salt.tikicdn.com/ts/review/72/ec/57/e5de1fecf2a16fa81b9d7e6f45ca4f8b.jpg"},{"id":2380681,"full_path":"https://salt.tikicdn.com/ts/review/49/4f/22/25727a76b079d70e9bce486ce391779a.jpg"},{"id":2380682,"full_path":"https://salt.tikicdn.com/ts/review/4a/bd/0e/98aee8c2118db6041497a6c6f902c46d.jpg"},{"id":2380683,"full_path":"https://salt.tikicdn.com/ts/review/61/e7/3e/662b652d833a7125e168bc130eeff2e4.jpg"}],"created_at":1628142362,"created_by":{"id":13663931,"name":"Dương Quang Thắng","full_name":"Dương Quang Thắng","created_time":"2019-08-26 16:13:53","purchased":true,"purchased_at":1628041125},"product_id":114937975,"timeline":{"review_created_date":"2021-08-05 12:46:02","delivery_date":"2021-08-05 08:12:31"}},{"id":17624017,"title":"Cực kì hài lòng","content":"Sách đẹp, chất lượng giấy ổn, Tiki giao hàng nhanh. Nội dung lôi cuốn, hấp dẫn, rất thích đọc sách của chị Thục Linh, mong sắp tới sẽ có nhiều đầu sách hay từ chị.","customer_id":149872,"rating":5,"images":[{"id":3855411,"full_path":"https://salt.tikicdn.com/ts/review/53/a2/d7/e428612e22554d377599617287519ac9.jpg"},{"id":3855412,"full_path":"https://salt.tikicdn.com/ts/review/8a/25/ca/457026d53d80948953e8f260aaaf755a.jpg"},{"id":3855413,"full_path":"https://salt.tikicdn.com/ts/review/35/af/80/3eb3bd7693263d1eba3732177291b9c9.jpg"}],"created_at":1662548264,"created_by":{"id":149872,"name":"Đỗ Đức  Đạt Ngọc","full_name":"Đỗ Đức  Đạt Ngọc","created_time":"2013-08-19 21:10:43","purchased":true,"purchased_at":1661768082},"product_id":114937975,"timeline":{"review_created_date":"2022-09-07 17:57:44","delivery_date":"2022-08-29 19:48:30"}},{"id":12032024,"title":"Cực kì hài lòng","content":"Mặc dù tiki thông báo đơn hàng sẽ muộn so với lịch dự kiến 7-10 ngày\nnhưng tiki vẫn cbi hàng và giao đúng hẹn\nMình mới biết đến tác giả Thục linh và 2 tác phẩm này của c, mình thấy khá là thú vị sau khi đọc review của mọi ng nên đã mua ngay 2 em nó. Trước đây mình đa phần hay đọc trinh thám kinh dị của các tác giả nước ngoài hơn, sau khi lấn sân sang 1 số tác phẩm của tác giả Việt, mình cảm thấy lối viết, xây dựng nv và nội dụng chn rất hay, vừa kinh dị vừa mang hơi hướng tâm linh, đôi khi lại pha chút trinh thám nữa. \nSách đã về rồi, h phải đọc ngay thôi 😉","customer_id":6193025,"rating":5,"images":[{"id":2461672,"full_path":"https://salt.tikicdn.com/ts/review/08/e4/38/ff5eb927e8406f583928ebb2687585a8.jpg"},{"id":2461673,"full_path":"https://salt.tikicdn.com/ts/review/de/21/e0/39ce2a95a5fd0c45f7ccb181cffa1fdc.jpg"}],"created_at":1630071164,"created_by":{"id":6193025,"name":"EnZy Kim","full_name":"EnZy Kim","created_time":"2017-12-11 19:18:17","purchased":true,"purchased_at":1629685597},"product_id":114937975,"timeline":{"review_created_date":"2021-08-27 20:32:44","delivery_date":"2021-08-26 16:38:01"}}]}