{"id":116452116,"dbId":12155,"createdAt":1629395468000,"name":"Gấm rách (Tái bản 2021 - Bổ sung ngoại truyện)","short_description":"   Phỉ Ngã Tư Tồn với bút danh mang ý nghĩa “em luôn nơi đây nhưng anh lại ở mãi bên kia chân trời” –  là một trong những nhà văn hàng đầu của thể loại tiểu thuyết tình yêu đô thị của Trung Quốc.    ...","description":"\u003cp\u003e   \u003cstrong\u003ePhỉ Ngã Tư Tồn\u003c/strong\u003e với bút danh mang ý nghĩa “em luôn nơi đây nhưng anh lại ở mãi bên kia chân trời” –  là một trong những nhà văn hàng đầu của thể loại tiểu thuyết tình yêu đô thị của Trung Quốc. \u003c/p\u003e\n\u003cp\u003e\u003cstrong\u003e   Gấm Rách\u003c/strong\u003e\u003c/p\u003e\n\u003cp\u003eĐây là một câu chuyện bi thương, tình yêu là một cái bẫy được sắp đặt sẵn… Không giấu được không nói được không quản được. Trong dòng lệ mơ hồ nhìn anh một mình đứng giữa vạn người. Bây giờ mới biết. Chân trời trong gang tấc đã khó vượt qua như thế. Đời này. Đời này kiếp này của anh và em. Keo kiệt đến mức không thể cho quá nhiều.\u003c/p\u003e\n\u003cp\u003e   Chỉ sợ không đành lòng.\u003c/p\u003e\u003cp\u003eGiá sản phẩm trên Tiki đã bao gồm thuế theo luật hiện hành. Bên cạnh đó, tuỳ vào loại sản phẩm, hình thức và địa chỉ giao hàng mà có thể phát sinh thêm chi phí khác như phí vận chuyển, phụ phí hàng cồng kềnh, thuế nhập khẩu (đối với đơn hàng giao từ nước ngoài có giá trị trên 1 triệu đồng).....\u003c/p\u003e","original_price":155000.0,"thumbnail_url":"https://salt.tikicdn.com/cache/280x280/ts/product/17/ef/8d/eb7bc97461aab6c8e74ad66d0e31c17d.jpg","images":[{"base_url":"https://salt.tikicdn.com/ts/product/17/ef/8d/eb7bc97461aab6c8e74ad66d0e31c17d.jpg","dbId":32363},{"base_url":"https://salt.tikicdn.com/ts/product/b0/85/16/b683ef232c11d5be78f0721db7864e69.jpg","dbId":32364},{"base_url":"https://salt.tikicdn.com/ts/product/d6/a6/ca/9607aa68ffef8dc6a6fc3ecd4642915d.jpg","dbId":32365}],"authors":[{"id":13109,"name":"Phỉ Ngã Tư Tồn","dbId":6371}],"specifications":[{"name":"Thông tin chung","attributes":[{"name":"Công ty phát hành","value":"CÔNG TY CỔ PHẦN VĂN HOÁ TRUYỀN THÔNG SEN VIỆT"},{"name":"Ngày xuất bản","value":"2021-07-30 00:51:08"},{"name":"Loại bìa","value":"Bìa mềm"},{"name":"Số trang","value":"356"},{"name":"Nhà xuất bản","value":"Nhà Xuất Bản Văn Học"}]}],"stock_item":{"qty":1000},"all_time_quantity_sold":26,"reviews":[{"id":16680507,"title":"Rất không hài lòng","content":"bán sách mà không trân trọng sách, sách giao không bọc kỹ, bị cấn góc. tôi chọn mua bên này vì lúc đầu có để sách sẽ được bọc. quá thất vọng khi mở hàng, cho dù không bọc cũng phải gói hàng cho cẩn thận chứ. sẽ không mua lần thứ 2.","customer_id":27649358,"rating":1,"images":[{"id":3579961,"full_path":"https://salt.tikicdn.com/ts/review/ec/bf/eb/b95a9320474860c9ea8bd5854b8301bd.jpg"},{"id":3579962,"full_path":"https://salt.tikicdn.com/ts/review/98/b6/e7/805dcb698d599a6ae4572f91c4b17600.jpg"}],"created_at":1655006304,"created_by":{"id":27649358,"name":"Huỳnh Thị trúc linh","full_name":"Huỳnh Thị trúc linh","created_time":"2022-06-08 19:49:38","purchased":true,"purchased_at":1654762606},"product_id":116452116,"timeline":{"review_created_date":"2022-06-12 10:58:24","delivery_date":"2022-06-12 10:43:48"}},{"id":19771086,"title":"Cực kì hài lòng","content":"Cũng được","customer_id":17072141,"rating":5,"images":[],"created_at":1708157406,"created_by":{"id":17072141,"name":"Wen Ya","full_name":"Wen Ya","created_time":"2020-04-09 18:28:15","purchased":true,"purchased_at":1707381940},"product_id":116452116,"timeline":{"review_created_date":"2024-02-17 15:10:06","delivery_date":"2024-02-17 15:01:05"}},{"id":18514749,"title":"Bình thường","content":"Mình tưởng bên shop tiki còn bản 2021 nên mua chịu tiền ship, mà giao về lại bản 2022","customer_id":28274828,"rating":3,"images":[{"id":4056165,"full_path":"https://salt.tikicdn.com/ts/review/1a/e1/16/ab71edbacd5ed6787af0a728bd021bea.jpg"}],"created_at":1672111387,"created_by":{"id":28274828,"name":"Lai Khanh Linh","full_name":"Lai Khanh Linh","created_time":"2022-10-03 08:29:13","purchased":true,"purchased_at":1671889808},"product_id":116452116,"timeline":{"review_created_date":"2022-12-27 10:23:07","delivery_date":"2022-12-27 10:16:13"}},{"id":17142639,"title":"Cực kì hài lòng","content":"sách được bọc kĩ càng lắm ạ, kh bị móp méo, giao nhanh, 1 ngày là nhận được rồi","customer_id":27630147,"rating":5,"images":[],"created_at":1658330489,"created_by":{"id":27630147,"name":"a th","full_name":"a th","created_time":"2022-06-05 17:31:37","purchased":true,"purchased_at":1658164835},"product_id":116452116,"timeline":{"review_created_date":"2022-07-20 22:21:29","delivery_date":"2022-07-20 17:18:55"}},{"id":19418035,"title":"Cực kì hài lòng","content":"","customer_id":29079483,"rating":5,"images":[],"created_at":1690614382,"created_by":{"id":29079483,"name":"NGUYỄN THỊ MINH THƯ","full_name":"NGUYỄN THỊ MINH THƯ","created_time":"2023-04-29 12:41:26","purchased":true,"purchased_at":1690281109},"product_id":116452116,"timeline":{"review_created_date":"2023-07-29 14:06:22","delivery_date":"2023-07-29 14:01:23"}},{"id":16680507,"title":"Rất không hài lòng","content":"bán sách mà không trân trọng sách, sách giao không bọc kỹ, bị cấn góc. tôi chọn mua bên này vì lúc đầu có để sách sẽ được bọc. quá thất vọng khi mở hàng, cho dù không bọc cũng phải gói hàng cho cẩn thận chứ. sẽ không mua lần thứ 2.","customer_id":27649358,"rating":1,"images":[{"id":3579961,"full_path":"https://salt.tikicdn.com/ts/review/ec/bf/eb/b95a9320474860c9ea8bd5854b8301bd.jpg"},{"id":3579962,"full_path":"https://salt.tikicdn.com/ts/review/98/b6/e7/805dcb698d599a6ae4572f91c4b17600.jpg"}],"created_at":1655006304,"created_by":{"id":27649358,"name":"Huỳnh Thị trúc linh","full_name":"Huỳnh Thị trúc linh","created_time":"2022-06-08 19:49:38","purchased":true,"purchased_at":1654762606},"product_id":116452116,"timeline":{"review_created_date":"2022-06-12 10:58:24","delivery_date":"2022-06-12 10:43:48"}},{"id":19771086,"title":"Cực kì hài lòng","content":"Cũng được","customer_id":17072141,"rating":5,"images":[],"created_at":1708157406,"created_by":{"id":17072141,"name":"Wen Ya","full_name":"Wen Ya","created_time":"2020-04-09 18:28:15","purchased":true,"purchased_at":1707381940},"product_id":116452116,"timeline":{"review_created_date":"2024-02-17 15:10:06","delivery_date":"2024-02-17 15:01:05"}},{"id":18514749,"title":"Bình thường","content":"Mình tưởng bên shop tiki còn bản 2021 nên mua chịu tiền ship, mà giao về lại bản 2022","customer_id":28274828,"rating":3,"images":[{"id":4056165,"full_path":"https://salt.tikicdn.com/ts/review/1a/e1/16/ab71edbacd5ed6787af0a728bd021bea.jpg"}],"created_at":1672111387,"created_by":{"id":28274828,"name":"Lai Khanh Linh","full_name":"Lai Khanh Linh","created_time":"2022-10-03 08:29:13","purchased":true,"purchased_at":1671889808},"product_id":116452116,"timeline":{"review_created_date":"2022-12-27 10:23:07","delivery_date":"2022-12-27 10:16:13"}},{"id":17142639,"title":"Cực kì hài lòng","content":"sách được bọc kĩ càng lắm ạ, kh bị móp méo, giao nhanh, 1 ngày là nhận được rồi","customer_id":27630147,"rating":5,"images":[],"created_at":1658330489,"created_by":{"id":27630147,"name":"a th","full_name":"a th","created_time":"2022-06-05 17:31:37","purchased":true,"purchased_at":1658164835},"product_id":116452116,"timeline":{"review_created_date":"2022-07-20 22:21:29","delivery_date":"2022-07-20 17:18:55"}},{"id":19418035,"title":"Cực kì hài lòng","content":"","customer_id":29079483,"rating":5,"images":[],"created_at":1690614382,"created_by":{"id":29079483,"name":"NGUYỄN THỊ MINH THƯ","full_name":"NGUYỄN THỊ MINH THƯ","created_time":"2023-04-29 12:41:26","purchased":true,"purchased_at":1690281109},"product_id":116452116,"timeline":{"review_created_date":"2023-07-29 14:06:22","delivery_date":"2023-07-29 14:01:23"}},{"id":16680507,"title":"Rất không hài lòng","content":"bán sách mà không trân trọng sách, sách giao không bọc kỹ, bị cấn góc. tôi chọn mua bên này vì lúc đầu có để sách sẽ được bọc. quá thất vọng khi mở hàng, cho dù không bọc cũng phải gói hàng cho cẩn thận chứ. sẽ không mua lần thứ 2.","customer_id":27649358,"rating":1,"images":[{"id":3579961,"full_path":"https://salt.tikicdn.com/ts/review/ec/bf/eb/b95a9320474860c9ea8bd5854b8301bd.jpg"},{"id":3579962,"full_path":"https://salt.tikicdn.com/ts/review/98/b6/e7/805dcb698d599a6ae4572f91c4b17600.jpg"}],"created_at":1655006304,"created_by":{"id":27649358,"name":"Huỳnh Thị trúc linh","full_name":"Huỳnh Thị trúc linh","created_time":"2022-06-08 19:49:38","purchased":true,"purchased_at":1654762606},"product_id":116452116,"timeline":{"review_created_date":"2022-06-12 10:58:24","delivery_date":"2022-06-12 10:43:48"}},{"id":19771086,"title":"Cực kì hài lòng","content":"Cũng được","customer_id":17072141,"rating":5,"images":[],"created_at":1708157406,"created_by":{"id":17072141,"name":"Wen Ya","full_name":"Wen Ya","created_time":"2020-04-09 18:28:15","purchased":true,"purchased_at":1707381940},"product_id":116452116,"timeline":{"review_created_date":"2024-02-17 15:10:06","delivery_date":"2024-02-17 15:01:05"}},{"id":18514749,"title":"Bình thường","content":"Mình tưởng bên shop tiki còn bản 2021 nên mua chịu tiền ship, mà giao về lại bản 2022","customer_id":28274828,"rating":3,"images":[{"id":4056165,"full_path":"https://salt.tikicdn.com/ts/review/1a/e1/16/ab71edbacd5ed6787af0a728bd021bea.jpg"}],"created_at":1672111387,"created_by":{"id":28274828,"name":"Lai Khanh Linh","full_name":"Lai Khanh Linh","created_time":"2022-10-03 08:29:13","purchased":true,"purchased_at":1671889808},"product_id":116452116,"timeline":{"review_created_date":"2022-12-27 10:23:07","delivery_date":"2022-12-27 10:16:13"}},{"id":17142639,"title":"Cực kì hài lòng","content":"sách được bọc kĩ càng lắm ạ, kh bị móp méo, giao nhanh, 1 ngày là nhận được rồi","customer_id":27630147,"rating":5,"images":[],"created_at":1658330489,"created_by":{"id":27630147,"name":"a th","full_name":"a th","created_time":"2022-06-05 17:31:37","purchased":true,"purchased_at":1658164835},"product_id":116452116,"timeline":{"review_created_date":"2022-07-20 22:21:29","delivery_date":"2022-07-20 17:18:55"}},{"id":19418035,"title":"Cực kì hài lòng","content":"","customer_id":29079483,"rating":5,"images":[],"created_at":1690614382,"created_by":{"id":29079483,"name":"NGUYỄN THỊ MINH THƯ","full_name":"NGUYỄN THỊ MINH THƯ","created_time":"2023-04-29 12:41:26","purchased":true,"purchased_at":1690281109},"product_id":116452116,"timeline":{"review_created_date":"2023-07-29 14:06:22","delivery_date":"2023-07-29 14:01:23"}},{"id":16680507,"title":"Rất không hài lòng","content":"bán sách mà không trân trọng sách, sách giao không bọc kỹ, bị cấn góc. tôi chọn mua bên này vì lúc đầu có để sách sẽ được bọc. quá thất vọng khi mở hàng, cho dù không bọc cũng phải gói hàng cho cẩn thận chứ. sẽ không mua lần thứ 2.","customer_id":27649358,"rating":1,"images":[{"id":3579961,"full_path":"https://salt.tikicdn.com/ts/review/ec/bf/eb/b95a9320474860c9ea8bd5854b8301bd.jpg"},{"id":3579962,"full_path":"https://salt.tikicdn.com/ts/review/98/b6/e7/805dcb698d599a6ae4572f91c4b17600.jpg"}],"created_at":1655006304,"created_by":{"id":27649358,"name":"Huỳnh Thị trúc linh","full_name":"Huỳnh Thị trúc linh","created_time":"2022-06-08 19:49:38","purchased":true,"purchased_at":1654762606},"product_id":116452116,"timeline":{"review_created_date":"2022-06-12 10:58:24","delivery_date":"2022-06-12 10:43:48"}},{"id":19771086,"title":"Cực kì hài lòng","content":"Cũng được","customer_id":17072141,"rating":5,"images":[],"created_at":1708157406,"created_by":{"id":17072141,"name":"Wen Ya","full_name":"Wen Ya","created_time":"2020-04-09 18:28:15","purchased":true,"purchased_at":1707381940},"product_id":116452116,"timeline":{"review_created_date":"2024-02-17 15:10:06","delivery_date":"2024-02-17 15:01:05"}},{"id":18514749,"title":"Bình thường","content":"Mình tưởng bên shop tiki còn bản 2021 nên mua chịu tiền ship, mà giao về lại bản 2022","customer_id":28274828,"rating":3,"images":[{"id":4056165,"full_path":"https://salt.tikicdn.com/ts/review/1a/e1/16/ab71edbacd5ed6787af0a728bd021bea.jpg"}],"created_at":1672111387,"created_by":{"id":28274828,"name":"Lai Khanh Linh","full_name":"Lai Khanh Linh","created_time":"2022-10-03 08:29:13","purchased":true,"purchased_at":1671889808},"product_id":116452116,"timeline":{"review_created_date":"2022-12-27 10:23:07","delivery_date":"2022-12-27 10:16:13"}},{"id":17142639,"title":"Cực kì hài lòng","content":"sách được bọc kĩ càng lắm ạ, kh bị móp méo, giao nhanh, 1 ngày là nhận được rồi","customer_id":27630147,"rating":5,"images":[],"created_at":1658330489,"created_by":{"id":27630147,"name":"a th","full_name":"a th","created_time":"2022-06-05 17:31:37","purchased":true,"purchased_at":1658164835},"product_id":116452116,"timeline":{"review_created_date":"2022-07-20 22:21:29","delivery_date":"2022-07-20 17:18:55"}},{"id":19418035,"title":"Cực kì hài lòng","content":"","customer_id":29079483,"rating":5,"images":[],"created_at":1690614382,"created_by":{"id":29079483,"name":"NGUYỄN THỊ MINH THƯ","full_name":"NGUYỄN THỊ MINH THƯ","created_time":"2023-04-29 12:41:26","purchased":true,"purchased_at":1690281109},"product_id":116452116,"timeline":{"review_created_date":"2023-07-29 14:06:22","delivery_date":"2023-07-29 14:01:23"}}]}