{"id":116458792,"dbId":10578,"createdAt":1249455582000,"name":"Những tác phẩm văn học viết bằng tiếng Pháp lên quan đến Đông Dương (Thư mục Pháp - Việt)","short_description":"Thư mục hai thứ tiếng Pháp Việt...","description":"\u003cp\u003eThư mục hai thứ tiếng Pháp Việt\u003c/p\u003e\u003cp\u003eGiá sản phẩm trên Tiki đã bao gồm thuế theo luật hiện hành. Bên cạnh đó, tuỳ vào loại sản phẩm, hình thức và địa chỉ giao hàng mà có thể phát sinh thêm chi phí khác như phí vận chuyển, phụ phí hàng cồng kềnh, thuế nhập khẩu (đối với đơn hàng giao từ nước ngoài có giá trị trên 1 triệu đồng).....\u003c/p\u003e","original_price":26000.0,"thumbnail_url":"https://salt.tikicdn.com/cache/280x280/ts/product/33/87/e0/5f37a42714e700dbeaa70fac0320405f.jpg","images":[{"base_url":"https://salt.tikicdn.com/ts/product/33/87/e0/5f37a42714e700dbeaa70fac0320405f.jpg","dbId":28212},{"base_url":"https://salt.tikicdn.com/ts/product/1e/7e/07/ff00973c81153626148655eee253a411.jpg","dbId":28213},{"base_url":"https://salt.tikicdn.com/ts/product/a5/4f/7e/c264549127bedba9cd33afcb33a8db02.jpg","dbId":28214}],"authors":[{"id":494865,"name":"Trần Thu Dung","dbId":5574}],"specifications":[{"name":"Thông tin chung","attributes":[{"name":"Công ty phát hành","value":"Công Ty TNHH Văn Hóa Đông Tây"},{"name":"Ngày xuất bản","value":"2009-08-01 13:59:42"},{"name":"Loại bìa","value":"Bìa mềm"},{"name":"Số trang","value":"195"},{"name":"Nhà xuất bản","value":"Nhà Xuất Bản Lao Động"}]}],"stock_item":{"qty":1000},"all_time_quantity_sold":0,"reviews":[{"id":14379561,"title":"Cực kì hài lòng","content":"Trồng thời đại bùng nỗ thông tin, kiến thức về tìm kiếm, phân loại, xử lý, lưu trữ, vận dụng hiệu quả thông tin là vấn đề vô cùng cần thiết, quan trọng. Cám ơn tác giả Trương Đại Lượng đã giới thiệu luận án này","customer_id":12579069,"rating":5,"images":[{"id":3009476,"full_path":"https://salt.tikicdn.com/ts/review/ac/be/39/7f6ad44e1baed2037846e32e59986cd0.jpg"},{"id":3009477,"full_path":"https://salt.tikicdn.com/ts/review/37/c5/80/0248e100c96a734be6c51e3b2eb6b90e.jpg"}],"created_at":1641876079,"created_by":{"id":12579069,"name":"Nguyễn Ngọc Tâm","full_name":"Nguyễn Ngọc Tâm","created_time":"2019-06-20 15:15:37","purchased":true,"purchased_at":1641186839},"product_id":116458792,"timeline":{"review_created_date":"2022-01-11 11:41:19","delivery_date":"2022-01-10 15:20:27"}},{"id":19160157,"title":"Cực kì hài lòng","content":"Sách in trên giấy trắng tinh nên hơi lem mặt trước sang mặt sau. Đang đọc, về cơ bản là có tính tham khảo, có trích dẫn trích lục để đối chiếu","customer_id":1772979,"rating":5,"images":[{"id":4203396,"full_path":"https://salt.tikicdn.com/ts/review/bb/a9/28/63d425231562007bfec36c87c4740ed5.jpg"}],"created_at":1683258463,"created_by":{"id":1772979,"name":"Nguyễn Cẩm Ánh","full_name":"Nguyễn Cẩm Ánh","created_time":"2016-10-11 14:20:29","purchased":true,"purchased_at":1683044131},"product_id":116458792,"timeline":{"review_created_date":"2023-05-05 10:47:43","delivery_date":"2023-05-04 10:41:17"}},{"id":17951266,"title":"Bình thường","content":"Sách khá cũ haizz.Nó có mấy đốm đen nhìn bẩn và hơi ghê .Có thể hiểu được,hy vọng nội dung sẽ ổn hơn","customer_id":10546799,"rating":3,"images":[{"id":4037454,"full_path":"https://salt.tikicdn.com/ts/review/b9/3b/d3/f55f4b26ceb7a024c06b0c0eaae2bff3.jpg"},{"id":4037455,"full_path":"https://salt.tikicdn.com/ts/review/cd/e8/13/850a000505366199cc5737b62d34bf0e.jpg"},{"id":4037456,"full_path":"https://salt.tikicdn.com/ts/review/98/1b/10/1b074d36e5d01864ccff96909cc10608.jpg"}],"created_at":1665668087,"created_by":{"id":10546799,"name":"Nguyễn Đan","full_name":"Nguyễn Đan","created_time":"2019-01-25 19:41:50","purchased":true,"purchased_at":1665416676},"product_id":116458792,"timeline":{"review_created_date":"2022-10-13 20:34:47","delivery_date":"2022-10-13 15:40:21"}},{"id":19559161,"title":"Hài lòng","content":"","customer_id":11330418,"rating":4,"images":[],"created_at":1695986178,"created_by":{"id":11330418,"name":"Đỗ Đức Hiền","full_name":"Đỗ Đức Hiền","created_time":"2019-03-16 18:23:31","purchased":true,"purchased_at":1683774337},"product_id":116458792,"timeline":{"review_created_date":"2023-09-29 18:16:18","delivery_date":"2023-05-15 11:05:04"}},{"id":17163926,"title":"Cực kì hài lòng","content":"Sách bổ ích thú vị","customer_id":27805112,"rating":5,"images":[{"id":3717097,"full_path":"https://salt.tikicdn.com/ts/review/2b/5d/5e/62c8a91348a6e33fe77e8b38376e2701.jpg"}],"created_at":1658479528,"created_by":{"id":27805112,"name":"Ngô Thành ","full_name":"Ngô Thành ","created_time":"2022-07-08 14:26:30","purchased":true,"purchased_at":1658208342},"product_id":116458792,"timeline":{"review_created_date":"2022-07-22 15:45:28","delivery_date":"2022-07-22 15:24:18"}},{"id":14379561,"title":"Cực kì hài lòng","content":"Trồng thời đại bùng nỗ thông tin, kiến thức về tìm kiếm, phân loại, xử lý, lưu trữ, vận dụng hiệu quả thông tin là vấn đề vô cùng cần thiết, quan trọng. Cám ơn tác giả Trương Đại Lượng đã giới thiệu luận án này","customer_id":12579069,"rating":5,"images":[{"id":3009476,"full_path":"https://salt.tikicdn.com/ts/review/ac/be/39/7f6ad44e1baed2037846e32e59986cd0.jpg"},{"id":3009477,"full_path":"https://salt.tikicdn.com/ts/review/37/c5/80/0248e100c96a734be6c51e3b2eb6b90e.jpg"}],"created_at":1641876079,"created_by":{"id":12579069,"name":"Nguyễn Ngọc Tâm","full_name":"Nguyễn Ngọc Tâm","created_time":"2019-06-20 15:15:37","purchased":true,"purchased_at":1641186839},"product_id":116458792,"timeline":{"review_created_date":"2022-01-11 11:41:19","delivery_date":"2022-01-10 15:20:27"}},{"id":19160157,"title":"Cực kì hài lòng","content":"Sách in trên giấy trắng tinh nên hơi lem mặt trước sang mặt sau. Đang đọc, về cơ bản là có tính tham khảo, có trích dẫn trích lục để đối chiếu","customer_id":1772979,"rating":5,"images":[{"id":4203396,"full_path":"https://salt.tikicdn.com/ts/review/bb/a9/28/63d425231562007bfec36c87c4740ed5.jpg"}],"created_at":1683258463,"created_by":{"id":1772979,"name":"Nguyễn Cẩm Ánh","full_name":"Nguyễn Cẩm Ánh","created_time":"2016-10-11 14:20:29","purchased":true,"purchased_at":1683044131},"product_id":116458792,"timeline":{"review_created_date":"2023-05-05 10:47:43","delivery_date":"2023-05-04 10:41:17"}},{"id":17951266,"title":"Bình thường","content":"Sách khá cũ haizz.Nó có mấy đốm đen nhìn bẩn và hơi ghê .Có thể hiểu được,hy vọng nội dung sẽ ổn hơn","customer_id":10546799,"rating":3,"images":[{"id":4037454,"full_path":"https://salt.tikicdn.com/ts/review/b9/3b/d3/f55f4b26ceb7a024c06b0c0eaae2bff3.jpg"},{"id":4037455,"full_path":"https://salt.tikicdn.com/ts/review/cd/e8/13/850a000505366199cc5737b62d34bf0e.jpg"},{"id":4037456,"full_path":"https://salt.tikicdn.com/ts/review/98/1b/10/1b074d36e5d01864ccff96909cc10608.jpg"}],"created_at":1665668087,"created_by":{"id":10546799,"name":"Nguyễn Đan","full_name":"Nguyễn Đan","created_time":"2019-01-25 19:41:50","purchased":true,"purchased_at":1665416676},"product_id":116458792,"timeline":{"review_created_date":"2022-10-13 20:34:47","delivery_date":"2022-10-13 15:40:21"}},{"id":19559161,"title":"Hài lòng","content":"","customer_id":11330418,"rating":4,"images":[],"created_at":1695986178,"created_by":{"id":11330418,"name":"Đỗ Đức Hiền","full_name":"Đỗ Đức Hiền","created_time":"2019-03-16 18:23:31","purchased":true,"purchased_at":1683774337},"product_id":116458792,"timeline":{"review_created_date":"2023-09-29 18:16:18","delivery_date":"2023-05-15 11:05:04"}},{"id":17163926,"title":"Cực kì hài lòng","content":"Sách bổ ích thú vị","customer_id":27805112,"rating":5,"images":[{"id":3717097,"full_path":"https://salt.tikicdn.com/ts/review/2b/5d/5e/62c8a91348a6e33fe77e8b38376e2701.jpg"}],"created_at":1658479528,"created_by":{"id":27805112,"name":"Ngô Thành ","full_name":"Ngô Thành ","created_time":"2022-07-08 14:26:30","purchased":true,"purchased_at":1658208342},"product_id":116458792,"timeline":{"review_created_date":"2022-07-22 15:45:28","delivery_date":"2022-07-22 15:24:18"}},{"id":14379561,"title":"Cực kì hài lòng","content":"Trồng thời đại bùng nỗ thông tin, kiến thức về tìm kiếm, phân loại, xử lý, lưu trữ, vận dụng hiệu quả thông tin là vấn đề vô cùng cần thiết, quan trọng. Cám ơn tác giả Trương Đại Lượng đã giới thiệu luận án này","customer_id":12579069,"rating":5,"images":[{"id":3009476,"full_path":"https://salt.tikicdn.com/ts/review/ac/be/39/7f6ad44e1baed2037846e32e59986cd0.jpg"},{"id":3009477,"full_path":"https://salt.tikicdn.com/ts/review/37/c5/80/0248e100c96a734be6c51e3b2eb6b90e.jpg"}],"created_at":1641876079,"created_by":{"id":12579069,"name":"Nguyễn Ngọc Tâm","full_name":"Nguyễn Ngọc Tâm","created_time":"2019-06-20 15:15:37","purchased":true,"purchased_at":1641186839},"product_id":116458792,"timeline":{"review_created_date":"2022-01-11 11:41:19","delivery_date":"2022-01-10 15:20:27"}},{"id":19160157,"title":"Cực kì hài lòng","content":"Sách in trên giấy trắng tinh nên hơi lem mặt trước sang mặt sau. Đang đọc, về cơ bản là có tính tham khảo, có trích dẫn trích lục để đối chiếu","customer_id":1772979,"rating":5,"images":[{"id":4203396,"full_path":"https://salt.tikicdn.com/ts/review/bb/a9/28/63d425231562007bfec36c87c4740ed5.jpg"}],"created_at":1683258463,"created_by":{"id":1772979,"name":"Nguyễn Cẩm Ánh","full_name":"Nguyễn Cẩm Ánh","created_time":"2016-10-11 14:20:29","purchased":true,"purchased_at":1683044131},"product_id":116458792,"timeline":{"review_created_date":"2023-05-05 10:47:43","delivery_date":"2023-05-04 10:41:17"}},{"id":17951266,"title":"Bình thường","content":"Sách khá cũ haizz.Nó có mấy đốm đen nhìn bẩn và hơi ghê .Có thể hiểu được,hy vọng nội dung sẽ ổn hơn","customer_id":10546799,"rating":3,"images":[{"id":4037454,"full_path":"https://salt.tikicdn.com/ts/review/b9/3b/d3/f55f4b26ceb7a024c06b0c0eaae2bff3.jpg"},{"id":4037455,"full_path":"https://salt.tikicdn.com/ts/review/cd/e8/13/850a000505366199cc5737b62d34bf0e.jpg"},{"id":4037456,"full_path":"https://salt.tikicdn.com/ts/review/98/1b/10/1b074d36e5d01864ccff96909cc10608.jpg"}],"created_at":1665668087,"created_by":{"id":10546799,"name":"Nguyễn Đan","full_name":"Nguyễn Đan","created_time":"2019-01-25 19:41:50","purchased":true,"purchased_at":1665416676},"product_id":116458792,"timeline":{"review_created_date":"2022-10-13 20:34:47","delivery_date":"2022-10-13 15:40:21"}},{"id":19559161,"title":"Hài lòng","content":"","customer_id":11330418,"rating":4,"images":[],"created_at":1695986178,"created_by":{"id":11330418,"name":"Đỗ Đức Hiền","full_name":"Đỗ Đức Hiền","created_time":"2019-03-16 18:23:31","purchased":true,"purchased_at":1683774337},"product_id":116458792,"timeline":{"review_created_date":"2023-09-29 18:16:18","delivery_date":"2023-05-15 11:05:04"}},{"id":17163926,"title":"Cực kì hài lòng","content":"Sách bổ ích thú vị","customer_id":27805112,"rating":5,"images":[{"id":3717097,"full_path":"https://salt.tikicdn.com/ts/review/2b/5d/5e/62c8a91348a6e33fe77e8b38376e2701.jpg"}],"created_at":1658479528,"created_by":{"id":27805112,"name":"Ngô Thành ","full_name":"Ngô Thành ","created_time":"2022-07-08 14:26:30","purchased":true,"purchased_at":1658208342},"product_id":116458792,"timeline":{"review_created_date":"2022-07-22 15:45:28","delivery_date":"2022-07-22 15:24:18"}}]}