{"id":116577640,"dbId":10997,"createdAt":1630515600000,"name":"Tự Truyện Luka Modric","short_description":"Đây là cuốn tự truyện của Luka Modrić, siêu sao câu lạc bộ Real Madrid và cũng là một huyền thoại bóng đá Croatia, trong đó lần đầu tiên anh kể lại toàn bộ hành trình của mình, từ một cậu bé sống nơi ...","description":"\u003cp\u003eĐây là cuốn tự truyện của Luka Modrić, siêu sao câu lạc bộ Real Madrid và cũng là một huyền thoại bóng đá Croatia, trong đó lần đầu tiên anh kể lại toàn bộ hành trình của mình, từ một cậu bé sống nơi vùng quê bị nội chiến tàn phá đến nhà vô địch UEFA Champions League cùng những phần thưởng cá nhân cao quý nhất trong làng bóng đá thế giới. \u003c/p\u003e\n\u003cp\u003eĐược xem là một trong những tiền vệ xuất sắc nhất thế giới trong hai thập kỷ vừa qua, Luka kể cho độc giả nghe những khó khăn trong cuộc sống thời thơ ấu, giai đoạn diễn ra cuộc chiến giành độc lập của đất nước Croatia quê hương anh, cũng như những bước đi gian nan trong quá trình trở thành một cầu thủ chuyên nghiệp. Thủ quân đội tuyển Croatia hồi tưởng lại những thời khắc quan trọng trong sự nghiệp bản thân, với những câu lạc bộ Dinamo Zagreb, Tottenham Hotspur và Real Madrid. Luka Modrić cũng viết về tình cảm sâu đậm dành cho gia đình, cùng những kỷ niệm đáng nhớ tại giải đấu đỉnh cao của anh cùng đội tuyển quốc gia Croatia, với vị trí á quân Giải Vô địch Bóng đá Thế giới World Cup 2018. \u003c/p\u003e\n\u003cp\u003eAnh đã nghĩ gì trong những trận đấu quan trọng nhất, cam go nhất? Mối quan hệ của anh với những ngôi sao khác, với những huấn luyện viên ra sao? Cái gì tạo ra sự lì lợm và quyết tâm to lớn trên sân cỏ của Luka? Cần làm những gì để trở thành một siêu sao hàng đầu thế giới? Đó là những câu hỏi được trả lời trong cuốn sách này. \u003c/p\u003e\n\u003cp\u003eKhi mới bắt đầu sự nghiệp, Luka thường bị đánh giá không đúng với năng lực bản thân, song với sự quyết tâm và kiên trì cao độ, anh đã vượt qua mọi nghi ngờ và đạt đến đỉnh cao trong bóng đá. Đây là câu chuyện chân thực về siêu sao bóng đá Croatia qua lời kể của chính anh.\u003c/p\u003e\u003cp\u003eGiá sản phẩm trên Tiki đã bao gồm thuế theo luật hiện hành. Bên cạnh đó, tuỳ vào loại sản phẩm, hình thức và địa chỉ giao hàng mà có thể phát sinh thêm chi phí khác như phí vận chuyển, phụ phí hàng cồng kềnh, thuế nhập khẩu (đối với đơn hàng giao từ nước ngoài có giá trị trên 1 triệu đồng).....\u003c/p\u003e","original_price":170000.0,"thumbnail_url":"https://salt.tikicdn.com/cache/280x280/ts/product/22/9e/43/ffb19a3547e9fed84e219830f5959c96.jpg","images":[{"base_url":"https://salt.tikicdn.com/ts/product/22/9e/43/ffb19a3547e9fed84e219830f5959c96.jpg","dbId":29363},{"base_url":"https://salt.tikicdn.com/ts/product/86/3e/15/13876742223e9ca40ce82c2fbad283d1.png","dbId":29364},{"base_url":"https://salt.tikicdn.com/ts/product/3c/44/7a/d5c036dd68ee2d70e97e8c6215522432.png","dbId":29365}],"authors":[{"id":5109427,"name":"Luka Modrić","dbId":5829},{"id":5109429,"name":"Robert Matteoni","dbId":5830}],"specifications":[{"name":"Thông tin chung","attributes":[{"name":"Phiên bản sách","value":"Phiên bản thường"},{"name":"Công ty phát hành","value":"NXB Trẻ"},{"name":"Ngày xuất bản","value":"2021-08-15 00:00:00"},{"name":"Dịch Giả","value":"Nguyễn Dương Hiếu, Đặng Nguyễn Hiếu Trung"},{"name":"Loại bìa","value":"Bìa mềm"},{"name":"Số trang","value":"368"},{"name":"Nhà xuất bản","value":"NXB Trẻ"},{"code":"PUBLICATION_DATE","name":"Kích thước","value":"15.5 x 23 cm"}]}],"stock_item":{"qty":1000},"all_time_quantity_sold":204,"reviews":[{"id":16436903,"title":"Cực kì hài lòng","content":"Sách mới có nhãn bọc ngoài mới nguyên và chính hãng! Rất yêu quý và ngưỡng mộ cầu thủ LUKA MODRIC lên mua về đọc. Đặt 20/5 nhận 23/5! Cảm ơn dịch vụ TIKI và sp chính hãng uy tín TIKI TRADING!","customer_id":7892935,"rating":5,"images":[{"id":3506810,"full_path":"https://salt.tikicdn.com/ts/review/69/f5/5b/67980b5f54d51f44f41f31c87bef22db.jpg"}],"created_at":1653321157,"created_by":{"id":7892935,"name":"BÙI THỊ THẮM","full_name":"BÙI THỊ THẮM","created_time":"2018-09-02 23:30:09","purchased":true,"purchased_at":1653034034},"product_id":116577640,"timeline":{"review_created_date":"2022-05-23 22:52:37","delivery_date":"2022-05-23 19:00:42"}},{"id":19430117,"title":"Cực kì hài lòng","content":"Sách như mô tả của shop","customer_id":10294582,"rating":5,"images":[{"id":4264883,"full_path":"https://salt.tikicdn.com/ts/review/a8/9d/e8/d65e6f532d3e6b31a88640922ffd61b2.jpg"},{"id":4264884,"full_path":"https://salt.tikicdn.com/ts/review/ef/08/41/51f136da2390503d3dc4b42030a34e90.jpg"}],"created_at":1691053005,"created_by":{"id":10294582,"name":"Nguyễn Đại Lộc","full_name":"Nguyễn Đại Lộc","created_time":"2019-01-10 07:42:52","purchased":true,"purchased_at":1690717467},"product_id":116577640,"timeline":{"review_created_date":"2023-08-03 15:56:45","delivery_date":"2023-08-02 14:43:21"}},{"id":19766347,"title":"Cực kì hài lòng","content":"","customer_id":29745103,"rating":5,"images":[],"created_at":1707811566,"created_by":{"id":29745103,"name":"Phạm Hoài Nam","full_name":"Phạm Hoài Nam","created_time":"2024-01-21 02:08:41","purchased":true,"purchased_at":1707795326},"product_id":116577640,"timeline":{"review_created_date":"2024-02-13 15:06:06","delivery_date":"2024-02-13 14:54:19"}},{"id":14787110,"title":"Cực kì hài lòng","content":"Phải nói quyển sách này giúp tôi có thể hiểu rõ hơn về Luka, anh ấy đã truyền cho tôi động lực để khiến tôi càng thêm yêu bóng đá nhiều hơn. Respect Luka","customer_id":15673706,"rating":5,"images":[],"created_at":1643960574,"created_by":{"id":15673706,"name":"Từ Gia Đạt","full_name":"Từ Gia Đạt","created_time":"2019-12-26 10:07:07","purchased":true,"purchased_at":1643865396},"product_id":116577640,"timeline":{"review_created_date":"2022-02-04 14:42:54","delivery_date":"2022-02-04 09:35:26"}},{"id":15854526,"title":"Cực kì hài lòng","content":"Nếu bạn ko phải là fan của Modric thì đây vẫn là một cuốn tự truyện hay, phù hợp đọc để thư giãn.","customer_id":5625,"rating":5,"images":[{"id":3340232,"full_path":"https://salt.tikicdn.com/ts/review/82/31/97/6b02ff3be6aec35f7e9c95d207e242a3.jpg"}],"created_at":1649527880,"created_by":{"id":5625,"name":"Duy Phạm","full_name":"Duy Phạm","created_time":"2011-05-30 01:12:46","purchased":true,"purchased_at":1648280340},"product_id":116577640,"timeline":{"review_created_date":"2022-04-10 01:11:20","delivery_date":"2022-03-27 10:48:45"}},{"id":16436903,"title":"Cực kì hài lòng","content":"Sách mới có nhãn bọc ngoài mới nguyên và chính hãng! Rất yêu quý và ngưỡng mộ cầu thủ LUKA MODRIC lên mua về đọc. Đặt 20/5 nhận 23/5! Cảm ơn dịch vụ TIKI và sp chính hãng uy tín TIKI TRADING!","customer_id":7892935,"rating":5,"images":[{"id":3506810,"full_path":"https://salt.tikicdn.com/ts/review/69/f5/5b/67980b5f54d51f44f41f31c87bef22db.jpg"}],"created_at":1653321157,"created_by":{"id":7892935,"name":"BÙI THỊ THẮM","full_name":"BÙI THỊ THẮM","created_time":"2018-09-02 23:30:09","purchased":true,"purchased_at":1653034034},"product_id":116577640,"timeline":{"review_created_date":"2022-05-23 22:52:37","delivery_date":"2022-05-23 19:00:42"}},{"id":19430117,"title":"Cực kì hài lòng","content":"Sách như mô tả của shop","customer_id":10294582,"rating":5,"images":[{"id":4264883,"full_path":"https://salt.tikicdn.com/ts/review/a8/9d/e8/d65e6f532d3e6b31a88640922ffd61b2.jpg"},{"id":4264884,"full_path":"https://salt.tikicdn.com/ts/review/ef/08/41/51f136da2390503d3dc4b42030a34e90.jpg"}],"created_at":1691053005,"created_by":{"id":10294582,"name":"Nguyễn Đại Lộc","full_name":"Nguyễn Đại Lộc","created_time":"2019-01-10 07:42:52","purchased":true,"purchased_at":1690717467},"product_id":116577640,"timeline":{"review_created_date":"2023-08-03 15:56:45","delivery_date":"2023-08-02 14:43:21"}},{"id":19766347,"title":"Cực kì hài lòng","content":"","customer_id":29745103,"rating":5,"images":[],"created_at":1707811566,"created_by":{"id":29745103,"name":"Phạm Hoài Nam","full_name":"Phạm Hoài Nam","created_time":"2024-01-21 02:08:41","purchased":true,"purchased_at":1707795326},"product_id":116577640,"timeline":{"review_created_date":"2024-02-13 15:06:06","delivery_date":"2024-02-13 14:54:19"}},{"id":14787110,"title":"Cực kì hài lòng","content":"Phải nói quyển sách này giúp tôi có thể hiểu rõ hơn về Luka, anh ấy đã truyền cho tôi động lực để khiến tôi càng thêm yêu bóng đá nhiều hơn. Respect Luka","customer_id":15673706,"rating":5,"images":[],"created_at":1643960574,"created_by":{"id":15673706,"name":"Từ Gia Đạt","full_name":"Từ Gia Đạt","created_time":"2019-12-26 10:07:07","purchased":true,"purchased_at":1643865396},"product_id":116577640,"timeline":{"review_created_date":"2022-02-04 14:42:54","delivery_date":"2022-02-04 09:35:26"}},{"id":15854526,"title":"Cực kì hài lòng","content":"Nếu bạn ko phải là fan của Modric thì đây vẫn là một cuốn tự truyện hay, phù hợp đọc để thư giãn.","customer_id":5625,"rating":5,"images":[{"id":3340232,"full_path":"https://salt.tikicdn.com/ts/review/82/31/97/6b02ff3be6aec35f7e9c95d207e242a3.jpg"}],"created_at":1649527880,"created_by":{"id":5625,"name":"Duy Phạm","full_name":"Duy Phạm","created_time":"2011-05-30 01:12:46","purchased":true,"purchased_at":1648280340},"product_id":116577640,"timeline":{"review_created_date":"2022-04-10 01:11:20","delivery_date":"2022-03-27 10:48:45"}},{"id":16436903,"title":"Cực kì hài lòng","content":"Sách mới có nhãn bọc ngoài mới nguyên và chính hãng! Rất yêu quý và ngưỡng mộ cầu thủ LUKA MODRIC lên mua về đọc. Đặt 20/5 nhận 23/5! Cảm ơn dịch vụ TIKI và sp chính hãng uy tín TIKI TRADING!","customer_id":7892935,"rating":5,"images":[{"id":3506810,"full_path":"https://salt.tikicdn.com/ts/review/69/f5/5b/67980b5f54d51f44f41f31c87bef22db.jpg"}],"created_at":1653321157,"created_by":{"id":7892935,"name":"BÙI THỊ THẮM","full_name":"BÙI THỊ THẮM","created_time":"2018-09-02 23:30:09","purchased":true,"purchased_at":1653034034},"product_id":116577640,"timeline":{"review_created_date":"2022-05-23 22:52:37","delivery_date":"2022-05-23 19:00:42"}},{"id":19430117,"title":"Cực kì hài lòng","content":"Sách như mô tả của shop","customer_id":10294582,"rating":5,"images":[{"id":4264883,"full_path":"https://salt.tikicdn.com/ts/review/a8/9d/e8/d65e6f532d3e6b31a88640922ffd61b2.jpg"},{"id":4264884,"full_path":"https://salt.tikicdn.com/ts/review/ef/08/41/51f136da2390503d3dc4b42030a34e90.jpg"}],"created_at":1691053005,"created_by":{"id":10294582,"name":"Nguyễn Đại Lộc","full_name":"Nguyễn Đại Lộc","created_time":"2019-01-10 07:42:52","purchased":true,"purchased_at":1690717467},"product_id":116577640,"timeline":{"review_created_date":"2023-08-03 15:56:45","delivery_date":"2023-08-02 14:43:21"}},{"id":19766347,"title":"Cực kì hài lòng","content":"","customer_id":29745103,"rating":5,"images":[],"created_at":1707811566,"created_by":{"id":29745103,"name":"Phạm Hoài Nam","full_name":"Phạm Hoài Nam","created_time":"2024-01-21 02:08:41","purchased":true,"purchased_at":1707795326},"product_id":116577640,"timeline":{"review_created_date":"2024-02-13 15:06:06","delivery_date":"2024-02-13 14:54:19"}},{"id":14787110,"title":"Cực kì hài lòng","content":"Phải nói quyển sách này giúp tôi có thể hiểu rõ hơn về Luka, anh ấy đã truyền cho tôi động lực để khiến tôi càng thêm yêu bóng đá nhiều hơn. Respect Luka","customer_id":15673706,"rating":5,"images":[],"created_at":1643960574,"created_by":{"id":15673706,"name":"Từ Gia Đạt","full_name":"Từ Gia Đạt","created_time":"2019-12-26 10:07:07","purchased":true,"purchased_at":1643865396},"product_id":116577640,"timeline":{"review_created_date":"2022-02-04 14:42:54","delivery_date":"2022-02-04 09:35:26"}},{"id":15854526,"title":"Cực kì hài lòng","content":"Nếu bạn ko phải là fan của Modric thì đây vẫn là một cuốn tự truyện hay, phù hợp đọc để thư giãn.","customer_id":5625,"rating":5,"images":[{"id":3340232,"full_path":"https://salt.tikicdn.com/ts/review/82/31/97/6b02ff3be6aec35f7e9c95d207e242a3.jpg"}],"created_at":1649527880,"created_by":{"id":5625,"name":"Duy Phạm","full_name":"Duy Phạm","created_time":"2011-05-30 01:12:46","purchased":true,"purchased_at":1648280340},"product_id":116577640,"timeline":{"review_created_date":"2022-04-10 01:11:20","delivery_date":"2022-03-27 10:48:45"}},{"id":16436903,"title":"Cực kì hài lòng","content":"Sách mới có nhãn bọc ngoài mới nguyên và chính hãng! Rất yêu quý và ngưỡng mộ cầu thủ LUKA MODRIC lên mua về đọc. Đặt 20/5 nhận 23/5! Cảm ơn dịch vụ TIKI và sp chính hãng uy tín TIKI TRADING!","customer_id":7892935,"rating":5,"images":[{"id":3506810,"full_path":"https://salt.tikicdn.com/ts/review/69/f5/5b/67980b5f54d51f44f41f31c87bef22db.jpg"}],"created_at":1653321157,"created_by":{"id":7892935,"name":"BÙI THỊ THẮM","full_name":"BÙI THỊ THẮM","created_time":"2018-09-02 23:30:09","purchased":true,"purchased_at":1653034034},"product_id":116577640,"timeline":{"review_created_date":"2022-05-23 22:52:37","delivery_date":"2022-05-23 19:00:42"}},{"id":19430117,"title":"Cực kì hài lòng","content":"Sách như mô tả của shop","customer_id":10294582,"rating":5,"images":[{"id":4264883,"full_path":"https://salt.tikicdn.com/ts/review/a8/9d/e8/d65e6f532d3e6b31a88640922ffd61b2.jpg"},{"id":4264884,"full_path":"https://salt.tikicdn.com/ts/review/ef/08/41/51f136da2390503d3dc4b42030a34e90.jpg"}],"created_at":1691053005,"created_by":{"id":10294582,"name":"Nguyễn Đại Lộc","full_name":"Nguyễn Đại Lộc","created_time":"2019-01-10 07:42:52","purchased":true,"purchased_at":1690717467},"product_id":116577640,"timeline":{"review_created_date":"2023-08-03 15:56:45","delivery_date":"2023-08-02 14:43:21"}},{"id":19766347,"title":"Cực kì hài lòng","content":"","customer_id":29745103,"rating":5,"images":[],"created_at":1707811566,"created_by":{"id":29745103,"name":"Phạm Hoài Nam","full_name":"Phạm Hoài Nam","created_time":"2024-01-21 02:08:41","purchased":true,"purchased_at":1707795326},"product_id":116577640,"timeline":{"review_created_date":"2024-02-13 15:06:06","delivery_date":"2024-02-13 14:54:19"}},{"id":14787110,"title":"Cực kì hài lòng","content":"Phải nói quyển sách này giúp tôi có thể hiểu rõ hơn về Luka, anh ấy đã truyền cho tôi động lực để khiến tôi càng thêm yêu bóng đá nhiều hơn. Respect Luka","customer_id":15673706,"rating":5,"images":[],"created_at":1643960574,"created_by":{"id":15673706,"name":"Từ Gia Đạt","full_name":"Từ Gia Đạt","created_time":"2019-12-26 10:07:07","purchased":true,"purchased_at":1643865396},"product_id":116577640,"timeline":{"review_created_date":"2022-02-04 14:42:54","delivery_date":"2022-02-04 09:35:26"}},{"id":15854526,"title":"Cực kì hài lòng","content":"Nếu bạn ko phải là fan của Modric thì đây vẫn là một cuốn tự truyện hay, phù hợp đọc để thư giãn.","customer_id":5625,"rating":5,"images":[{"id":3340232,"full_path":"https://salt.tikicdn.com/ts/review/82/31/97/6b02ff3be6aec35f7e9c95d207e242a3.jpg"}],"created_at":1649527880,"created_by":{"id":5625,"name":"Duy Phạm","full_name":"Duy Phạm","created_time":"2011-05-30 01:12:46","purchased":true,"purchased_at":1648280340},"product_id":116577640,"timeline":{"review_created_date":"2022-04-10 01:11:20","delivery_date":"2022-03-27 10:48:45"}}]}