{"id":116947308,"dbId":11652,"createdAt":1639722488000,"name":"Cuốn Truyện Tranh Đam Mỹ Đặc Sắc: Những Chàng Trai Ở Lộc Phong Quán – Tập 8","short_description":"       Những Chàng Trai Ở Lộc Phong Quán – Tập 8   Quà tặng: 1 bookmark 2 mặt   Dịch giả: Tử Yên   Thương hiệu: Skycomics   Khổ sách: 13x18 cm   Số trang: 176 trang   Giá: 48.000đồng   Dự k...","description":"\u003chtml\u003e\n \u003chead\u003e\u003c/head\u003e\n \u003cbody\u003e\n  \u003cul\u003e\n   \u003cp\u003eNhững Chàng Trai Ở Lộc Phong Quán – Tập 8\u003c/p\u003e\n   \u003cp\u003eQuà tặng: 1 bookmark 2 mặt\u003c/p\u003e\n   \u003cp\u003eDịch giả: Tử Yên\u003c/p\u003e\n   \u003cp\u003eThương hiệu: Skycomics\u003c/p\u003e\n   \u003cp\u003eKhổ sách: 13x18 cm\u003c/p\u003e\n   \u003cp\u003eSố trang: 176 trang\u003c/p\u003e\n   \u003cp\u003eGiá: 48.000đồng\u003c/p\u003e\n   \u003cp\u003eDự kiến phát hành: 26/07/2021\u003c/p\u003e\n   \u003cp\u003eMã ISBN: 978-604-55-9903-7\u003c/p\u003e\n   \u003cp\u003e---------------------------------------------------\u003c/p\u003e\n   \u003cp\u003eNhững chàng trai ở Lộc Phong Quán 8 – Hôm nay vị khách nào sẽ ghé qua?\u003c/p\u003e\n   \u003cp\u003eVà cũng như những tập trước, ở tập này bốn anh nhân viên của Lộc Phong Quán lại tiếp tục mang đến những món ăn vô cùng hấp dẫn. Đó là tách trà đong đầy kí ức về thời niên thiếu của Sui và Tokitaka. Cùng với đó là món cơm thịt kho trứng và bánh cuộn trà xanh khiến cho anh chàng nhân viên văn phòng vốn khắt khe cũng phải thả lỏng tâm tình. Và\u003c/p\u003e\n   \u003cp\u003ecũng không thể bỏ quên món chè đậu đỏ trong ngày tuyết rơi bất ngờ vào đầu xuân cùng những chiếc bánh su kem mềm xốp ngập tràn hương vị tình yêu.\u003c/p\u003e\n  \u003c/ul\u003e\n \u003c/body\u003e\n\u003c/html\u003e\u003cp\u003eGiá sản phẩm trên Tiki đã bao gồm thuế theo luật hiện hành. Bên cạnh đó, tuỳ vào loại sản phẩm, hình thức và địa chỉ giao hàng mà có thể phát sinh thêm chi phí khác như phí vận chuyển, phụ phí hàng cồng kềnh, thuế nhập khẩu (đối với đơn hàng giao từ nước ngoài có giá trị trên 1 triệu đồng).....\u003c/p\u003e","original_price":48000.0,"thumbnail_url":"https://salt.tikicdn.com/cache/280x280/ts/product/47/46/14/48f3760ce91e57f9a9c17fb72c8ba461.jpg","images":[{"base_url":"https://salt.tikicdn.com/ts/product/47/46/14/48f3760ce91e57f9a9c17fb72c8ba461.jpg","dbId":31060},{"base_url":"https://salt.tikicdn.com/ts/product/c8/0f/26/e1d62e032536112640b076973993379c.jpg","dbId":31061}],"specifications":[{"name":"Thông tin chung","attributes":[{"name":"Công ty phát hành","value":"Skycomic"},{"name":"Nhà xuất bản","value":"Nhà Xuất Bản Hà Nội"},{"code":"PUBLICATION_DATE","name":"Ngày xuất bản","value":"Sun Dec 05 13:28:08 ICT 2021"}]}],"stock_item":{"qty":1000},"all_time_quantity_sold":2,"reviews":[{"id":16219865,"title":"Cực kì hài lòng","content":"","customer_id":21353728,"rating":5,"images":[],"created_at":1651836900,"created_by":{"id":21353728,"name":"Pham Phương","full_name":"Pham Phương","created_time":"2021-04-16 11:45:49","purchased":true,"purchased_at":1651638227},"product_id":116947308,"timeline":{"review_created_date":"2022-05-06 18:35:00","delivery_date":"2022-05-06 18:22:22"}},{"id":15347724,"title":"Cực kì hài lòng","content":"Được","customer_id":26670990,"rating":5,"images":[],"created_at":1646893636,"created_by":{"id":26670990,"name":"Ly Nong","full_name":"Ly Nong","created_time":"2022-01-27 19:04:14","purchased":true,"purchased_at":1645883337},"product_id":116947308,"timeline":{"review_created_date":"2022-03-10 13:27:16","delivery_date":"2022-03-03 17:36:12"}},{"id":14926529,"title":"Hài lòng","content":"","customer_id":26717543,"rating":4,"images":[],"created_at":1644684150,"created_by":{"id":26717543,"name":"Trần thị thuý hạnh ","full_name":"Trần thị thuý hạnh ","created_time":"2022-02-05 20:53:15","purchased":true,"purchased_at":1644340550},"product_id":116947308,"timeline":{"review_created_date":"2022-02-12 23:42:30","delivery_date":"2022-02-11 15:09:14"}},{"id":14144374,"title":"Cực kì hài lòng","content":"","customer_id":16301602,"rating":5,"images":[],"created_at":1640763419,"created_by":{"id":16301602,"name":"Nguyễn Mai Phương ","full_name":"Nguyễn Mai Phương ","created_time":"2020-02-07 12:00:37","purchased":true,"purchased_at":1640344211},"product_id":116947308,"timeline":{"review_created_date":"2021-12-29 14:36:59","delivery_date":"2021-12-29 14:35:09"}},{"id":13911084,"title":"Cực kì hài lòng","content":"","customer_id":12298635,"rating":5,"images":[],"created_at":1639808888,"created_by":{"id":12298635,"name":"Hà Thị Hiền","full_name":"Hà Thị Hiền","created_time":"2019-05-30 12:33:23","purchased":true,"purchased_at":1639291474},"product_id":116947308,"timeline":{"review_created_date":"2021-12-18 13:28:08","delivery_date":"2021-12-17 17:14:38"}},{"id":16219865,"title":"Cực kì hài lòng","content":"","customer_id":21353728,"rating":5,"images":[],"created_at":1651836900,"created_by":{"id":21353728,"name":"Pham Phương","full_name":"Pham Phương","created_time":"2021-04-16 11:45:49","purchased":true,"purchased_at":1651638227},"product_id":116947308,"timeline":{"review_created_date":"2022-05-06 18:35:00","delivery_date":"2022-05-06 18:22:22"}},{"id":15347724,"title":"Cực kì hài lòng","content":"Được","customer_id":26670990,"rating":5,"images":[],"created_at":1646893636,"created_by":{"id":26670990,"name":"Ly Nong","full_name":"Ly Nong","created_time":"2022-01-27 19:04:14","purchased":true,"purchased_at":1645883337},"product_id":116947308,"timeline":{"review_created_date":"2022-03-10 13:27:16","delivery_date":"2022-03-03 17:36:12"}},{"id":14926529,"title":"Hài lòng","content":"","customer_id":26717543,"rating":4,"images":[],"created_at":1644684150,"created_by":{"id":26717543,"name":"Trần thị thuý hạnh ","full_name":"Trần thị thuý hạnh ","created_time":"2022-02-05 20:53:15","purchased":true,"purchased_at":1644340550},"product_id":116947308,"timeline":{"review_created_date":"2022-02-12 23:42:30","delivery_date":"2022-02-11 15:09:14"}},{"id":14144374,"title":"Cực kì hài lòng","content":"","customer_id":16301602,"rating":5,"images":[],"created_at":1640763419,"created_by":{"id":16301602,"name":"Nguyễn Mai Phương ","full_name":"Nguyễn Mai Phương ","created_time":"2020-02-07 12:00:37","purchased":true,"purchased_at":1640344211},"product_id":116947308,"timeline":{"review_created_date":"2021-12-29 14:36:59","delivery_date":"2021-12-29 14:35:09"}},{"id":13911084,"title":"Cực kì hài lòng","content":"","customer_id":12298635,"rating":5,"images":[],"created_at":1639808888,"created_by":{"id":12298635,"name":"Hà Thị Hiền","full_name":"Hà Thị Hiền","created_time":"2019-05-30 12:33:23","purchased":true,"purchased_at":1639291474},"product_id":116947308,"timeline":{"review_created_date":"2021-12-18 13:28:08","delivery_date":"2021-12-17 17:14:38"}}]}