{"id":117238177,"dbId":11661,"createdAt":1628269200000,"name":"Thư Viện Nửa Đêm","short_description":"Thắng hạng mục sách hư cấu của Goodreads.Được đưa vào danh sách tổng kết sách hay nhất năm của The Washington Post, Christian Science Monitor, New York Public Library, Boston Globe, Amazon, PureWow, ...","description":"\u003cp\u003eThắng hạng mục sách hư cấu của Goodreads.\u003c/p\u003e\n\u003cp\u003eĐược đưa vào danh sách tổng kết sách hay nhất năm của The Washington Post, Christian Science Monitor, New York Public Library, Boston Globe, Amazon, PureWow, St. Louis Public Radio, She Reads, Lit Hub, The Mary Sue\u003c/p\u003e\n\u003cp\u003e“Hấp dẫn mà dễ chịu… cái nhìn về khả năng vô tận, về bước chân lên những con đường mới, về sống những cuộc đời mới, về một thế giới hoàn toàn khác để chúng ta tiếp cận theo một cách nào đó, ở một nơi nào đó, có thể chính là thứ ta cần trong thời điểm gian nan và hỗn loạn như bây giờ.” — Báo The New York Times.\u003c/p\u003e\n\u003cp\u003e\u003cstrong\u003eGIỚI THIỆU SÁCH:\u003c/strong\u003e\u003c/p\u003e\n\u003cp\u003eCuộc đời Nora Seed tràn ngập khổ sở và nuối tiếc. Cô có nhiều khả năng nhưng lại ít thành tựu, và luôn cảm thấy mình đã làm mọi người xung quanh mình thất vọng. Thế rồi, vào lúc chuông điểm nửa đêm trong ngày cuối cùng còn trên thế gian, Nora thấy mình xuất hiện ở Thư viện nửa đêm – một nơi “nằm giữa cõi sống và cõi chết”, với những dãy kệ trải dài bất tận và hằng hà sa số cuốn sách giúp Nora có thể sống một cuộc đời khác nếu cô đã lựa chọn cho mình những lối đi khác. Với sự giúp đỡ của một người quen cũ, Nora nắm trong tay cơ hội sửa chữa mọi sai lầm và xóa bỏ mọi hối tiếc để tìm kiếm một cuộc sống hoàn hảo cho riêng mình.\u003c/p\u003e\n\u003cp\u003eVậy nhưng, với vô vàn chọn lựa như vậy, đâu mới là cách sống tốt nhất, và ta có nhờ thế mà hạnh phúc hơn chăng?\u003c/p\u003e\n\u003cp\u003e\u003cstrong\u003eTÁC GIẢ:\u003c/strong\u003e\u003c/p\u003e\n\u003cp\u003eMatt Haig (sinh năm 1975) là một nhà báo và tiểu thuyết gia người Anh. Các tác phẩm của ông bao gồm cả hư cấu và phi hư cấu, viết cho đối tượng từ trẻ em tới người lớn, đã bán được hơn ba triệu bản trên toàn thế giới và được dịch ra hơn bốn mươi ngôn ngữ khác nhau. Ông đã ba lần được đề cử cho giải thưởng văn học Carnegie Medal. Haig hiện sống tại Brighton (Sussex, Anh) cùng vợ, hai con và một chú chó.\u003c/p\u003e\n\u003cp\u003eThư viện nửa đêm là cuốn tiểu thuyết thứ bảy của Matt Haig, ra mắt vào quý III năm 2020 và ngay lập tức lọt vào danh sách sách bán chạy của The New York Times. Sách đã được mua bản quyền chuyển thể thành phim.\u003c/p\u003e\n\u003cp\u003ePS: Tác giả này đã có một số cuốn xuất bản ở VN như Những điều giữ tôi còn sống (Reasons to Stay Alive, Bloom Books/Thế Giới, 2019), Ghi chép về một hành tinh âu lo (Notes on a Nervous Planet, Bloom Books/Thế Giới, 2020), Sự thật về 100 thất bại thương hiệu lớn nhất của mọi thời đại (Brand Failures: The Truth About the 100 Biggest Branding Mistakes of All Time, First News/Tổng hợp TPHCM, 2010), Bí quyết thành công 100 thương hiệu hàng đầu thế giới (Brand Royalty: How the World’s Top 100 Brands Thrive \u0026amp; Survive, First News/Tổng hợp TPHCM, 2005).\u003c/p\u003e\u003cp\u003eGiá sản phẩm trên Tiki đã bao gồm thuế theo luật hiện hành. Bên cạnh đó, tuỳ vào loại sản phẩm, hình thức và địa chỉ giao hàng mà có thể phát sinh thêm chi phí khác như phí vận chuyển, phụ phí hàng cồng kềnh, thuế nhập khẩu (đối với đơn hàng giao từ nước ngoài có giá trị trên 1 triệu đồng).....\u003c/p\u003e","original_price":150000.0,"thumbnail_url":"https://salt.tikicdn.com/cache/280x280/ts/product/8e/32/3d/e4487c4c7e335bbda4f06dd54d8e35b8.jpg","images":[{"base_url":"https://salt.tikicdn.com/ts/product/8e/32/3d/e4487c4c7e335bbda4f06dd54d8e35b8.jpg","dbId":31086}],"authors":[{"id":5321,"name":"Matt Haig","dbId":6134}],"specifications":[{"name":"Thông tin chung","attributes":[{"name":"Công ty phát hành","value":"Nhã Nam"},{"name":"Ngày xuất bản","value":"2021-08-01 00:00:00"},{"name":"Dịch Giả","value":"Matryoshka"},{"name":"Loại bìa","value":"Bìa mềm"},{"name":"Số trang","value":"424"},{"name":"Phương thức giao hàng Seller Delivery","value":"Nhà bán giao hàng cho khách hàng"},{"name":"Nhà xuất bản","value":"Nhà Xuất Bản Hội Nhà Văn"},{"code":"PUBLICATION_DATE","name":"Kích thước","value":"14 x 20.5 cm"}]}],"stock_item":{"qty":1000},"all_time_quantity_sold":65,"reviews":[{"id":18412254,"title":"Cực kì hài lòng","content":"Thư viện nửa đêm cuốn sách này đã làm mình khóc vì mình cảm thấy tội cho cô gái ấy trong truyện, tội vì cô đã mắc kẹt trong cái vòng luẩn quẩn, và cảm thấy may mắn cho cô vì cuối cùng sau bao khó khăn vất vả cô đã tìm lại được bản ngã cá nhân và tránh đi nhưng lối mòn của cuộc sống này. Bạn chỉ sống trong cuộc sống của chính bạn và bạn k cần hiểu mọi thứ xquanh quá nhiều.Cô giúp mình hiểu hơn về cuộc đời của mỗi lối ngã mỗi bước đi về một cuộc sống mình mong muốn. Một cuốn sách chữa lành và giúp những người đang chật vật với tinh thần của chính mình có thể vươn lên mà sống tiếp.","customer_id":26671984,"rating":5,"images":[{"id":4091304,"full_path":"https://salt.tikicdn.com/ts/review/f2/c0/59/f0cb3cbb92f4deaa00465de1ec2f8aaf.jpg"},{"id":4091305,"full_path":"https://salt.tikicdn.com/ts/review/58/e1/e6/0f450ca2a48cbe6a80b91007650dad9d.jpg"},{"id":4091306,"full_path":"https://salt.tikicdn.com/ts/review/75/ce/ee/aa22a0e227059c0315c63b54c220fea0.jpg"},{"id":4091307,"full_path":"https://salt.tikicdn.com/ts/review/58/e1/e6/7fdad08394d9927daab3b11ade52a962.jpg"},{"id":4091308,"full_path":"https://salt.tikicdn.com/ts/review/75/ce/ee/58ed24897ddea044b572131450376866.jpg"}],"created_at":1670941622,"created_by":{"id":26671984,"name":"thanh thảo","full_name":"thanh thảo","created_time":"2022-01-27 21:28:31","purchased":true,"purchased_at":1670862130},"product_id":117238177,"timeline":{"review_created_date":"2022-12-13 21:27:02","delivery_date":"2022-12-13 16:00:07"}},{"id":15783942,"title":"Cực kì hài lòng","content":"cái kết quá hay. giải tỏa tất cả cái sự tiêu cực và màu xám quanh nhân vật. cuộc sống hạnh phúc hay không là do cái nhìn của bản thân chứ không phải do xung quanh tác động. muốn rớt nước mắt khi nhân vật chính tìm ra cái mình cần. giờ thì tìm phim xem thôi. nên đọc lắm nè.","customer_id":16364115,"rating":5,"images":[{"id":3321775,"full_path":"https://salt.tikicdn.com/ts/review/67/6a/db/5d14355eff2d2b43bd9bc84d21321a52.jpg"},{"id":3321776,"full_path":"https://salt.tikicdn.com/ts/review/61/ec/d7/36f6d6b06e3d1f48497c99470423d66a.jpg"},{"id":3321777,"full_path":"https://salt.tikicdn.com/ts/review/0b/5e/d1/66d0623d24389476825d7d4a84d33a3e.jpg"},{"id":3321778,"full_path":"https://salt.tikicdn.com/ts/review/06/7e/85/3ba4177e9218eace081e1005cb6ccb93.jpg"},{"id":3321779,"full_path":"https://salt.tikicdn.com/ts/review/1a/fd/77/71447012e95fb19ece0043b6aaa2a0bb.jpg"}],"created_at":1649150208,"created_by":{"id":16364115,"name":"Huỳnh Thị Thanh Tâm","full_name":"Huỳnh Thị Thanh Tâm","created_time":"2020-02-11 11:06:30","purchased":true,"purchased_at":1647440063},"product_id":117238177,"timeline":{"review_created_date":"2022-04-05 16:16:48","delivery_date":"2022-03-17 09:03:11"}},{"id":16915061,"title":"Hài lòng","content":"Sách không có bọc ở ngoài, nhìn như sách cũ, phần đầu và dưới của sách bị lỗi, không ưng ý. Sách nhìn hơi xước và bám bụi. Phần đóng gói cần cải thiện, còn nội dung mình chưa tìm hiểu kỹ nhưng cách bảo quản và đóng gói chưa được tốt","customer_id":20349944,"rating":4,"images":[{"id":3646568,"full_path":"https://salt.tikicdn.com/ts/review/26/3c/f6/1dc34fc674aa9b0396020f31ea3c71e9.jpg"},{"id":3646569,"full_path":"https://salt.tikicdn.com/ts/review/43/ae/fc/1612d25b8880e07aca2fc43ce1e0716e.jpg"},{"id":3646570,"full_path":"https://salt.tikicdn.com/ts/review/89/95/74/55fcc716f792be27046dab05a2349d14.jpg"},{"id":3646571,"full_path":"https://salt.tikicdn.com/ts/review/fc/d4/5b/12c6f7fe0c74ad60e2c0f0fe4bb395cb.jpg"},{"id":3646572,"full_path":"https://salt.tikicdn.com/ts/review/81/41/00/912795fc11a43cf52f9605218cf51b5b.jpg"}],"created_at":1656753028,"created_by":{"id":20349944,"name":"Ánh Trương","full_name":"Ánh Trương","created_time":"2021-02-18 08:25:27","purchased":true,"purchased_at":1656505101},"product_id":117238177,"timeline":{"review_created_date":"2022-07-02 16:10:28","delivery_date":"2022-07-02 11:35:08"}},{"id":13970452,"title":"Không hài lòng","content":"Sách bị rách phần gáy, không biết do khâu lưu kho hay đóng gói. Tôi không hài lòng điều này. Dạo gần đây sách hay được bỏ thẳng vô hộp bìa mà không bọc túi xốp hay túi bóng, chắc do Tiki cắt giảm chi phí. Điều này cũng không sao nhưng nên bảo quản tình trạng sách tốt nhất khi đến tay người dùng.\n\nNội dung sách chắc chắn rất hấp dẫn, vốn đã được review nhiều nên tôi không bàn thêm.","customer_id":1449175,"rating":2,"images":[{"id":2919912,"full_path":"https://salt.tikicdn.com/ts/review/6f/35/33/a40a8544f4268e1634cace1cf874d68e.jpg"},{"id":2919913,"full_path":"https://salt.tikicdn.com/ts/review/59/c0/97/041201d60562d67e0f655d5c1e1d5e77.jpg"},{"id":2919914,"full_path":"https://salt.tikicdn.com/ts/review/96/2e/5d/7aafb08909f5888471bfe55984e2472c.jpg"},{"id":2919915,"full_path":"https://salt.tikicdn.com/ts/review/85/e0/c7/56b43594f097506458c12880898b72eb.jpg"},{"id":2919916,"full_path":"https://salt.tikicdn.com/ts/review/e6/68/ea/ae608972188b63f219eed0ce1645c133.jpg"}],"created_at":1640062376,"created_by":{"id":1449175,"name":"Tina Hồ","full_name":"Tina Hồ","created_time":"2016-06-20 15:18:41","purchased":true,"purchased_at":1639971251},"product_id":117238177,"timeline":{"review_created_date":"2021-12-21 11:52:56","delivery_date":"2021-12-21 11:24:41"}},{"id":16120421,"title":"Cực kì hài lòng","content":"Đóng gói chắc chắn, sách không những rẻ mà còn có bookcare nữa nha, mình mua có 2 cuốn mà cho đóng gói cho mình cái hộp to quá, nhưng không sao, sách đẹp lắm, không bị méo cong chỗ nào cả, mình chưa đọc nên không biết thế nào, shipper dễ thương giao hàng đúng hẹn, shop phục vụ tốt, 5 sao nha 💯💯💯!!!!!","customer_id":21954072,"rating":5,"images":[{"id":3418544,"full_path":"https://salt.tikicdn.com/ts/review/c0/a4/83/158b02bd629c1764193190111902ea16.jpg"},{"id":3418545,"full_path":"https://salt.tikicdn.com/ts/review/be/ef/7b/a6d18c6193c1baa9ada4606e2c734c1b.jpg"},{"id":3418546,"full_path":"https://salt.tikicdn.com/ts/review/65/ac/36/a80874a7d94ac9b6847c9c5531ca2a4b.jpg"},{"id":3418547,"full_path":"https://salt.tikicdn.com/ts/review/0c/33/1f/a556167ccdb63a3307105df40547b2f4.jpg"}],"created_at":1651119267,"created_by":{"id":21954072,"name":"Lưu Hoàng Phương Trà","full_name":"Lưu Hoàng Phương Trà","created_time":"2021-05-28 09:49:34","purchased":true,"purchased_at":1650895351},"product_id":117238177,"timeline":{"review_created_date":"2022-04-28 11:14:27","delivery_date":"2022-04-28 10:32:39"}},{"id":18412254,"title":"Cực kì hài lòng","content":"Thư viện nửa đêm cuốn sách này đã làm mình khóc vì mình cảm thấy tội cho cô gái ấy trong truyện, tội vì cô đã mắc kẹt trong cái vòng luẩn quẩn, và cảm thấy may mắn cho cô vì cuối cùng sau bao khó khăn vất vả cô đã tìm lại được bản ngã cá nhân và tránh đi nhưng lối mòn của cuộc sống này. Bạn chỉ sống trong cuộc sống của chính bạn và bạn k cần hiểu mọi thứ xquanh quá nhiều.Cô giúp mình hiểu hơn về cuộc đời của mỗi lối ngã mỗi bước đi về một cuộc sống mình mong muốn. Một cuốn sách chữa lành và giúp những người đang chật vật với tinh thần của chính mình có thể vươn lên mà sống tiếp.","customer_id":26671984,"rating":5,"images":[{"id":4091304,"full_path":"https://salt.tikicdn.com/ts/review/f2/c0/59/f0cb3cbb92f4deaa00465de1ec2f8aaf.jpg"},{"id":4091305,"full_path":"https://salt.tikicdn.com/ts/review/58/e1/e6/0f450ca2a48cbe6a80b91007650dad9d.jpg"},{"id":4091306,"full_path":"https://salt.tikicdn.com/ts/review/75/ce/ee/aa22a0e227059c0315c63b54c220fea0.jpg"},{"id":4091307,"full_path":"https://salt.tikicdn.com/ts/review/58/e1/e6/7fdad08394d9927daab3b11ade52a962.jpg"},{"id":4091308,"full_path":"https://salt.tikicdn.com/ts/review/75/ce/ee/58ed24897ddea044b572131450376866.jpg"}],"created_at":1670941622,"created_by":{"id":26671984,"name":"thanh thảo","full_name":"thanh thảo","created_time":"2022-01-27 21:28:31","purchased":true,"purchased_at":1670862130},"product_id":117238177,"timeline":{"review_created_date":"2022-12-13 21:27:02","delivery_date":"2022-12-13 16:00:07"}},{"id":15783942,"title":"Cực kì hài lòng","content":"cái kết quá hay. giải tỏa tất cả cái sự tiêu cực và màu xám quanh nhân vật. cuộc sống hạnh phúc hay không là do cái nhìn của bản thân chứ không phải do xung quanh tác động. muốn rớt nước mắt khi nhân vật chính tìm ra cái mình cần. giờ thì tìm phim xem thôi. nên đọc lắm nè.","customer_id":16364115,"rating":5,"images":[{"id":3321775,"full_path":"https://salt.tikicdn.com/ts/review/67/6a/db/5d14355eff2d2b43bd9bc84d21321a52.jpg"},{"id":3321776,"full_path":"https://salt.tikicdn.com/ts/review/61/ec/d7/36f6d6b06e3d1f48497c99470423d66a.jpg"},{"id":3321777,"full_path":"https://salt.tikicdn.com/ts/review/0b/5e/d1/66d0623d24389476825d7d4a84d33a3e.jpg"},{"id":3321778,"full_path":"https://salt.tikicdn.com/ts/review/06/7e/85/3ba4177e9218eace081e1005cb6ccb93.jpg"},{"id":3321779,"full_path":"https://salt.tikicdn.com/ts/review/1a/fd/77/71447012e95fb19ece0043b6aaa2a0bb.jpg"}],"created_at":1649150208,"created_by":{"id":16364115,"name":"Huỳnh Thị Thanh Tâm","full_name":"Huỳnh Thị Thanh Tâm","created_time":"2020-02-11 11:06:30","purchased":true,"purchased_at":1647440063},"product_id":117238177,"timeline":{"review_created_date":"2022-04-05 16:16:48","delivery_date":"2022-03-17 09:03:11"}},{"id":16915061,"title":"Hài lòng","content":"Sách không có bọc ở ngoài, nhìn như sách cũ, phần đầu và dưới của sách bị lỗi, không ưng ý. Sách nhìn hơi xước và bám bụi. Phần đóng gói cần cải thiện, còn nội dung mình chưa tìm hiểu kỹ nhưng cách bảo quản và đóng gói chưa được tốt","customer_id":20349944,"rating":4,"images":[{"id":3646568,"full_path":"https://salt.tikicdn.com/ts/review/26/3c/f6/1dc34fc674aa9b0396020f31ea3c71e9.jpg"},{"id":3646569,"full_path":"https://salt.tikicdn.com/ts/review/43/ae/fc/1612d25b8880e07aca2fc43ce1e0716e.jpg"},{"id":3646570,"full_path":"https://salt.tikicdn.com/ts/review/89/95/74/55fcc716f792be27046dab05a2349d14.jpg"},{"id":3646571,"full_path":"https://salt.tikicdn.com/ts/review/fc/d4/5b/12c6f7fe0c74ad60e2c0f0fe4bb395cb.jpg"},{"id":3646572,"full_path":"https://salt.tikicdn.com/ts/review/81/41/00/912795fc11a43cf52f9605218cf51b5b.jpg"}],"created_at":1656753028,"created_by":{"id":20349944,"name":"Ánh Trương","full_name":"Ánh Trương","created_time":"2021-02-18 08:25:27","purchased":true,"purchased_at":1656505101},"product_id":117238177,"timeline":{"review_created_date":"2022-07-02 16:10:28","delivery_date":"2022-07-02 11:35:08"}},{"id":13970452,"title":"Không hài lòng","content":"Sách bị rách phần gáy, không biết do khâu lưu kho hay đóng gói. Tôi không hài lòng điều này. Dạo gần đây sách hay được bỏ thẳng vô hộp bìa mà không bọc túi xốp hay túi bóng, chắc do Tiki cắt giảm chi phí. Điều này cũng không sao nhưng nên bảo quản tình trạng sách tốt nhất khi đến tay người dùng.\n\nNội dung sách chắc chắn rất hấp dẫn, vốn đã được review nhiều nên tôi không bàn thêm.","customer_id":1449175,"rating":2,"images":[{"id":2919912,"full_path":"https://salt.tikicdn.com/ts/review/6f/35/33/a40a8544f4268e1634cace1cf874d68e.jpg"},{"id":2919913,"full_path":"https://salt.tikicdn.com/ts/review/59/c0/97/041201d60562d67e0f655d5c1e1d5e77.jpg"},{"id":2919914,"full_path":"https://salt.tikicdn.com/ts/review/96/2e/5d/7aafb08909f5888471bfe55984e2472c.jpg"},{"id":2919915,"full_path":"https://salt.tikicdn.com/ts/review/85/e0/c7/56b43594f097506458c12880898b72eb.jpg"},{"id":2919916,"full_path":"https://salt.tikicdn.com/ts/review/e6/68/ea/ae608972188b63f219eed0ce1645c133.jpg"}],"created_at":1640062376,"created_by":{"id":1449175,"name":"Tina Hồ","full_name":"Tina Hồ","created_time":"2016-06-20 15:18:41","purchased":true,"purchased_at":1639971251},"product_id":117238177,"timeline":{"review_created_date":"2021-12-21 11:52:56","delivery_date":"2021-12-21 11:24:41"}},{"id":16120421,"title":"Cực kì hài lòng","content":"Đóng gói chắc chắn, sách không những rẻ mà còn có bookcare nữa nha, mình mua có 2 cuốn mà cho đóng gói cho mình cái hộp to quá, nhưng không sao, sách đẹp lắm, không bị méo cong chỗ nào cả, mình chưa đọc nên không biết thế nào, shipper dễ thương giao hàng đúng hẹn, shop phục vụ tốt, 5 sao nha 💯💯💯!!!!!","customer_id":21954072,"rating":5,"images":[{"id":3418544,"full_path":"https://salt.tikicdn.com/ts/review/c0/a4/83/158b02bd629c1764193190111902ea16.jpg"},{"id":3418545,"full_path":"https://salt.tikicdn.com/ts/review/be/ef/7b/a6d18c6193c1baa9ada4606e2c734c1b.jpg"},{"id":3418546,"full_path":"https://salt.tikicdn.com/ts/review/65/ac/36/a80874a7d94ac9b6847c9c5531ca2a4b.jpg"},{"id":3418547,"full_path":"https://salt.tikicdn.com/ts/review/0c/33/1f/a556167ccdb63a3307105df40547b2f4.jpg"}],"created_at":1651119267,"created_by":{"id":21954072,"name":"Lưu Hoàng Phương Trà","full_name":"Lưu Hoàng Phương Trà","created_time":"2021-05-28 09:49:34","purchased":true,"purchased_at":1650895351},"product_id":117238177,"timeline":{"review_created_date":"2022-04-28 11:14:27","delivery_date":"2022-04-28 10:32:39"}},{"id":18412254,"title":"Cực kì hài lòng","content":"Thư viện nửa đêm cuốn sách này đã làm mình khóc vì mình cảm thấy tội cho cô gái ấy trong truyện, tội vì cô đã mắc kẹt trong cái vòng luẩn quẩn, và cảm thấy may mắn cho cô vì cuối cùng sau bao khó khăn vất vả cô đã tìm lại được bản ngã cá nhân và tránh đi nhưng lối mòn của cuộc sống này. Bạn chỉ sống trong cuộc sống của chính bạn và bạn k cần hiểu mọi thứ xquanh quá nhiều.Cô giúp mình hiểu hơn về cuộc đời của mỗi lối ngã mỗi bước đi về một cuộc sống mình mong muốn. Một cuốn sách chữa lành và giúp những người đang chật vật với tinh thần của chính mình có thể vươn lên mà sống tiếp.","customer_id":26671984,"rating":5,"images":[{"id":4091304,"full_path":"https://salt.tikicdn.com/ts/review/f2/c0/59/f0cb3cbb92f4deaa00465de1ec2f8aaf.jpg"},{"id":4091305,"full_path":"https://salt.tikicdn.com/ts/review/58/e1/e6/0f450ca2a48cbe6a80b91007650dad9d.jpg"},{"id":4091306,"full_path":"https://salt.tikicdn.com/ts/review/75/ce/ee/aa22a0e227059c0315c63b54c220fea0.jpg"},{"id":4091307,"full_path":"https://salt.tikicdn.com/ts/review/58/e1/e6/7fdad08394d9927daab3b11ade52a962.jpg"},{"id":4091308,"full_path":"https://salt.tikicdn.com/ts/review/75/ce/ee/58ed24897ddea044b572131450376866.jpg"}],"created_at":1670941622,"created_by":{"id":26671984,"name":"thanh thảo","full_name":"thanh thảo","created_time":"2022-01-27 21:28:31","purchased":true,"purchased_at":1670862130},"product_id":117238177,"timeline":{"review_created_date":"2022-12-13 21:27:02","delivery_date":"2022-12-13 16:00:07"}},{"id":15783942,"title":"Cực kì hài lòng","content":"cái kết quá hay. giải tỏa tất cả cái sự tiêu cực và màu xám quanh nhân vật. cuộc sống hạnh phúc hay không là do cái nhìn của bản thân chứ không phải do xung quanh tác động. muốn rớt nước mắt khi nhân vật chính tìm ra cái mình cần. giờ thì tìm phim xem thôi. nên đọc lắm nè.","customer_id":16364115,"rating":5,"images":[{"id":3321775,"full_path":"https://salt.tikicdn.com/ts/review/67/6a/db/5d14355eff2d2b43bd9bc84d21321a52.jpg"},{"id":3321776,"full_path":"https://salt.tikicdn.com/ts/review/61/ec/d7/36f6d6b06e3d1f48497c99470423d66a.jpg"},{"id":3321777,"full_path":"https://salt.tikicdn.com/ts/review/0b/5e/d1/66d0623d24389476825d7d4a84d33a3e.jpg"},{"id":3321778,"full_path":"https://salt.tikicdn.com/ts/review/06/7e/85/3ba4177e9218eace081e1005cb6ccb93.jpg"},{"id":3321779,"full_path":"https://salt.tikicdn.com/ts/review/1a/fd/77/71447012e95fb19ece0043b6aaa2a0bb.jpg"}],"created_at":1649150208,"created_by":{"id":16364115,"name":"Huỳnh Thị Thanh Tâm","full_name":"Huỳnh Thị Thanh Tâm","created_time":"2020-02-11 11:06:30","purchased":true,"purchased_at":1647440063},"product_id":117238177,"timeline":{"review_created_date":"2022-04-05 16:16:48","delivery_date":"2022-03-17 09:03:11"}},{"id":16915061,"title":"Hài lòng","content":"Sách không có bọc ở ngoài, nhìn như sách cũ, phần đầu và dưới của sách bị lỗi, không ưng ý. Sách nhìn hơi xước và bám bụi. Phần đóng gói cần cải thiện, còn nội dung mình chưa tìm hiểu kỹ nhưng cách bảo quản và đóng gói chưa được tốt","customer_id":20349944,"rating":4,"images":[{"id":3646568,"full_path":"https://salt.tikicdn.com/ts/review/26/3c/f6/1dc34fc674aa9b0396020f31ea3c71e9.jpg"},{"id":3646569,"full_path":"https://salt.tikicdn.com/ts/review/43/ae/fc/1612d25b8880e07aca2fc43ce1e0716e.jpg"},{"id":3646570,"full_path":"https://salt.tikicdn.com/ts/review/89/95/74/55fcc716f792be27046dab05a2349d14.jpg"},{"id":3646571,"full_path":"https://salt.tikicdn.com/ts/review/fc/d4/5b/12c6f7fe0c74ad60e2c0f0fe4bb395cb.jpg"},{"id":3646572,"full_path":"https://salt.tikicdn.com/ts/review/81/41/00/912795fc11a43cf52f9605218cf51b5b.jpg"}],"created_at":1656753028,"created_by":{"id":20349944,"name":"Ánh Trương","full_name":"Ánh Trương","created_time":"2021-02-18 08:25:27","purchased":true,"purchased_at":1656505101},"product_id":117238177,"timeline":{"review_created_date":"2022-07-02 16:10:28","delivery_date":"2022-07-02 11:35:08"}},{"id":13970452,"title":"Không hài lòng","content":"Sách bị rách phần gáy, không biết do khâu lưu kho hay đóng gói. Tôi không hài lòng điều này. Dạo gần đây sách hay được bỏ thẳng vô hộp bìa mà không bọc túi xốp hay túi bóng, chắc do Tiki cắt giảm chi phí. Điều này cũng không sao nhưng nên bảo quản tình trạng sách tốt nhất khi đến tay người dùng.\n\nNội dung sách chắc chắn rất hấp dẫn, vốn đã được review nhiều nên tôi không bàn thêm.","customer_id":1449175,"rating":2,"images":[{"id":2919912,"full_path":"https://salt.tikicdn.com/ts/review/6f/35/33/a40a8544f4268e1634cace1cf874d68e.jpg"},{"id":2919913,"full_path":"https://salt.tikicdn.com/ts/review/59/c0/97/041201d60562d67e0f655d5c1e1d5e77.jpg"},{"id":2919914,"full_path":"https://salt.tikicdn.com/ts/review/96/2e/5d/7aafb08909f5888471bfe55984e2472c.jpg"},{"id":2919915,"full_path":"https://salt.tikicdn.com/ts/review/85/e0/c7/56b43594f097506458c12880898b72eb.jpg"},{"id":2919916,"full_path":"https://salt.tikicdn.com/ts/review/e6/68/ea/ae608972188b63f219eed0ce1645c133.jpg"}],"created_at":1640062376,"created_by":{"id":1449175,"name":"Tina Hồ","full_name":"Tina Hồ","created_time":"2016-06-20 15:18:41","purchased":true,"purchased_at":1639971251},"product_id":117238177,"timeline":{"review_created_date":"2021-12-21 11:52:56","delivery_date":"2021-12-21 11:24:41"}},{"id":16120421,"title":"Cực kì hài lòng","content":"Đóng gói chắc chắn, sách không những rẻ mà còn có bookcare nữa nha, mình mua có 2 cuốn mà cho đóng gói cho mình cái hộp to quá, nhưng không sao, sách đẹp lắm, không bị méo cong chỗ nào cả, mình chưa đọc nên không biết thế nào, shipper dễ thương giao hàng đúng hẹn, shop phục vụ tốt, 5 sao nha 💯💯💯!!!!!","customer_id":21954072,"rating":5,"images":[{"id":3418544,"full_path":"https://salt.tikicdn.com/ts/review/c0/a4/83/158b02bd629c1764193190111902ea16.jpg"},{"id":3418545,"full_path":"https://salt.tikicdn.com/ts/review/be/ef/7b/a6d18c6193c1baa9ada4606e2c734c1b.jpg"},{"id":3418546,"full_path":"https://salt.tikicdn.com/ts/review/65/ac/36/a80874a7d94ac9b6847c9c5531ca2a4b.jpg"},{"id":3418547,"full_path":"https://salt.tikicdn.com/ts/review/0c/33/1f/a556167ccdb63a3307105df40547b2f4.jpg"}],"created_at":1651119267,"created_by":{"id":21954072,"name":"Lưu Hoàng Phương Trà","full_name":"Lưu Hoàng Phương Trà","created_time":"2021-05-28 09:49:34","purchased":true,"purchased_at":1650895351},"product_id":117238177,"timeline":{"review_created_date":"2022-04-28 11:14:27","delivery_date":"2022-04-28 10:32:39"}},{"id":18412254,"title":"Cực kì hài lòng","content":"Thư viện nửa đêm cuốn sách này đã làm mình khóc vì mình cảm thấy tội cho cô gái ấy trong truyện, tội vì cô đã mắc kẹt trong cái vòng luẩn quẩn, và cảm thấy may mắn cho cô vì cuối cùng sau bao khó khăn vất vả cô đã tìm lại được bản ngã cá nhân và tránh đi nhưng lối mòn của cuộc sống này. Bạn chỉ sống trong cuộc sống của chính bạn và bạn k cần hiểu mọi thứ xquanh quá nhiều.Cô giúp mình hiểu hơn về cuộc đời của mỗi lối ngã mỗi bước đi về một cuộc sống mình mong muốn. Một cuốn sách chữa lành và giúp những người đang chật vật với tinh thần của chính mình có thể vươn lên mà sống tiếp.","customer_id":26671984,"rating":5,"images":[{"id":4091304,"full_path":"https://salt.tikicdn.com/ts/review/f2/c0/59/f0cb3cbb92f4deaa00465de1ec2f8aaf.jpg"},{"id":4091305,"full_path":"https://salt.tikicdn.com/ts/review/58/e1/e6/0f450ca2a48cbe6a80b91007650dad9d.jpg"},{"id":4091306,"full_path":"https://salt.tikicdn.com/ts/review/75/ce/ee/aa22a0e227059c0315c63b54c220fea0.jpg"},{"id":4091307,"full_path":"https://salt.tikicdn.com/ts/review/58/e1/e6/7fdad08394d9927daab3b11ade52a962.jpg"},{"id":4091308,"full_path":"https://salt.tikicdn.com/ts/review/75/ce/ee/58ed24897ddea044b572131450376866.jpg"}],"created_at":1670941622,"created_by":{"id":26671984,"name":"thanh thảo","full_name":"thanh thảo","created_time":"2022-01-27 21:28:31","purchased":true,"purchased_at":1670862130},"product_id":117238177,"timeline":{"review_created_date":"2022-12-13 21:27:02","delivery_date":"2022-12-13 16:00:07"}},{"id":15783942,"title":"Cực kì hài lòng","content":"cái kết quá hay. giải tỏa tất cả cái sự tiêu cực và màu xám quanh nhân vật. cuộc sống hạnh phúc hay không là do cái nhìn của bản thân chứ không phải do xung quanh tác động. muốn rớt nước mắt khi nhân vật chính tìm ra cái mình cần. giờ thì tìm phim xem thôi. nên đọc lắm nè.","customer_id":16364115,"rating":5,"images":[{"id":3321775,"full_path":"https://salt.tikicdn.com/ts/review/67/6a/db/5d14355eff2d2b43bd9bc84d21321a52.jpg"},{"id":3321776,"full_path":"https://salt.tikicdn.com/ts/review/61/ec/d7/36f6d6b06e3d1f48497c99470423d66a.jpg"},{"id":3321777,"full_path":"https://salt.tikicdn.com/ts/review/0b/5e/d1/66d0623d24389476825d7d4a84d33a3e.jpg"},{"id":3321778,"full_path":"https://salt.tikicdn.com/ts/review/06/7e/85/3ba4177e9218eace081e1005cb6ccb93.jpg"},{"id":3321779,"full_path":"https://salt.tikicdn.com/ts/review/1a/fd/77/71447012e95fb19ece0043b6aaa2a0bb.jpg"}],"created_at":1649150208,"created_by":{"id":16364115,"name":"Huỳnh Thị Thanh Tâm","full_name":"Huỳnh Thị Thanh Tâm","created_time":"2020-02-11 11:06:30","purchased":true,"purchased_at":1647440063},"product_id":117238177,"timeline":{"review_created_date":"2022-04-05 16:16:48","delivery_date":"2022-03-17 09:03:11"}},{"id":16915061,"title":"Hài lòng","content":"Sách không có bọc ở ngoài, nhìn như sách cũ, phần đầu và dưới của sách bị lỗi, không ưng ý. Sách nhìn hơi xước và bám bụi. Phần đóng gói cần cải thiện, còn nội dung mình chưa tìm hiểu kỹ nhưng cách bảo quản và đóng gói chưa được tốt","customer_id":20349944,"rating":4,"images":[{"id":3646568,"full_path":"https://salt.tikicdn.com/ts/review/26/3c/f6/1dc34fc674aa9b0396020f31ea3c71e9.jpg"},{"id":3646569,"full_path":"https://salt.tikicdn.com/ts/review/43/ae/fc/1612d25b8880e07aca2fc43ce1e0716e.jpg"},{"id":3646570,"full_path":"https://salt.tikicdn.com/ts/review/89/95/74/55fcc716f792be27046dab05a2349d14.jpg"},{"id":3646571,"full_path":"https://salt.tikicdn.com/ts/review/fc/d4/5b/12c6f7fe0c74ad60e2c0f0fe4bb395cb.jpg"},{"id":3646572,"full_path":"https://salt.tikicdn.com/ts/review/81/41/00/912795fc11a43cf52f9605218cf51b5b.jpg"}],"created_at":1656753028,"created_by":{"id":20349944,"name":"Ánh Trương","full_name":"Ánh Trương","created_time":"2021-02-18 08:25:27","purchased":true,"purchased_at":1656505101},"product_id":117238177,"timeline":{"review_created_date":"2022-07-02 16:10:28","delivery_date":"2022-07-02 11:35:08"}},{"id":13970452,"title":"Không hài lòng","content":"Sách bị rách phần gáy, không biết do khâu lưu kho hay đóng gói. Tôi không hài lòng điều này. Dạo gần đây sách hay được bỏ thẳng vô hộp bìa mà không bọc túi xốp hay túi bóng, chắc do Tiki cắt giảm chi phí. Điều này cũng không sao nhưng nên bảo quản tình trạng sách tốt nhất khi đến tay người dùng.\n\nNội dung sách chắc chắn rất hấp dẫn, vốn đã được review nhiều nên tôi không bàn thêm.","customer_id":1449175,"rating":2,"images":[{"id":2919912,"full_path":"https://salt.tikicdn.com/ts/review/6f/35/33/a40a8544f4268e1634cace1cf874d68e.jpg"},{"id":2919913,"full_path":"https://salt.tikicdn.com/ts/review/59/c0/97/041201d60562d67e0f655d5c1e1d5e77.jpg"},{"id":2919914,"full_path":"https://salt.tikicdn.com/ts/review/96/2e/5d/7aafb08909f5888471bfe55984e2472c.jpg"},{"id":2919915,"full_path":"https://salt.tikicdn.com/ts/review/85/e0/c7/56b43594f097506458c12880898b72eb.jpg"},{"id":2919916,"full_path":"https://salt.tikicdn.com/ts/review/e6/68/ea/ae608972188b63f219eed0ce1645c133.jpg"}],"created_at":1640062376,"created_by":{"id":1449175,"name":"Tina Hồ","full_name":"Tina Hồ","created_time":"2016-06-20 15:18:41","purchased":true,"purchased_at":1639971251},"product_id":117238177,"timeline":{"review_created_date":"2021-12-21 11:52:56","delivery_date":"2021-12-21 11:24:41"}},{"id":16120421,"title":"Cực kì hài lòng","content":"Đóng gói chắc chắn, sách không những rẻ mà còn có bookcare nữa nha, mình mua có 2 cuốn mà cho đóng gói cho mình cái hộp to quá, nhưng không sao, sách đẹp lắm, không bị méo cong chỗ nào cả, mình chưa đọc nên không biết thế nào, shipper dễ thương giao hàng đúng hẹn, shop phục vụ tốt, 5 sao nha 💯💯💯!!!!!","customer_id":21954072,"rating":5,"images":[{"id":3418544,"full_path":"https://salt.tikicdn.com/ts/review/c0/a4/83/158b02bd629c1764193190111902ea16.jpg"},{"id":3418545,"full_path":"https://salt.tikicdn.com/ts/review/be/ef/7b/a6d18c6193c1baa9ada4606e2c734c1b.jpg"},{"id":3418546,"full_path":"https://salt.tikicdn.com/ts/review/65/ac/36/a80874a7d94ac9b6847c9c5531ca2a4b.jpg"},{"id":3418547,"full_path":"https://salt.tikicdn.com/ts/review/0c/33/1f/a556167ccdb63a3307105df40547b2f4.jpg"}],"created_at":1651119267,"created_by":{"id":21954072,"name":"Lưu Hoàng Phương Trà","full_name":"Lưu Hoàng Phương Trà","created_time":"2021-05-28 09:49:34","purchased":true,"purchased_at":1650895351},"product_id":117238177,"timeline":{"review_created_date":"2022-04-28 11:14:27","delivery_date":"2022-04-28 10:32:39"}}]}