{"id":117595305,"dbId":11192,"createdAt":1628182800000,"name":"Poco Ở Thế Giới Udon - Tập 2 (Tặng kèm Bookmark)","short_description":"Poco ở thế giới Udon 2 - Kì nghỉ hè dài kết thúc!Trở về quê nhà Kagawa để chịu tang người cha vừa qua đời, Souta vô tình phát hiện ra một đứa trẻ kì lạ đang nằm ngủ trong tiệm mì Udon vốn đã đóng cửa...","description":"\u003cp\u003e\u003cstrong\u003ePoco ở thế giới Udon 2 - Kì nghỉ hè dài kết thúc!\u003c/strong\u003e\u003c/p\u003e\n\u003cp\u003eTrở về quê nhà Kagawa để chịu tang người cha vừa qua đời, Souta vô tình phát hiện ra một đứa trẻ kì lạ đang nằm ngủ trong tiệm mì Udon vốn đã đóng cửa của gia đình. Không ngờ rằng, bản thể thật của đứa bé đó là một chú chồn lửng có thể hóa thành người! Tuy ban đầu có bất ngờ và sợ hãi, Souta vẫn quyết định nhận nuôi chú chồn và đặt tên chú là “Poco”.\u003c/p\u003e\n\u003cp\u003ePoco vô cùng hiếu kỳ trước mọi sự vật trong đời sống thường ngày, mỗi ngày trôi qua cậu lại học hỏi thêm được một điều mới mẻ. Thế nhưng, cậu nhóc vẫn chưa kiểm soát được khả năng biến hình của mình, khiến cho Souta lúc nào cũng trong tình trạng cảnh giác tột độ. Cùng với anh bạn thân Nakajima và sự xuất hiện của chị gái Rinko, cuộc sống của Souta tại quê nhà Kagawa càng trở nên sôi động hơn bao giờ hết.\u003c/p\u003e\n\u003cp\u003eKì nghỉ hè dài đã dần kết thúc, những ngày tháng vui vẻ bên mọi người đã khiến Souta suy nghĩ rất nhiều về việc rời đi hay ở lại quê nhà. Trong chuyến đi ngắn ngủi trở về Tokyo, Souta sẽ quyết định thế nào? Souta muốn làm gì trong tương lai? Liệu anh có hiểu rõ chính mình không?\u003c/p\u003e\n\u003cp\u003eCuộc sống thường ngày đầy sắc màu của chú chồn nhỏ Poco ở thế giới Udon đã bước sang tập thứ hai rồi! Tại nơi quê nhà tưởng chừng buồn tẻ, không có gì đáng để kể này, liệu rằng Souta có tìm ra được điều thật sự quý giá đối với bản thân mình?\u003c/p\u003e\u003cp\u003eGiá sản phẩm trên Tiki đã bao gồm thuế theo luật hiện hành. Bên cạnh đó, tuỳ vào loại sản phẩm, hình thức và địa chỉ giao hàng mà có thể phát sinh thêm chi phí khác như phí vận chuyển, phụ phí hàng cồng kềnh, thuế nhập khẩu (đối với đơn hàng giao từ nước ngoài có giá trị trên 1 triệu đồng).....\u003c/p\u003e","original_price":48000.0,"thumbnail_url":"https://salt.tikicdn.com/cache/280x280/ts/product/a5/1f/19/c6abdd4d2e92eb52a96ff71457d4bf46.jpg","images":[{"base_url":"https://salt.tikicdn.com/ts/product/a5/1f/19/c6abdd4d2e92eb52a96ff71457d4bf46.jpg","dbId":29834},{"base_url":"https://salt.tikicdn.com/ts/product/0d/4c/51/53eee005a68c97ff245f5aaa375f4cee.jpg","dbId":29835},{"base_url":"https://salt.tikicdn.com/ts/product/21/76/20/44837b17ed7dc94a291df4bb33123579.jpg","dbId":29836}],"authors":[{"id":4973523,"name":"Nodoka Shinomaru","dbId":5947}],"specifications":[{"name":"Thông tin chung","attributes":[{"name":"Công ty phát hành","value":"SkyComics"},{"name":"Ngày xuất bản","value":"2021-08-01 00:00:00"},{"name":"Dịch Giả","value":"Lyn Lê"},{"name":"Loại bìa","value":"Bìa mềm"},{"name":"Số trang","value":"192"},{"name":"Phương thức giao hàng Seller Delivery","value":"Nhà bán giao hàng cho khách hàng"},{"name":"Nhà xuất bản","value":"Nhà Xuất Bản Phụ Nữ Việt Nam"},{"code":"PUBLICATION_DATE","name":"Kích thước","value":"13 x 18 cm"}]}],"stock_item":{"qty":1000},"all_time_quantity_sold":52,"reviews":[{"id":14584435,"title":"Cực kì hài lòng","content":"Như mọi lần tiki vẫn giao nhanh hơn dự kiến. Sách thì đẹp thật như tập 1 trong lúc giao bị mốp và rách 1 ít ở trên gáy mik đã phê bình rồi. Cuốn tập 2 ok lắm ko hoàn hảo nhưng nhìn chung đẹp và ổn và cuối cùng vẫn mong tiki có xốp bảo vệ để tốt cho khách hàng và tốt cho tiki","customer_id":25977196,"rating":5,"images":[{"id":3055570,"full_path":"https://salt.tikicdn.com/ts/review/c7/ae/43/2b10daa4ead03c8cc1b7ad29c26cacb5.jpg"},{"id":3055571,"full_path":"https://salt.tikicdn.com/ts/review/57/46/51/b959ed19ba14ca8d4ec2a05d81ce9c67.jpg"},{"id":3055572,"full_path":"https://salt.tikicdn.com/ts/review/ef/c1/4a/29a979519192dc08768642addd47d7c5.jpg"},{"id":3055573,"full_path":"https://salt.tikicdn.com/ts/review/72/2a/db/6e48c982d2d37b7ac64e09434258810f.jpg"},{"id":3055574,"full_path":"https://salt.tikicdn.com/ts/review/c6/fc/c9/1e197dfbaadc8a1586d81b7f95bda3c8.jpg"}],"created_at":1642657778,"created_by":{"id":25977196,"name":"Huỳnh Hà","full_name":"Huỳnh Hà","created_time":"2021-12-13 08:53:18","purchased":true,"purchased_at":1642501672},"product_id":117595305,"timeline":{"review_created_date":"2022-01-20 12:49:38","delivery_date":"2022-01-20 10:43:34"}},{"id":15681802,"title":"Cực kì hài lòng","content":"Chiết khấu cao; Chất lượng ổn; Giao hàng nhanh chóng. Điểm trừ là đóng gói chưa hợp lý, nên có giấy lót bên trong để chống xê dịch khi kích thước hộp đựng và truyện ko tương thích.","customer_id":9122070,"rating":5,"images":[{"id":3297641,"full_path":"https://salt.tikicdn.com/ts/review/2e/11/b7/756b99f73c8e919b59c657fc0b55179d.jpg"},{"id":3297642,"full_path":"https://salt.tikicdn.com/ts/review/9a/4d/17/c0671aa0535f485b17daaa911ad0efac.jpg"},{"id":3297643,"full_path":"https://salt.tikicdn.com/ts/review/b1/25/1d/c894180b041392de6ee23230c27a232f.jpg"},{"id":3297644,"full_path":"https://salt.tikicdn.com/ts/review/95/f7/41/88c6eac2c8e6b7e7784e435ad5773f51.jpg"},{"id":3297645,"full_path":"https://salt.tikicdn.com/ts/review/41/41/b4/6a3e45934178046c3824bad78d5160d3.jpg"}],"created_at":1648634807,"created_by":{"id":9122070,"name":"vu hoang oanh","full_name":"vu hoang oanh","created_time":"2018-11-22 22:14:21","purchased":true,"purchased_at":1648521875},"product_id":117595305,"timeline":{"review_created_date":"2022-03-30 17:06:47","delivery_date":"2022-03-30 12:01:23"}},{"id":14056819,"title":"Rất không hài lòng","content":"Sách thì cũ mèm, giao hàng thì đúng là phong cách của Tiki \u003d))) Từ Bắc vào Nam không có nổi một cái bọc chống sốc? Rẻ thì rẻ thật nhưng nó như đồ bỏ đi vậy, cảm ơn. 7 Cuốn hết 3 cuốn df \u003d))","customer_id":19929598,"rating":1,"images":[{"id":2939685,"full_path":"https://salt.tikicdn.com/ts/review/09/fe/1f/ffd60e11681252ff3899b5f60c88904e.jpg"},{"id":2939686,"full_path":"https://salt.tikicdn.com/ts/review/ba/9e/33/bf6961bbc1ab0065ed8511d18cfc6246.jpg"},{"id":2939687,"full_path":"https://salt.tikicdn.com/ts/review/bb/bd/72/8797f72381c47b9fc9ff54d1a6b69c4a.jpg"}],"created_at":1640404560,"created_by":{"id":19929598,"name":"Nguyen Le My Ngoc","full_name":"Nguyen Le My Ngoc","created_time":"2021-01-17 18:15:19","purchased":true,"purchased_at":1639959526},"product_id":117595305,"timeline":{"review_created_date":"2021-12-25 10:56:00","delivery_date":"2021-12-25 10:06:06"}},{"id":12818023,"title":"Cực kì hài lòng","content":"#MeTiki #ReviewThang10 #Sach\n🍀 nickname: chatonn\n                            ----------------------------\n🙌🏻 Mùa dịch này ở nhà, nên mình tranh thủ đặt vài cuốn sách, thế là nghĩ ngay đến Tiki. Lân la mãi thì nhớ ngay đến bộ sách Poco ở thế giới Udon, thấy mọi người khen lắm nên mình mua luôn vào dịp sale 10/10. \n\n🎉 Về chất lượng dịch vụ nè:\n\n- Về thời gian: Mình đặt sách hồi 10/10 mà đến 14/10 mình đã nhận được rồi. Nhanh quá trời luôn, bì đợt dịch thế này mà sau 4 ngày nhận được hàng là vui lắm á mọi người.\n- Về đóng gói: Như mọi khi Tiki Trading của Tiki lần nào cũng có miềng xốp chống sốc cho sách. Không lo sách bị cong hay rách giấy. Mình rất ưng khâu đóng gói của Tiki luôn ạ.\n- Về giao hàng: Anh shipper gọi điện mình ra nhận hàng mà vui lắm luôn, có xịt khuẩn gói hàng luôn á mọi người, siêu chu đáo và thân thiện luôn.\n- Về chăm sóc khách hàng: Mình có liên hệ bên khung chat với anh chị tư vấn viên thì được hỗ trợ hết mình luôn dù có hơi trễ xíu vì có lẽ Tiki đang tăng năng suất làm việc ấy.\n\n🎉 Về sản phẩm nè:\n\n- Mình nhận được đủ sách, không bị méo mó hay rách gì luôn ạ. Mình không phải đắn đo lo sách giả luôn, bên Tiki luôn là hàng thật nên cũng yên tâm lắm. So với tình trạng hiện nay, dịch bệnh thì mình mua online cũng bạn chế nhiều sự cố. Nói chung là đó giờ chưa bao giờ Tiki làm mình thất vọng luôn ạ. Giá thì quá rẻ luôn nên đáng đồng tiền, do mình dùng xu nên giá oke lắm.\n- Mình chưa đọc sách nên chưa có review kĩ được nên mình để tóm tắt ngắn bên Tiki cho mọi người đọc tham khảo nha. Chúc mọi người tìm được đầu sách đọc ưng ý nhé. \n\n 🎉Về trải nghiệm nè:\n- Sách mới mở hộp ra, ôi choaaaa quá là thơm luôn ạ. Sách in đều màu rất xịn, không bị gì luôn á hehe. Mở hộp sách mà vui ghê luôn á mọi người, lâu rồi mới nhận được sách sau dịch mà ưng ý ghê luôn.\n\n- Tóm tắt( nguồn app Tiki ) cho mọi người tham khảo nhé: Poco ở thế giới Udon” được sáng tác bởi nữ họa sĩ Nodoka Shinomaru, câu chuyện xoay quanh anh thanh niên độc thân 30 tuổi Tawara Souta. Souta hiện đang là nhân viên thiết kế website tại một công ty ở Tokyo. Sau khi bố qua đời, lo liệu xong tang lễ, anh đã quyết định xin nghỉ phép một thời gian để quay về quê nhà ở Kagawa – nơi được mệnh danh là xứ sở của mì Udon. Cha mẹ của Souta khi còn sống có mở một tiệm mì Udon nổi tiếng trong vùng, nhưng cửa tiệm đã ngừng hoạt động một thời gian dài. Sau khi trở lại ngôi nhà cũ cũng chính là tiệm mì Udon trước đây, Souta bất ngờ phát hiện ra một đứa trẻ tóc vàng vô cùng kì lạ đang ngủ ngon lành trong một chiếc nồi. Đứa trẻ này có một bí mật không thể tiết lộ cho ai khác: cậu bé chính là một chú tanuki thành tinh đã sống ở Kagawa nhiều năm. Sau khi biết được sự thật này, Souta chẳng thể nhẫn tâm mặc kệ cậu nhóc bơ vơ một mình nên anh quyết định tạm thời chăm sóc cho cậu bé một thời gian và đặt tên cho bé là Poco. Và thế là tại thế giới mì Udon này, những ngày sống chung của bộ đôi vụng về bắt đầu. Nhưng Souta vẫn phải quay lại Tokyo làm việc, anh sẽ quyết định như thế nào đây…?\n\n🌟 Chấm điểm:\n\nVề sản phẩm: 10/10🌟\n\nVề sản phẩm: 10/10 🌟","customer_id":21437318,"rating":5,"images":[],"created_at":1635137631,"created_by":{"id":21437318,"name":"Anh Kiệt","full_name":"Anh Kiệt","created_time":"2021-04-22 07:42:48","purchased":true,"purchased_at":1633836564},"product_id":117595305,"timeline":{"review_created_date":"2021-10-25 11:53:51","delivery_date":"2021-10-15 15:30:15"}},{"id":12862706,"title":"Không hài lòng","content":"Tiki giao hàng nhanh nhưng chuẩn bị ẩu dã man, gói hàng sơ sài, sách dơ dã man đã zay bookmark còn có màu xanh ở viền như móc nữa","customer_id":22833074,"rating":2,"images":[{"id":2661805,"full_path":"https://salt.tikicdn.com/ts/review/48/64/6d/f9dae420e97f8228c5cef0232cf24395.jpg"},{"id":2661806,"full_path":"https://salt.tikicdn.com/ts/review/22/cf/aa/a51b9447585c014f1881e9a8a9bc8f02.jpg"},{"id":2661807,"full_path":"https://salt.tikicdn.com/ts/review/5c/26/3b/2baedeaaf7e941665ca7e39c4c453ced.jpg"},{"id":2661808,"full_path":"https://salt.tikicdn.com/ts/review/f4/d9/53/89feccfaf8a36dbc9f96d0d1098985d8.jpg"}],"created_at":1635327593,"created_by":{"id":22833074,"name":"Như Đặng","full_name":"Như Đặng","created_time":"2021-08-01 01:55:52","purchased":true,"purchased_at":1635182008},"product_id":117595305,"timeline":{"review_created_date":"2021-10-27 16:39:53","delivery_date":"2021-10-27 13:19:04"}},{"id":14584435,"title":"Cực kì hài lòng","content":"Như mọi lần tiki vẫn giao nhanh hơn dự kiến. Sách thì đẹp thật như tập 1 trong lúc giao bị mốp và rách 1 ít ở trên gáy mik đã phê bình rồi. Cuốn tập 2 ok lắm ko hoàn hảo nhưng nhìn chung đẹp và ổn và cuối cùng vẫn mong tiki có xốp bảo vệ để tốt cho khách hàng và tốt cho tiki","customer_id":25977196,"rating":5,"images":[{"id":3055570,"full_path":"https://salt.tikicdn.com/ts/review/c7/ae/43/2b10daa4ead03c8cc1b7ad29c26cacb5.jpg"},{"id":3055571,"full_path":"https://salt.tikicdn.com/ts/review/57/46/51/b959ed19ba14ca8d4ec2a05d81ce9c67.jpg"},{"id":3055572,"full_path":"https://salt.tikicdn.com/ts/review/ef/c1/4a/29a979519192dc08768642addd47d7c5.jpg"},{"id":3055573,"full_path":"https://salt.tikicdn.com/ts/review/72/2a/db/6e48c982d2d37b7ac64e09434258810f.jpg"},{"id":3055574,"full_path":"https://salt.tikicdn.com/ts/review/c6/fc/c9/1e197dfbaadc8a1586d81b7f95bda3c8.jpg"}],"created_at":1642657778,"created_by":{"id":25977196,"name":"Huỳnh Hà","full_name":"Huỳnh Hà","created_time":"2021-12-13 08:53:18","purchased":true,"purchased_at":1642501672},"product_id":117595305,"timeline":{"review_created_date":"2022-01-20 12:49:38","delivery_date":"2022-01-20 10:43:34"}},{"id":15681802,"title":"Cực kì hài lòng","content":"Chiết khấu cao; Chất lượng ổn; Giao hàng nhanh chóng. Điểm trừ là đóng gói chưa hợp lý, nên có giấy lót bên trong để chống xê dịch khi kích thước hộp đựng và truyện ko tương thích.","customer_id":9122070,"rating":5,"images":[{"id":3297641,"full_path":"https://salt.tikicdn.com/ts/review/2e/11/b7/756b99f73c8e919b59c657fc0b55179d.jpg"},{"id":3297642,"full_path":"https://salt.tikicdn.com/ts/review/9a/4d/17/c0671aa0535f485b17daaa911ad0efac.jpg"},{"id":3297643,"full_path":"https://salt.tikicdn.com/ts/review/b1/25/1d/c894180b041392de6ee23230c27a232f.jpg"},{"id":3297644,"full_path":"https://salt.tikicdn.com/ts/review/95/f7/41/88c6eac2c8e6b7e7784e435ad5773f51.jpg"},{"id":3297645,"full_path":"https://salt.tikicdn.com/ts/review/41/41/b4/6a3e45934178046c3824bad78d5160d3.jpg"}],"created_at":1648634807,"created_by":{"id":9122070,"name":"vu hoang oanh","full_name":"vu hoang oanh","created_time":"2018-11-22 22:14:21","purchased":true,"purchased_at":1648521875},"product_id":117595305,"timeline":{"review_created_date":"2022-03-30 17:06:47","delivery_date":"2022-03-30 12:01:23"}},{"id":14056819,"title":"Rất không hài lòng","content":"Sách thì cũ mèm, giao hàng thì đúng là phong cách của Tiki \u003d))) Từ Bắc vào Nam không có nổi một cái bọc chống sốc? Rẻ thì rẻ thật nhưng nó như đồ bỏ đi vậy, cảm ơn. 7 Cuốn hết 3 cuốn df \u003d))","customer_id":19929598,"rating":1,"images":[{"id":2939685,"full_path":"https://salt.tikicdn.com/ts/review/09/fe/1f/ffd60e11681252ff3899b5f60c88904e.jpg"},{"id":2939686,"full_path":"https://salt.tikicdn.com/ts/review/ba/9e/33/bf6961bbc1ab0065ed8511d18cfc6246.jpg"},{"id":2939687,"full_path":"https://salt.tikicdn.com/ts/review/bb/bd/72/8797f72381c47b9fc9ff54d1a6b69c4a.jpg"}],"created_at":1640404560,"created_by":{"id":19929598,"name":"Nguyen Le My Ngoc","full_name":"Nguyen Le My Ngoc","created_time":"2021-01-17 18:15:19","purchased":true,"purchased_at":1639959526},"product_id":117595305,"timeline":{"review_created_date":"2021-12-25 10:56:00","delivery_date":"2021-12-25 10:06:06"}},{"id":12818023,"title":"Cực kì hài lòng","content":"#MeTiki #ReviewThang10 #Sach\n🍀 nickname: chatonn\n                            ----------------------------\n🙌🏻 Mùa dịch này ở nhà, nên mình tranh thủ đặt vài cuốn sách, thế là nghĩ ngay đến Tiki. Lân la mãi thì nhớ ngay đến bộ sách Poco ở thế giới Udon, thấy mọi người khen lắm nên mình mua luôn vào dịp sale 10/10. \n\n🎉 Về chất lượng dịch vụ nè:\n\n- Về thời gian: Mình đặt sách hồi 10/10 mà đến 14/10 mình đã nhận được rồi. Nhanh quá trời luôn, bì đợt dịch thế này mà sau 4 ngày nhận được hàng là vui lắm á mọi người.\n- Về đóng gói: Như mọi khi Tiki Trading của Tiki lần nào cũng có miềng xốp chống sốc cho sách. Không lo sách bị cong hay rách giấy. Mình rất ưng khâu đóng gói của Tiki luôn ạ.\n- Về giao hàng: Anh shipper gọi điện mình ra nhận hàng mà vui lắm luôn, có xịt khuẩn gói hàng luôn á mọi người, siêu chu đáo và thân thiện luôn.\n- Về chăm sóc khách hàng: Mình có liên hệ bên khung chat với anh chị tư vấn viên thì được hỗ trợ hết mình luôn dù có hơi trễ xíu vì có lẽ Tiki đang tăng năng suất làm việc ấy.\n\n🎉 Về sản phẩm nè:\n\n- Mình nhận được đủ sách, không bị méo mó hay rách gì luôn ạ. Mình không phải đắn đo lo sách giả luôn, bên Tiki luôn là hàng thật nên cũng yên tâm lắm. So với tình trạng hiện nay, dịch bệnh thì mình mua online cũng bạn chế nhiều sự cố. Nói chung là đó giờ chưa bao giờ Tiki làm mình thất vọng luôn ạ. Giá thì quá rẻ luôn nên đáng đồng tiền, do mình dùng xu nên giá oke lắm.\n- Mình chưa đọc sách nên chưa có review kĩ được nên mình để tóm tắt ngắn bên Tiki cho mọi người đọc tham khảo nha. Chúc mọi người tìm được đầu sách đọc ưng ý nhé. \n\n 🎉Về trải nghiệm nè:\n- Sách mới mở hộp ra, ôi choaaaa quá là thơm luôn ạ. Sách in đều màu rất xịn, không bị gì luôn á hehe. Mở hộp sách mà vui ghê luôn á mọi người, lâu rồi mới nhận được sách sau dịch mà ưng ý ghê luôn.\n\n- Tóm tắt( nguồn app Tiki ) cho mọi người tham khảo nhé: Poco ở thế giới Udon” được sáng tác bởi nữ họa sĩ Nodoka Shinomaru, câu chuyện xoay quanh anh thanh niên độc thân 30 tuổi Tawara Souta. Souta hiện đang là nhân viên thiết kế website tại một công ty ở Tokyo. Sau khi bố qua đời, lo liệu xong tang lễ, anh đã quyết định xin nghỉ phép một thời gian để quay về quê nhà ở Kagawa – nơi được mệnh danh là xứ sở của mì Udon. Cha mẹ của Souta khi còn sống có mở một tiệm mì Udon nổi tiếng trong vùng, nhưng cửa tiệm đã ngừng hoạt động một thời gian dài. Sau khi trở lại ngôi nhà cũ cũng chính là tiệm mì Udon trước đây, Souta bất ngờ phát hiện ra một đứa trẻ tóc vàng vô cùng kì lạ đang ngủ ngon lành trong một chiếc nồi. Đứa trẻ này có một bí mật không thể tiết lộ cho ai khác: cậu bé chính là một chú tanuki thành tinh đã sống ở Kagawa nhiều năm. Sau khi biết được sự thật này, Souta chẳng thể nhẫn tâm mặc kệ cậu nhóc bơ vơ một mình nên anh quyết định tạm thời chăm sóc cho cậu bé một thời gian và đặt tên cho bé là Poco. Và thế là tại thế giới mì Udon này, những ngày sống chung của bộ đôi vụng về bắt đầu. Nhưng Souta vẫn phải quay lại Tokyo làm việc, anh sẽ quyết định như thế nào đây…?\n\n🌟 Chấm điểm:\n\nVề sản phẩm: 10/10🌟\n\nVề sản phẩm: 10/10 🌟","customer_id":21437318,"rating":5,"images":[],"created_at":1635137631,"created_by":{"id":21437318,"name":"Anh Kiệt","full_name":"Anh Kiệt","created_time":"2021-04-22 07:42:48","purchased":true,"purchased_at":1633836564},"product_id":117595305,"timeline":{"review_created_date":"2021-10-25 11:53:51","delivery_date":"2021-10-15 15:30:15"}},{"id":12862706,"title":"Không hài lòng","content":"Tiki giao hàng nhanh nhưng chuẩn bị ẩu dã man, gói hàng sơ sài, sách dơ dã man đã zay bookmark còn có màu xanh ở viền như móc nữa","customer_id":22833074,"rating":2,"images":[{"id":2661805,"full_path":"https://salt.tikicdn.com/ts/review/48/64/6d/f9dae420e97f8228c5cef0232cf24395.jpg"},{"id":2661806,"full_path":"https://salt.tikicdn.com/ts/review/22/cf/aa/a51b9447585c014f1881e9a8a9bc8f02.jpg"},{"id":2661807,"full_path":"https://salt.tikicdn.com/ts/review/5c/26/3b/2baedeaaf7e941665ca7e39c4c453ced.jpg"},{"id":2661808,"full_path":"https://salt.tikicdn.com/ts/review/f4/d9/53/89feccfaf8a36dbc9f96d0d1098985d8.jpg"}],"created_at":1635327593,"created_by":{"id":22833074,"name":"Như Đặng","full_name":"Như Đặng","created_time":"2021-08-01 01:55:52","purchased":true,"purchased_at":1635182008},"product_id":117595305,"timeline":{"review_created_date":"2021-10-27 16:39:53","delivery_date":"2021-10-27 13:19:04"}},{"id":14584435,"title":"Cực kì hài lòng","content":"Như mọi lần tiki vẫn giao nhanh hơn dự kiến. Sách thì đẹp thật như tập 1 trong lúc giao bị mốp và rách 1 ít ở trên gáy mik đã phê bình rồi. Cuốn tập 2 ok lắm ko hoàn hảo nhưng nhìn chung đẹp và ổn và cuối cùng vẫn mong tiki có xốp bảo vệ để tốt cho khách hàng và tốt cho tiki","customer_id":25977196,"rating":5,"images":[{"id":3055570,"full_path":"https://salt.tikicdn.com/ts/review/c7/ae/43/2b10daa4ead03c8cc1b7ad29c26cacb5.jpg"},{"id":3055571,"full_path":"https://salt.tikicdn.com/ts/review/57/46/51/b959ed19ba14ca8d4ec2a05d81ce9c67.jpg"},{"id":3055572,"full_path":"https://salt.tikicdn.com/ts/review/ef/c1/4a/29a979519192dc08768642addd47d7c5.jpg"},{"id":3055573,"full_path":"https://salt.tikicdn.com/ts/review/72/2a/db/6e48c982d2d37b7ac64e09434258810f.jpg"},{"id":3055574,"full_path":"https://salt.tikicdn.com/ts/review/c6/fc/c9/1e197dfbaadc8a1586d81b7f95bda3c8.jpg"}],"created_at":1642657778,"created_by":{"id":25977196,"name":"Huỳnh Hà","full_name":"Huỳnh Hà","created_time":"2021-12-13 08:53:18","purchased":true,"purchased_at":1642501672},"product_id":117595305,"timeline":{"review_created_date":"2022-01-20 12:49:38","delivery_date":"2022-01-20 10:43:34"}},{"id":15681802,"title":"Cực kì hài lòng","content":"Chiết khấu cao; Chất lượng ổn; Giao hàng nhanh chóng. Điểm trừ là đóng gói chưa hợp lý, nên có giấy lót bên trong để chống xê dịch khi kích thước hộp đựng và truyện ko tương thích.","customer_id":9122070,"rating":5,"images":[{"id":3297641,"full_path":"https://salt.tikicdn.com/ts/review/2e/11/b7/756b99f73c8e919b59c657fc0b55179d.jpg"},{"id":3297642,"full_path":"https://salt.tikicdn.com/ts/review/9a/4d/17/c0671aa0535f485b17daaa911ad0efac.jpg"},{"id":3297643,"full_path":"https://salt.tikicdn.com/ts/review/b1/25/1d/c894180b041392de6ee23230c27a232f.jpg"},{"id":3297644,"full_path":"https://salt.tikicdn.com/ts/review/95/f7/41/88c6eac2c8e6b7e7784e435ad5773f51.jpg"},{"id":3297645,"full_path":"https://salt.tikicdn.com/ts/review/41/41/b4/6a3e45934178046c3824bad78d5160d3.jpg"}],"created_at":1648634807,"created_by":{"id":9122070,"name":"vu hoang oanh","full_name":"vu hoang oanh","created_time":"2018-11-22 22:14:21","purchased":true,"purchased_at":1648521875},"product_id":117595305,"timeline":{"review_created_date":"2022-03-30 17:06:47","delivery_date":"2022-03-30 12:01:23"}},{"id":14056819,"title":"Rất không hài lòng","content":"Sách thì cũ mèm, giao hàng thì đúng là phong cách của Tiki \u003d))) Từ Bắc vào Nam không có nổi một cái bọc chống sốc? Rẻ thì rẻ thật nhưng nó như đồ bỏ đi vậy, cảm ơn. 7 Cuốn hết 3 cuốn df \u003d))","customer_id":19929598,"rating":1,"images":[{"id":2939685,"full_path":"https://salt.tikicdn.com/ts/review/09/fe/1f/ffd60e11681252ff3899b5f60c88904e.jpg"},{"id":2939686,"full_path":"https://salt.tikicdn.com/ts/review/ba/9e/33/bf6961bbc1ab0065ed8511d18cfc6246.jpg"},{"id":2939687,"full_path":"https://salt.tikicdn.com/ts/review/bb/bd/72/8797f72381c47b9fc9ff54d1a6b69c4a.jpg"}],"created_at":1640404560,"created_by":{"id":19929598,"name":"Nguyen Le My Ngoc","full_name":"Nguyen Le My Ngoc","created_time":"2021-01-17 18:15:19","purchased":true,"purchased_at":1639959526},"product_id":117595305,"timeline":{"review_created_date":"2021-12-25 10:56:00","delivery_date":"2021-12-25 10:06:06"}},{"id":12818023,"title":"Cực kì hài lòng","content":"#MeTiki #ReviewThang10 #Sach\n🍀 nickname: chatonn\n                            ----------------------------\n🙌🏻 Mùa dịch này ở nhà, nên mình tranh thủ đặt vài cuốn sách, thế là nghĩ ngay đến Tiki. Lân la mãi thì nhớ ngay đến bộ sách Poco ở thế giới Udon, thấy mọi người khen lắm nên mình mua luôn vào dịp sale 10/10. \n\n🎉 Về chất lượng dịch vụ nè:\n\n- Về thời gian: Mình đặt sách hồi 10/10 mà đến 14/10 mình đã nhận được rồi. Nhanh quá trời luôn, bì đợt dịch thế này mà sau 4 ngày nhận được hàng là vui lắm á mọi người.\n- Về đóng gói: Như mọi khi Tiki Trading của Tiki lần nào cũng có miềng xốp chống sốc cho sách. Không lo sách bị cong hay rách giấy. Mình rất ưng khâu đóng gói của Tiki luôn ạ.\n- Về giao hàng: Anh shipper gọi điện mình ra nhận hàng mà vui lắm luôn, có xịt khuẩn gói hàng luôn á mọi người, siêu chu đáo và thân thiện luôn.\n- Về chăm sóc khách hàng: Mình có liên hệ bên khung chat với anh chị tư vấn viên thì được hỗ trợ hết mình luôn dù có hơi trễ xíu vì có lẽ Tiki đang tăng năng suất làm việc ấy.\n\n🎉 Về sản phẩm nè:\n\n- Mình nhận được đủ sách, không bị méo mó hay rách gì luôn ạ. Mình không phải đắn đo lo sách giả luôn, bên Tiki luôn là hàng thật nên cũng yên tâm lắm. So với tình trạng hiện nay, dịch bệnh thì mình mua online cũng bạn chế nhiều sự cố. Nói chung là đó giờ chưa bao giờ Tiki làm mình thất vọng luôn ạ. Giá thì quá rẻ luôn nên đáng đồng tiền, do mình dùng xu nên giá oke lắm.\n- Mình chưa đọc sách nên chưa có review kĩ được nên mình để tóm tắt ngắn bên Tiki cho mọi người đọc tham khảo nha. Chúc mọi người tìm được đầu sách đọc ưng ý nhé. \n\n 🎉Về trải nghiệm nè:\n- Sách mới mở hộp ra, ôi choaaaa quá là thơm luôn ạ. Sách in đều màu rất xịn, không bị gì luôn á hehe. Mở hộp sách mà vui ghê luôn á mọi người, lâu rồi mới nhận được sách sau dịch mà ưng ý ghê luôn.\n\n- Tóm tắt( nguồn app Tiki ) cho mọi người tham khảo nhé: Poco ở thế giới Udon” được sáng tác bởi nữ họa sĩ Nodoka Shinomaru, câu chuyện xoay quanh anh thanh niên độc thân 30 tuổi Tawara Souta. Souta hiện đang là nhân viên thiết kế website tại một công ty ở Tokyo. Sau khi bố qua đời, lo liệu xong tang lễ, anh đã quyết định xin nghỉ phép một thời gian để quay về quê nhà ở Kagawa – nơi được mệnh danh là xứ sở của mì Udon. Cha mẹ của Souta khi còn sống có mở một tiệm mì Udon nổi tiếng trong vùng, nhưng cửa tiệm đã ngừng hoạt động một thời gian dài. Sau khi trở lại ngôi nhà cũ cũng chính là tiệm mì Udon trước đây, Souta bất ngờ phát hiện ra một đứa trẻ tóc vàng vô cùng kì lạ đang ngủ ngon lành trong một chiếc nồi. Đứa trẻ này có một bí mật không thể tiết lộ cho ai khác: cậu bé chính là một chú tanuki thành tinh đã sống ở Kagawa nhiều năm. Sau khi biết được sự thật này, Souta chẳng thể nhẫn tâm mặc kệ cậu nhóc bơ vơ một mình nên anh quyết định tạm thời chăm sóc cho cậu bé một thời gian và đặt tên cho bé là Poco. Và thế là tại thế giới mì Udon này, những ngày sống chung của bộ đôi vụng về bắt đầu. Nhưng Souta vẫn phải quay lại Tokyo làm việc, anh sẽ quyết định như thế nào đây…?\n\n🌟 Chấm điểm:\n\nVề sản phẩm: 10/10🌟\n\nVề sản phẩm: 10/10 🌟","customer_id":21437318,"rating":5,"images":[],"created_at":1635137631,"created_by":{"id":21437318,"name":"Anh Kiệt","full_name":"Anh Kiệt","created_time":"2021-04-22 07:42:48","purchased":true,"purchased_at":1633836564},"product_id":117595305,"timeline":{"review_created_date":"2021-10-25 11:53:51","delivery_date":"2021-10-15 15:30:15"}},{"id":12862706,"title":"Không hài lòng","content":"Tiki giao hàng nhanh nhưng chuẩn bị ẩu dã man, gói hàng sơ sài, sách dơ dã man đã zay bookmark còn có màu xanh ở viền như móc nữa","customer_id":22833074,"rating":2,"images":[{"id":2661805,"full_path":"https://salt.tikicdn.com/ts/review/48/64/6d/f9dae420e97f8228c5cef0232cf24395.jpg"},{"id":2661806,"full_path":"https://salt.tikicdn.com/ts/review/22/cf/aa/a51b9447585c014f1881e9a8a9bc8f02.jpg"},{"id":2661807,"full_path":"https://salt.tikicdn.com/ts/review/5c/26/3b/2baedeaaf7e941665ca7e39c4c453ced.jpg"},{"id":2661808,"full_path":"https://salt.tikicdn.com/ts/review/f4/d9/53/89feccfaf8a36dbc9f96d0d1098985d8.jpg"}],"created_at":1635327593,"created_by":{"id":22833074,"name":"Như Đặng","full_name":"Như Đặng","created_time":"2021-08-01 01:55:52","purchased":true,"purchased_at":1635182008},"product_id":117595305,"timeline":{"review_created_date":"2021-10-27 16:39:53","delivery_date":"2021-10-27 13:19:04"}},{"id":14584435,"title":"Cực kì hài lòng","content":"Như mọi lần tiki vẫn giao nhanh hơn dự kiến. Sách thì đẹp thật như tập 1 trong lúc giao bị mốp và rách 1 ít ở trên gáy mik đã phê bình rồi. Cuốn tập 2 ok lắm ko hoàn hảo nhưng nhìn chung đẹp và ổn và cuối cùng vẫn mong tiki có xốp bảo vệ để tốt cho khách hàng và tốt cho tiki","customer_id":25977196,"rating":5,"images":[{"id":3055570,"full_path":"https://salt.tikicdn.com/ts/review/c7/ae/43/2b10daa4ead03c8cc1b7ad29c26cacb5.jpg"},{"id":3055571,"full_path":"https://salt.tikicdn.com/ts/review/57/46/51/b959ed19ba14ca8d4ec2a05d81ce9c67.jpg"},{"id":3055572,"full_path":"https://salt.tikicdn.com/ts/review/ef/c1/4a/29a979519192dc08768642addd47d7c5.jpg"},{"id":3055573,"full_path":"https://salt.tikicdn.com/ts/review/72/2a/db/6e48c982d2d37b7ac64e09434258810f.jpg"},{"id":3055574,"full_path":"https://salt.tikicdn.com/ts/review/c6/fc/c9/1e197dfbaadc8a1586d81b7f95bda3c8.jpg"}],"created_at":1642657778,"created_by":{"id":25977196,"name":"Huỳnh Hà","full_name":"Huỳnh Hà","created_time":"2021-12-13 08:53:18","purchased":true,"purchased_at":1642501672},"product_id":117595305,"timeline":{"review_created_date":"2022-01-20 12:49:38","delivery_date":"2022-01-20 10:43:34"}},{"id":15681802,"title":"Cực kì hài lòng","content":"Chiết khấu cao; Chất lượng ổn; Giao hàng nhanh chóng. Điểm trừ là đóng gói chưa hợp lý, nên có giấy lót bên trong để chống xê dịch khi kích thước hộp đựng và truyện ko tương thích.","customer_id":9122070,"rating":5,"images":[{"id":3297641,"full_path":"https://salt.tikicdn.com/ts/review/2e/11/b7/756b99f73c8e919b59c657fc0b55179d.jpg"},{"id":3297642,"full_path":"https://salt.tikicdn.com/ts/review/9a/4d/17/c0671aa0535f485b17daaa911ad0efac.jpg"},{"id":3297643,"full_path":"https://salt.tikicdn.com/ts/review/b1/25/1d/c894180b041392de6ee23230c27a232f.jpg"},{"id":3297644,"full_path":"https://salt.tikicdn.com/ts/review/95/f7/41/88c6eac2c8e6b7e7784e435ad5773f51.jpg"},{"id":3297645,"full_path":"https://salt.tikicdn.com/ts/review/41/41/b4/6a3e45934178046c3824bad78d5160d3.jpg"}],"created_at":1648634807,"created_by":{"id":9122070,"name":"vu hoang oanh","full_name":"vu hoang oanh","created_time":"2018-11-22 22:14:21","purchased":true,"purchased_at":1648521875},"product_id":117595305,"timeline":{"review_created_date":"2022-03-30 17:06:47","delivery_date":"2022-03-30 12:01:23"}},{"id":14056819,"title":"Rất không hài lòng","content":"Sách thì cũ mèm, giao hàng thì đúng là phong cách của Tiki \u003d))) Từ Bắc vào Nam không có nổi một cái bọc chống sốc? Rẻ thì rẻ thật nhưng nó như đồ bỏ đi vậy, cảm ơn. 7 Cuốn hết 3 cuốn df \u003d))","customer_id":19929598,"rating":1,"images":[{"id":2939685,"full_path":"https://salt.tikicdn.com/ts/review/09/fe/1f/ffd60e11681252ff3899b5f60c88904e.jpg"},{"id":2939686,"full_path":"https://salt.tikicdn.com/ts/review/ba/9e/33/bf6961bbc1ab0065ed8511d18cfc6246.jpg"},{"id":2939687,"full_path":"https://salt.tikicdn.com/ts/review/bb/bd/72/8797f72381c47b9fc9ff54d1a6b69c4a.jpg"}],"created_at":1640404560,"created_by":{"id":19929598,"name":"Nguyen Le My Ngoc","full_name":"Nguyen Le My Ngoc","created_time":"2021-01-17 18:15:19","purchased":true,"purchased_at":1639959526},"product_id":117595305,"timeline":{"review_created_date":"2021-12-25 10:56:00","delivery_date":"2021-12-25 10:06:06"}},{"id":12818023,"title":"Cực kì hài lòng","content":"#MeTiki #ReviewThang10 #Sach\n🍀 nickname: chatonn\n                            ----------------------------\n🙌🏻 Mùa dịch này ở nhà, nên mình tranh thủ đặt vài cuốn sách, thế là nghĩ ngay đến Tiki. Lân la mãi thì nhớ ngay đến bộ sách Poco ở thế giới Udon, thấy mọi người khen lắm nên mình mua luôn vào dịp sale 10/10. \n\n🎉 Về chất lượng dịch vụ nè:\n\n- Về thời gian: Mình đặt sách hồi 10/10 mà đến 14/10 mình đã nhận được rồi. Nhanh quá trời luôn, bì đợt dịch thế này mà sau 4 ngày nhận được hàng là vui lắm á mọi người.\n- Về đóng gói: Như mọi khi Tiki Trading của Tiki lần nào cũng có miềng xốp chống sốc cho sách. Không lo sách bị cong hay rách giấy. Mình rất ưng khâu đóng gói của Tiki luôn ạ.\n- Về giao hàng: Anh shipper gọi điện mình ra nhận hàng mà vui lắm luôn, có xịt khuẩn gói hàng luôn á mọi người, siêu chu đáo và thân thiện luôn.\n- Về chăm sóc khách hàng: Mình có liên hệ bên khung chat với anh chị tư vấn viên thì được hỗ trợ hết mình luôn dù có hơi trễ xíu vì có lẽ Tiki đang tăng năng suất làm việc ấy.\n\n🎉 Về sản phẩm nè:\n\n- Mình nhận được đủ sách, không bị méo mó hay rách gì luôn ạ. Mình không phải đắn đo lo sách giả luôn, bên Tiki luôn là hàng thật nên cũng yên tâm lắm. So với tình trạng hiện nay, dịch bệnh thì mình mua online cũng bạn chế nhiều sự cố. Nói chung là đó giờ chưa bao giờ Tiki làm mình thất vọng luôn ạ. Giá thì quá rẻ luôn nên đáng đồng tiền, do mình dùng xu nên giá oke lắm.\n- Mình chưa đọc sách nên chưa có review kĩ được nên mình để tóm tắt ngắn bên Tiki cho mọi người đọc tham khảo nha. Chúc mọi người tìm được đầu sách đọc ưng ý nhé. \n\n 🎉Về trải nghiệm nè:\n- Sách mới mở hộp ra, ôi choaaaa quá là thơm luôn ạ. Sách in đều màu rất xịn, không bị gì luôn á hehe. Mở hộp sách mà vui ghê luôn á mọi người, lâu rồi mới nhận được sách sau dịch mà ưng ý ghê luôn.\n\n- Tóm tắt( nguồn app Tiki ) cho mọi người tham khảo nhé: Poco ở thế giới Udon” được sáng tác bởi nữ họa sĩ Nodoka Shinomaru, câu chuyện xoay quanh anh thanh niên độc thân 30 tuổi Tawara Souta. Souta hiện đang là nhân viên thiết kế website tại một công ty ở Tokyo. Sau khi bố qua đời, lo liệu xong tang lễ, anh đã quyết định xin nghỉ phép một thời gian để quay về quê nhà ở Kagawa – nơi được mệnh danh là xứ sở của mì Udon. Cha mẹ của Souta khi còn sống có mở một tiệm mì Udon nổi tiếng trong vùng, nhưng cửa tiệm đã ngừng hoạt động một thời gian dài. Sau khi trở lại ngôi nhà cũ cũng chính là tiệm mì Udon trước đây, Souta bất ngờ phát hiện ra một đứa trẻ tóc vàng vô cùng kì lạ đang ngủ ngon lành trong một chiếc nồi. Đứa trẻ này có một bí mật không thể tiết lộ cho ai khác: cậu bé chính là một chú tanuki thành tinh đã sống ở Kagawa nhiều năm. Sau khi biết được sự thật này, Souta chẳng thể nhẫn tâm mặc kệ cậu nhóc bơ vơ một mình nên anh quyết định tạm thời chăm sóc cho cậu bé một thời gian và đặt tên cho bé là Poco. Và thế là tại thế giới mì Udon này, những ngày sống chung của bộ đôi vụng về bắt đầu. Nhưng Souta vẫn phải quay lại Tokyo làm việc, anh sẽ quyết định như thế nào đây…?\n\n🌟 Chấm điểm:\n\nVề sản phẩm: 10/10🌟\n\nVề sản phẩm: 10/10 🌟","customer_id":21437318,"rating":5,"images":[],"created_at":1635137631,"created_by":{"id":21437318,"name":"Anh Kiệt","full_name":"Anh Kiệt","created_time":"2021-04-22 07:42:48","purchased":true,"purchased_at":1633836564},"product_id":117595305,"timeline":{"review_created_date":"2021-10-25 11:53:51","delivery_date":"2021-10-15 15:30:15"}},{"id":12862706,"title":"Không hài lòng","content":"Tiki giao hàng nhanh nhưng chuẩn bị ẩu dã man, gói hàng sơ sài, sách dơ dã man đã zay bookmark còn có màu xanh ở viền như móc nữa","customer_id":22833074,"rating":2,"images":[{"id":2661805,"full_path":"https://salt.tikicdn.com/ts/review/48/64/6d/f9dae420e97f8228c5cef0232cf24395.jpg"},{"id":2661806,"full_path":"https://salt.tikicdn.com/ts/review/22/cf/aa/a51b9447585c014f1881e9a8a9bc8f02.jpg"},{"id":2661807,"full_path":"https://salt.tikicdn.com/ts/review/5c/26/3b/2baedeaaf7e941665ca7e39c4c453ced.jpg"},{"id":2661808,"full_path":"https://salt.tikicdn.com/ts/review/f4/d9/53/89feccfaf8a36dbc9f96d0d1098985d8.jpg"}],"created_at":1635327593,"created_by":{"id":22833074,"name":"Như Đặng","full_name":"Như Đặng","created_time":"2021-08-01 01:55:52","purchased":true,"purchased_at":1635182008},"product_id":117595305,"timeline":{"review_created_date":"2021-10-27 16:39:53","delivery_date":"2021-10-27 13:19:04"}}]}