{"id":119226083,"dbId":10495,"createdAt":1629565200000,"name":"Spy Room - Lớp Học Điệp Viên - Tập 1: Hanazono Lily (Tặng Kèm Bookmark Tròn)","short_description":"Spy room – Lớp học điệp viên (tên gốc: Spy kyoushitsu) là series light novel độc đáo về thể loại điệp viên, tình báo vốn rất hiếm hoi trong dòng manga/light novel, là cái tên xuất sắc đã giành giải nh...","description":"\u003cp\u003eSpy room – Lớp học điệp viên (tên gốc: Spy kyoushitsu) là series light novel độc đáo về thể loại điệp viên, tình báo vốn rất hiếm hoi trong dòng manga/light novel, là cái tên xuất sắc đã giành giải nhất giải thưởng thường niên của Fantasia Bunko lần thứ 32. Trong năm đầu tiên ra mắt, 2020, chỉ với 4 tập truyện thì Spy Room đã tạo tiếng vang lớn, đứng top 2 bảng xếp hạng light novel yêu thích Kono Light novel ga sugoi! ở cả 2 hạng mục Light novel mới hay nhất và Light novel hay nhất. Tính đến thời điểm hiện tại, series đã cán mốc 400.000 bản được bán ra tại Nhật Bản. \u003c/p\u003e\n\u003cp\u003eTại một thế giới giả tưởng, nơi vừa trải qua cuộc đại chiến thế giới thảm khốc và kéo dài, để lại đớn đau khôn nguôi và vết thương hãy còn tinh tươm lên nhân loại. Vì những thiệt hại nặng nề gây ra bởi chiến tranh, thời hậu chiến, lãnh đạo các quốc gia đã thấy được thảm cảnh trước mắt và nhận thức được rằng chiến tranh là một màn phô diễn tồi tệ. Họ đã cùng bắt tay nhau tại những hội nghị hoà bình quốc tế, ký vào những bản hiệp ước bảo vệ hoà bình. Chiến tranh không được phép tái diễn nữa. Tuy nhiên, điều ấy không có nghĩa là họ đã hoàn toàn từ bỏ dã tâm của mình. Chỉ lạ, các cường quốc không cần thiết phải chĩa súng vào nhau nữa. \u003c/p\u003e\n\u003cp\u003eCứ thế, “Cuộc chiến ngoài sáng” tiến tới thời khắc lâm chung. \u003c/p\u003e\n\u003cp\u003eThay thế bằng “Chiến tranh trong tối” – tức cuộc chiến thông tin trí trá của những điệp viên. \u003c/p\u003e\n\u003cp\u003eNước Cộng hoà Deen vốn chỉ là một quốc gia nông thông trung lập, nhưng vì vị trí địa lý nằm ngay sát đế quốc Galgado mà trong cuộc đại chiến đã bị họ đơn phương xâm lược. Chiến tranh kết thúc, Nước Cộng hoà Deen cũng lao vào chinh phục “Chiến tranh trong tối” này, hàng loạt trường đào tạo điệp viên được thành lập trên khắp cả nước. \u003c/p\u003e\n\u003cp\u003eBí danh Klaus, điệp viên số một của nước Cộng hoà Deen đồng thời cũng được mệnh danh là điệp viên mạnh nhất thế giới với tỷ lệ hoàn thành nhiệm vụ đạt 100%, dù tính cách có phần kỳ quặc, đã cho thành lập nên đội điệp viên Tomoshibi, chuyên phụ trách những nhiệm vụ bất khả thi siêu khó với tỷ lệ hoàn thành chỉ 10%, nhưng thương vong lại vượt quá 90%. \u003c/p\u003e\n\u003cp\u003eThành viên được tuyển vào Tomoshibi, đáng ngạc nhiên thay, lại là 7 thiếu nữ non nớt, thành phần cá biệt suýt đúp tại các trường đào tạo trên cả nước. Hạ độc, đặt bẫy, mê hoặc,… song cách duy nhất để các cô gái hoàn thành nhiệm vụ lại là lừa dối và chiến thắng Klaus?!\u003c/p\u003e\n\u003cp\u003eThực hư câu chuyện là màn chơi trội của điệp viên mạnh nhất thế giới hay là phi vụ lừa đảo dữ dội nhất? Tác phẩm huyển tưởng thú vị và đặc sắc về thế giới đầy trí trá của những điệp viên! \u003cbr /\u003e\u003cbr /\u003e\u003cstrong\u003eThông tin tác giả:\u003c/strong\u003e \u003c/p\u003e\n\u003cp\u003e\u003cem\u003eTakemachi\u003c/em\u003e \u003c/p\u003e\n\u003cp\u003eĐoạt giải Fantasian lần thứ 32 với tác phẩm Spy room \u003c/p\u003e\n\u003cp\u003eMuốn tự xưng là tiểu thuyết gia điệp viên ẩn danh, nhưng đa phần các tiểu thuyết gia đều ẩn danh cả nên đang suy nghĩ tên khác. \u003c/p\u003e\n\u003cp\u003e\u003cem\u003eTomari\u003c/em\u003e \u003c/p\u003e\n\u003cp\u003e\u003cstrong\u003eTrích đoạn sách:\u003c/strong\u003e \u003c/p\u003e\n\u003cp\u003e(Đội “Tomoshibi” ở đây…) Lily nuốt nước bọt. (Quả nhiên là căn cứ của các điệp viên ưu tú cân tất các nhiệm vụ bất khả thi, ạ.) \u003c/p\u003e\n\u003cp\u003eKhông biết những thiên tài thế nào đang chờ đón cô đây. \u003c/p\u003e\n\u003cp\u003eLily hơi sợ, song vẫn mong họ là những người thật sự tài giỏi. Nếu không thì ai sẽ giúp cô khai phá tài năng này chứ. \u003c/p\u003e\n\u003cp\u003eKìm lại con tim đang loạn nhịp, Lily mở cửa dinh thự. \u003c/p\u003e\n\u003cp\u003e“Mật danh ‘Hanazono’, xin được trình diện!” \u003c/p\u003e\n\u003cp\u003eCô thản nhiên xưng tên, việc chẳng ra dáng điệp viên chút nào. \u003c/p\u003e\n\u003cp\u003eNào, ra đây đi chứ. Những người ưu tú ơi. \u003c/p\u003e\n\u003cp\u003eLily nhìn thẳng về phía trước với ánh mắt tràn đầy căng thẳng và chờ mong. \u003c/p\u003e\n\u003cp\u003e“Ủa?” \u003c/p\u003e\n\u003cp\u003eCô thắc mắc. \u003c/p\u003e\n\u003cp\u003eSau lối vào dinh thự lúc này là sáu thiếu nữ trông không cách tuổi Lily là bao. \u003c/p\u003e\n\u003cp\u003eHọ mang trên mình ba lô du lịch to tướng, mắt nhìn sang kẻ vừa xuất hiện. Xem chừng họ cũng chỉ vừa đến nơi. Trên người họ là đồng phục hệt như thứ Lily được phát cho. \u003c/p\u003e\n\u003cp\u003e“Ê, nhỏ kia.” \u003c/p\u003e\n\u003cp\u003eMột người trong số đó, thiếu nữ với mái tóc trắng liếc mắt hỏi. \u003c/p\u003e\n\u003cp\u003eThiếu nữ tóc ngắn với vẻ lạnh lùng đanh thép. Đôi mắt xếch của cô nàng ném về phía này ánh nhìn sắc nhọn như muốn xuyên thủng. Cơ thể săn chắc rất hợp với cô, trông rất áp bức kẻ khác. \u003c/p\u003e\n\u003cp\u003e“Mau khai ra thành tích học tập ở trường đào tạo đi.” \u003c/p\u003e\n\u003cp\u003e“À, ừm… ‘Tomoshibi’ đang ở đâu vậy ạ?” \u003c/p\u003e\n\u003cp\u003e“Trả lời câu hỏi của tôi trước đi. Đừng có mà láo toét xàm xí.” \u003c/p\u003e\n\u003cp\u003eỦa, tự nhiên bị tra hỏi luôn. Phỏng vấn hay gì? \u003c/p\u003e\n\u003cp\u003eÁnh mắt quá đỗi dữ dội khiến Lily mở miệng theo phản xạ. \u003c/p\u003e\n\u003cp\u003e“Th-Thật ra thì tôi suýt đúp…” \u003c/p\u003e\n\u003cp\u003eCó thanh âm rợn người phát ra từ chỗ lối vào, cắt ngang câu trả lời. \u003c/p\u003e\n\u003cp\u003eLà tiếng chuông đồng hồ. \u003c/p\u003e\n\u003cp\u003eĐồng hồ quả lắc treo ở chính diện phát ra âm thanh vang vọng khắp dinh thự. \u003c/p\u003e\n\u003cp\u003eNhìn thì thấy điểm 6 giờ. \u003c/p\u003e\n\u003cp\u003eĐã đến giờ hẹn được báo trước đó.\u003c/p\u003e\n\u003cp\u003e“Tuyệt vời.”\u003c/p\u003e\n\u003cp\u003eBảy thiếu nữ đồng loạt ngẩng mặt lên. \u003c/p\u003e\n\u003cp\u003eTừ lúc nào, trên cầu thang lớn chính diện lối vào đã có một người mặc âu phục đứng đó. \u003c/p\u003e\n\u003cp\u003eTrong phút chốc, mái tóc dài đến vai cũng làn da trắng khiến lầm tưởng đó là một người nữ, nhưng tất cả nhanh chóng nhận ra đó là đàn ông bởi cơ thể cao gầy không chút thịt thừa nào. Một người đàn ông xinh đẹp. Nhận ra nét đẹp đó được tạo tác từ việc loại trừ tất cả sự lãng phí thì vẻ mặt lạnh băng không chút cảm xúc kia liền khiến người ta thấy rùng mình. Chỉ cần chỉnh lại tóc, anh ta sẽ nhanh chóng hòa vào đám đông người trên phố. \u003c/p\u003e\n\u003cp\u003eCó điều, không hiểu sao bộ âu phục trên người anh lại nhuốm màu đỏ thẫm. Sắc đỏ tựa máu của kẻ khác bắn ra. \u003c/p\u003e\n\u003cp\u003e“Chào mừng đến với Dinh thự Kagerou. Tôi là Klaus, sếp của đội ‘Tomoshibi’.”\u003c/p\u003e\n\u003cp\u003eDinh thự Kagerou. Có vẻ như đây là tên của căn nhà này. \u003c/p\u003e\n\u003cp\u003eNgười đàn ông đứng trên cầu thang tiếp tục giải thích.\u003c/p\u003e\n\u003cp\u003e“Rất vui được tiếp đón mọi người. Bảy người các em và tôi chính là thành viên của ‘Tomoshibi’. Chúng ta sẽ cùng thi hành nhiệm vụ bất khả thi.”\u003c/p\u003e\n\u003cp\u003e“Hả?” Lily hỏi lại. \u003c/p\u003e\n\u003cp\u003e“Nhiệm vụ bắt đầu vào một tháng sau. Từ đây đến đó, tôi sẽ rèn luyện mọi người… Hẳn mọi người đã mệt vì chuyến hành trình dài. Buổi huấn luyện sẽ bắt đầu từ ngày mai nên cứ thoải mái làm thân với nhau đi nhé.”\u003c/p\u003e\n\u003cp\u003eKlaus quay người biến mất vào phía sâu trong dinh thự. \u003c/p\u003e\n\u003cp\u003eLily ngây ra. \u003c/p\u003e\n\u003cp\u003eNgười đàn ông vừa nói gì?\u003c/p\u003e\n\u003cp\u003eThành viên của “Tomoshibi” chỉ là một nam và vài thiếu nữ vậy thôi?\u003c/p\u003e\n\u003cp\u003eCòn một tháng nữa là đến nhiệm vụ?\u003c/p\u003e\n\u003cp\u003e“Tên đàn ông đó có ý đồ gì vậy chứ.”\u003c/p\u003e\n\u003cp\u003eThiếu nữ tóc trắng đanh thép khi nãy thì thầm. \u003c/p\u003e\n\u003cp\u003e“Tập hợp một đám cá biệt như chúng ta lại. Còn làm cái gì mà nhiệm vụ bất khả thi chứ.”\u003c/p\u003e\n\u003cp\u003eNhững thông tin khó tin lũ lượt kéo đến, Lily trợn tròn mắt. \u003c/p\u003e\n\u003cp\u003eThiếu nữ tóc trắng nặng nề gật đầu. \u003c/p\u003e\n\u003cp\u003e“Ờ, phải đó. Bảy người chúng ta đều là học sinh suýt đúp ở các trường đào tạo.”\u003c/p\u003e\n\u003cp\u003eLily bối rối, phút chốc không nói được lời nào. \u003c/p\u003e\n\u003cp\u003eCó vẻ như bảy thiếu nữ trẻ người non dạ này. \u003c/p\u003e\n\u003cp\u003eVà người đàn ông bí ẩn đó. \u003c/p\u003e\n\u003cp\u003eSẽ cùng nhau đối mặt với nhiệm vụ siêu khó có tỉ lệ tử vong trên 90%…\u003c/p\u003e\n\u003cp\u003e(Còn nữa)\u003c/p\u003e\n\u003cp\u003eCông ty Cổ phần Sách Thái Hà trân trọng giới thiệu!\u003c/p\u003e\u003cp\u003eGiá sản phẩm trên Tiki đã bao gồm thuế theo luật hiện hành. Bên cạnh đó, tuỳ vào loại sản phẩm, hình thức và địa chỉ giao hàng mà có thể phát sinh thêm chi phí khác như phí vận chuyển, phụ phí hàng cồng kềnh, thuế nhập khẩu (đối với đơn hàng giao từ nước ngoài có giá trị trên 1 triệu đồng).....\u003c/p\u003e","original_price":119000.0,"thumbnail_url":"https://salt.tikicdn.com/cache/280x280/ts/product/e3/db/60/d084aabe32dd9cbac89ec9a1d181ffdb.jpg","images":[{"base_url":"https://salt.tikicdn.com/ts/product/e3/db/60/d084aabe32dd9cbac89ec9a1d181ffdb.jpg","dbId":27981},{"base_url":"https://salt.tikicdn.com/ts/product/f5/9c/16/06ed84bd43d5ae566a1a549d4975b842.jpg","dbId":27982},{"base_url":"https://salt.tikicdn.com/ts/product/9c/cc/16/6e38c70f39a348d18167d61a0d342021.jpg","dbId":27983},{"base_url":"https://salt.tikicdn.com/ts/product/52/cb/53/d4f5c9c9acc6ddefdbeac83781d187b8.jpg","dbId":27984}],"authors":[{"id":5150969,"name":"Takemachi","dbId":5520}],"specifications":[{"name":"Thông tin chung","attributes":[{"name":"Phiên bản sách","value":"Phiên bản thường"},{"name":"Công ty phát hành","value":"Thái Hà"},{"name":"Ngày xuất bản","value":"2021-08-16 00:00:00"},{"name":"Dịch Giả","value":"Trần Anh Ly dich, Nguyên Phạm hiệu đính-Minh hoạ bìa: Tomari"},{"name":"Loại bìa","value":"Bìa mềm"},{"name":"Số trang","value":"349"},{"name":"Nhà xuất bản","value":"Nhà Xuất Bản Thế Giới"},{"code":"PUBLICATION_DATE","name":"Kích thước","value":"13 x 19 cm"}]}],"stock_item":{"qty":1000},"all_time_quantity_sold":442,"reviews":[{"id":17584566,"title":"Cực kì hài lòng","content":"Mua lâu lắm mà giờ mới rảnh đọc. Truyện cũng khá là vui, cũng có twist, khá đáng mong chờ nên sẽ quyết định mua thêm các tập tiếp. Điều tiếc nuối là chỉ có bookmark, tưởng đâu là cái lót ly.","customer_id":1688533,"rating":5,"images":[{"id":3845824,"full_path":"https://salt.tikicdn.com/ts/review/f7/df/30/eb2ad997a065567143079527fd0886e3.jpg"}],"created_at":1662124298,"created_by":{"id":1688533,"name":"Bùi Văn Quang Thông","full_name":"Bùi Văn Quang Thông","created_time":"2016-09-11 22:17:16","purchased":true,"purchased_at":1635051277},"product_id":119226083,"timeline":{"review_created_date":"2022-09-02 20:11:38","delivery_date":"2021-10-26 09:39:39"}},{"id":18660907,"title":"Cực kì hài lòng","content":"hàng về thùng nát bươm, lại còn ngày mưa nữa, sợ hàng bên trong có vấn đề nhưng may mắn là không sao, hàng đẹp.","customer_id":14044141,"rating":5,"images":[{"id":4086501,"full_path":"https://salt.tikicdn.com/ts/review/68/45/83/1857455eff0dcc1b36cea979abfb7763.jpg"},{"id":4086502,"full_path":"https://salt.tikicdn.com/ts/review/39/a9/95/7b2dda7d6db3376395c26a09bae69202.jpg"}],"created_at":1674030289,"created_by":{"id":14044141,"name":"Thanh Hoài","full_name":"Thanh Hoài","created_time":"2019-09-16 18:28:28","purchased":true,"purchased_at":1673744208},"product_id":119226083,"timeline":{"review_created_date":"2023-01-18 15:24:49","delivery_date":"2023-01-18 11:39:41"}},{"id":14578243,"title":"Cực kì hài lòng","content":"Giao hàng nhanh hơn dự tính, còn mới nguyên shield.\nĐọc bình luận thấy bảo không có chống xốc gây hỏng, nhưng mình mua 4 lần rồi đều không có cũng không bị hỏng. Mong lần sau sẽ có để tránh sự cố không đáng.","customer_id":13228556,"rating":5,"images":[{"id":3054368,"full_path":"https://salt.tikicdn.com/ts/review/8c/63/58/dd12699747889b5beaed5a367a5b1359.jpg"}],"created_at":1642641247,"created_by":{"id":13228556,"name":"Vi Đạt","full_name":"Vi Đạt","created_time":"2019-08-03 15:51:44","purchased":true,"purchased_at":1642385513},"product_id":119226083,"timeline":{"review_created_date":"2022-01-20 08:14:07","delivery_date":"2022-01-18 20:37:05"}},{"id":16438822,"title":"Hài lòng","content":"Giao sai sản phẩm ạ,hàng giao sai","customer_id":27336237,"rating":4,"images":[{"id":3507520,"full_path":"https://salt.tikicdn.com/ts/review/90/ec/0a/a9e2a459e3fd991822386761913c976e.jpg"},{"id":3507521,"full_path":"https://salt.tikicdn.com/ts/review/02/c5/51/7c9023c99752a1a3c4d2c578e3ea721e.jpg"},{"id":3507522,"full_path":"https://salt.tikicdn.com/ts/review/d3/5f/f0/3a7c9f87fac61370d4cd4ff45d998ddd.jpg"},{"id":3507523,"full_path":"https://salt.tikicdn.com/ts/review/a0/84/2f/76e265a784e2c9bbf6e10183d66d44de.jpg"},{"id":3507524,"full_path":"https://salt.tikicdn.com/ts/review/f1/80/1b/cd78c057d0e4e9790d352f1b95e61dbd.jpg"}],"created_at":1653356660,"created_by":{"id":27336237,"name":"Giang Thị Kim Chi","full_name":"Giang Thị Kim Chi","created_time":"2022-04-17 11:08:15","purchased":true,"purchased_at":1653062459},"product_id":119226083,"timeline":{"review_created_date":"2022-05-24 08:44:20","delivery_date":"2022-05-24 08:29:19"}},{"id":15906898,"title":"Cực kì hài lòng","content":"tốt nhất là vayne của guma lên ad thì có thể thấy được sự quan tâm đến việc này sẽ được ship hàng toàn quốc lần thứ hai là một trong những ngày đầu","customer_id":18131474,"rating":5,"images":[{"id":3353907,"full_path":"https://salt.tikicdn.com/ts/review/97/ab/98/7e1556802b2234999f5b6351ff97a45d.jpg"}],"created_at":1649848755,"created_by":{"id":18131474,"name":"Nguyễn Bảo Tuấn","full_name":"Nguyễn Bảo Tuấn","created_time":"2020-08-16 14:09:49","purchased":true,"purchased_at":1643631537},"product_id":119226083,"timeline":{"review_created_date":"2022-04-13 18:19:15","delivery_date":"2022-02-08 12:41:01"}},{"id":17584566,"title":"Cực kì hài lòng","content":"Mua lâu lắm mà giờ mới rảnh đọc. Truyện cũng khá là vui, cũng có twist, khá đáng mong chờ nên sẽ quyết định mua thêm các tập tiếp. Điều tiếc nuối là chỉ có bookmark, tưởng đâu là cái lót ly.","customer_id":1688533,"rating":5,"images":[{"id":3845824,"full_path":"https://salt.tikicdn.com/ts/review/f7/df/30/eb2ad997a065567143079527fd0886e3.jpg"}],"created_at":1662124298,"created_by":{"id":1688533,"name":"Bùi Văn Quang Thông","full_name":"Bùi Văn Quang Thông","created_time":"2016-09-11 22:17:16","purchased":true,"purchased_at":1635051277},"product_id":119226083,"timeline":{"review_created_date":"2022-09-02 20:11:38","delivery_date":"2021-10-26 09:39:39"}},{"id":18660907,"title":"Cực kì hài lòng","content":"hàng về thùng nát bươm, lại còn ngày mưa nữa, sợ hàng bên trong có vấn đề nhưng may mắn là không sao, hàng đẹp.","customer_id":14044141,"rating":5,"images":[{"id":4086501,"full_path":"https://salt.tikicdn.com/ts/review/68/45/83/1857455eff0dcc1b36cea979abfb7763.jpg"},{"id":4086502,"full_path":"https://salt.tikicdn.com/ts/review/39/a9/95/7b2dda7d6db3376395c26a09bae69202.jpg"}],"created_at":1674030289,"created_by":{"id":14044141,"name":"Thanh Hoài","full_name":"Thanh Hoài","created_time":"2019-09-16 18:28:28","purchased":true,"purchased_at":1673744208},"product_id":119226083,"timeline":{"review_created_date":"2023-01-18 15:24:49","delivery_date":"2023-01-18 11:39:41"}},{"id":14578243,"title":"Cực kì hài lòng","content":"Giao hàng nhanh hơn dự tính, còn mới nguyên shield.\nĐọc bình luận thấy bảo không có chống xốc gây hỏng, nhưng mình mua 4 lần rồi đều không có cũng không bị hỏng. Mong lần sau sẽ có để tránh sự cố không đáng.","customer_id":13228556,"rating":5,"images":[{"id":3054368,"full_path":"https://salt.tikicdn.com/ts/review/8c/63/58/dd12699747889b5beaed5a367a5b1359.jpg"}],"created_at":1642641247,"created_by":{"id":13228556,"name":"Vi Đạt","full_name":"Vi Đạt","created_time":"2019-08-03 15:51:44","purchased":true,"purchased_at":1642385513},"product_id":119226083,"timeline":{"review_created_date":"2022-01-20 08:14:07","delivery_date":"2022-01-18 20:37:05"}},{"id":16438822,"title":"Hài lòng","content":"Giao sai sản phẩm ạ,hàng giao sai","customer_id":27336237,"rating":4,"images":[{"id":3507520,"full_path":"https://salt.tikicdn.com/ts/review/90/ec/0a/a9e2a459e3fd991822386761913c976e.jpg"},{"id":3507521,"full_path":"https://salt.tikicdn.com/ts/review/02/c5/51/7c9023c99752a1a3c4d2c578e3ea721e.jpg"},{"id":3507522,"full_path":"https://salt.tikicdn.com/ts/review/d3/5f/f0/3a7c9f87fac61370d4cd4ff45d998ddd.jpg"},{"id":3507523,"full_path":"https://salt.tikicdn.com/ts/review/a0/84/2f/76e265a784e2c9bbf6e10183d66d44de.jpg"},{"id":3507524,"full_path":"https://salt.tikicdn.com/ts/review/f1/80/1b/cd78c057d0e4e9790d352f1b95e61dbd.jpg"}],"created_at":1653356660,"created_by":{"id":27336237,"name":"Giang Thị Kim Chi","full_name":"Giang Thị Kim Chi","created_time":"2022-04-17 11:08:15","purchased":true,"purchased_at":1653062459},"product_id":119226083,"timeline":{"review_created_date":"2022-05-24 08:44:20","delivery_date":"2022-05-24 08:29:19"}},{"id":15906898,"title":"Cực kì hài lòng","content":"tốt nhất là vayne của guma lên ad thì có thể thấy được sự quan tâm đến việc này sẽ được ship hàng toàn quốc lần thứ hai là một trong những ngày đầu","customer_id":18131474,"rating":5,"images":[{"id":3353907,"full_path":"https://salt.tikicdn.com/ts/review/97/ab/98/7e1556802b2234999f5b6351ff97a45d.jpg"}],"created_at":1649848755,"created_by":{"id":18131474,"name":"Nguyễn Bảo Tuấn","full_name":"Nguyễn Bảo Tuấn","created_time":"2020-08-16 14:09:49","purchased":true,"purchased_at":1643631537},"product_id":119226083,"timeline":{"review_created_date":"2022-04-13 18:19:15","delivery_date":"2022-02-08 12:41:01"}},{"id":17584566,"title":"Cực kì hài lòng","content":"Mua lâu lắm mà giờ mới rảnh đọc. Truyện cũng khá là vui, cũng có twist, khá đáng mong chờ nên sẽ quyết định mua thêm các tập tiếp. Điều tiếc nuối là chỉ có bookmark, tưởng đâu là cái lót ly.","customer_id":1688533,"rating":5,"images":[{"id":3845824,"full_path":"https://salt.tikicdn.com/ts/review/f7/df/30/eb2ad997a065567143079527fd0886e3.jpg"}],"created_at":1662124298,"created_by":{"id":1688533,"name":"Bùi Văn Quang Thông","full_name":"Bùi Văn Quang Thông","created_time":"2016-09-11 22:17:16","purchased":true,"purchased_at":1635051277},"product_id":119226083,"timeline":{"review_created_date":"2022-09-02 20:11:38","delivery_date":"2021-10-26 09:39:39"}},{"id":18660907,"title":"Cực kì hài lòng","content":"hàng về thùng nát bươm, lại còn ngày mưa nữa, sợ hàng bên trong có vấn đề nhưng may mắn là không sao, hàng đẹp.","customer_id":14044141,"rating":5,"images":[{"id":4086501,"full_path":"https://salt.tikicdn.com/ts/review/68/45/83/1857455eff0dcc1b36cea979abfb7763.jpg"},{"id":4086502,"full_path":"https://salt.tikicdn.com/ts/review/39/a9/95/7b2dda7d6db3376395c26a09bae69202.jpg"}],"created_at":1674030289,"created_by":{"id":14044141,"name":"Thanh Hoài","full_name":"Thanh Hoài","created_time":"2019-09-16 18:28:28","purchased":true,"purchased_at":1673744208},"product_id":119226083,"timeline":{"review_created_date":"2023-01-18 15:24:49","delivery_date":"2023-01-18 11:39:41"}},{"id":14578243,"title":"Cực kì hài lòng","content":"Giao hàng nhanh hơn dự tính, còn mới nguyên shield.\nĐọc bình luận thấy bảo không có chống xốc gây hỏng, nhưng mình mua 4 lần rồi đều không có cũng không bị hỏng. Mong lần sau sẽ có để tránh sự cố không đáng.","customer_id":13228556,"rating":5,"images":[{"id":3054368,"full_path":"https://salt.tikicdn.com/ts/review/8c/63/58/dd12699747889b5beaed5a367a5b1359.jpg"}],"created_at":1642641247,"created_by":{"id":13228556,"name":"Vi Đạt","full_name":"Vi Đạt","created_time":"2019-08-03 15:51:44","purchased":true,"purchased_at":1642385513},"product_id":119226083,"timeline":{"review_created_date":"2022-01-20 08:14:07","delivery_date":"2022-01-18 20:37:05"}},{"id":16438822,"title":"Hài lòng","content":"Giao sai sản phẩm ạ,hàng giao sai","customer_id":27336237,"rating":4,"images":[{"id":3507520,"full_path":"https://salt.tikicdn.com/ts/review/90/ec/0a/a9e2a459e3fd991822386761913c976e.jpg"},{"id":3507521,"full_path":"https://salt.tikicdn.com/ts/review/02/c5/51/7c9023c99752a1a3c4d2c578e3ea721e.jpg"},{"id":3507522,"full_path":"https://salt.tikicdn.com/ts/review/d3/5f/f0/3a7c9f87fac61370d4cd4ff45d998ddd.jpg"},{"id":3507523,"full_path":"https://salt.tikicdn.com/ts/review/a0/84/2f/76e265a784e2c9bbf6e10183d66d44de.jpg"},{"id":3507524,"full_path":"https://salt.tikicdn.com/ts/review/f1/80/1b/cd78c057d0e4e9790d352f1b95e61dbd.jpg"}],"created_at":1653356660,"created_by":{"id":27336237,"name":"Giang Thị Kim Chi","full_name":"Giang Thị Kim Chi","created_time":"2022-04-17 11:08:15","purchased":true,"purchased_at":1653062459},"product_id":119226083,"timeline":{"review_created_date":"2022-05-24 08:44:20","delivery_date":"2022-05-24 08:29:19"}},{"id":15906898,"title":"Cực kì hài lòng","content":"tốt nhất là vayne của guma lên ad thì có thể thấy được sự quan tâm đến việc này sẽ được ship hàng toàn quốc lần thứ hai là một trong những ngày đầu","customer_id":18131474,"rating":5,"images":[{"id":3353907,"full_path":"https://salt.tikicdn.com/ts/review/97/ab/98/7e1556802b2234999f5b6351ff97a45d.jpg"}],"created_at":1649848755,"created_by":{"id":18131474,"name":"Nguyễn Bảo Tuấn","full_name":"Nguyễn Bảo Tuấn","created_time":"2020-08-16 14:09:49","purchased":true,"purchased_at":1643631537},"product_id":119226083,"timeline":{"review_created_date":"2022-04-13 18:19:15","delivery_date":"2022-02-08 12:41:01"}},{"id":17584566,"title":"Cực kì hài lòng","content":"Mua lâu lắm mà giờ mới rảnh đọc. Truyện cũng khá là vui, cũng có twist, khá đáng mong chờ nên sẽ quyết định mua thêm các tập tiếp. Điều tiếc nuối là chỉ có bookmark, tưởng đâu là cái lót ly.","customer_id":1688533,"rating":5,"images":[{"id":3845824,"full_path":"https://salt.tikicdn.com/ts/review/f7/df/30/eb2ad997a065567143079527fd0886e3.jpg"}],"created_at":1662124298,"created_by":{"id":1688533,"name":"Bùi Văn Quang Thông","full_name":"Bùi Văn Quang Thông","created_time":"2016-09-11 22:17:16","purchased":true,"purchased_at":1635051277},"product_id":119226083,"timeline":{"review_created_date":"2022-09-02 20:11:38","delivery_date":"2021-10-26 09:39:39"}},{"id":18660907,"title":"Cực kì hài lòng","content":"hàng về thùng nát bươm, lại còn ngày mưa nữa, sợ hàng bên trong có vấn đề nhưng may mắn là không sao, hàng đẹp.","customer_id":14044141,"rating":5,"images":[{"id":4086501,"full_path":"https://salt.tikicdn.com/ts/review/68/45/83/1857455eff0dcc1b36cea979abfb7763.jpg"},{"id":4086502,"full_path":"https://salt.tikicdn.com/ts/review/39/a9/95/7b2dda7d6db3376395c26a09bae69202.jpg"}],"created_at":1674030289,"created_by":{"id":14044141,"name":"Thanh Hoài","full_name":"Thanh Hoài","created_time":"2019-09-16 18:28:28","purchased":true,"purchased_at":1673744208},"product_id":119226083,"timeline":{"review_created_date":"2023-01-18 15:24:49","delivery_date":"2023-01-18 11:39:41"}},{"id":14578243,"title":"Cực kì hài lòng","content":"Giao hàng nhanh hơn dự tính, còn mới nguyên shield.\nĐọc bình luận thấy bảo không có chống xốc gây hỏng, nhưng mình mua 4 lần rồi đều không có cũng không bị hỏng. Mong lần sau sẽ có để tránh sự cố không đáng.","customer_id":13228556,"rating":5,"images":[{"id":3054368,"full_path":"https://salt.tikicdn.com/ts/review/8c/63/58/dd12699747889b5beaed5a367a5b1359.jpg"}],"created_at":1642641247,"created_by":{"id":13228556,"name":"Vi Đạt","full_name":"Vi Đạt","created_time":"2019-08-03 15:51:44","purchased":true,"purchased_at":1642385513},"product_id":119226083,"timeline":{"review_created_date":"2022-01-20 08:14:07","delivery_date":"2022-01-18 20:37:05"}},{"id":16438822,"title":"Hài lòng","content":"Giao sai sản phẩm ạ,hàng giao sai","customer_id":27336237,"rating":4,"images":[{"id":3507520,"full_path":"https://salt.tikicdn.com/ts/review/90/ec/0a/a9e2a459e3fd991822386761913c976e.jpg"},{"id":3507521,"full_path":"https://salt.tikicdn.com/ts/review/02/c5/51/7c9023c99752a1a3c4d2c578e3ea721e.jpg"},{"id":3507522,"full_path":"https://salt.tikicdn.com/ts/review/d3/5f/f0/3a7c9f87fac61370d4cd4ff45d998ddd.jpg"},{"id":3507523,"full_path":"https://salt.tikicdn.com/ts/review/a0/84/2f/76e265a784e2c9bbf6e10183d66d44de.jpg"},{"id":3507524,"full_path":"https://salt.tikicdn.com/ts/review/f1/80/1b/cd78c057d0e4e9790d352f1b95e61dbd.jpg"}],"created_at":1653356660,"created_by":{"id":27336237,"name":"Giang Thị Kim Chi","full_name":"Giang Thị Kim Chi","created_time":"2022-04-17 11:08:15","purchased":true,"purchased_at":1653062459},"product_id":119226083,"timeline":{"review_created_date":"2022-05-24 08:44:20","delivery_date":"2022-05-24 08:29:19"}},{"id":15906898,"title":"Cực kì hài lòng","content":"tốt nhất là vayne của guma lên ad thì có thể thấy được sự quan tâm đến việc này sẽ được ship hàng toàn quốc lần thứ hai là một trong những ngày đầu","customer_id":18131474,"rating":5,"images":[{"id":3353907,"full_path":"https://salt.tikicdn.com/ts/review/97/ab/98/7e1556802b2234999f5b6351ff97a45d.jpg"}],"created_at":1649848755,"created_by":{"id":18131474,"name":"Nguyễn Bảo Tuấn","full_name":"Nguyễn Bảo Tuấn","created_time":"2020-08-16 14:09:49","purchased":true,"purchased_at":1643631537},"product_id":119226083,"timeline":{"review_created_date":"2022-04-13 18:19:15","delivery_date":"2022-02-08 12:41:01"}}]}