{"id":120183426,"dbId":10916,"createdAt":1656250408000,"name":"Sách - Lấy nước đường xa","short_description":"       Lấy nước đường xa   Công ty phát hành: Thái Hà   Tác giả: Linda Sue Park   Nhà xuất bản: Lao động   Số trang: 168 trang   Khổ giấy: 11.3 x 17.6cm   Năm xuất bản: 2021   [ThaiHaBooks]...","description":"\u003chtml\u003e\n \u003chead\u003e\u003c/head\u003e\n \u003cbody\u003e\n  \u003cul\u003e\n   \u003cp\u003eLấy nước đường xa\u003c/p\u003e\n   \u003cp\u003eCông ty phát hành: Thái Hà\u003c/p\u003e\n   \u003cp\u003eTác giả: Linda Sue Park\u003c/p\u003e\n   \u003cp\u003eNhà xuất bản: Lao động\u003c/p\u003e\n   \u003cp\u003eSố trang: 168 trang\u003c/p\u003e\n   \u003cp\u003eKhổ giấy: 11.3 x 17.6cm\u003c/p\u003e\n   \u003cp\u003eNăm xuất bản: 2021\u003c/p\u003e\n   \u003cp\u003e[ThaiHaBooks] Lấy nước đường xa – Cuốn tiểu thuyết dựa trên một câu chuyện có thật tại Châu Phi. Hai câu chuyện đan xen nhau kể về hai đứa trẻ tại Sudan – sống ở hai thời kỳ khác nhau – hai bộ tộc đối lập nhau và hai cuộc “đấu tranh” không giống nhau.\u003c/p\u003e\n   \u003cp\u003eNya là một cô bé mười một tuổi ở năm 2008. Cô bé phải đi bộ mỗi ngày 8 tiếng để lấy nước từ một cái ao ô nhiễm – hai chuyến mỗi ngày. Cô bé không có thời gian cho trường học, cho vui chơi, cho tất cả những điều mà hầu hết các cô gái nhỏ đều trải qua. Cho đến khi, một ngày nọ, những người lạ vào làng của họ để đào giếng và xây trường học.\u003c/p\u003e\n   \u003cp\u003eSalva là cậu bé 11 tuổi đi bộ xuyên lục địa Châu Phi để tìm thức ăn, gia đình và một nơi trú ẩn. Đó là năm 1985 khi Salva đang đi học và chiến tranh nổ ra. Salva phải băng qua sa mạc để đến một trại tị nạn ở Ethiopia. Sau một thời gian dài ở lại, Salva một lần nữa băng qua sa mạc để đến Kenya. Trên chặng đường dài ấy nhiều người đã không vượt qua được. Họ chết vì đói, bị thú dữ và binh lính tấn công. Salva là số ít những người còn sống sót và được một gia đình người Mỹ nhận nuôi.\u003c/p\u003e\n   \u003cp\u003eCâu chuyện của Nya và Salva đã giao thoa và kết nối với nhau. Nya kết thúc hành trình 8 tiếng mỗi ngày đi lấy nước cho gia đình và được đến trường học. Nhưng hành trình của Salva thì vẫn tiếp tục với một diễn biến khác nhiều ý nghĩa và tươi sáng hơn!\u003c/p\u003e\n   \u003cp\u003eNhững thông tin thú vị về cuốn sách\u003c/p\u003e\n   \u003cp\u003eCuốn sách bán chạy nhất tại New York Times\u003c/p\u003e\n   \u003cp\u003eRating: 10.200 tại Amazon\u003c/p\u003e\n   \u003cp\u003eTop 1 sách viết về trẻ em Châu Phi tại Amazon\u003c/p\u003e\n   \u003cp\u003eTop 1 sách lịch sử Châu phi thể loại hư cấu tại Amazon\u003c/p\u003e\n   \u003cp\u003eTop 2 sách hư cấu về quân đội dành cho trẻ em tại Amazon\u003c/p\u003e\n   \u003cp\u003eTrích đoạn hay\u003c/p\u003e\n   \u003cp\u003eNam Sudan, 2008\u003c/p\u003e\n   \u003cp\u003eNya thả chiếc can và ngồi bệt xuống đất. Nó luôn cố gắng tránh xéo phải những cây cỏ gai mọc ven lối đi nhưng không dễ. Gai nhọn vương khắp nơi. Con bé nhìn xuống lòng bàn chân. Đây rồi, nửa cái gai nhọn đâm đúng giữa gót chân. Nya lấy tay nặn xung quanh cái gai. Đoạn với tay nhặt lấy một cái gai khác trên mặt đất để khêu cái gai găm ở gót chân ra. Con bé mím chặt môi vì đau quá.\u003c/p\u003e\n   \u003cp\u003eNam Sudan, 1985\u003c/p\u003e\n   \u003cp\u003eBÙM!\u003c/p\u003e\n   \u003cp\u003eSalva ngoảnh lại và quan sát. Phía sau nó, một cột khói đen khổng lồ từ từ bay lên. Lửa bốc ra từ đó. Trên đầu, một chiếc phản lực quay đầu lao vút đi như một con ác điểu.\u003c/p\u003e\n   \u003cp\u003eKhói bụi mịt mù và Salva không còn nhìn thấy được ngôi trường thân yêu của nó nữa. Nó vấp chân suýt ngã. Nhưng phải tiếp tục chạy không được ngoái đầu lại. Vì không nó sẽ chậm lại. Salva cúi thấp đầu xuống và chạy. Nó chạy miết tới khi không còn hơi để chạy\u003c/p\u003e\n   \u003cp\u003enữa. Nó lê từng bước. Liên tục như vậy trong mấy giờ đồng hồ cho tới khi mặt trời gần tắt hẳn. Đi cùng nó còn rất nhiều người nữa. Nhiều đến mức mà nó chắc rằng nguyên làng, nơi có trường nó học, cũng không thể nhiều người đến vậy. Hẳn là toàn bộ số người của cả vùng đất này đang cùng di tản. Vừa đi, những ý nghĩ miên man cứ hiện lên trong đầu Salva theo từng nhịp bước. Mình đang đi đâu đây? Gia đình mình đâu? Liệu mình có còn được gặp lại gia đình không? Đoàn người dừng lại khi trời tối hẳn không còn nhìn thấy lối đi nữa. Ban đầu họ đứng tản mát, thi thoảng có vài tiếng rì rầm, nhưng phần lớn đều lặng im trong sợ hãi.\u003c/p\u003e\n   \u003cp\u003eMột lát sau, vài người đàn ông trung niên túm tụm lại bàn bạc gì với nhau rồi một người nói lớn, “Bà con, hãy đứng cùng với người làng mình. Bà con sẽ tìm thấy người quen.” Salva đi vòng quanh tới lúc nghe thấy tiếng gọi “Loun-Ariik! Ai người làng Loun-Ariik tới đây nào!” Salva thấy người nhẹ bẫng. Đó là người làng nó. Nó vội vàng đi theo tiếng gọi. Khoảng hơn chục người đứng thành một nhóm bên lề đường. Salva liếc qua từng khuôn mặt. Chẳng có ai trong gia đình nó cả. Nó chỉ nhận ra vài người – một người mẹ bồng con, hai người đàn ông, một bạn gái chừng tuổi nó – nhưng chẳng biết rõ ai cả.\u003c/p\u003e\n   \u003cp\u003eDầu sao thì nhìn thấy những gương mặt quen cũng dễ chịu lắm rồi. Cả đoàn người qua đêm đó ven đường, những người đàn ông trong đoàn thay phiên nhau thức để canh gác. Sáng hôm sau, đoàn người lại tiếp tục lên đường. Salva đi giữa đoàn với mấy người lớn cùng làng với nó. Đến đầu giờ chiều thì nó nhìn thấy một toán lính ở phía trước.\u003c/p\u003e\n   \u003cp\u003eTrong đoàn có người nói khẽ, “Phiến quân đấy!” Phiến quân là những người đang chống lại chính phủ. Salva đi ngang qua mấy binh sĩ đang đứng ven đường. Mỗi người mang một khẩu súng lớn. Súng của họ không chĩa về đám đông nhưng trông vẫn rất dữ tợn và đề phòng. Một vài phiến quân nhập vào đoàn người, lặng lẽ đi phía sau. Giờ thì cả đoàn người đã bị bao vây.\u003c/p\u003e\n   \u003cp\u003e\u003c/p\u003e\n  \u003c/ul\u003e\n \u003c/body\u003e\n\u003c/html\u003e\u003cp\u003eGiá sản phẩm trên Tiki đã bao gồm thuế theo luật hiện hành. Bên cạnh đó, tuỳ vào loại sản phẩm, hình thức và địa chỉ giao hàng mà có thể phát sinh thêm chi phí khác như phí vận chuyển, phụ phí hàng cồng kềnh, thuế nhập khẩu (đối với đơn hàng giao từ nước ngoài có giá trị trên 1 triệu đồng).....\u003c/p\u003e","original_price":99000.0,"thumbnail_url":"https://salt.tikicdn.com/cache/280x280/ts/product/0e/0c/88/be2c04039a698f8eec41ae9850e1fba2.jpg","images":[{"base_url":"https://salt.tikicdn.com/ts/product/0e/0c/88/be2c04039a698f8eec41ae9850e1fba2.jpg","dbId":29146},{"base_url":"https://salt.tikicdn.com/ts/product/e6/ae/7f/9262269c8dddd30a4c7563e734487751.jpg","dbId":29147}],"specifications":[{"name":"Thông tin chung","attributes":[{"name":"Công ty phát hành","value":"Thái Hà"},{"name":"Nhà xuất bản","value":"Nhà Xuất Bản Lao Động"},{"code":"PUBLICATION_DATE","name":"Ngày xuất bản","value":"Fri Jun 03 20:33:28 ICT 2022"}]}],"stock_item":{"qty":1000},"all_time_quantity_sold":0,"reviews":[{"id":16632973,"title":"Cực kì hài lòng","content":"Sản phẩm ok, giao hàng nhanh, mình hài lòng về sản phẩm. Mình sẽ ủng hộ  Tiki tiếp tục nè","customer_id":16650557,"rating":5,"images":[{"id":3561522,"full_path":"https://salt.tikicdn.com/ts/review/74/3c/17/c7c2f22df70e533f49a4593d786bc1c5.jpg"}],"created_at":1654695208,"created_by":{"id":16650557,"name":"Trần Thị Thuý Diễm","full_name":"Trần Thị Thuý Diễm","created_time":"2020-03-02 14:27:38","purchased":true,"purchased_at":1653696794},"product_id":120183426,"timeline":{"review_created_date":"2022-06-08 20:33:28","delivery_date":"2022-06-02 10:32:22"}},{"id":17274133,"title":"Cực kì hài lòng","content":"","customer_id":11888388,"rating":5,"images":[],"created_at":1659407559,"created_by":{"id":11888388,"name":"agon here","full_name":"agon here","created_time":"2019-04-28 14:54:50","purchased":true,"purchased_at":1656250904},"product_id":120183426,"timeline":{"review_created_date":"2022-08-02 09:32:39","delivery_date":"2022-06-28 12:52:54"}}]}