{"id":12053550,"dbId":10992,"createdAt":1551891600000,"name":"Feynman Chuyện Thật Như Đùa (Tái Bản)","short_description":"Richard Feynman (1918-1988), người đoạt giải Nobel về Vật lý, đã kể về những cuộc phiêu lưu kỳ quặc. Bằng một giọng quá tài tình ông tường thuật lại trong cuốn sách những trải nghiệm của mình khi trao...","description":"Richard Feynman (1918-1988), người đoạt giải Nobel về Vật lý, đã kể về những cuộc phiêu lưu kỳ quặc. Bằng một giọng quá tài tình ông tường thuật lại trong cuốn sách những trải nghiệm của mình khi trao đổi các ý tưởng về Vật lý nguyên tử với Einstein và Bohr cũng như các mưu mẹo về cờ bạc với Nick the Greek; khi mở những cái két khủng lưu giữ những bí mật hạt nhân được bảo quản cẩn trọng nhất; khi đệm trống bongo cho một vở ba-lê; khi vẽ một nữ đấu sĩ bò tót ở trần – và nhiều trải nghiệm khác của một bản năng rất đỗi ngạc nhiên. Nói gọn lại, đây là cuộc sống của Feynman trong tất cả niềm tự hào khác thường của nó - một pha trộn tinh tế của trí thông minh đỉnh cao, tính ham hiểu biết không có giới hạn, và sự tự tin tuyệt đỉnh\u003cp\u003eGiá sản phẩm trên Tiki đã bao gồm thuế theo luật hiện hành. Bên cạnh đó, tuỳ vào loại sản phẩm, hình thức và địa chỉ giao hàng mà có thể phát sinh thêm chi phí khác như phí vận chuyển, phụ phí hàng cồng kềnh, thuế nhập khẩu (đối với đơn hàng giao từ nước ngoài có giá trị trên 1 triệu đồng).....\u003c/p\u003e","original_price":205000.0,"thumbnail_url":"https://salt.tikicdn.com/cache/280x280/ts/product/02/a2/e8/916495871ef577c96e4163f01a17b382.jpg","images":[{"base_url":"https://salt.tikicdn.com/ts/product/02/a2/e8/916495871ef577c96e4163f01a17b382.jpg","dbId":29356}],"authors":[{"id":18872,"name":"Richard P. Feynman","dbId":5824}],"specifications":[{"name":"Thông tin chung","attributes":[{"name":"Công ty phát hành","value":"NXB Trẻ"},{"name":"Ngày xuất bản","value":"2019-03-03 00:00:00"},{"name":"Loại bìa","value":"Bìa mềm"},{"name":"Số trang","value":"440"},{"name":"Phương thức giao hàng Seller Delivery","value":"Nhà bán giao hàng cho khách hàng"},{"code":"PUBLICATION_DATE","name":"Kích thước","value":"14.5 x 20.5 cm"}]}],"stock_item":{"qty":1000},"all_time_quantity_sold":62,"reviews":[{"id":14981020,"title":"Rất không hài lòng","content":"nếu các bạn mong chờ vào 1 tác phẩm hài hước, hóm hỉnh thì đây không phải là tác phẩm dành cho các bạn và cũng không dành cho tôi. Tôi đã đọc qua các đánh giá và giới thiệu sách thì tôi cho rằng mọi người nói và đánh giá hơi quá đà cho tác phẩm này. Không thể phủ nhận trí thông minh, lạnh lợi của ngài Feyman nhưng câu chuyện của ngài không dành cho tất cả mọi người. Nội dung kể lể về cuộc đời của ngài và những trò đùa của ngài, nhưng nó không phải lúc nào cũng vui và đa phần là không vui, nó chỉ vui với chính ngài mà thôi và thể hiện sự kiêu ngạo và tự phụ về trí thông minh của mình. Tôi đọc đến đúng trang 100 và thấy nhàm quá nên dừng. Cảm nhận của mỗi người một khác và tôi chia sẻ cảm nhận của một độc giả phổ thông với kiến thức và học thức phổ thông. Hy vọng sẽ giúp ích cho các bạn có ý định mua cuốn sách cũng không được rẻ cho lắm, hãy tiết kiệm để dành cho tác phẩm khác xứng đáng hơn.","customer_id":6450235,"rating":1,"images":[],"created_at":1644974918,"created_by":{"id":6450235,"name":"Nguyễn Tiến Dũng","full_name":"Nguyễn Tiến Dũng","created_time":"2018-02-03 18:36:13","purchased":true,"purchased_at":1644652940},"product_id":12053550,"timeline":{"review_created_date":"2022-02-16 08:28:38","delivery_date":"2022-02-13 12:41:53"}},{"id":8393352,"title":"Cực kì hài lòng","content":"Mình biết đến quyển sách khi kiếm trên mạng làm thế nào để học hiểu quả, và mình thấy 1 cách học được cả Bill Gates áp dụng đó là cách của giáo sư Feynman, ông ấy nói rằng: Khi bạn chưa giải thích được cho 1 đứa trẻ 12 tuổi hiểu được vấn đề chứng tỏ bạn chưa thực sự hiểu được vấn đề đó. Mình tìm thấy quyển sách này và quyết định mua nó. Đây quả là lựa chọn đúng với mình vì đọc quyển sách rất cuốn hút. Cách ông ấy nói về câu chuyện của mình cũng như về khoa học làm mình cười bể bụng. Tác giả là một nhà khoa học về vật lí nhưng có cách diễn đạt thật sự thú vị và cũng tấu hài. Mình thích tính cách thẳng thắn và cách làm việc của ông. Đọc quyển sách bạn sẽ thấy là một nhà khoa học, điều đầu tiên là do có sự tò mò về thế giới, bạn phải thử làm và kiên nhẫn với nó. Cuốn sách cho ta biết rất nhiều về khoa học, những gì thật sự diễn ra ngoài đời sống. Đọc cuốn sách mình đã học hỏi được rất nhiều điều, các bạn đừng mua cuốn sách này đọc nhé vì sẽ bị nghiện luôn đấy  ?","customer_id":15912581,"rating":5,"images":[{"id":1695595,"full_path":"https://salt.tikicdn.com/ts/review/d3/c3/46/5c61eca5790175168257fdcc7092e7a8.jpg"}],"created_at":1615691620,"created_by":{"id":15912581,"name":"Đậu Thy Thy","full_name":"Đậu Thy Thy","created_time":"2020-01-10 12:04:49","purchased":true,"purchased_at":1612882970},"product_id":12053550,"timeline":{"review_created_date":"2021-03-14 10:13:40","delivery_date":"2021-02-17 11:59:05"}},{"id":12461700,"title":"Cực kì hài lòng","content":"Hành trình phát triển khá chân thật của GS Feynman. Có những suy nghĩ rất khác những “chiên da” khác. Tuy nhiên nói siêng năng thì giỏi k đúng vì mình thấy GS là người học nhanh hiểu rộng hơn nhiều so vs người bình thường, âu cũng là có tố chất để trở thành GS r","customer_id":13730202,"rating":5,"images":[],"created_at":1633494952,"created_by":{"id":13730202,"name":"Nguyễn Hoàng Phi","full_name":"Nguyễn Hoàng Phi","created_time":"2019-08-30 14:01:40","purchased":true,"purchased_at":1625801225},"product_id":12053550,"timeline":{"review_created_date":"2021-10-06 11:35:52","delivery_date":"2021-07-11 11:06:40"}},{"id":19787256,"title":"Cực kì hài lòng","content":"","customer_id":5531649,"rating":5,"images":[],"created_at":1709125963,"created_by":{"id":5531649,"name":"Mr Linh","full_name":"Mr Linh","created_time":"2017-08-01 09:37:13","purchased":true,"purchased_at":1702699185},"product_id":12053550,"timeline":{"review_created_date":"2024-02-28 20:12:43","delivery_date":"2023-12-18 15:55:43"}},{"id":11964472,"title":"Cực kì hài lòng","content":"Cứ nghĩ mùa dịch sẽ không nhận được chờ ròng rã nữa tháng cuối cùng cũng nhận được đúng thời gian. Một cuốn sách hay.","customer_id":5567338,"rating":5,"images":[{"id":2446596,"full_path":"https://salt.tikicdn.com/ts/review/85/b3/2a/15b4aa296db1ad05421f7a4d5d26fd8c.jpg"},{"id":2446597,"full_path":"https://salt.tikicdn.com/ts/review/37/1b/49/fd875694b2db5386614953382e8bc1a2.jpg"}],"created_at":1629551897,"created_by":{"id":5567338,"name":"Quốc Cường Arc","full_name":"Quốc Cường Arc","created_time":"2017-08-10 07:56:46","purchased":true,"purchased_at":1628394158},"product_id":12053550,"timeline":{"review_created_date":"2021-08-21 20:18:17","delivery_date":"2021-08-20 15:11:10"}},{"id":14981020,"title":"Rất không hài lòng","content":"nếu các bạn mong chờ vào 1 tác phẩm hài hước, hóm hỉnh thì đây không phải là tác phẩm dành cho các bạn và cũng không dành cho tôi. Tôi đã đọc qua các đánh giá và giới thiệu sách thì tôi cho rằng mọi người nói và đánh giá hơi quá đà cho tác phẩm này. Không thể phủ nhận trí thông minh, lạnh lợi của ngài Feyman nhưng câu chuyện của ngài không dành cho tất cả mọi người. Nội dung kể lể về cuộc đời của ngài và những trò đùa của ngài, nhưng nó không phải lúc nào cũng vui và đa phần là không vui, nó chỉ vui với chính ngài mà thôi và thể hiện sự kiêu ngạo và tự phụ về trí thông minh của mình. Tôi đọc đến đúng trang 100 và thấy nhàm quá nên dừng. Cảm nhận của mỗi người một khác và tôi chia sẻ cảm nhận của một độc giả phổ thông với kiến thức và học thức phổ thông. Hy vọng sẽ giúp ích cho các bạn có ý định mua cuốn sách cũng không được rẻ cho lắm, hãy tiết kiệm để dành cho tác phẩm khác xứng đáng hơn.","customer_id":6450235,"rating":1,"images":[],"created_at":1644974918,"created_by":{"id":6450235,"name":"Nguyễn Tiến Dũng","full_name":"Nguyễn Tiến Dũng","created_time":"2018-02-03 18:36:13","purchased":true,"purchased_at":1644652940},"product_id":12053550,"timeline":{"review_created_date":"2022-02-16 08:28:38","delivery_date":"2022-02-13 12:41:53"}},{"id":8393352,"title":"Cực kì hài lòng","content":"Mình biết đến quyển sách khi kiếm trên mạng làm thế nào để học hiểu quả, và mình thấy 1 cách học được cả Bill Gates áp dụng đó là cách của giáo sư Feynman, ông ấy nói rằng: Khi bạn chưa giải thích được cho 1 đứa trẻ 12 tuổi hiểu được vấn đề chứng tỏ bạn chưa thực sự hiểu được vấn đề đó. Mình tìm thấy quyển sách này và quyết định mua nó. Đây quả là lựa chọn đúng với mình vì đọc quyển sách rất cuốn hút. Cách ông ấy nói về câu chuyện của mình cũng như về khoa học làm mình cười bể bụng. Tác giả là một nhà khoa học về vật lí nhưng có cách diễn đạt thật sự thú vị và cũng tấu hài. Mình thích tính cách thẳng thắn và cách làm việc của ông. Đọc quyển sách bạn sẽ thấy là một nhà khoa học, điều đầu tiên là do có sự tò mò về thế giới, bạn phải thử làm và kiên nhẫn với nó. Cuốn sách cho ta biết rất nhiều về khoa học, những gì thật sự diễn ra ngoài đời sống. Đọc cuốn sách mình đã học hỏi được rất nhiều điều, các bạn đừng mua cuốn sách này đọc nhé vì sẽ bị nghiện luôn đấy  ?","customer_id":15912581,"rating":5,"images":[{"id":1695595,"full_path":"https://salt.tikicdn.com/ts/review/d3/c3/46/5c61eca5790175168257fdcc7092e7a8.jpg"}],"created_at":1615691620,"created_by":{"id":15912581,"name":"Đậu Thy Thy","full_name":"Đậu Thy Thy","created_time":"2020-01-10 12:04:49","purchased":true,"purchased_at":1612882970},"product_id":12053550,"timeline":{"review_created_date":"2021-03-14 10:13:40","delivery_date":"2021-02-17 11:59:05"}},{"id":12461700,"title":"Cực kì hài lòng","content":"Hành trình phát triển khá chân thật của GS Feynman. Có những suy nghĩ rất khác những “chiên da” khác. Tuy nhiên nói siêng năng thì giỏi k đúng vì mình thấy GS là người học nhanh hiểu rộng hơn nhiều so vs người bình thường, âu cũng là có tố chất để trở thành GS r","customer_id":13730202,"rating":5,"images":[],"created_at":1633494952,"created_by":{"id":13730202,"name":"Nguyễn Hoàng Phi","full_name":"Nguyễn Hoàng Phi","created_time":"2019-08-30 14:01:40","purchased":true,"purchased_at":1625801225},"product_id":12053550,"timeline":{"review_created_date":"2021-10-06 11:35:52","delivery_date":"2021-07-11 11:06:40"}},{"id":19787256,"title":"Cực kì hài lòng","content":"","customer_id":5531649,"rating":5,"images":[],"created_at":1709125963,"created_by":{"id":5531649,"name":"Mr Linh","full_name":"Mr Linh","created_time":"2017-08-01 09:37:13","purchased":true,"purchased_at":1702699185},"product_id":12053550,"timeline":{"review_created_date":"2024-02-28 20:12:43","delivery_date":"2023-12-18 15:55:43"}},{"id":11964472,"title":"Cực kì hài lòng","content":"Cứ nghĩ mùa dịch sẽ không nhận được chờ ròng rã nữa tháng cuối cùng cũng nhận được đúng thời gian. Một cuốn sách hay.","customer_id":5567338,"rating":5,"images":[{"id":2446596,"full_path":"https://salt.tikicdn.com/ts/review/85/b3/2a/15b4aa296db1ad05421f7a4d5d26fd8c.jpg"},{"id":2446597,"full_path":"https://salt.tikicdn.com/ts/review/37/1b/49/fd875694b2db5386614953382e8bc1a2.jpg"}],"created_at":1629551897,"created_by":{"id":5567338,"name":"Quốc Cường Arc","full_name":"Quốc Cường Arc","created_time":"2017-08-10 07:56:46","purchased":true,"purchased_at":1628394158},"product_id":12053550,"timeline":{"review_created_date":"2021-08-21 20:18:17","delivery_date":"2021-08-20 15:11:10"}},{"id":14981020,"title":"Rất không hài lòng","content":"nếu các bạn mong chờ vào 1 tác phẩm hài hước, hóm hỉnh thì đây không phải là tác phẩm dành cho các bạn và cũng không dành cho tôi. Tôi đã đọc qua các đánh giá và giới thiệu sách thì tôi cho rằng mọi người nói và đánh giá hơi quá đà cho tác phẩm này. Không thể phủ nhận trí thông minh, lạnh lợi của ngài Feyman nhưng câu chuyện của ngài không dành cho tất cả mọi người. Nội dung kể lể về cuộc đời của ngài và những trò đùa của ngài, nhưng nó không phải lúc nào cũng vui và đa phần là không vui, nó chỉ vui với chính ngài mà thôi và thể hiện sự kiêu ngạo và tự phụ về trí thông minh của mình. Tôi đọc đến đúng trang 100 và thấy nhàm quá nên dừng. Cảm nhận của mỗi người một khác và tôi chia sẻ cảm nhận của một độc giả phổ thông với kiến thức và học thức phổ thông. Hy vọng sẽ giúp ích cho các bạn có ý định mua cuốn sách cũng không được rẻ cho lắm, hãy tiết kiệm để dành cho tác phẩm khác xứng đáng hơn.","customer_id":6450235,"rating":1,"images":[],"created_at":1644974918,"created_by":{"id":6450235,"name":"Nguyễn Tiến Dũng","full_name":"Nguyễn Tiến Dũng","created_time":"2018-02-03 18:36:13","purchased":true,"purchased_at":1644652940},"product_id":12053550,"timeline":{"review_created_date":"2022-02-16 08:28:38","delivery_date":"2022-02-13 12:41:53"}},{"id":8393352,"title":"Cực kì hài lòng","content":"Mình biết đến quyển sách khi kiếm trên mạng làm thế nào để học hiểu quả, và mình thấy 1 cách học được cả Bill Gates áp dụng đó là cách của giáo sư Feynman, ông ấy nói rằng: Khi bạn chưa giải thích được cho 1 đứa trẻ 12 tuổi hiểu được vấn đề chứng tỏ bạn chưa thực sự hiểu được vấn đề đó. Mình tìm thấy quyển sách này và quyết định mua nó. Đây quả là lựa chọn đúng với mình vì đọc quyển sách rất cuốn hút. Cách ông ấy nói về câu chuyện của mình cũng như về khoa học làm mình cười bể bụng. Tác giả là một nhà khoa học về vật lí nhưng có cách diễn đạt thật sự thú vị và cũng tấu hài. Mình thích tính cách thẳng thắn và cách làm việc của ông. Đọc quyển sách bạn sẽ thấy là một nhà khoa học, điều đầu tiên là do có sự tò mò về thế giới, bạn phải thử làm và kiên nhẫn với nó. Cuốn sách cho ta biết rất nhiều về khoa học, những gì thật sự diễn ra ngoài đời sống. Đọc cuốn sách mình đã học hỏi được rất nhiều điều, các bạn đừng mua cuốn sách này đọc nhé vì sẽ bị nghiện luôn đấy  ?","customer_id":15912581,"rating":5,"images":[{"id":1695595,"full_path":"https://salt.tikicdn.com/ts/review/d3/c3/46/5c61eca5790175168257fdcc7092e7a8.jpg"}],"created_at":1615691620,"created_by":{"id":15912581,"name":"Đậu Thy Thy","full_name":"Đậu Thy Thy","created_time":"2020-01-10 12:04:49","purchased":true,"purchased_at":1612882970},"product_id":12053550,"timeline":{"review_created_date":"2021-03-14 10:13:40","delivery_date":"2021-02-17 11:59:05"}},{"id":12461700,"title":"Cực kì hài lòng","content":"Hành trình phát triển khá chân thật của GS Feynman. Có những suy nghĩ rất khác những “chiên da” khác. Tuy nhiên nói siêng năng thì giỏi k đúng vì mình thấy GS là người học nhanh hiểu rộng hơn nhiều so vs người bình thường, âu cũng là có tố chất để trở thành GS r","customer_id":13730202,"rating":5,"images":[],"created_at":1633494952,"created_by":{"id":13730202,"name":"Nguyễn Hoàng Phi","full_name":"Nguyễn Hoàng Phi","created_time":"2019-08-30 14:01:40","purchased":true,"purchased_at":1625801225},"product_id":12053550,"timeline":{"review_created_date":"2021-10-06 11:35:52","delivery_date":"2021-07-11 11:06:40"}},{"id":19787256,"title":"Cực kì hài lòng","content":"","customer_id":5531649,"rating":5,"images":[],"created_at":1709125963,"created_by":{"id":5531649,"name":"Mr Linh","full_name":"Mr Linh","created_time":"2017-08-01 09:37:13","purchased":true,"purchased_at":1702699185},"product_id":12053550,"timeline":{"review_created_date":"2024-02-28 20:12:43","delivery_date":"2023-12-18 15:55:43"}},{"id":11964472,"title":"Cực kì hài lòng","content":"Cứ nghĩ mùa dịch sẽ không nhận được chờ ròng rã nữa tháng cuối cùng cũng nhận được đúng thời gian. Một cuốn sách hay.","customer_id":5567338,"rating":5,"images":[{"id":2446596,"full_path":"https://salt.tikicdn.com/ts/review/85/b3/2a/15b4aa296db1ad05421f7a4d5d26fd8c.jpg"},{"id":2446597,"full_path":"https://salt.tikicdn.com/ts/review/37/1b/49/fd875694b2db5386614953382e8bc1a2.jpg"}],"created_at":1629551897,"created_by":{"id":5567338,"name":"Quốc Cường Arc","full_name":"Quốc Cường Arc","created_time":"2017-08-10 07:56:46","purchased":true,"purchased_at":1628394158},"product_id":12053550,"timeline":{"review_created_date":"2021-08-21 20:18:17","delivery_date":"2021-08-20 15:11:10"}},{"id":14981020,"title":"Rất không hài lòng","content":"nếu các bạn mong chờ vào 1 tác phẩm hài hước, hóm hỉnh thì đây không phải là tác phẩm dành cho các bạn và cũng không dành cho tôi. Tôi đã đọc qua các đánh giá và giới thiệu sách thì tôi cho rằng mọi người nói và đánh giá hơi quá đà cho tác phẩm này. Không thể phủ nhận trí thông minh, lạnh lợi của ngài Feyman nhưng câu chuyện của ngài không dành cho tất cả mọi người. Nội dung kể lể về cuộc đời của ngài và những trò đùa của ngài, nhưng nó không phải lúc nào cũng vui và đa phần là không vui, nó chỉ vui với chính ngài mà thôi và thể hiện sự kiêu ngạo và tự phụ về trí thông minh của mình. Tôi đọc đến đúng trang 100 và thấy nhàm quá nên dừng. Cảm nhận của mỗi người một khác và tôi chia sẻ cảm nhận của một độc giả phổ thông với kiến thức và học thức phổ thông. Hy vọng sẽ giúp ích cho các bạn có ý định mua cuốn sách cũng không được rẻ cho lắm, hãy tiết kiệm để dành cho tác phẩm khác xứng đáng hơn.","customer_id":6450235,"rating":1,"images":[],"created_at":1644974918,"created_by":{"id":6450235,"name":"Nguyễn Tiến Dũng","full_name":"Nguyễn Tiến Dũng","created_time":"2018-02-03 18:36:13","purchased":true,"purchased_at":1644652940},"product_id":12053550,"timeline":{"review_created_date":"2022-02-16 08:28:38","delivery_date":"2022-02-13 12:41:53"}},{"id":8393352,"title":"Cực kì hài lòng","content":"Mình biết đến quyển sách khi kiếm trên mạng làm thế nào để học hiểu quả, và mình thấy 1 cách học được cả Bill Gates áp dụng đó là cách của giáo sư Feynman, ông ấy nói rằng: Khi bạn chưa giải thích được cho 1 đứa trẻ 12 tuổi hiểu được vấn đề chứng tỏ bạn chưa thực sự hiểu được vấn đề đó. Mình tìm thấy quyển sách này và quyết định mua nó. Đây quả là lựa chọn đúng với mình vì đọc quyển sách rất cuốn hút. Cách ông ấy nói về câu chuyện của mình cũng như về khoa học làm mình cười bể bụng. Tác giả là một nhà khoa học về vật lí nhưng có cách diễn đạt thật sự thú vị và cũng tấu hài. Mình thích tính cách thẳng thắn và cách làm việc của ông. Đọc quyển sách bạn sẽ thấy là một nhà khoa học, điều đầu tiên là do có sự tò mò về thế giới, bạn phải thử làm và kiên nhẫn với nó. Cuốn sách cho ta biết rất nhiều về khoa học, những gì thật sự diễn ra ngoài đời sống. Đọc cuốn sách mình đã học hỏi được rất nhiều điều, các bạn đừng mua cuốn sách này đọc nhé vì sẽ bị nghiện luôn đấy  ?","customer_id":15912581,"rating":5,"images":[{"id":1695595,"full_path":"https://salt.tikicdn.com/ts/review/d3/c3/46/5c61eca5790175168257fdcc7092e7a8.jpg"}],"created_at":1615691620,"created_by":{"id":15912581,"name":"Đậu Thy Thy","full_name":"Đậu Thy Thy","created_time":"2020-01-10 12:04:49","purchased":true,"purchased_at":1612882970},"product_id":12053550,"timeline":{"review_created_date":"2021-03-14 10:13:40","delivery_date":"2021-02-17 11:59:05"}},{"id":12461700,"title":"Cực kì hài lòng","content":"Hành trình phát triển khá chân thật của GS Feynman. Có những suy nghĩ rất khác những “chiên da” khác. Tuy nhiên nói siêng năng thì giỏi k đúng vì mình thấy GS là người học nhanh hiểu rộng hơn nhiều so vs người bình thường, âu cũng là có tố chất để trở thành GS r","customer_id":13730202,"rating":5,"images":[],"created_at":1633494952,"created_by":{"id":13730202,"name":"Nguyễn Hoàng Phi","full_name":"Nguyễn Hoàng Phi","created_time":"2019-08-30 14:01:40","purchased":true,"purchased_at":1625801225},"product_id":12053550,"timeline":{"review_created_date":"2021-10-06 11:35:52","delivery_date":"2021-07-11 11:06:40"}},{"id":19787256,"title":"Cực kì hài lòng","content":"","customer_id":5531649,"rating":5,"images":[],"created_at":1709125963,"created_by":{"id":5531649,"name":"Mr Linh","full_name":"Mr Linh","created_time":"2017-08-01 09:37:13","purchased":true,"purchased_at":1702699185},"product_id":12053550,"timeline":{"review_created_date":"2024-02-28 20:12:43","delivery_date":"2023-12-18 15:55:43"}},{"id":11964472,"title":"Cực kì hài lòng","content":"Cứ nghĩ mùa dịch sẽ không nhận được chờ ròng rã nữa tháng cuối cùng cũng nhận được đúng thời gian. Một cuốn sách hay.","customer_id":5567338,"rating":5,"images":[{"id":2446596,"full_path":"https://salt.tikicdn.com/ts/review/85/b3/2a/15b4aa296db1ad05421f7a4d5d26fd8c.jpg"},{"id":2446597,"full_path":"https://salt.tikicdn.com/ts/review/37/1b/49/fd875694b2db5386614953382e8bc1a2.jpg"}],"created_at":1629551897,"created_by":{"id":5567338,"name":"Quốc Cường Arc","full_name":"Quốc Cường Arc","created_time":"2017-08-10 07:56:46","purchased":true,"purchased_at":1628394158},"product_id":12053550,"timeline":{"review_created_date":"2021-08-21 20:18:17","delivery_date":"2021-08-20 15:11:10"}}]}