{"id":123832828,"dbId":10991,"createdAt":1633228164000,"name":"SÁCH: Tự truyện Ken Langone: Từ số 0 đến tỷ phú (I Love Capitalism!: An American Story) - Tác giả: Ken Langone","short_description":"TỰ TRUYỆN KEN LANGONE: Từ số 0 đến tỷ phúTựa gốc: I Love Capitalism!: An American StoryTác giả: ----------Tự truyện Ken Langone - Cuốn sách đầy ắp những câu chuyện thú vị, bổ íchHãy đọc thử 10 tr...","description":"\u003cp\u003eTỰ TRUYỆN KEN LANGONE: Từ số 0 đến tỷ phú\u003c/p\u003e\n\u003cp\u003eTựa gốc: I Love Capitalism!: An American Story\u003c/p\u003e\n\u003cp\u003eTác giả: \u003c/p\u003e\n\u003cp\u003e----------\u003c/p\u003e\n\u003cp\u003eTự truyện Ken Langone - Cuốn sách đầy ắp những câu chuyện thú vị, bổ ích\u003c/p\u003e\n\u003cp\u003eHãy đọc thử 10 trang cuốn sách này, và bạn sẽ phát hiện ra rằng mình đã đọc một lèo tận 50 trang sách mà không biết.\u003c/p\u003e\n\u003cp\u003eThường thì trước khi chính thức đặt bút chỉnh sửa một bản thảo, biên tập viên sẽ đọc lướt qua một số mục để đánh giá chất lượng bản dịch và nắm được nội dung cuốn sách.\u003c/p\u003e\n\u003cp\u003eKhi nhận được bản dịch cuốn sách này, tôi đã không thể kiềm được mà đọc một lèo đến 1/3 cuốn sách rồi mới bắt đầu quay lại chỉnh sửa nó.\u003c/p\u003e\n\u003cp\u003eHẳn nhiên là vì nội dung hay, và sức hấp dẫn đặc biệt của cuốn sách là những câu chuyện thú vị, có khi sẽ khiến bạn bật cười, lúc làm bạn trầm ngâm suy nghĩ. Bạn nhận ra là mình có thể vui cùng niềm vui của Ken Langone, cùng niềm hào hứng được bộc lộ chân thật như thể câu chuyện vừa mới diễn ra ngày hôm qua và giờ ông đang kể lại.\u003c/p\u003e\n\u003cp\u003eBiên tập những cuốn sách dạng hồi ký hay câu chuyện cuộc đời luôn luôn thú vị, vì những góc tâm hồn có khi chưa từng được bộc lộ, những bí mật nho nhỏ chưa bao giờ được kể. Mọi thứ đều mang nguyên vẹn sức hút của một con người mạnh mẽ, thành công, chứ không chỉ là những con số khô khan, những thành công được trưng ra trên mặt báo, những bài phát biểu mang tính chuẩn mực nhiều hơn là chân thực, chân thành.\u003c/p\u003e\n\u003cp\u003eCâu chuyện của Ken Langone được kể lại bằng một giọng văn gần gũi, với góc nhìn dí dỏm xen với những suy nghĩ khôn lỏi, có phần láu cá những cá tính riêng của ông. Không có nhiều khác biệt về phẩm chất của những người thành công, nhưng những câu chuyện của họ thì luôn khác nhau.\u003c/p\u003e\n\u003cp\u003eKen Langone chinh phục và cuốn hút bạn bởi cá tính quyết liệt, tinh thần tích cực, lạc quan, và luôn sống với ý chí mạnh mẽ, tự tin của mình. Bất cứ người thành công nào cũng trải qua nhiều vấp váp, người sâu sắc hơn chính là đã trải qua nhiều đau khổ hơn. Nếu như thành công thường được kể rõ và thất bại là những gì thường chỉ được điểm qua, thì Ken Langone không ngại kể về những thất bại của mình. Đó thậm chí là giai đoạn ông khám phá bản thân và học được những bài học sâu sắc nhất, khai mở được nguồn năng lượng lớn nhất.\u003c/p\u003e\n\u003cp\u003eCuốn sách này tuy được đặt là tự truyện có không khí như một cuốn phiêu lưu ký, với một hành trình dài đầy ắp những câu chuyện thú vị. Câu chuyện còn có màu sắc như một câu truyện cổ tích, với nhân vật chính đã đi từ zero đến hero, từ số 0 đến người anh hùng. Điều quan trọng chính là mọi người anh hùng đều có một hành trình để thật sự trở thành anh hùng, mọi người anh hùng đều được kiến tạo nên từ những gì anh ta đối mặt và trải qua.\u003c/p\u003e\n\u003cp\u003eChính bạn cũng có thể trở thành người anh hùng của mình, và hãy để Ken Langone truyền cảm hứng, sức mạnh cho bạn trên hành trình tuyệt vời đó!\u003c/p\u003e\n\u003cp\u003e---\u003c/p\u003e\n\u003cp\u003eTự truyện Ken Langone: Từ số 0 đến tỷ phú\u003c/p\u003e\n\u003cp\u003eCuốn sách truyền cảm hứng, vô cùng sâu sắc và thú vị về nhà đầu tư được nhiều người săn đón nhất Phố Wall – nhà đồng sáng lập của đế chế bán lẻ vật liệu xây dựng nổi tiếng nhất thế giới Home Depot.\u003c/p\u003e\n\u003cp\u003e\u003cimg src\u003d\"https://salt.tikicdn.com/ts/tmp/9d/f6/08/d4475abf90f051bd8accbc920fa03337.jpg\" alt\u003d\"\" width\u003d\"750\" height\u003d\"750\" /\u003e\u003c/p\u003e\n\u003cp\u003e-------------\u003c/p\u003e\n\u003cp\u003e \u003c/p\u003e\n\u003cp\u003e#saigonbooks#tựtruyệnkenlangone#kenlangone#Ilovecapitalism!:anamericanstory\u003c/p\u003e\n\u003cp\u003e----------\u003c/p\u003e\n\u003cp\u003eCông ty phát hành: Saigon Books\u003c/p\u003e\n\u003cp\u003eMã sản phẩm: 8935278602705\u003c/p\u003e\n\u003cp\u003eNhà xuất bản: NXB Thế Giới\u003c/p\u003e\n\u003cp\u003eKích thước: 14 x 20.5 cm\u003c/p\u003e\n\u003cp\u003eSố trang: 376\u003c/p\u003e\n\u003cp\u003eNăm phát hành: 12/2020\u003c/p\u003e\n\u003cp\u003eGiá bìa: 170.000đ\u003c/p\u003e\n\u003cp\u003e \u003c/p\u003e\n\u003cp\u003e \u003c/p\u003e\u003cp\u003eGiá sản phẩm trên Tiki đã bao gồm thuế theo luật hiện hành. Bên cạnh đó, tuỳ vào loại sản phẩm, hình thức và địa chỉ giao hàng mà có thể phát sinh thêm chi phí khác như phí vận chuyển, phụ phí hàng cồng kềnh, thuế nhập khẩu (đối với đơn hàng giao từ nước ngoài có giá trị trên 1 triệu đồng).....\u003c/p\u003e","original_price":170000.0,"thumbnail_url":"https://salt.tikicdn.com/cache/280x280/ts/product/30/ee/3e/831d911b6ed2950f91030d3192acd56d.png","images":[{"base_url":"https://salt.tikicdn.com/ts/product/30/ee/3e/831d911b6ed2950f91030d3192acd56d.png","dbId":29342},{"base_url":"https://salt.tikicdn.com/ts/product/58/79/f7/d6c8cbf352733b827d2dceb3bcf2d66d.jpg","dbId":29343},{"base_url":"https://salt.tikicdn.com/ts/product/59/d9/ca/dc25ee8dbbe5a8d598f6c89cd3706bc6.jpg","dbId":29344},{"base_url":"https://salt.tikicdn.com/ts/product/7a/a4/64/09cab6bc44800bd9169fcc6121da9ead.jpg","dbId":29345},{"base_url":"https://salt.tikicdn.com/ts/product/7f/f1/da/4dde548eb925c3622a8d5f6a550535bd.jpg","dbId":29346},{"base_url":"https://salt.tikicdn.com/ts/product/83/8f/11/e26d0a0b4afec1123e4cf7713a5b89f9.jpg","dbId":29347},{"base_url":"https://salt.tikicdn.com/ts/product/84/d4/70/029f3ddc541d5f0a5b9fac0f1b43a423.jpg","dbId":29348},{"base_url":"https://salt.tikicdn.com/ts/product/9d/f6/08/416bd729f0034e11072d2c48af195123.jpg","dbId":29349},{"base_url":"https://salt.tikicdn.com/ts/product/9e/d9/42/9b9e33dcfa761f89dc0e25fca79d5941.jpg","dbId":29350},{"base_url":"https://salt.tikicdn.com/ts/product/b1/92/75/4ef79820922983b95864cdec91a27c15.jpg","dbId":29351},{"base_url":"https://salt.tikicdn.com/ts/product/b2/b2/8f/66dbd449040fe948b3835b5a077f0497.jpg","dbId":29352},{"base_url":"https://salt.tikicdn.com/ts/product/c3/13/f3/df5873cc436165c010c1274ee1bdce83.jpg","dbId":29353},{"base_url":"https://salt.tikicdn.com/ts/product/e6/3a/c6/d17f7ce0f8a8b08189fc1466b13b9d58.jpg","dbId":29354},{"base_url":"https://salt.tikicdn.com/ts/product/f1/51/40/8a1f704121a1839d33c3d50361a9120b.jpg","dbId":29355}],"authors":[{"id":659741,"name":"Ken Langone","dbId":5823}],"specifications":[{"name":"Thông tin chung","attributes":[{"name":"Công ty phát hành","value":"Saigon Books"},{"name":"Ngày xuất bản","value":"2021-09-16 09:29:24"},{"name":"Loại bìa","value":"Bìa mềm"},{"name":"Số trang","value":"376"},{"name":"Nhà xuất bản","value":"Nhà Xuất Bản Thế Giới"}]}],"stock_item":{"qty":1000},"all_time_quantity_sold":113,"reviews":[{"id":16682373,"title":"Cực kì hài lòng","content":"Sách được giao hàng nhanh. Sách có hình thức đẹp. Nội dung thì tùy mỗi người đánh giá. Tuy nhiên, ở góc độ cá nhân thì đây là cuốn sách có thể truyền cảm hứng để mọi người vươn lên trong cs","customer_id":7053613,"rating":5,"images":[{"id":3580542,"full_path":"https://salt.tikicdn.com/ts/review/7f/d6/47/d0c277b1dec9dd855826f2abd35deac1.jpg"},{"id":3580543,"full_path":"https://salt.tikicdn.com/ts/review/9f/40/07/a5160670bcfc7dba1556c6def7b16053.jpg"}],"created_at":1655014142,"created_by":{"id":7053613,"name":"Nguyễn Anh Tu","full_name":"Nguyễn Anh Tu","created_time":"2018-05-04 18:14:13","purchased":true,"purchased_at":1654447112},"product_id":123832828,"timeline":{"review_created_date":"2022-06-12 13:09:02","delivery_date":"2022-06-09 09:19:39"}},{"id":17084455,"title":"Cực kì hài lòng","content":"Một cuốn sách hay, giao nhanh, sách đẹp, mua hàng ở tiki luôn yên tâm về chất lượng, đầu tư cho tri thức luôn là khoản đầu tư đúng đắn. Luôn ủng hộ tiki","customer_id":8599820,"rating":5,"images":[{"id":3691740,"full_path":"https://salt.tikicdn.com/ts/review/d3/b5/9a/6437ea395bf19ef5b3ea02ea34686910.jpg"}],"created_at":1657938422,"created_by":{"id":8599820,"name":"Quang Trần","full_name":"Quang Trần","created_time":"2018-10-25 08:32:10","purchased":true,"purchased_at":1655859369},"product_id":123832828,"timeline":{"review_created_date":"2022-07-16 09:27:02","delivery_date":"2022-06-23 09:38:53"}},{"id":17886482,"title":"Cực kì hài lòng","content":"Sách đẹp, nội dung không cuốn với tôi lắm như khi đọc quyển Không bao giờ là thất bại tất cả chỉ là thử thách hoặc Tay không gây dựng cơ đồ","customer_id":17292877,"rating":5,"images":[],"created_at":1665057952,"created_by":{"id":17292877,"name":"Triệu Nghĩa","full_name":"Triệu Nghĩa","created_time":"2020-05-07 11:09:06","purchased":true,"purchased_at":1662456885},"product_id":123832828,"timeline":{"review_created_date":"2022-10-06 19:05:52","delivery_date":"2022-09-10 09:20:49"}},{"id":17262483,"title":"Cực kì hài lòng","content":"Sách mới, đẹp, nội dung khá hay và hấp dẫn, giúp có thêm động lực phấn đấu","customer_id":179975,"rating":5,"images":[{"id":3747642,"full_path":"https://salt.tikicdn.com/ts/review/46/14/32/8ecae2c7dd8cabca2bef7db08cf58a0b.jpg"}],"created_at":1659284666,"created_by":{"id":179975,"name":"Nắng Hạ","full_name":"Nắng Hạ","created_time":"2013-10-02 21:59:21","purchased":true,"purchased_at":1656504361},"product_id":123832828,"timeline":{"review_created_date":"2022-07-31 23:24:26","delivery_date":"2022-07-01 10:48:19"}},{"id":19677484,"title":"Cực kì hài lòng","content":"","customer_id":7934535,"rating":5,"images":[],"created_at":1702198229,"created_by":{"id":7934535,"name":"Trần Thị Thanh Huyền","full_name":"Trần Thị Thanh Huyền","created_time":"2018-09-06 11:34:55","purchased":true,"purchased_at":1699702887},"product_id":123832828,"timeline":{"review_created_date":"2023-12-10 15:50:29","delivery_date":"2023-11-16 11:51:07"}},{"id":16682373,"title":"Cực kì hài lòng","content":"Sách được giao hàng nhanh. Sách có hình thức đẹp. Nội dung thì tùy mỗi người đánh giá. Tuy nhiên, ở góc độ cá nhân thì đây là cuốn sách có thể truyền cảm hứng để mọi người vươn lên trong cs","customer_id":7053613,"rating":5,"images":[{"id":3580542,"full_path":"https://salt.tikicdn.com/ts/review/7f/d6/47/d0c277b1dec9dd855826f2abd35deac1.jpg"},{"id":3580543,"full_path":"https://salt.tikicdn.com/ts/review/9f/40/07/a5160670bcfc7dba1556c6def7b16053.jpg"}],"created_at":1655014142,"created_by":{"id":7053613,"name":"Nguyễn Anh Tu","full_name":"Nguyễn Anh Tu","created_time":"2018-05-04 18:14:13","purchased":true,"purchased_at":1654447112},"product_id":123832828,"timeline":{"review_created_date":"2022-06-12 13:09:02","delivery_date":"2022-06-09 09:19:39"}},{"id":17084455,"title":"Cực kì hài lòng","content":"Một cuốn sách hay, giao nhanh, sách đẹp, mua hàng ở tiki luôn yên tâm về chất lượng, đầu tư cho tri thức luôn là khoản đầu tư đúng đắn. Luôn ủng hộ tiki","customer_id":8599820,"rating":5,"images":[{"id":3691740,"full_path":"https://salt.tikicdn.com/ts/review/d3/b5/9a/6437ea395bf19ef5b3ea02ea34686910.jpg"}],"created_at":1657938422,"created_by":{"id":8599820,"name":"Quang Trần","full_name":"Quang Trần","created_time":"2018-10-25 08:32:10","purchased":true,"purchased_at":1655859369},"product_id":123832828,"timeline":{"review_created_date":"2022-07-16 09:27:02","delivery_date":"2022-06-23 09:38:53"}},{"id":17886482,"title":"Cực kì hài lòng","content":"Sách đẹp, nội dung không cuốn với tôi lắm như khi đọc quyển Không bao giờ là thất bại tất cả chỉ là thử thách hoặc Tay không gây dựng cơ đồ","customer_id":17292877,"rating":5,"images":[],"created_at":1665057952,"created_by":{"id":17292877,"name":"Triệu Nghĩa","full_name":"Triệu Nghĩa","created_time":"2020-05-07 11:09:06","purchased":true,"purchased_at":1662456885},"product_id":123832828,"timeline":{"review_created_date":"2022-10-06 19:05:52","delivery_date":"2022-09-10 09:20:49"}},{"id":17262483,"title":"Cực kì hài lòng","content":"Sách mới, đẹp, nội dung khá hay và hấp dẫn, giúp có thêm động lực phấn đấu","customer_id":179975,"rating":5,"images":[{"id":3747642,"full_path":"https://salt.tikicdn.com/ts/review/46/14/32/8ecae2c7dd8cabca2bef7db08cf58a0b.jpg"}],"created_at":1659284666,"created_by":{"id":179975,"name":"Nắng Hạ","full_name":"Nắng Hạ","created_time":"2013-10-02 21:59:21","purchased":true,"purchased_at":1656504361},"product_id":123832828,"timeline":{"review_created_date":"2022-07-31 23:24:26","delivery_date":"2022-07-01 10:48:19"}},{"id":19677484,"title":"Cực kì hài lòng","content":"","customer_id":7934535,"rating":5,"images":[],"created_at":1702198229,"created_by":{"id":7934535,"name":"Trần Thị Thanh Huyền","full_name":"Trần Thị Thanh Huyền","created_time":"2018-09-06 11:34:55","purchased":true,"purchased_at":1699702887},"product_id":123832828,"timeline":{"review_created_date":"2023-12-10 15:50:29","delivery_date":"2023-11-16 11:51:07"}}]}