{"id":125009505,"dbId":11187,"createdAt":1632243600000,"name":"Nam Đình Cốc Vi - Tập 5 (Truyện Tranh Dành Cho Lứa Tuổi 15+)","short_description":"Cao Ảnh cảm thấy những chuyện diễn ra ở thôn Nam Đình chẳng khác nào một giấc mơ. Hình như không ai nhớ bất kỳ điều gì đã xảy ra vào cái đêm khủng khiếp ấy trừ cậu. Sau đó, cậu và vị Vương gia nọ tìn...","description":"\u003cp\u003eCao Ảnh cảm thấy những chuyện diễn ra ở thôn Nam Đình chẳng khác nào một giấc mơ. Hình như không ai nhớ bất kỳ điều gì đã xảy ra vào cái đêm khủng khiếp ấy trừ cậu. \u003c/p\u003e\n\u003cp\u003eSau đó, cậu và vị Vương gia nọ tình cờ bước vào trung tâm thương mại Lực Loan ma quái, tiếp xúc với bí mật bị chôn sâu nơi đây, và gặp được một nhân vật mới… \u003c/p\u003e\n\u003cp\u003e\u003cstrong\u003eGiới thiệu Tác giả - Họa sĩ:\u003c/strong\u003e \u003c/p\u003e\n\u003cp\u003eMặc Phi đã tiếp xúc với nền công nghiệp truyện tranh từ năm nhất đại học. Năm 2015 tốt nghiệp Học viện Mỹ thuật Quảng Châu.\u003c/p\u003e\n\u003cp\u003eTác phẩm nổi bật của anh, “Mặc Phi Chính Truyện” được đăng dài kì trên OK! Comic vào năm 2013 ở Trung Quốc và Weekly Shonen Jump, app Jump+ ở Nhật Bản bắt đầu từ 25 tháng 9 năm 2014.\u003c/p\u003e\u003cp\u003eGiá sản phẩm trên Tiki đã bao gồm thuế theo luật hiện hành. Bên cạnh đó, tuỳ vào loại sản phẩm, hình thức và địa chỉ giao hàng mà có thể phát sinh thêm chi phí khác như phí vận chuyển, phụ phí hàng cồng kềnh, thuế nhập khẩu (đối với đơn hàng giao từ nước ngoài có giá trị trên 1 triệu đồng).....\u003c/p\u003e","original_price":119000.0,"thumbnail_url":"https://salt.tikicdn.com/cache/280x280/ts/product/b1/55/4a/471cc1d3217b6ec1d027405fdbe3b7c9.jpg","images":[{"base_url":"https://salt.tikicdn.com/ts/product/b1/55/4a/471cc1d3217b6ec1d027405fdbe3b7c9.jpg","dbId":29820},{"base_url":"https://salt.tikicdn.com/ts/product/24/4b/f0/f01ee350833b544e075768214b64391b.jpg","dbId":29821},{"base_url":"https://salt.tikicdn.com/ts/product/f9/a0/f9/c1ed7ce7a1bc3befd7a0031b5d94c8c1.jpg","dbId":29822}],"authors":[{"id":859821,"name":"Mặc Phi","dbId":5936}],"specifications":[{"name":"Thông tin chung","attributes":[{"name":"Phiên bản sách","value":"Phiên bản thường"},{"name":"Công ty phát hành","value":"Uranix"},{"name":"Ngày xuất bản","value":"2021-09-15 00:00:00"},{"name":"Dịch Giả","value":"Yoko"},{"name":"Loại bìa","value":"Bìa mềm"},{"name":"Số trang","value":"236"},{"name":"Nhà xuất bản","value":"Nhà Xuất Bản Hà Nội"},{"code":"PUBLICATION_DATE","name":"Kích thước","value":"14.5 x 20.5 cm"}]}],"stock_item":{"qty":1000},"all_time_quantity_sold":491,"reviews":[{"id":18154689,"title":"Hài lòng","content":"Bọc nilon bên ngoài có chỗ bị rách làm bìa truyện trắng bóc bị ố mất một mảng, nhưng không phải vấn đề gì lớn. Postcard còn nguyên, giao hàng rất nhanh, truyện ko bị móp, rách, hư hại gì cả 👍 Chất lượng in ấn nhìn qua cũng ổn, không bị lem màu, ko bị mất trang 👍","customer_id":17563317,"rating":4,"images":[],"created_at":1667916203,"created_by":{"id":17563317,"name":"Nguyễn Thị Anh Thư ","full_name":"Nguyễn Thị Anh Thư ","created_time":"2020-06-14 16:10:03","purchased":true,"purchased_at":1667708062},"product_id":125009505,"timeline":{"review_created_date":"2022-11-08 21:03:23","delivery_date":"2022-11-07 09:26:21"}},{"id":14923558,"title":"Cực kì hài lòng","content":"Sách đẹp, kèm 1 postcard. Dù biết Tiki giao k chống sốc nhưng t vẫn tin vào độ may mắn của t và đúg như z sách vẫn nguyên vẹn và k hư ae ạ 👍👍👍","customer_id":20284968,"rating":5,"images":[{"id":3124009,"full_path":"https://salt.tikicdn.com/ts/review/86/7d/1e/fb9bb712d6f51a97b8cc965d25af2eec.jpg"},{"id":3124010,"full_path":"https://salt.tikicdn.com/ts/review/20/4f/06/997716cd98b4618f7d101b06eac848ba.jpg"},{"id":3124011,"full_path":"https://salt.tikicdn.com/ts/review/82/55/3c/418acbcabe19db9cb45226c589c420e5.jpg"}],"created_at":1644672119,"created_by":{"id":20284968,"name":"Eron X","full_name":"Eron X","created_time":"2021-02-11 20:25:32","purchased":true,"purchased_at":1644161094},"product_id":125009505,"timeline":{"review_created_date":"2022-02-12 20:21:59","delivery_date":"2022-02-12 16:40:23"}},{"id":19186794,"title":"Cực kì hài lòng","content":"Truyện hay , chất lượng giấy đẹp , giao hàng nhanh","customer_id":15764609,"rating":5,"images":[{"id":4209662,"full_path":"https://salt.tikicdn.com/ts/review/99/38/20/1aec32ba9eef964ddff23fd85d0965b0.jpg"},{"id":4209663,"full_path":"https://salt.tikicdn.com/ts/review/31/d0/da/83be6b6f58248c50ee5f26f83da42946.jpg"}],"created_at":1683880602,"created_by":{"id":15764609,"name":"c Bi","full_name":"c Bi","created_time":"2020-01-01 00:22:25","purchased":true,"purchased_at":1683856309},"product_id":125009505,"timeline":{"review_created_date":"2023-05-12 15:36:42","delivery_date":"2023-05-12 15:26:51"}},{"id":13737109,"title":"Cực kì hài lòng","content":"Theo truyện này cũng được 5 tập rồi. Được tặng kèm 1 postcard. Tập này Vương gia mặc đồ hiện đại nhìn vui vui 🤣","customer_id":18352678,"rating":5,"images":[{"id":2869708,"full_path":"https://salt.tikicdn.com/ts/review/d6/58/70/b82dce69bf7876abdf790eaf92afe0fe.jpg"},{"id":2869710,"full_path":"https://salt.tikicdn.com/ts/review/73/57/06/f0a6daf3f2e0affec73c5a97ba8e02a4.jpg"}],"created_at":1639195531,"created_by":{"id":18352678,"name":"Trần Thanh Vy","full_name":"Trần Thanh Vy","created_time":"2020-09-05 00:22:57","purchased":true,"purchased_at":1634870110},"product_id":125009505,"timeline":{"review_created_date":"2021-12-11 11:05:31","delivery_date":"2021-10-26 14:43:57"}},{"id":16194077,"title":"Cực kì hài lòng","content":"Nội dung truyện thì khỏi bàn rồi. Mà dạo này đóng gói hơi sơ sài, hên là sách không sao chứ không là sầu xỉu","customer_id":1222165,"rating":5,"images":[{"id":3437805,"full_path":"https://salt.tikicdn.com/ts/review/c3/0b/fd/fc4e6990bb82c0b50b56058bbd3a4e68.jpg"},{"id":3437806,"full_path":"https://salt.tikicdn.com/ts/review/92/61/e2/4b00682b6cb6757ca94fe9bb977aac34.jpg"}],"created_at":1651677873,"created_by":{"id":1222165,"name":"Đốm Đóm","full_name":"Đốm Đóm","created_time":"2016-03-13 21:32:38","purchased":true,"purchased_at":1648442880},"product_id":125009505,"timeline":{"review_created_date":"2022-05-04 22:24:33","delivery_date":"2022-03-29 09:39:02"}},{"id":18154689,"title":"Hài lòng","content":"Bọc nilon bên ngoài có chỗ bị rách làm bìa truyện trắng bóc bị ố mất một mảng, nhưng không phải vấn đề gì lớn. Postcard còn nguyên, giao hàng rất nhanh, truyện ko bị móp, rách, hư hại gì cả 👍 Chất lượng in ấn nhìn qua cũng ổn, không bị lem màu, ko bị mất trang 👍","customer_id":17563317,"rating":4,"images":[],"created_at":1667916203,"created_by":{"id":17563317,"name":"Nguyễn Thị Anh Thư ","full_name":"Nguyễn Thị Anh Thư ","created_time":"2020-06-14 16:10:03","purchased":true,"purchased_at":1667708062},"product_id":125009505,"timeline":{"review_created_date":"2022-11-08 21:03:23","delivery_date":"2022-11-07 09:26:21"}},{"id":14923558,"title":"Cực kì hài lòng","content":"Sách đẹp, kèm 1 postcard. Dù biết Tiki giao k chống sốc nhưng t vẫn tin vào độ may mắn của t và đúg như z sách vẫn nguyên vẹn và k hư ae ạ 👍👍👍","customer_id":20284968,"rating":5,"images":[{"id":3124009,"full_path":"https://salt.tikicdn.com/ts/review/86/7d/1e/fb9bb712d6f51a97b8cc965d25af2eec.jpg"},{"id":3124010,"full_path":"https://salt.tikicdn.com/ts/review/20/4f/06/997716cd98b4618f7d101b06eac848ba.jpg"},{"id":3124011,"full_path":"https://salt.tikicdn.com/ts/review/82/55/3c/418acbcabe19db9cb45226c589c420e5.jpg"}],"created_at":1644672119,"created_by":{"id":20284968,"name":"Eron X","full_name":"Eron X","created_time":"2021-02-11 20:25:32","purchased":true,"purchased_at":1644161094},"product_id":125009505,"timeline":{"review_created_date":"2022-02-12 20:21:59","delivery_date":"2022-02-12 16:40:23"}},{"id":19186794,"title":"Cực kì hài lòng","content":"Truyện hay , chất lượng giấy đẹp , giao hàng nhanh","customer_id":15764609,"rating":5,"images":[{"id":4209662,"full_path":"https://salt.tikicdn.com/ts/review/99/38/20/1aec32ba9eef964ddff23fd85d0965b0.jpg"},{"id":4209663,"full_path":"https://salt.tikicdn.com/ts/review/31/d0/da/83be6b6f58248c50ee5f26f83da42946.jpg"}],"created_at":1683880602,"created_by":{"id":15764609,"name":"c Bi","full_name":"c Bi","created_time":"2020-01-01 00:22:25","purchased":true,"purchased_at":1683856309},"product_id":125009505,"timeline":{"review_created_date":"2023-05-12 15:36:42","delivery_date":"2023-05-12 15:26:51"}},{"id":13737109,"title":"Cực kì hài lòng","content":"Theo truyện này cũng được 5 tập rồi. Được tặng kèm 1 postcard. Tập này Vương gia mặc đồ hiện đại nhìn vui vui 🤣","customer_id":18352678,"rating":5,"images":[{"id":2869708,"full_path":"https://salt.tikicdn.com/ts/review/d6/58/70/b82dce69bf7876abdf790eaf92afe0fe.jpg"},{"id":2869710,"full_path":"https://salt.tikicdn.com/ts/review/73/57/06/f0a6daf3f2e0affec73c5a97ba8e02a4.jpg"}],"created_at":1639195531,"created_by":{"id":18352678,"name":"Trần Thanh Vy","full_name":"Trần Thanh Vy","created_time":"2020-09-05 00:22:57","purchased":true,"purchased_at":1634870110},"product_id":125009505,"timeline":{"review_created_date":"2021-12-11 11:05:31","delivery_date":"2021-10-26 14:43:57"}},{"id":16194077,"title":"Cực kì hài lòng","content":"Nội dung truyện thì khỏi bàn rồi. Mà dạo này đóng gói hơi sơ sài, hên là sách không sao chứ không là sầu xỉu","customer_id":1222165,"rating":5,"images":[{"id":3437805,"full_path":"https://salt.tikicdn.com/ts/review/c3/0b/fd/fc4e6990bb82c0b50b56058bbd3a4e68.jpg"},{"id":3437806,"full_path":"https://salt.tikicdn.com/ts/review/92/61/e2/4b00682b6cb6757ca94fe9bb977aac34.jpg"}],"created_at":1651677873,"created_by":{"id":1222165,"name":"Đốm Đóm","full_name":"Đốm Đóm","created_time":"2016-03-13 21:32:38","purchased":true,"purchased_at":1648442880},"product_id":125009505,"timeline":{"review_created_date":"2022-05-04 22:24:33","delivery_date":"2022-03-29 09:39:02"}},{"id":18154689,"title":"Hài lòng","content":"Bọc nilon bên ngoài có chỗ bị rách làm bìa truyện trắng bóc bị ố mất một mảng, nhưng không phải vấn đề gì lớn. Postcard còn nguyên, giao hàng rất nhanh, truyện ko bị móp, rách, hư hại gì cả 👍 Chất lượng in ấn nhìn qua cũng ổn, không bị lem màu, ko bị mất trang 👍","customer_id":17563317,"rating":4,"images":[],"created_at":1667916203,"created_by":{"id":17563317,"name":"Nguyễn Thị Anh Thư ","full_name":"Nguyễn Thị Anh Thư ","created_time":"2020-06-14 16:10:03","purchased":true,"purchased_at":1667708062},"product_id":125009505,"timeline":{"review_created_date":"2022-11-08 21:03:23","delivery_date":"2022-11-07 09:26:21"}},{"id":14923558,"title":"Cực kì hài lòng","content":"Sách đẹp, kèm 1 postcard. Dù biết Tiki giao k chống sốc nhưng t vẫn tin vào độ may mắn của t và đúg như z sách vẫn nguyên vẹn và k hư ae ạ 👍👍👍","customer_id":20284968,"rating":5,"images":[{"id":3124009,"full_path":"https://salt.tikicdn.com/ts/review/86/7d/1e/fb9bb712d6f51a97b8cc965d25af2eec.jpg"},{"id":3124010,"full_path":"https://salt.tikicdn.com/ts/review/20/4f/06/997716cd98b4618f7d101b06eac848ba.jpg"},{"id":3124011,"full_path":"https://salt.tikicdn.com/ts/review/82/55/3c/418acbcabe19db9cb45226c589c420e5.jpg"}],"created_at":1644672119,"created_by":{"id":20284968,"name":"Eron X","full_name":"Eron X","created_time":"2021-02-11 20:25:32","purchased":true,"purchased_at":1644161094},"product_id":125009505,"timeline":{"review_created_date":"2022-02-12 20:21:59","delivery_date":"2022-02-12 16:40:23"}},{"id":19186794,"title":"Cực kì hài lòng","content":"Truyện hay , chất lượng giấy đẹp , giao hàng nhanh","customer_id":15764609,"rating":5,"images":[{"id":4209662,"full_path":"https://salt.tikicdn.com/ts/review/99/38/20/1aec32ba9eef964ddff23fd85d0965b0.jpg"},{"id":4209663,"full_path":"https://salt.tikicdn.com/ts/review/31/d0/da/83be6b6f58248c50ee5f26f83da42946.jpg"}],"created_at":1683880602,"created_by":{"id":15764609,"name":"c Bi","full_name":"c Bi","created_time":"2020-01-01 00:22:25","purchased":true,"purchased_at":1683856309},"product_id":125009505,"timeline":{"review_created_date":"2023-05-12 15:36:42","delivery_date":"2023-05-12 15:26:51"}},{"id":13737109,"title":"Cực kì hài lòng","content":"Theo truyện này cũng được 5 tập rồi. Được tặng kèm 1 postcard. Tập này Vương gia mặc đồ hiện đại nhìn vui vui 🤣","customer_id":18352678,"rating":5,"images":[{"id":2869708,"full_path":"https://salt.tikicdn.com/ts/review/d6/58/70/b82dce69bf7876abdf790eaf92afe0fe.jpg"},{"id":2869710,"full_path":"https://salt.tikicdn.com/ts/review/73/57/06/f0a6daf3f2e0affec73c5a97ba8e02a4.jpg"}],"created_at":1639195531,"created_by":{"id":18352678,"name":"Trần Thanh Vy","full_name":"Trần Thanh Vy","created_time":"2020-09-05 00:22:57","purchased":true,"purchased_at":1634870110},"product_id":125009505,"timeline":{"review_created_date":"2021-12-11 11:05:31","delivery_date":"2021-10-26 14:43:57"}},{"id":16194077,"title":"Cực kì hài lòng","content":"Nội dung truyện thì khỏi bàn rồi. Mà dạo này đóng gói hơi sơ sài, hên là sách không sao chứ không là sầu xỉu","customer_id":1222165,"rating":5,"images":[{"id":3437805,"full_path":"https://salt.tikicdn.com/ts/review/c3/0b/fd/fc4e6990bb82c0b50b56058bbd3a4e68.jpg"},{"id":3437806,"full_path":"https://salt.tikicdn.com/ts/review/92/61/e2/4b00682b6cb6757ca94fe9bb977aac34.jpg"}],"created_at":1651677873,"created_by":{"id":1222165,"name":"Đốm Đóm","full_name":"Đốm Đóm","created_time":"2016-03-13 21:32:38","purchased":true,"purchased_at":1648442880},"product_id":125009505,"timeline":{"review_created_date":"2022-05-04 22:24:33","delivery_date":"2022-03-29 09:39:02"}},{"id":18154689,"title":"Hài lòng","content":"Bọc nilon bên ngoài có chỗ bị rách làm bìa truyện trắng bóc bị ố mất một mảng, nhưng không phải vấn đề gì lớn. Postcard còn nguyên, giao hàng rất nhanh, truyện ko bị móp, rách, hư hại gì cả 👍 Chất lượng in ấn nhìn qua cũng ổn, không bị lem màu, ko bị mất trang 👍","customer_id":17563317,"rating":4,"images":[],"created_at":1667916203,"created_by":{"id":17563317,"name":"Nguyễn Thị Anh Thư ","full_name":"Nguyễn Thị Anh Thư ","created_time":"2020-06-14 16:10:03","purchased":true,"purchased_at":1667708062},"product_id":125009505,"timeline":{"review_created_date":"2022-11-08 21:03:23","delivery_date":"2022-11-07 09:26:21"}},{"id":14923558,"title":"Cực kì hài lòng","content":"Sách đẹp, kèm 1 postcard. Dù biết Tiki giao k chống sốc nhưng t vẫn tin vào độ may mắn của t và đúg như z sách vẫn nguyên vẹn và k hư ae ạ 👍👍👍","customer_id":20284968,"rating":5,"images":[{"id":3124009,"full_path":"https://salt.tikicdn.com/ts/review/86/7d/1e/fb9bb712d6f51a97b8cc965d25af2eec.jpg"},{"id":3124010,"full_path":"https://salt.tikicdn.com/ts/review/20/4f/06/997716cd98b4618f7d101b06eac848ba.jpg"},{"id":3124011,"full_path":"https://salt.tikicdn.com/ts/review/82/55/3c/418acbcabe19db9cb45226c589c420e5.jpg"}],"created_at":1644672119,"created_by":{"id":20284968,"name":"Eron X","full_name":"Eron X","created_time":"2021-02-11 20:25:32","purchased":true,"purchased_at":1644161094},"product_id":125009505,"timeline":{"review_created_date":"2022-02-12 20:21:59","delivery_date":"2022-02-12 16:40:23"}},{"id":19186794,"title":"Cực kì hài lòng","content":"Truyện hay , chất lượng giấy đẹp , giao hàng nhanh","customer_id":15764609,"rating":5,"images":[{"id":4209662,"full_path":"https://salt.tikicdn.com/ts/review/99/38/20/1aec32ba9eef964ddff23fd85d0965b0.jpg"},{"id":4209663,"full_path":"https://salt.tikicdn.com/ts/review/31/d0/da/83be6b6f58248c50ee5f26f83da42946.jpg"}],"created_at":1683880602,"created_by":{"id":15764609,"name":"c Bi","full_name":"c Bi","created_time":"2020-01-01 00:22:25","purchased":true,"purchased_at":1683856309},"product_id":125009505,"timeline":{"review_created_date":"2023-05-12 15:36:42","delivery_date":"2023-05-12 15:26:51"}},{"id":13737109,"title":"Cực kì hài lòng","content":"Theo truyện này cũng được 5 tập rồi. Được tặng kèm 1 postcard. Tập này Vương gia mặc đồ hiện đại nhìn vui vui 🤣","customer_id":18352678,"rating":5,"images":[{"id":2869708,"full_path":"https://salt.tikicdn.com/ts/review/d6/58/70/b82dce69bf7876abdf790eaf92afe0fe.jpg"},{"id":2869710,"full_path":"https://salt.tikicdn.com/ts/review/73/57/06/f0a6daf3f2e0affec73c5a97ba8e02a4.jpg"}],"created_at":1639195531,"created_by":{"id":18352678,"name":"Trần Thanh Vy","full_name":"Trần Thanh Vy","created_time":"2020-09-05 00:22:57","purchased":true,"purchased_at":1634870110},"product_id":125009505,"timeline":{"review_created_date":"2021-12-11 11:05:31","delivery_date":"2021-10-26 14:43:57"}},{"id":16194077,"title":"Cực kì hài lòng","content":"Nội dung truyện thì khỏi bàn rồi. Mà dạo này đóng gói hơi sơ sài, hên là sách không sao chứ không là sầu xỉu","customer_id":1222165,"rating":5,"images":[{"id":3437805,"full_path":"https://salt.tikicdn.com/ts/review/c3/0b/fd/fc4e6990bb82c0b50b56058bbd3a4e68.jpg"},{"id":3437806,"full_path":"https://salt.tikicdn.com/ts/review/92/61/e2/4b00682b6cb6757ca94fe9bb977aac34.jpg"}],"created_at":1651677873,"created_by":{"id":1222165,"name":"Đốm Đóm","full_name":"Đốm Đóm","created_time":"2016-03-13 21:32:38","purchased":true,"purchased_at":1648442880},"product_id":125009505,"timeline":{"review_created_date":"2022-05-04 22:24:33","delivery_date":"2022-03-29 09:39:02"}}]}