{"id":125644219,"dbId":11754,"createdAt":1632330000000,"name":"Người Thăng Long","short_description":"Người Thăng Long bản trường ca hào hùng về các vị vương, tướng nhà Trần trong cuộc chiến chống Nguyên Mông lần thứ hai. Với nhân vật trung tâm là Trần Nhật Duật, ông hoàng Sáu, một người Thăng Long th...","description":"\u003cp\u003eNgười Thăng Long bản trường ca hào hùng về các vị vương, tướng nhà Trần trong cuộc chiến chống Nguyên Mông lần thứ hai. Với nhân vật trung tâm là Trần Nhật Duật, ông hoàng Sáu, một người Thăng Long thanh lịch, tài hoa, không chỉ thông minh trí lự chiến thắng giặc ngoại xâm mà còn thắng bản thân trong cuộc chiến với những oán cừu của cuộc đời.\u003c/p\u003e\n\u003cp\u003eNgười đọc như bị cuốn vào không khí náo nức sôi động của buổi Hội thề, vui vẻ lạ lẫm của lễ cướp dâu, không khí căng thẳng trang nghiêm của hội nghị Bình Than và trang trọng, hừng hực ý chí chiến đấu của hội nghị Diên Hồng…\u003c/p\u003e\n\u003cp\u003eVà đó là khởi đầu của một khúc ca khải hoàn…\u003c/p\u003e\n\u003cp\u003eNhà văn HÀ ÂN (1928-2011)\u003c/p\u003e\n\u003cp\u003eTên thật là Hoàng Hiển Mô, quê ở Hà Nội.\u003c/p\u003e\n\u003cp\u003eÔng gia nhập Trung đoàn thủ đô liên khu I năm 1947, rồi làm trưởng ty Hoa kiều vụ tỉnh Lào Cai năm 1948. Năm 1955, ông về làm giáo viên văn hóa ở Trường Quân y và Hậu cần.\u003c/p\u003e\n\u003cp\u003eTừ năm 1964, ông làm biên tập viên tại Nhà xuất bản Hà Nội…\u003c/p\u003e\n\u003cp\u003eÔng nổi tiếng với các tác phẩm tiểu thuyết lịch sử, truyện kể lịch sử, dã sử và được tặng các giải thưởng: Giải C Giải văn học thành phố Hà Nội cho tiểu thuyết lịch sử Ngàn năm Thăng Long; Giải bồ câu vàng kịch bản phim hoạt hình Ông Trạng thả diều; Nhiều lần giải A văn học thiếu nhi Trung ương Đoàn; Giải khuyến khích kịch bản hoạt hình Ngựa thần Tây Sơn.\u003c/p\u003e\n\u003cp\u003eTÁC PHẨM ĐÃ XUẤT BẢN:\u003c/p\u003e\n\u003cp\u003e• Tướng quân Nguyễn Chích (truyện lịch sử, 1962) \u003cbr /\u003e• Quận He khởi nghĩa (truyện lịch sử, 1963) \u003cbr /\u003e• Nguyễn Trung Trực (truyện lịch sử, 1964) \u003cbr /\u003e• Phú Riềng đỏ (ký lịch sử, 1965) \u003cbr /\u003e• Bên bờ Thiên Mạc (truyện lịch sử, 1967) \u003cbr /\u003e• Tổ quốc kêu gọi (tiểu thuyết lịch sử, 1973) \u003cbr /\u003e• Trên sông truyền hịch (truyện lịch sử, 1973) \u003cbr /\u003e• Trăng nước Chương Dương (truyện lịch sử, 1975) \u003cbr /\u003e• Người Thăng Long (tiểu thuyết lịch sử, 1980) \u003cbr /\u003e• Lưỡi gươm nhân ái (truyện lịch sử, 1981) \u003cbr /\u003e• Ông Trạng thả diều (truyện lịch sử, 1982) \u003cbr /\u003e• Cái chum vàng (truyện lịch sử, 1986) \u003cbr /\u003e• Vụ án trầu cánh phượng (truyện lịch sử, 1990) \u003cbr /\u003e• Kho báu dưới gốc hoàng đào (truyện lịch sử, 1993) \u003cbr /\u003e• Mùa chim ngói (tập truyện, 1995) \u003cbr /\u003e• Khúc khải hoàn dang dở (tiểu thuyết lịch sử, 2002)\u003c/p\u003e\u003cp\u003eGiá sản phẩm trên Tiki đã bao gồm thuế theo luật hiện hành. Bên cạnh đó, tuỳ vào loại sản phẩm, hình thức và địa chỉ giao hàng mà có thể phát sinh thêm chi phí khác như phí vận chuyển, phụ phí hàng cồng kềnh, thuế nhập khẩu (đối với đơn hàng giao từ nước ngoài có giá trị trên 1 triệu đồng).....\u003c/p\u003e","original_price":120000.0,"thumbnail_url":"https://salt.tikicdn.com/cache/280x280/ts/product/98/a2/ce/b2828b4654064a581151bbed1a318aa9.jpg","images":[{"base_url":"https://salt.tikicdn.com/ts/product/98/a2/ce/b2828b4654064a581151bbed1a318aa9.jpg","dbId":31303},{"base_url":"https://salt.tikicdn.com/ts/product/6c/7f/3a/518f4553779822fa36f324380a483dd1.png","dbId":31304},{"base_url":"https://salt.tikicdn.com/ts/product/82/92/96/de756792c7bf6b6e0f980923f7c18b6e.png","dbId":31305}],"authors":[{"id":149991,"name":"Hà Ân","dbId":6194}],"specifications":[{"name":"Thông tin chung","attributes":[{"name":"Phiên bản sách","value":"Phiên bản thường"},{"name":"Công ty phát hành","value":"NXB Kim Đồng"},{"name":"Ngày xuất bản","value":"2021-09-01 00:00:00"},{"name":"Loại bìa","value":"Bìa mềm"},{"name":"Số trang","value":"292"},{"name":"Nhà xuất bản","value":"Nhà Xuất Bản Kim Đồng"},{"code":"PUBLICATION_DATE","name":"Kích thước","value":"16 x 24 cm"}]}],"stock_item":{"qty":1000},"all_time_quantity_sold":83,"reviews":[{"id":12651748,"title":"Bình thường","content":"Sách đẹp, nhưng đóng gói hàng không được tốt. Đã đóng góp ý kiến nhiều lần nhưng chưa thấy cải thiện khâu đóng gói.\nĐơn hàng gồm 5 cuốn sách có cỡ sách khác nhau, không được chèn lót cẩn thận ở các cạnh, nên khi vận chuyển chắc chắn 2 cuốn khổ to sẽ móp bìa.","customer_id":12293130,"rating":3,"images":[{"id":2606923,"full_path":"https://salt.tikicdn.com/ts/review/32/2d/2b/d44c66d29b85cdb1785d9d1090ee9b6e.jpg"},{"id":2606924,"full_path":"https://salt.tikicdn.com/ts/review/f3/31/91/3bdf47629c1c2dceadfedb0441ae35e1.jpg"},{"id":2606925,"full_path":"https://salt.tikicdn.com/ts/review/74/7a/7d/231e12efa996097af1c0f5b5675fa515.jpg"}],"created_at":1634376793,"created_by":{"id":12293130,"name":"Nguyễn Thanh Hưng","full_name":"Nguyễn Thanh Hưng","created_time":"2019-05-29 22:37:40","purchased":true,"purchased_at":1634061013},"product_id":125644219,"timeline":{"review_created_date":"2021-10-16 16:33:13","delivery_date":"2021-10-15 10:16:30"}},{"id":12540089,"title":"Cực kì hài lòng","content":"Người Thăng Long là tiểu thuyết lịch sử mà tôi yêu thích nhất. Tuy nhiên, tác phẩm rất ít được tái bản, dù rất cố gắng tôi cũng chỉ mua được cuốn xuất bản từ năm 1980. Khi biết NXB Kim Đồng tái bản tôi mừng đến rơi nước mắt, đặt hàng ngay không chậm trễ. Một tác phẩm tuyệt vời","customer_id":131588,"rating":5,"images":[{"id":2576700,"full_path":"https://salt.tikicdn.com/ts/review/52/7e/f1/d8cf08444c9b27c04a4e6a813c38c317.jpg"}],"created_at":1633871705,"created_by":{"id":131588,"name":"Trần Thị Thu Trang","full_name":"Trần Thị Thu Trang","created_time":"2013-06-30 22:23:19","purchased":true,"purchased_at":1633281355},"product_id":125644219,"timeline":{"review_created_date":"2021-10-10 20:15:05","delivery_date":"2021-10-08 10:49:04"}},{"id":14178902,"title":"Cực kì hài lòng","content":"Sách hay nhưng cách tiki đóng hàng và gửi đi nó ba chấm lắm. Còn về nd sách thì khỏi bàn nha, nó không giống mấy quyển kiểu như “ Thái sư Trần Thủ Độ” đâu nên với mấy bạn ghét cuốn này thì yên tâm nhé. Nghe nói tác giả đã dành 20 năm để tìm hiểu và viết lên quyển sách này, những phong tục tập quán rất riêng của VN cũng được xuất hiện. Nên nói chung là rất đề cử mn mua nha\u003e3","customer_id":18234595,"rating":5,"images":[],"created_at":1640922969,"created_by":{"id":18234595,"name":"Bảo Lam","full_name":"Bảo Lam","created_time":"2020-08-25 13:57:14","purchased":true,"purchased_at":1640784245},"product_id":125644219,"timeline":{"review_created_date":"2021-12-31 10:56:09","delivery_date":"2021-12-31 10:18:42"}},{"id":17652182,"title":"Cực kì hài lòng","content":"Sách còn nguyên màng co, mới đẹp, ship cũng rất nhanh. Nội dung thì mình đọc qua rồi, hay nên mới mua. Cơ bản mình thích đọc những truyện về lịch sử","customer_id":20297611,"rating":5,"images":[{"id":3862613,"full_path":"https://salt.tikicdn.com/ts/review/52/aa/b1/c2f6c697af84b1164d1154c09df3b64f.jpg"}],"created_at":1662794664,"created_by":{"id":20297611,"name":"NK Hạnh","full_name":"NK Hạnh","created_time":"2021-02-13 17:14:44","purchased":true,"purchased_at":1662742499},"product_id":125644219,"timeline":{"review_created_date":"2022-09-10 14:24:24","delivery_date":"2022-09-10 09:23:40"}},{"id":12738520,"title":"Cực kì hài lòng","content":"Mình mua cả 2 cuốn Người Thăng Long và Khúc Khải Hoàn Dang Dở của tác giả Hà Ân. Sách bìa đẹp, giao hàng nhanh, là hai cuốn sách đáng để đọc","customer_id":8818414,"rating":5,"images":[{"id":2629638,"full_path":"https://salt.tikicdn.com/ts/review/d5/05/24/9aa80b4782b085e885a7fcc49ec8a9ac.jpg"}],"created_at":1634784795,"created_by":{"id":8818414,"name":"Trần Hà","full_name":"Trần Hà","created_time":"2018-11-08 08:42:04","purchased":true,"purchased_at":1634022743},"product_id":125644219,"timeline":{"review_created_date":"2021-10-21 09:53:15","delivery_date":"2021-10-14 14:35:23"}},{"id":12651748,"title":"Bình thường","content":"Sách đẹp, nhưng đóng gói hàng không được tốt. Đã đóng góp ý kiến nhiều lần nhưng chưa thấy cải thiện khâu đóng gói.\nĐơn hàng gồm 5 cuốn sách có cỡ sách khác nhau, không được chèn lót cẩn thận ở các cạnh, nên khi vận chuyển chắc chắn 2 cuốn khổ to sẽ móp bìa.","customer_id":12293130,"rating":3,"images":[{"id":2606923,"full_path":"https://salt.tikicdn.com/ts/review/32/2d/2b/d44c66d29b85cdb1785d9d1090ee9b6e.jpg"},{"id":2606924,"full_path":"https://salt.tikicdn.com/ts/review/f3/31/91/3bdf47629c1c2dceadfedb0441ae35e1.jpg"},{"id":2606925,"full_path":"https://salt.tikicdn.com/ts/review/74/7a/7d/231e12efa996097af1c0f5b5675fa515.jpg"}],"created_at":1634376793,"created_by":{"id":12293130,"name":"Nguyễn Thanh Hưng","full_name":"Nguyễn Thanh Hưng","created_time":"2019-05-29 22:37:40","purchased":true,"purchased_at":1634061013},"product_id":125644219,"timeline":{"review_created_date":"2021-10-16 16:33:13","delivery_date":"2021-10-15 10:16:30"}},{"id":12540089,"title":"Cực kì hài lòng","content":"Người Thăng Long là tiểu thuyết lịch sử mà tôi yêu thích nhất. Tuy nhiên, tác phẩm rất ít được tái bản, dù rất cố gắng tôi cũng chỉ mua được cuốn xuất bản từ năm 1980. Khi biết NXB Kim Đồng tái bản tôi mừng đến rơi nước mắt, đặt hàng ngay không chậm trễ. Một tác phẩm tuyệt vời","customer_id":131588,"rating":5,"images":[{"id":2576700,"full_path":"https://salt.tikicdn.com/ts/review/52/7e/f1/d8cf08444c9b27c04a4e6a813c38c317.jpg"}],"created_at":1633871705,"created_by":{"id":131588,"name":"Trần Thị Thu Trang","full_name":"Trần Thị Thu Trang","created_time":"2013-06-30 22:23:19","purchased":true,"purchased_at":1633281355},"product_id":125644219,"timeline":{"review_created_date":"2021-10-10 20:15:05","delivery_date":"2021-10-08 10:49:04"}},{"id":14178902,"title":"Cực kì hài lòng","content":"Sách hay nhưng cách tiki đóng hàng và gửi đi nó ba chấm lắm. Còn về nd sách thì khỏi bàn nha, nó không giống mấy quyển kiểu như “ Thái sư Trần Thủ Độ” đâu nên với mấy bạn ghét cuốn này thì yên tâm nhé. Nghe nói tác giả đã dành 20 năm để tìm hiểu và viết lên quyển sách này, những phong tục tập quán rất riêng của VN cũng được xuất hiện. Nên nói chung là rất đề cử mn mua nha\u003e3","customer_id":18234595,"rating":5,"images":[],"created_at":1640922969,"created_by":{"id":18234595,"name":"Bảo Lam","full_name":"Bảo Lam","created_time":"2020-08-25 13:57:14","purchased":true,"purchased_at":1640784245},"product_id":125644219,"timeline":{"review_created_date":"2021-12-31 10:56:09","delivery_date":"2021-12-31 10:18:42"}},{"id":17652182,"title":"Cực kì hài lòng","content":"Sách còn nguyên màng co, mới đẹp, ship cũng rất nhanh. Nội dung thì mình đọc qua rồi, hay nên mới mua. Cơ bản mình thích đọc những truyện về lịch sử","customer_id":20297611,"rating":5,"images":[{"id":3862613,"full_path":"https://salt.tikicdn.com/ts/review/52/aa/b1/c2f6c697af84b1164d1154c09df3b64f.jpg"}],"created_at":1662794664,"created_by":{"id":20297611,"name":"NK Hạnh","full_name":"NK Hạnh","created_time":"2021-02-13 17:14:44","purchased":true,"purchased_at":1662742499},"product_id":125644219,"timeline":{"review_created_date":"2022-09-10 14:24:24","delivery_date":"2022-09-10 09:23:40"}},{"id":12738520,"title":"Cực kì hài lòng","content":"Mình mua cả 2 cuốn Người Thăng Long và Khúc Khải Hoàn Dang Dở của tác giả Hà Ân. Sách bìa đẹp, giao hàng nhanh, là hai cuốn sách đáng để đọc","customer_id":8818414,"rating":5,"images":[{"id":2629638,"full_path":"https://salt.tikicdn.com/ts/review/d5/05/24/9aa80b4782b085e885a7fcc49ec8a9ac.jpg"}],"created_at":1634784795,"created_by":{"id":8818414,"name":"Trần Hà","full_name":"Trần Hà","created_time":"2018-11-08 08:42:04","purchased":true,"purchased_at":1634022743},"product_id":125644219,"timeline":{"review_created_date":"2021-10-21 09:53:15","delivery_date":"2021-10-14 14:35:23"}},{"id":12651748,"title":"Bình thường","content":"Sách đẹp, nhưng đóng gói hàng không được tốt. Đã đóng góp ý kiến nhiều lần nhưng chưa thấy cải thiện khâu đóng gói.\nĐơn hàng gồm 5 cuốn sách có cỡ sách khác nhau, không được chèn lót cẩn thận ở các cạnh, nên khi vận chuyển chắc chắn 2 cuốn khổ to sẽ móp bìa.","customer_id":12293130,"rating":3,"images":[{"id":2606923,"full_path":"https://salt.tikicdn.com/ts/review/32/2d/2b/d44c66d29b85cdb1785d9d1090ee9b6e.jpg"},{"id":2606924,"full_path":"https://salt.tikicdn.com/ts/review/f3/31/91/3bdf47629c1c2dceadfedb0441ae35e1.jpg"},{"id":2606925,"full_path":"https://salt.tikicdn.com/ts/review/74/7a/7d/231e12efa996097af1c0f5b5675fa515.jpg"}],"created_at":1634376793,"created_by":{"id":12293130,"name":"Nguyễn Thanh Hưng","full_name":"Nguyễn Thanh Hưng","created_time":"2019-05-29 22:37:40","purchased":true,"purchased_at":1634061013},"product_id":125644219,"timeline":{"review_created_date":"2021-10-16 16:33:13","delivery_date":"2021-10-15 10:16:30"}},{"id":12540089,"title":"Cực kì hài lòng","content":"Người Thăng Long là tiểu thuyết lịch sử mà tôi yêu thích nhất. Tuy nhiên, tác phẩm rất ít được tái bản, dù rất cố gắng tôi cũng chỉ mua được cuốn xuất bản từ năm 1980. Khi biết NXB Kim Đồng tái bản tôi mừng đến rơi nước mắt, đặt hàng ngay không chậm trễ. Một tác phẩm tuyệt vời","customer_id":131588,"rating":5,"images":[{"id":2576700,"full_path":"https://salt.tikicdn.com/ts/review/52/7e/f1/d8cf08444c9b27c04a4e6a813c38c317.jpg"}],"created_at":1633871705,"created_by":{"id":131588,"name":"Trần Thị Thu Trang","full_name":"Trần Thị Thu Trang","created_time":"2013-06-30 22:23:19","purchased":true,"purchased_at":1633281355},"product_id":125644219,"timeline":{"review_created_date":"2021-10-10 20:15:05","delivery_date":"2021-10-08 10:49:04"}},{"id":14178902,"title":"Cực kì hài lòng","content":"Sách hay nhưng cách tiki đóng hàng và gửi đi nó ba chấm lắm. Còn về nd sách thì khỏi bàn nha, nó không giống mấy quyển kiểu như “ Thái sư Trần Thủ Độ” đâu nên với mấy bạn ghét cuốn này thì yên tâm nhé. Nghe nói tác giả đã dành 20 năm để tìm hiểu và viết lên quyển sách này, những phong tục tập quán rất riêng của VN cũng được xuất hiện. Nên nói chung là rất đề cử mn mua nha\u003e3","customer_id":18234595,"rating":5,"images":[],"created_at":1640922969,"created_by":{"id":18234595,"name":"Bảo Lam","full_name":"Bảo Lam","created_time":"2020-08-25 13:57:14","purchased":true,"purchased_at":1640784245},"product_id":125644219,"timeline":{"review_created_date":"2021-12-31 10:56:09","delivery_date":"2021-12-31 10:18:42"}},{"id":17652182,"title":"Cực kì hài lòng","content":"Sách còn nguyên màng co, mới đẹp, ship cũng rất nhanh. Nội dung thì mình đọc qua rồi, hay nên mới mua. Cơ bản mình thích đọc những truyện về lịch sử","customer_id":20297611,"rating":5,"images":[{"id":3862613,"full_path":"https://salt.tikicdn.com/ts/review/52/aa/b1/c2f6c697af84b1164d1154c09df3b64f.jpg"}],"created_at":1662794664,"created_by":{"id":20297611,"name":"NK Hạnh","full_name":"NK Hạnh","created_time":"2021-02-13 17:14:44","purchased":true,"purchased_at":1662742499},"product_id":125644219,"timeline":{"review_created_date":"2022-09-10 14:24:24","delivery_date":"2022-09-10 09:23:40"}},{"id":12738520,"title":"Cực kì hài lòng","content":"Mình mua cả 2 cuốn Người Thăng Long và Khúc Khải Hoàn Dang Dở của tác giả Hà Ân. Sách bìa đẹp, giao hàng nhanh, là hai cuốn sách đáng để đọc","customer_id":8818414,"rating":5,"images":[{"id":2629638,"full_path":"https://salt.tikicdn.com/ts/review/d5/05/24/9aa80b4782b085e885a7fcc49ec8a9ac.jpg"}],"created_at":1634784795,"created_by":{"id":8818414,"name":"Trần Hà","full_name":"Trần Hà","created_time":"2018-11-08 08:42:04","purchased":true,"purchased_at":1634022743},"product_id":125644219,"timeline":{"review_created_date":"2021-10-21 09:53:15","delivery_date":"2021-10-14 14:35:23"}},{"id":12651748,"title":"Bình thường","content":"Sách đẹp, nhưng đóng gói hàng không được tốt. Đã đóng góp ý kiến nhiều lần nhưng chưa thấy cải thiện khâu đóng gói.\nĐơn hàng gồm 5 cuốn sách có cỡ sách khác nhau, không được chèn lót cẩn thận ở các cạnh, nên khi vận chuyển chắc chắn 2 cuốn khổ to sẽ móp bìa.","customer_id":12293130,"rating":3,"images":[{"id":2606923,"full_path":"https://salt.tikicdn.com/ts/review/32/2d/2b/d44c66d29b85cdb1785d9d1090ee9b6e.jpg"},{"id":2606924,"full_path":"https://salt.tikicdn.com/ts/review/f3/31/91/3bdf47629c1c2dceadfedb0441ae35e1.jpg"},{"id":2606925,"full_path":"https://salt.tikicdn.com/ts/review/74/7a/7d/231e12efa996097af1c0f5b5675fa515.jpg"}],"created_at":1634376793,"created_by":{"id":12293130,"name":"Nguyễn Thanh Hưng","full_name":"Nguyễn Thanh Hưng","created_time":"2019-05-29 22:37:40","purchased":true,"purchased_at":1634061013},"product_id":125644219,"timeline":{"review_created_date":"2021-10-16 16:33:13","delivery_date":"2021-10-15 10:16:30"}},{"id":12540089,"title":"Cực kì hài lòng","content":"Người Thăng Long là tiểu thuyết lịch sử mà tôi yêu thích nhất. Tuy nhiên, tác phẩm rất ít được tái bản, dù rất cố gắng tôi cũng chỉ mua được cuốn xuất bản từ năm 1980. Khi biết NXB Kim Đồng tái bản tôi mừng đến rơi nước mắt, đặt hàng ngay không chậm trễ. Một tác phẩm tuyệt vời","customer_id":131588,"rating":5,"images":[{"id":2576700,"full_path":"https://salt.tikicdn.com/ts/review/52/7e/f1/d8cf08444c9b27c04a4e6a813c38c317.jpg"}],"created_at":1633871705,"created_by":{"id":131588,"name":"Trần Thị Thu Trang","full_name":"Trần Thị Thu Trang","created_time":"2013-06-30 22:23:19","purchased":true,"purchased_at":1633281355},"product_id":125644219,"timeline":{"review_created_date":"2021-10-10 20:15:05","delivery_date":"2021-10-08 10:49:04"}},{"id":14178902,"title":"Cực kì hài lòng","content":"Sách hay nhưng cách tiki đóng hàng và gửi đi nó ba chấm lắm. Còn về nd sách thì khỏi bàn nha, nó không giống mấy quyển kiểu như “ Thái sư Trần Thủ Độ” đâu nên với mấy bạn ghét cuốn này thì yên tâm nhé. Nghe nói tác giả đã dành 20 năm để tìm hiểu và viết lên quyển sách này, những phong tục tập quán rất riêng của VN cũng được xuất hiện. Nên nói chung là rất đề cử mn mua nha\u003e3","customer_id":18234595,"rating":5,"images":[],"created_at":1640922969,"created_by":{"id":18234595,"name":"Bảo Lam","full_name":"Bảo Lam","created_time":"2020-08-25 13:57:14","purchased":true,"purchased_at":1640784245},"product_id":125644219,"timeline":{"review_created_date":"2021-12-31 10:56:09","delivery_date":"2021-12-31 10:18:42"}},{"id":17652182,"title":"Cực kì hài lòng","content":"Sách còn nguyên màng co, mới đẹp, ship cũng rất nhanh. Nội dung thì mình đọc qua rồi, hay nên mới mua. Cơ bản mình thích đọc những truyện về lịch sử","customer_id":20297611,"rating":5,"images":[{"id":3862613,"full_path":"https://salt.tikicdn.com/ts/review/52/aa/b1/c2f6c697af84b1164d1154c09df3b64f.jpg"}],"created_at":1662794664,"created_by":{"id":20297611,"name":"NK Hạnh","full_name":"NK Hạnh","created_time":"2021-02-13 17:14:44","purchased":true,"purchased_at":1662742499},"product_id":125644219,"timeline":{"review_created_date":"2022-09-10 14:24:24","delivery_date":"2022-09-10 09:23:40"}},{"id":12738520,"title":"Cực kì hài lòng","content":"Mình mua cả 2 cuốn Người Thăng Long và Khúc Khải Hoàn Dang Dở của tác giả Hà Ân. Sách bìa đẹp, giao hàng nhanh, là hai cuốn sách đáng để đọc","customer_id":8818414,"rating":5,"images":[{"id":2629638,"full_path":"https://salt.tikicdn.com/ts/review/d5/05/24/9aa80b4782b085e885a7fcc49ec8a9ac.jpg"}],"created_at":1634784795,"created_by":{"id":8818414,"name":"Trần Hà","full_name":"Trần Hà","created_time":"2018-11-08 08:42:04","purchased":true,"purchased_at":1634022743},"product_id":125644219,"timeline":{"review_created_date":"2021-10-21 09:53:15","delivery_date":"2021-10-14 14:35:23"}}]}