{"id":125838238,"dbId":12367,"createdAt":1642793468000,"name":"Sách Cổ vật gốm sứ có trang kim","short_description":"Tác giả:Phạm Hy Tùng( Bút danh:Phạm Hy Bách;Hy Bách)Quê quán:Hà NộiCư ngụ tại Tp Hồ Chí Minh từ 1977 đến nayMột số ấn phẩm đã phát hành:Cổ vật gốm sứ Việt Nam đặt làm tại Trung Hoa(NXB Văn hoá Sài...","description":"\u003cp\u003eTác giả:Phạm Hy Tùng( Bút danh:Phạm Hy Bách;Hy Bách)\u003c/p\u003e\n\u003cp\u003eQuê quán:Hà Nội\u003c/p\u003e\n\u003cp\u003eCư ngụ tại Tp Hồ Chí Minh từ 1977 đến nay\u003c/p\u003e\n\u003cp\u003eMột số ấn phẩm đã phát hành:\u003c/p\u003e\n\u003cp\u003eCổ vật gốm sứ Việt Nam đặt làm tại Trung Hoa(NXB Văn hoá Sài Gòn 2006.Giải khuyến khích,giải thưởng sách hay Việt Nam 2007.Tái bản lần 1 năm 2011 bởi NXB Thời Đại)\u003c/p\u003e\n\u003cp\u003eVài câu chuyện về Vương Hồng Sển\u0026amp; Phùng Quán(NXB Hồng Đức 2017).\u003c/p\u003e\n\u003cp\u003eBộ sưu tập cổ vật Trung Hoa(NXB Hồng Đức,2020)\u003c/p\u003e\n\u003cp\u003eTham luận:\u003c/p\u003e\n\u003cp\u003eTổng quan về đồ sứ các triều đại phong kiến Việt Nam đặt làm tại Trung Hoa (bài viết tham dự Hội nghị quốc tế về Việt Nam học lần thứ 1 tại Hà Nội,1998)\u003c/p\u003e\n\u003cp\u003eVai trò của bộ sưu tập tư nhân trong sự nghiệp xã hội hoá công tác bảo tồn- bảo tàng(bài viết đọc tại lễ kỷ niệm 30 năm thành lập Trường Đại học Văn Hoá Tp. Hồ Chí Minh,2006)\u003c/p\u003e\u003cp\u003eGiá sản phẩm trên Tiki đã bao gồm thuế theo luật hiện hành. Bên cạnh đó, tuỳ vào loại sản phẩm, hình thức và địa chỉ giao hàng mà có thể phát sinh thêm chi phí khác như phí vận chuyển, phụ phí hàng cồng kềnh, thuế nhập khẩu (đối với đơn hàng giao từ nước ngoài có giá trị trên 1 triệu đồng).....\u003c/p\u003e","original_price":559260.0,"thumbnail_url":"https://salt.tikicdn.com/cache/280x280/ts/product/0a/8b/ff/30dcea9c36ab27d7747a3672097ed003.jpeg","images":[{"base_url":"https://salt.tikicdn.com/ts/product/0a/8b/ff/30dcea9c36ab27d7747a3672097ed003.jpeg","dbId":32856},{"base_url":"https://salt.tikicdn.com/ts/product/02/1c/98/3e4b7d00387c06e05d99f4f3a165a061.jpeg","dbId":32857},{"base_url":"https://salt.tikicdn.com/ts/product/09/9d/57/bf624b8ae0201862ca8c4739729d0cde.jpeg","dbId":32858},{"base_url":"https://salt.tikicdn.com/ts/product/da/81/7d/a352f500c0ae8ab143478dc8848455eb.jpeg","dbId":32859}],"authors":[{"id":143143,"name":"Phạm Hy Tùng","dbId":6425}],"specifications":[{"name":"Thông tin chung","attributes":[{"name":"Công ty phát hành","value":"Nhà Xuất Bản Hồng Đức"},{"name":"Loại bìa","value":"Bìa cứng"},{"name":"Số trang","value":"230"},{"name":"Nhà xuất bản","value":"Nhà Xuất Bản Hồng Đức"},{"code":"PUBLICATION_DATE","name":"Ngày xuất bản","value":"Sat Jan 08 02:31:08 ICT 2022"}]}],"stock_item":{"qty":1000},"all_time_quantity_sold":10,"reviews":[{"id":18519231,"title":"Cực kì hài lòng","content":"Rất hay với những người yêu thích nghiên cứu và sưu tầm cổ vật","customer_id":125233,"rating":5,"images":[],"created_at":1672148290,"created_by":{"id":125233,"name":"Anh Minh","full_name":"Anh Minh","created_time":"2013-06-06 14:30:30","purchased":true,"purchased_at":1665543638},"product_id":125838238,"timeline":{"review_created_date":"2022-12-27 20:38:10","delivery_date":"2022-10-13 12:55:48"}},{"id":16230219,"title":"Cực kì hài lòng","content":"","customer_id":1300262,"rating":5,"images":[],"created_at":1651904983,"created_by":{"id":1300262,"name":"Phan Đức Quang","full_name":"Phan Đức Quang","created_time":"2016-04-13 10:29:00","purchased":true,"purchased_at":1647341069},"product_id":125838238,"timeline":{"review_created_date":"2022-05-07 13:29:43","delivery_date":"2022-03-18 19:10:18"}},{"id":14373679,"title":"Cực kì hài lòng","content":"","customer_id":12671286,"rating":5,"images":[],"created_at":1641843068,"created_by":{"id":12671286,"name":"Nguyễn Thanh Nam","full_name":"Nguyễn Thanh Nam","created_time":"2019-06-27 19:19:39","purchased":true,"purchased_at":1634044916},"product_id":125838238,"timeline":{"review_created_date":"2022-01-11 02:31:08","delivery_date":"2021-10-18 10:26:54"}}]}