{"id":127031594,"dbId":11252,"createdAt":1659536167000,"name":"Sách-Cái Dũng Của Thánh Nhân ( Tái bản 2021 ) (Thu Giang Nguyễn Duy Cần)","short_description":"       CÁI DŨNG CỦA THÁNH NHÂN   Tác giả: Thu Giang Nguyễn Duy Cần   Khổ sách: 13x19cm   Số trang: 168   Giá bán: 90,000 VNĐ   ISBN: 978-604-1-18708-5   In lần thứ 18 năm 2021   Giới thiệu ...","description":"\u003chtml\u003e\n \u003chead\u003e\u003c/head\u003e\n \u003cbody\u003e\n  \u003cul\u003e\n   \u003cp\u003eCÁI DŨNG CỦA THÁNH NHÂN\u003c/p\u003e\n   \u003cp\u003eTác giả: Thu Giang Nguyễn Duy Cần\u003c/p\u003e\n   \u003cp\u003eKhổ sách: 13x19cm\u003c/p\u003e\n   \u003cp\u003eSố trang: 168\u003c/p\u003e\n   \u003cp\u003eGiá bán: 90,000 VNĐ\u003c/p\u003e\n   \u003cp\u003eISBN: 978-604-1-18708-5\u003c/p\u003e\n   \u003cp\u003eIn lần thứ 18 năm 2021\u003c/p\u003e\n   \u003cp\u003eGiới thiệu tóm tắt tác phẩm:\u003c/p\u003e\n   \u003cp\u003eQuan niệm cái “Dũng” của tác giả Thu Giang không phải là cái dũng cơ bắp, cái dũng sức mạnh hay cái dũng thấy chuyện bất bình giữa đường ra tay nghĩa hiệp. Cái dũng của thánh nhân đề cập ở đây là cái dũng về sự chiến thắng bản thân, chiến thắng sự nhỏ nhen ích kỷ để mong cầu một cái dũng thật sự mạnh mẽ xuất phát từ nội tâm, ái dũng siêu thoát khỏi những ràng buộc yếu hèn với thế giới vật chất. Cái dũng ở đây bàn đến cách ứng xử của con người trong xã hội và các phương pháp tu dưỡng để đạt đến một tinh thần điềm đạm, an nhiên trước mọi hoàn cảnh khó khăn sóng gió của cuộc đời.\u003c/p\u003e\n   \u003cp\u003eNội dung của nó không chỉ kể về những câu chuyện kể về sự dũng cảm của người xưa mà còn bàn phương pháp cụ thể để rèn luyện đến một tinh thần điềm đạm. Do đó, cuốn cẩm nang này cần được đem ứng dụng vào chính bản thân mỗi người và đời sống hàng ngày.\u003c/p\u003e\n  \u003c/ul\u003e\n \u003c/body\u003e\n\u003c/html\u003e\u003cp\u003eGiá sản phẩm trên Tiki đã bao gồm thuế theo luật hiện hành. Bên cạnh đó, tuỳ vào loại sản phẩm, hình thức và địa chỉ giao hàng mà có thể phát sinh thêm chi phí khác như phí vận chuyển, phụ phí hàng cồng kềnh, thuế nhập khẩu (đối với đơn hàng giao từ nước ngoài có giá trị trên 1 triệu đồng).....\u003c/p\u003e","original_price":76200.0,"thumbnail_url":"https://salt.tikicdn.com/cache/280x280/ts/product/88/a4/77/59562ee735ce3aa8c725950ec75b156a.jpg","images":[{"base_url":"https://salt.tikicdn.com/ts/product/88/a4/77/59562ee735ce3aa8c725950ec75b156a.jpg","dbId":30006}],"specifications":[{"name":"Thông tin chung","attributes":[{"name":"Công ty phát hành","value":"NXB Trẻ"},{"name":"Nhà xuất bản","value":"NXB Trẻ"},{"code":"PUBLICATION_DATE","name":"Ngày xuất bản","value":"Sat Jul 16 21:16:07 ICT 2022"}]}],"stock_item":{"qty":1000},"all_time_quantity_sold":9,"reviews":[{"id":17211486,"title":"Cực kì hài lòng","content":"","customer_id":5888235,"rating":5,"images":[],"created_at":1658844967,"created_by":{"id":5888235,"name":"Đoàn Công Nhân","full_name":"Đoàn Công Nhân","created_time":"2017-10-08 20:49:36","purchased":true,"purchased_at":1658231959},"product_id":127031594,"timeline":{"review_created_date":"2022-07-26 21:16:07","delivery_date":"2022-07-21 12:07:33"}}]}