{"id":127077151,"dbId":11203,"createdAt":1635181200000,"name":"Combo 2 Cuốn: The Walking Dead (T9 + T10)","short_description":"Rick Grimes một sĩ quan cảnh sát, trong lúc làm nhiệm vụ đã bị thương , hôn mê một tháng trong bệnh viện, khi tỉnh dậy anh nhận ra xung quanh mình chỉ toàn là xác chết, chới với sau cơn hôn mê, anh nh...","description":"\u003cp\u003eRick Grimes một sĩ quan cảnh sát, trong lúc làm nhiệm vụ đã bị thương , hôn mê một tháng trong bệnh viện, khi tỉnh dậy anh nhận ra xung quanh mình chỉ toàn là xác chết, chới với sau cơn hôn mê, anh nhận ra mọi người bị biến thành xác sống bới một đại dịch, trở về nhà với tâm trạng bàng hoàng, không tìm thấy vợ con mình. Cuối cùng anh quyết định lên đường tìm lại gia đình, mặc do bao chông gai chờ anh phía trước. \u003c/p\u003e\n\u003cp\u003e\u003cstrong\u003eGiới thiệu Tác giả - Họa sĩ:\u003c/strong\u003e \u003c/p\u003e\n\u003cp\u003eRobert Kirkman \u003c/p\u003e\n\u003cp\u003eSinh ngày 30 tháng 11 năm 1978, hoạ sĩ truyện tranh người Mỹ nổi tiếng với các tác phẩm: The Walking Dead, Invincible, Tech Jacket, O cùng với các đóng góp to lớn khác cho mảng truyện tranh siêu anh hùng của Marvel Comics. \u003c/p\u003e\n\u003cp\u003eBộ truyện tranh The Walking Dead xuất bản lần đầu vào tháng 10 năm 2003, đã được chuyển thể thành phim truyền hình, game, tiểu thuyế và thu về những thành công vang dội.\u003c/p\u003e\u003cp\u003eGiá sản phẩm trên Tiki đã bao gồm thuế theo luật hiện hành. Bên cạnh đó, tuỳ vào loại sản phẩm, hình thức và địa chỉ giao hàng mà có thể phát sinh thêm chi phí khác như phí vận chuyển, phụ phí hàng cồng kềnh, thuế nhập khẩu (đối với đơn hàng giao từ nước ngoài có giá trị trên 1 triệu đồng).....\u003c/p\u003e","original_price":130000.0,"thumbnail_url":"https://salt.tikicdn.com/cache/280x280/ts/product/61/03/3b/a0b91bd2c80bbd3ba6e7e0e48e6df43b.jpg","images":[{"base_url":"https://salt.tikicdn.com/ts/product/61/03/3b/a0b91bd2c80bbd3ba6e7e0e48e6df43b.jpg","dbId":29858},{"base_url":"https://salt.tikicdn.com/ts/product/2b/8e/2c/8bf49aa24f5a7853dc4e519cf73e7038.jpg","dbId":29859},{"base_url":"https://salt.tikicdn.com/ts/product/c6/f4/a7/b6a241c6621b1226f7923ce2221fc42c.jpg","dbId":29860},{"base_url":"https://salt.tikicdn.com/ts/product/bf/e2/47/553ead00c8ecdbca6cff6aed8c11b9f2.jpg","dbId":29861},{"base_url":"https://salt.tikicdn.com/ts/product/a7/47/db/ddfa6743b8cb27ff90d989576050603b.jpg","dbId":29862}],"authors":[{"id":9176,"name":"Robert Kirkman","dbId":5955}],"specifications":[{"name":"Thông tin chung","attributes":[{"name":"Phiên bản sách","value":"Phiên bản thường"},{"name":"Công ty phát hành","value":"Uranix"},{"name":"Ngày xuất bản","value":"2021-10-15 00:00:00"},{"name":"Dịch Giả","value":"GT94 dịch"},{"name":"Loại bìa","value":"Bìa mềm"},{"name":"Số trang","value":"292"},{"name":"Nhà xuất bản","value":"Nhà Xuất Bản Dân Trí"},{"code":"PUBLICATION_DATE","name":"Kích thước","value":"14 x 19 cm"}]}],"stock_item":{"qty":1000},"all_time_quantity_sold":140,"reviews":[{"id":19732361,"title":"Cực kì hài lòng","content":"Giao hàng rất lẹ gói hàng rất kĩ, sách đẹp nội dung thú vị phù hợp cho 16+\r\nCó 1 điều là một số khung thoại chữ hơi nhỏ...\r\nTheo mình 9.9/10 điểm","customer_id":29239798,"rating":5,"images":[{"id":4329798,"full_path":"https://salt.tikicdn.com/ts/review/9a/c9/95/df271bfee24d91fc7fd7a6f3e6d96ba9.jpg"},{"id":4329799,"full_path":"https://salt.tikicdn.com/ts/review/f8/68/79/fbb985f6706d00d130555019faadd918.jpg"}],"created_at":1705506286,"created_by":{"id":29239798,"name":"Hiep Nguyen","full_name":"Hiep Nguyen","created_time":"2023-07-04 16:50:55","purchased":true,"purchased_at":1705301698},"product_id":127077151,"timeline":{"review_created_date":"2024-01-17 22:44:46","delivery_date":"2024-01-17 14:47:29"}},{"id":16382399,"title":"Cực kì hài lòng","content":"Đã nhận được hàng. Đọng gõi kỹ, giao nhanh. Nhân viên dễ thương. Rất tin tưởng tiki 🥰🥰","customer_id":112643,"rating":5,"images":[{"id":3492291,"full_path":"https://salt.tikicdn.com/ts/review/c0/14/23/c222088cb91a1eedaa0fa44f7105b83e.jpg"},{"id":3492292,"full_path":"https://salt.tikicdn.com/ts/review/0c/79/aa/f662508c493dbb4ff67809c9b83a90a3.jpg"},{"id":3492293,"full_path":"https://salt.tikicdn.com/ts/review/a1/54/e9/336f8e521d536ddc59130bbe83e84b7a.jpg"},{"id":3492294,"full_path":"https://salt.tikicdn.com/ts/review/19/0c/2d/bd96dc49bbcc5523dabcf3fafd92652a.jpg"},{"id":3492295,"full_path":"https://salt.tikicdn.com/ts/review/aa/e0/a4/5f43acd6bdb1f185d3b14d79a598c3fe.jpg"}],"created_at":1652934708,"created_by":{"id":112643,"name":"Nguyễn Quốc Ân","full_name":"Nguyễn Quốc Ân","created_time":"2013-04-15 16:48:15","purchased":true,"purchased_at":1652794719},"product_id":127077151,"timeline":{"review_created_date":"2022-05-19 11:31:48","delivery_date":"2022-05-19 11:00:42"}},{"id":14911072,"title":"Hài lòng","content":"Sản phẩm có chất lượng tốt, đóng gói cẩn thận, giao hàng nhanh.","customer_id":373997,"rating":4,"images":[{"id":3120977,"full_path":"https://salt.tikicdn.com/ts/review/27/b6/57/a928033c777aadeb414f20a73b5b653b.jpg"}],"created_at":1644630410,"created_by":{"id":373997,"name":"Nguyen Minh Sang","full_name":"Nguyen Minh Sang","created_time":"2014-07-01 20:44:51","purchased":true,"purchased_at":1641451634},"product_id":127077151,"timeline":{"review_created_date":"2022-02-12 08:46:50","delivery_date":"2022-01-07 13:57:12"}},{"id":19143350,"title":"Cực kì hài lòng","content":"","customer_id":18728775,"rating":5,"images":[],"created_at":1682743525,"created_by":{"id":18728775,"name":"Minh Nhật","full_name":"Minh Nhật","created_time":"2020-10-08 16:37:48","purchased":true,"purchased_at":1676278331},"product_id":127077151,"timeline":{"review_created_date":"2023-04-29 11:45:25","delivery_date":"2023-02-14 16:14:55"}},{"id":16336262,"title":"Cực kì hài lòng","content":"Giao hàng rất nhanh, bọc gói cẩn thận.","customer_id":1235867,"rating":5,"images":[{"id":3479511,"full_path":"https://salt.tikicdn.com/ts/review/de/d5/f3/e3573464774e4e666129c8a7c9c1a35a.jpg"}],"created_at":1652602265,"created_by":{"id":1235867,"name":"PTBao","full_name":"PTBao","created_time":"2016-03-19 10:53:23","purchased":true,"purchased_at":1652513456},"product_id":127077151,"timeline":{"review_created_date":"2022-05-15 15:11:05","delivery_date":"2022-05-15 14:06:20"}},{"id":19732361,"title":"Cực kì hài lòng","content":"Giao hàng rất lẹ gói hàng rất kĩ, sách đẹp nội dung thú vị phù hợp cho 16+\r\nCó 1 điều là một số khung thoại chữ hơi nhỏ...\r\nTheo mình 9.9/10 điểm","customer_id":29239798,"rating":5,"images":[{"id":4329798,"full_path":"https://salt.tikicdn.com/ts/review/9a/c9/95/df271bfee24d91fc7fd7a6f3e6d96ba9.jpg"},{"id":4329799,"full_path":"https://salt.tikicdn.com/ts/review/f8/68/79/fbb985f6706d00d130555019faadd918.jpg"}],"created_at":1705506286,"created_by":{"id":29239798,"name":"Hiep Nguyen","full_name":"Hiep Nguyen","created_time":"2023-07-04 16:50:55","purchased":true,"purchased_at":1705301698},"product_id":127077151,"timeline":{"review_created_date":"2024-01-17 22:44:46","delivery_date":"2024-01-17 14:47:29"}},{"id":16382399,"title":"Cực kì hài lòng","content":"Đã nhận được hàng. Đọng gõi kỹ, giao nhanh. Nhân viên dễ thương. Rất tin tưởng tiki 🥰🥰","customer_id":112643,"rating":5,"images":[{"id":3492291,"full_path":"https://salt.tikicdn.com/ts/review/c0/14/23/c222088cb91a1eedaa0fa44f7105b83e.jpg"},{"id":3492292,"full_path":"https://salt.tikicdn.com/ts/review/0c/79/aa/f662508c493dbb4ff67809c9b83a90a3.jpg"},{"id":3492293,"full_path":"https://salt.tikicdn.com/ts/review/a1/54/e9/336f8e521d536ddc59130bbe83e84b7a.jpg"},{"id":3492294,"full_path":"https://salt.tikicdn.com/ts/review/19/0c/2d/bd96dc49bbcc5523dabcf3fafd92652a.jpg"},{"id":3492295,"full_path":"https://salt.tikicdn.com/ts/review/aa/e0/a4/5f43acd6bdb1f185d3b14d79a598c3fe.jpg"}],"created_at":1652934708,"created_by":{"id":112643,"name":"Nguyễn Quốc Ân","full_name":"Nguyễn Quốc Ân","created_time":"2013-04-15 16:48:15","purchased":true,"purchased_at":1652794719},"product_id":127077151,"timeline":{"review_created_date":"2022-05-19 11:31:48","delivery_date":"2022-05-19 11:00:42"}},{"id":14911072,"title":"Hài lòng","content":"Sản phẩm có chất lượng tốt, đóng gói cẩn thận, giao hàng nhanh.","customer_id":373997,"rating":4,"images":[{"id":3120977,"full_path":"https://salt.tikicdn.com/ts/review/27/b6/57/a928033c777aadeb414f20a73b5b653b.jpg"}],"created_at":1644630410,"created_by":{"id":373997,"name":"Nguyen Minh Sang","full_name":"Nguyen Minh Sang","created_time":"2014-07-01 20:44:51","purchased":true,"purchased_at":1641451634},"product_id":127077151,"timeline":{"review_created_date":"2022-02-12 08:46:50","delivery_date":"2022-01-07 13:57:12"}},{"id":19143350,"title":"Cực kì hài lòng","content":"","customer_id":18728775,"rating":5,"images":[],"created_at":1682743525,"created_by":{"id":18728775,"name":"Minh Nhật","full_name":"Minh Nhật","created_time":"2020-10-08 16:37:48","purchased":true,"purchased_at":1676278331},"product_id":127077151,"timeline":{"review_created_date":"2023-04-29 11:45:25","delivery_date":"2023-02-14 16:14:55"}},{"id":16336262,"title":"Cực kì hài lòng","content":"Giao hàng rất nhanh, bọc gói cẩn thận.","customer_id":1235867,"rating":5,"images":[{"id":3479511,"full_path":"https://salt.tikicdn.com/ts/review/de/d5/f3/e3573464774e4e666129c8a7c9c1a35a.jpg"}],"created_at":1652602265,"created_by":{"id":1235867,"name":"PTBao","full_name":"PTBao","created_time":"2016-03-19 10:53:23","purchased":true,"purchased_at":1652513456},"product_id":127077151,"timeline":{"review_created_date":"2022-05-15 15:11:05","delivery_date":"2022-05-15 14:06:20"}},{"id":19732361,"title":"Cực kì hài lòng","content":"Giao hàng rất lẹ gói hàng rất kĩ, sách đẹp nội dung thú vị phù hợp cho 16+\r\nCó 1 điều là một số khung thoại chữ hơi nhỏ...\r\nTheo mình 9.9/10 điểm","customer_id":29239798,"rating":5,"images":[{"id":4329798,"full_path":"https://salt.tikicdn.com/ts/review/9a/c9/95/df271bfee24d91fc7fd7a6f3e6d96ba9.jpg"},{"id":4329799,"full_path":"https://salt.tikicdn.com/ts/review/f8/68/79/fbb985f6706d00d130555019faadd918.jpg"}],"created_at":1705506286,"created_by":{"id":29239798,"name":"Hiep Nguyen","full_name":"Hiep Nguyen","created_time":"2023-07-04 16:50:55","purchased":true,"purchased_at":1705301698},"product_id":127077151,"timeline":{"review_created_date":"2024-01-17 22:44:46","delivery_date":"2024-01-17 14:47:29"}},{"id":16382399,"title":"Cực kì hài lòng","content":"Đã nhận được hàng. Đọng gõi kỹ, giao nhanh. Nhân viên dễ thương. Rất tin tưởng tiki 🥰🥰","customer_id":112643,"rating":5,"images":[{"id":3492291,"full_path":"https://salt.tikicdn.com/ts/review/c0/14/23/c222088cb91a1eedaa0fa44f7105b83e.jpg"},{"id":3492292,"full_path":"https://salt.tikicdn.com/ts/review/0c/79/aa/f662508c493dbb4ff67809c9b83a90a3.jpg"},{"id":3492293,"full_path":"https://salt.tikicdn.com/ts/review/a1/54/e9/336f8e521d536ddc59130bbe83e84b7a.jpg"},{"id":3492294,"full_path":"https://salt.tikicdn.com/ts/review/19/0c/2d/bd96dc49bbcc5523dabcf3fafd92652a.jpg"},{"id":3492295,"full_path":"https://salt.tikicdn.com/ts/review/aa/e0/a4/5f43acd6bdb1f185d3b14d79a598c3fe.jpg"}],"created_at":1652934708,"created_by":{"id":112643,"name":"Nguyễn Quốc Ân","full_name":"Nguyễn Quốc Ân","created_time":"2013-04-15 16:48:15","purchased":true,"purchased_at":1652794719},"product_id":127077151,"timeline":{"review_created_date":"2022-05-19 11:31:48","delivery_date":"2022-05-19 11:00:42"}},{"id":14911072,"title":"Hài lòng","content":"Sản phẩm có chất lượng tốt, đóng gói cẩn thận, giao hàng nhanh.","customer_id":373997,"rating":4,"images":[{"id":3120977,"full_path":"https://salt.tikicdn.com/ts/review/27/b6/57/a928033c777aadeb414f20a73b5b653b.jpg"}],"created_at":1644630410,"created_by":{"id":373997,"name":"Nguyen Minh Sang","full_name":"Nguyen Minh Sang","created_time":"2014-07-01 20:44:51","purchased":true,"purchased_at":1641451634},"product_id":127077151,"timeline":{"review_created_date":"2022-02-12 08:46:50","delivery_date":"2022-01-07 13:57:12"}},{"id":19143350,"title":"Cực kì hài lòng","content":"","customer_id":18728775,"rating":5,"images":[],"created_at":1682743525,"created_by":{"id":18728775,"name":"Minh Nhật","full_name":"Minh Nhật","created_time":"2020-10-08 16:37:48","purchased":true,"purchased_at":1676278331},"product_id":127077151,"timeline":{"review_created_date":"2023-04-29 11:45:25","delivery_date":"2023-02-14 16:14:55"}},{"id":16336262,"title":"Cực kì hài lòng","content":"Giao hàng rất nhanh, bọc gói cẩn thận.","customer_id":1235867,"rating":5,"images":[{"id":3479511,"full_path":"https://salt.tikicdn.com/ts/review/de/d5/f3/e3573464774e4e666129c8a7c9c1a35a.jpg"}],"created_at":1652602265,"created_by":{"id":1235867,"name":"PTBao","full_name":"PTBao","created_time":"2016-03-19 10:53:23","purchased":true,"purchased_at":1652513456},"product_id":127077151,"timeline":{"review_created_date":"2022-05-15 15:11:05","delivery_date":"2022-05-15 14:06:20"}},{"id":19732361,"title":"Cực kì hài lòng","content":"Giao hàng rất lẹ gói hàng rất kĩ, sách đẹp nội dung thú vị phù hợp cho 16+\r\nCó 1 điều là một số khung thoại chữ hơi nhỏ...\r\nTheo mình 9.9/10 điểm","customer_id":29239798,"rating":5,"images":[{"id":4329798,"full_path":"https://salt.tikicdn.com/ts/review/9a/c9/95/df271bfee24d91fc7fd7a6f3e6d96ba9.jpg"},{"id":4329799,"full_path":"https://salt.tikicdn.com/ts/review/f8/68/79/fbb985f6706d00d130555019faadd918.jpg"}],"created_at":1705506286,"created_by":{"id":29239798,"name":"Hiep Nguyen","full_name":"Hiep Nguyen","created_time":"2023-07-04 16:50:55","purchased":true,"purchased_at":1705301698},"product_id":127077151,"timeline":{"review_created_date":"2024-01-17 22:44:46","delivery_date":"2024-01-17 14:47:29"}},{"id":16382399,"title":"Cực kì hài lòng","content":"Đã nhận được hàng. Đọng gõi kỹ, giao nhanh. Nhân viên dễ thương. Rất tin tưởng tiki 🥰🥰","customer_id":112643,"rating":5,"images":[{"id":3492291,"full_path":"https://salt.tikicdn.com/ts/review/c0/14/23/c222088cb91a1eedaa0fa44f7105b83e.jpg"},{"id":3492292,"full_path":"https://salt.tikicdn.com/ts/review/0c/79/aa/f662508c493dbb4ff67809c9b83a90a3.jpg"},{"id":3492293,"full_path":"https://salt.tikicdn.com/ts/review/a1/54/e9/336f8e521d536ddc59130bbe83e84b7a.jpg"},{"id":3492294,"full_path":"https://salt.tikicdn.com/ts/review/19/0c/2d/bd96dc49bbcc5523dabcf3fafd92652a.jpg"},{"id":3492295,"full_path":"https://salt.tikicdn.com/ts/review/aa/e0/a4/5f43acd6bdb1f185d3b14d79a598c3fe.jpg"}],"created_at":1652934708,"created_by":{"id":112643,"name":"Nguyễn Quốc Ân","full_name":"Nguyễn Quốc Ân","created_time":"2013-04-15 16:48:15","purchased":true,"purchased_at":1652794719},"product_id":127077151,"timeline":{"review_created_date":"2022-05-19 11:31:48","delivery_date":"2022-05-19 11:00:42"}},{"id":14911072,"title":"Hài lòng","content":"Sản phẩm có chất lượng tốt, đóng gói cẩn thận, giao hàng nhanh.","customer_id":373997,"rating":4,"images":[{"id":3120977,"full_path":"https://salt.tikicdn.com/ts/review/27/b6/57/a928033c777aadeb414f20a73b5b653b.jpg"}],"created_at":1644630410,"created_by":{"id":373997,"name":"Nguyen Minh Sang","full_name":"Nguyen Minh Sang","created_time":"2014-07-01 20:44:51","purchased":true,"purchased_at":1641451634},"product_id":127077151,"timeline":{"review_created_date":"2022-02-12 08:46:50","delivery_date":"2022-01-07 13:57:12"}},{"id":19143350,"title":"Cực kì hài lòng","content":"","customer_id":18728775,"rating":5,"images":[],"created_at":1682743525,"created_by":{"id":18728775,"name":"Minh Nhật","full_name":"Minh Nhật","created_time":"2020-10-08 16:37:48","purchased":true,"purchased_at":1676278331},"product_id":127077151,"timeline":{"review_created_date":"2023-04-29 11:45:25","delivery_date":"2023-02-14 16:14:55"}},{"id":16336262,"title":"Cực kì hài lòng","content":"Giao hàng rất nhanh, bọc gói cẩn thận.","customer_id":1235867,"rating":5,"images":[{"id":3479511,"full_path":"https://salt.tikicdn.com/ts/review/de/d5/f3/e3573464774e4e666129c8a7c9c1a35a.jpg"}],"created_at":1652602265,"created_by":{"id":1235867,"name":"PTBao","full_name":"PTBao","created_time":"2016-03-19 10:53:23","purchased":true,"purchased_at":1652513456},"product_id":127077151,"timeline":{"review_created_date":"2022-05-15 15:11:05","delivery_date":"2022-05-15 14:06:20"}}]}