{"id":127077153,"dbId":12097,"createdAt":1634922000000,"name":"Không Có Kiếp Sau - Tập 2","short_description":"Trong thế giới tương lai giả tưởng, để tránh khỏi nguy cơ bị tiêu hủy, một nhóm người máy cùng nhau bỏ trốn, chạy tới một cấm địa mang tên Lăng mộ Hoàng đế biển Chết. Vào những phút cuối cùng của sinh...","description":"\u003cp\u003eTrong thế giới tương lai giả tưởng, để tránh khỏi nguy cơ bị tiêu hủy, một nhóm người máy cùng nhau bỏ trốn, chạy tới một cấm địa mang tên Lăng mộ Hoàng đế biển Chết. Vào những phút cuối cùng của sinh mệnh người máy, Mục Căn - người duy nhất trên hành tinh ấy, đã dang tay cứu giúp họ. \u003c/p\u003e\n\u003cp\u003eTrên đường đi nhập học, “gia đình nhỏ” của Mục Căn lại kết nạp thêm hai thành viên mới là Olivia và Manh Manh! Và thế là câu chuyện của gia đình người-máy bắt đầu!\u003c/p\u003e\n\u003cp\u003eCon nói rằng muốn có ánh sáng, vậy nên thế giới này liền có ánh sáng.\u003c/p\u003e\n\u003cp\u003e… Từ nay về sau, thế giới của ta tồn tại vì con.\u003c/p\u003e\n\u003cp\u003e\u003cstrong\u003eĐôi nét tác giả\u003c/strong\u003e\u003c/p\u003e\n\u003cp\u003eNguyệt Hạ Tang\u003c/p\u003e\n\u003cp\u003eThích ngắm đồ đẹp, thích đọc truyện kinh dị, xem phim kinh dị, tiểu thuyết trinh thám.\u003c/p\u003e\n\u003cp\u003e“Lúc nhàm chán thích viết lách một chút, thay thế cho thời gian viết nhật ký trước lúc đi ngủ, kể cho bản thân một câu chuyện, cũng kể cho mọi người một câu chuyện mà thôi. Tâm trạng khác nhau kể được những câu chuyện khác nhau.”\u003cbr /\u003eTác phẩm tiêu biểu: Chờ hoa nguyên soái nở, Ma vương (tạm dịch), Nguyên thủy tái lai (tạm dịch),…\u003c/p\u003e\u003cp\u003eGiá sản phẩm trên Tiki đã bao gồm thuế theo luật hiện hành. Bên cạnh đó, tuỳ vào loại sản phẩm, hình thức và địa chỉ giao hàng mà có thể phát sinh thêm chi phí khác như phí vận chuyển, phụ phí hàng cồng kềnh, thuế nhập khẩu (đối với đơn hàng giao từ nước ngoài có giá trị trên 1 triệu đồng).....\u003c/p\u003e","original_price":169000.0,"thumbnail_url":"https://salt.tikicdn.com/cache/280x280/ts/product/2d/75/38/12f0b22f96aa834aee819ff94881fe63.jpg","images":[{"base_url":"https://salt.tikicdn.com/ts/product/2d/75/38/12f0b22f96aa834aee819ff94881fe63.jpg","dbId":32188},{"base_url":"https://salt.tikicdn.com/ts/product/b6/4a/56/95292c2e5411be48dfe3be20ea7eeaac.jpg","dbId":32189},{"base_url":"https://salt.tikicdn.com/ts/product/6e/c9/90/17b85bb2c8040db605041a97c21cf0f0.jpg","dbId":32190}],"authors":[{"id":673581,"name":"Nguyệt Hạ Tang","dbId":6116}],"specifications":[{"name":"Thông tin chung","attributes":[{"name":"Phiên bản sách","value":"Phiên bản thường"},{"name":"Công ty phát hành","value":"Cẩm Phong Books"},{"name":"Ngày xuất bản","value":"2021-10-15 00:00:00"},{"name":"Dịch Giả","value":"Viễn Đồ"},{"name":"Loại bìa","value":"Bìa mềm"},{"name":"Số trang","value":"568"},{"name":"Nhà xuất bản","value":"Nhà Xuất Bản Hà Nội"},{"code":"PUBLICATION_DATE","name":"Kích thước","value":"14 x 20.5 cm"}]}],"stock_item":{"qty":1000},"all_time_quantity_sold":310,"reviews":[{"id":15648456,"title":"Cực kì hài lòng","content":"Đợt này tiki giao nhanh lắm nhé và cx ko móp méo gì hết\nSách đang rẻ với có mgg ngon nên mình tranh thủ múc ngay và luôn 🤤🤤🤤","customer_id":14991934,"rating":5,"images":[{"id":3286345,"full_path":"https://salt.tikicdn.com/ts/review/bc/a1/83/ee5e479dfdf5aa42c78c377ed1447185.jpg"},{"id":3286346,"full_path":"https://salt.tikicdn.com/ts/review/f0/af/8d/95ec230c87681598a705905de6c5cfb6.jpg"}],"created_at":1648471542,"created_by":{"id":14991934,"name":"Thanh Thanh","full_name":"Thanh Thanh","created_time":"2019-11-16 19:14:18","purchased":true,"purchased_at":1648314109},"product_id":127077153,"timeline":{"review_created_date":"2022-03-28 19:45:42","delivery_date":"2022-03-27 15:39:17"}},{"id":17565793,"title":"Cực kì hài lòng","content":"Cẩm Phong in thì tất nhiên là đẹp rồi bé xinh xỉu luôn ý giao hàng còn nhanh nữa mới đặt trưa hôm qua thì sáng đã về rồi","customer_id":14671442,"rating":5,"images":[{"id":3840969,"full_path":"https://salt.tikicdn.com/ts/review/c0/8f/0b/2538dc973535cae8c821f38e74c6ca09.jpg"}],"created_at":1661924172,"created_by":{"id":14671442,"name":"Lâm Lan Vi","full_name":"Lâm Lan Vi","created_time":"2019-10-29 11:53:37","purchased":true,"purchased_at":1661748366},"product_id":127077153,"timeline":{"review_created_date":"2022-08-31 12:36:12","delivery_date":"2022-08-30 09:54:58"}},{"id":16759757,"title":"Cực kì hài lòng","content":"mười điểm! quá xuất sắc 1 ngày là giáo tới rồi nội đứng thì khỏi phải bàn t2 là bé mục căn vào tập huấn quân đội rùi","customer_id":16017907,"rating":5,"images":[{"id":3603452,"full_path":"https://salt.tikicdn.com/ts/review/6a/b8/5c/2ecc1310c6c9c333bd555f4bf9382d57.jpg"}],"created_at":1655567792,"created_by":{"id":16017907,"name":"Chi nguyen Duong","full_name":"Chi nguyen Duong","created_time":"2020-01-16 20:04:50","purchased":true,"purchased_at":1655387521},"product_id":127077153,"timeline":{"review_created_date":"2022-06-18 22:56:32","delivery_date":"2022-06-18 16:14:59"}},{"id":14994296,"title":"Cực kì hài lòng","content":"Sách về không bị móp nghen giao còn rất nhanh nữa tui ưng chời đất ơi","customer_id":16904710,"rating":5,"images":[{"id":3138309,"full_path":"https://salt.tikicdn.com/ts/review/26/d7/c4/e56a8bf832d204426591e446df098533.jpg"},{"id":3138310,"full_path":"https://salt.tikicdn.com/ts/review/d5/0a/9a/ed598b9efeb99913fca094e2ed30190e.jpg"},{"id":3138311,"full_path":"https://salt.tikicdn.com/ts/review/09/3c/11/4914f39c1a2617b43c2d98ac54975c49.jpg"}],"created_at":1645022713,"created_by":{"id":16904710,"name":"Dung Lee","full_name":"Dung Lee","created_time":"2020-03-23 20:43:57","purchased":true,"purchased_at":1644141768},"product_id":127077153,"timeline":{"review_created_date":"2022-02-16 21:45:13","delivery_date":"2022-02-07 09:14:26"}},{"id":19522546,"title":"Cực kì hài lòng","content":"Giao hàng nhanh, sách đc bọc kỹ, còn nguyên seal","customer_id":23307715,"rating":5,"images":[],"created_at":1694433525,"created_by":{"id":23307715,"name":"Đồng Ngọc Thanh","full_name":"Đồng Ngọc Thanh","created_time":"2021-08-28 23:28:01","purchased":true,"purchased_at":1694223680},"product_id":127077153,"timeline":{"review_created_date":"2023-09-11 18:58:45","delivery_date":"2023-09-11 10:26:22"}},{"id":15648456,"title":"Cực kì hài lòng","content":"Đợt này tiki giao nhanh lắm nhé và cx ko móp méo gì hết\nSách đang rẻ với có mgg ngon nên mình tranh thủ múc ngay và luôn 🤤🤤🤤","customer_id":14991934,"rating":5,"images":[{"id":3286345,"full_path":"https://salt.tikicdn.com/ts/review/bc/a1/83/ee5e479dfdf5aa42c78c377ed1447185.jpg"},{"id":3286346,"full_path":"https://salt.tikicdn.com/ts/review/f0/af/8d/95ec230c87681598a705905de6c5cfb6.jpg"}],"created_at":1648471542,"created_by":{"id":14991934,"name":"Thanh Thanh","full_name":"Thanh Thanh","created_time":"2019-11-16 19:14:18","purchased":true,"purchased_at":1648314109},"product_id":127077153,"timeline":{"review_created_date":"2022-03-28 19:45:42","delivery_date":"2022-03-27 15:39:17"}},{"id":17565793,"title":"Cực kì hài lòng","content":"Cẩm Phong in thì tất nhiên là đẹp rồi bé xinh xỉu luôn ý giao hàng còn nhanh nữa mới đặt trưa hôm qua thì sáng đã về rồi","customer_id":14671442,"rating":5,"images":[{"id":3840969,"full_path":"https://salt.tikicdn.com/ts/review/c0/8f/0b/2538dc973535cae8c821f38e74c6ca09.jpg"}],"created_at":1661924172,"created_by":{"id":14671442,"name":"Lâm Lan Vi","full_name":"Lâm Lan Vi","created_time":"2019-10-29 11:53:37","purchased":true,"purchased_at":1661748366},"product_id":127077153,"timeline":{"review_created_date":"2022-08-31 12:36:12","delivery_date":"2022-08-30 09:54:58"}},{"id":16759757,"title":"Cực kì hài lòng","content":"mười điểm! quá xuất sắc 1 ngày là giáo tới rồi nội đứng thì khỏi phải bàn t2 là bé mục căn vào tập huấn quân đội rùi","customer_id":16017907,"rating":5,"images":[{"id":3603452,"full_path":"https://salt.tikicdn.com/ts/review/6a/b8/5c/2ecc1310c6c9c333bd555f4bf9382d57.jpg"}],"created_at":1655567792,"created_by":{"id":16017907,"name":"Chi nguyen Duong","full_name":"Chi nguyen Duong","created_time":"2020-01-16 20:04:50","purchased":true,"purchased_at":1655387521},"product_id":127077153,"timeline":{"review_created_date":"2022-06-18 22:56:32","delivery_date":"2022-06-18 16:14:59"}},{"id":14994296,"title":"Cực kì hài lòng","content":"Sách về không bị móp nghen giao còn rất nhanh nữa tui ưng chời đất ơi","customer_id":16904710,"rating":5,"images":[{"id":3138309,"full_path":"https://salt.tikicdn.com/ts/review/26/d7/c4/e56a8bf832d204426591e446df098533.jpg"},{"id":3138310,"full_path":"https://salt.tikicdn.com/ts/review/d5/0a/9a/ed598b9efeb99913fca094e2ed30190e.jpg"},{"id":3138311,"full_path":"https://salt.tikicdn.com/ts/review/09/3c/11/4914f39c1a2617b43c2d98ac54975c49.jpg"}],"created_at":1645022713,"created_by":{"id":16904710,"name":"Dung Lee","full_name":"Dung Lee","created_time":"2020-03-23 20:43:57","purchased":true,"purchased_at":1644141768},"product_id":127077153,"timeline":{"review_created_date":"2022-02-16 21:45:13","delivery_date":"2022-02-07 09:14:26"}},{"id":19522546,"title":"Cực kì hài lòng","content":"Giao hàng nhanh, sách đc bọc kỹ, còn nguyên seal","customer_id":23307715,"rating":5,"images":[],"created_at":1694433525,"created_by":{"id":23307715,"name":"Đồng Ngọc Thanh","full_name":"Đồng Ngọc Thanh","created_time":"2021-08-28 23:28:01","purchased":true,"purchased_at":1694223680},"product_id":127077153,"timeline":{"review_created_date":"2023-09-11 18:58:45","delivery_date":"2023-09-11 10:26:22"}},{"id":15648456,"title":"Cực kì hài lòng","content":"Đợt này tiki giao nhanh lắm nhé và cx ko móp méo gì hết\nSách đang rẻ với có mgg ngon nên mình tranh thủ múc ngay và luôn 🤤🤤🤤","customer_id":14991934,"rating":5,"images":[{"id":3286345,"full_path":"https://salt.tikicdn.com/ts/review/bc/a1/83/ee5e479dfdf5aa42c78c377ed1447185.jpg"},{"id":3286346,"full_path":"https://salt.tikicdn.com/ts/review/f0/af/8d/95ec230c87681598a705905de6c5cfb6.jpg"}],"created_at":1648471542,"created_by":{"id":14991934,"name":"Thanh Thanh","full_name":"Thanh Thanh","created_time":"2019-11-16 19:14:18","purchased":true,"purchased_at":1648314109},"product_id":127077153,"timeline":{"review_created_date":"2022-03-28 19:45:42","delivery_date":"2022-03-27 15:39:17"}},{"id":17565793,"title":"Cực kì hài lòng","content":"Cẩm Phong in thì tất nhiên là đẹp rồi bé xinh xỉu luôn ý giao hàng còn nhanh nữa mới đặt trưa hôm qua thì sáng đã về rồi","customer_id":14671442,"rating":5,"images":[{"id":3840969,"full_path":"https://salt.tikicdn.com/ts/review/c0/8f/0b/2538dc973535cae8c821f38e74c6ca09.jpg"}],"created_at":1661924172,"created_by":{"id":14671442,"name":"Lâm Lan Vi","full_name":"Lâm Lan Vi","created_time":"2019-10-29 11:53:37","purchased":true,"purchased_at":1661748366},"product_id":127077153,"timeline":{"review_created_date":"2022-08-31 12:36:12","delivery_date":"2022-08-30 09:54:58"}},{"id":16759757,"title":"Cực kì hài lòng","content":"mười điểm! quá xuất sắc 1 ngày là giáo tới rồi nội đứng thì khỏi phải bàn t2 là bé mục căn vào tập huấn quân đội rùi","customer_id":16017907,"rating":5,"images":[{"id":3603452,"full_path":"https://salt.tikicdn.com/ts/review/6a/b8/5c/2ecc1310c6c9c333bd555f4bf9382d57.jpg"}],"created_at":1655567792,"created_by":{"id":16017907,"name":"Chi nguyen Duong","full_name":"Chi nguyen Duong","created_time":"2020-01-16 20:04:50","purchased":true,"purchased_at":1655387521},"product_id":127077153,"timeline":{"review_created_date":"2022-06-18 22:56:32","delivery_date":"2022-06-18 16:14:59"}},{"id":14994296,"title":"Cực kì hài lòng","content":"Sách về không bị móp nghen giao còn rất nhanh nữa tui ưng chời đất ơi","customer_id":16904710,"rating":5,"images":[{"id":3138309,"full_path":"https://salt.tikicdn.com/ts/review/26/d7/c4/e56a8bf832d204426591e446df098533.jpg"},{"id":3138310,"full_path":"https://salt.tikicdn.com/ts/review/d5/0a/9a/ed598b9efeb99913fca094e2ed30190e.jpg"},{"id":3138311,"full_path":"https://salt.tikicdn.com/ts/review/09/3c/11/4914f39c1a2617b43c2d98ac54975c49.jpg"}],"created_at":1645022713,"created_by":{"id":16904710,"name":"Dung Lee","full_name":"Dung Lee","created_time":"2020-03-23 20:43:57","purchased":true,"purchased_at":1644141768},"product_id":127077153,"timeline":{"review_created_date":"2022-02-16 21:45:13","delivery_date":"2022-02-07 09:14:26"}},{"id":19522546,"title":"Cực kì hài lòng","content":"Giao hàng nhanh, sách đc bọc kỹ, còn nguyên seal","customer_id":23307715,"rating":5,"images":[],"created_at":1694433525,"created_by":{"id":23307715,"name":"Đồng Ngọc Thanh","full_name":"Đồng Ngọc Thanh","created_time":"2021-08-28 23:28:01","purchased":true,"purchased_at":1694223680},"product_id":127077153,"timeline":{"review_created_date":"2023-09-11 18:58:45","delivery_date":"2023-09-11 10:26:22"}},{"id":15648456,"title":"Cực kì hài lòng","content":"Đợt này tiki giao nhanh lắm nhé và cx ko móp méo gì hết\nSách đang rẻ với có mgg ngon nên mình tranh thủ múc ngay và luôn 🤤🤤🤤","customer_id":14991934,"rating":5,"images":[{"id":3286345,"full_path":"https://salt.tikicdn.com/ts/review/bc/a1/83/ee5e479dfdf5aa42c78c377ed1447185.jpg"},{"id":3286346,"full_path":"https://salt.tikicdn.com/ts/review/f0/af/8d/95ec230c87681598a705905de6c5cfb6.jpg"}],"created_at":1648471542,"created_by":{"id":14991934,"name":"Thanh Thanh","full_name":"Thanh Thanh","created_time":"2019-11-16 19:14:18","purchased":true,"purchased_at":1648314109},"product_id":127077153,"timeline":{"review_created_date":"2022-03-28 19:45:42","delivery_date":"2022-03-27 15:39:17"}},{"id":17565793,"title":"Cực kì hài lòng","content":"Cẩm Phong in thì tất nhiên là đẹp rồi bé xinh xỉu luôn ý giao hàng còn nhanh nữa mới đặt trưa hôm qua thì sáng đã về rồi","customer_id":14671442,"rating":5,"images":[{"id":3840969,"full_path":"https://salt.tikicdn.com/ts/review/c0/8f/0b/2538dc973535cae8c821f38e74c6ca09.jpg"}],"created_at":1661924172,"created_by":{"id":14671442,"name":"Lâm Lan Vi","full_name":"Lâm Lan Vi","created_time":"2019-10-29 11:53:37","purchased":true,"purchased_at":1661748366},"product_id":127077153,"timeline":{"review_created_date":"2022-08-31 12:36:12","delivery_date":"2022-08-30 09:54:58"}},{"id":16759757,"title":"Cực kì hài lòng","content":"mười điểm! quá xuất sắc 1 ngày là giáo tới rồi nội đứng thì khỏi phải bàn t2 là bé mục căn vào tập huấn quân đội rùi","customer_id":16017907,"rating":5,"images":[{"id":3603452,"full_path":"https://salt.tikicdn.com/ts/review/6a/b8/5c/2ecc1310c6c9c333bd555f4bf9382d57.jpg"}],"created_at":1655567792,"created_by":{"id":16017907,"name":"Chi nguyen Duong","full_name":"Chi nguyen Duong","created_time":"2020-01-16 20:04:50","purchased":true,"purchased_at":1655387521},"product_id":127077153,"timeline":{"review_created_date":"2022-06-18 22:56:32","delivery_date":"2022-06-18 16:14:59"}},{"id":14994296,"title":"Cực kì hài lòng","content":"Sách về không bị móp nghen giao còn rất nhanh nữa tui ưng chời đất ơi","customer_id":16904710,"rating":5,"images":[{"id":3138309,"full_path":"https://salt.tikicdn.com/ts/review/26/d7/c4/e56a8bf832d204426591e446df098533.jpg"},{"id":3138310,"full_path":"https://salt.tikicdn.com/ts/review/d5/0a/9a/ed598b9efeb99913fca094e2ed30190e.jpg"},{"id":3138311,"full_path":"https://salt.tikicdn.com/ts/review/09/3c/11/4914f39c1a2617b43c2d98ac54975c49.jpg"}],"created_at":1645022713,"created_by":{"id":16904710,"name":"Dung Lee","full_name":"Dung Lee","created_time":"2020-03-23 20:43:57","purchased":true,"purchased_at":1644141768},"product_id":127077153,"timeline":{"review_created_date":"2022-02-16 21:45:13","delivery_date":"2022-02-07 09:14:26"}},{"id":19522546,"title":"Cực kì hài lòng","content":"Giao hàng nhanh, sách đc bọc kỹ, còn nguyên seal","customer_id":23307715,"rating":5,"images":[],"created_at":1694433525,"created_by":{"id":23307715,"name":"Đồng Ngọc Thanh","full_name":"Đồng Ngọc Thanh","created_time":"2021-08-28 23:28:01","purchased":true,"purchased_at":1694223680},"product_id":127077153,"timeline":{"review_created_date":"2023-09-11 18:58:45","delivery_date":"2023-09-11 10:26:22"}}]}