{"id":127591109,"dbId":11385,"createdAt":1710936308000,"name":"Sách - Giữa biển người mình tìm được nhau","short_description":"       Công ty phát hành: Bách Việt   Tên Sách: Giữa biển người mình tìm được nhau   Tác giả: Raxu - Hano   Số trang: 304   Loại bìa: Mềm   Ngày phát hành: 25/08/2020   Giới thiệu   Giữa bi...","description":"\u003chtml\u003e\n \u003chead\u003e\u003c/head\u003e\n \u003cbody\u003e\n  \u003cul\u003e\n   \u003cp\u003eCông ty phát hành: Bách Việt\u003c/p\u003e\n   \u003cp\u003eTên Sách: Giữa biển người mình tìm được nhau\u003c/p\u003e\n   \u003cp\u003eTác giả: Raxu - Hano\u003c/p\u003e\n   \u003cp\u003eSố trang: 304\u003c/p\u003e\n   \u003cp\u003eLoại bìa: Mềm\u003c/p\u003e\n   \u003cp\u003eNgày phát hành: 25/08/2020\u003c/p\u003e\n   \u003cp\u003eGiới thiệu\u003c/p\u003e\n   \u003cp\u003eGiữa biển người, mình tìm được nhau là tập truyện ngắn về tình yêu và tuổi trẻ được kể lại từ góc nhìn đầy lãng mạn của các cô cậu học trò song cũng phảng phất nỗi niềm day dứt của bất kì ai đã đi qua thời áo trắng. Qua từng câu chuyện, độc giả như được đắm mình trong làn gió thanh xuân bất tận, thả hồn vào kí ức về mối tình đầu, khơi lên cảm xúc rạo rực tưởng như đã chai mòn theo năm tháng.\u003c/p\u003e\n   \u003cp\u003eNhững cái vuốt ve gò má, mơn trớn làn môi, âu yếm thề hẹn không rời của lần rung động đầu đời cuối cùng cũng trở thành dĩ vãng đẹp đẽ. Dẫu có được chôn vùi sâu trong kí ức thì đến một mai giữa biển người, mình tìm được nhau, xúc cảm khi xưa lại trỗi dậy, khiến con tim thổn thức.\u003c/p\u003e\n   \u003cp\u003eGiữa biển người, mình tìm được nhau dành cho những bạn trẻ còn loay hoay trong truyện tình cảm. Nhiều bạn vẫn nghĩ yêu là phải lãng mạn, phải bay bổng. Nhưng tình yêu đơn giản lắm. Chỉ một cái nắm tay, một li nước giải khát, một que kem, một cái hôn nhẹ, cũng đủ làm tỉnh cảm thăng hoa rồi.\u003c/p\u003e\n   \u003cp\u003eCuốn sách cũng dành cho độc giả đã qua rồi cái tuổi ô mai, tưởng chừng như tình yêu người lớn không gì hơn ngoài vụ lợi. Qua Giữa biển người, mình tìm được nhau, ta soi chiếu lại chính mình… phải chăng cuộc sống bận rộn với vô vàn nỗi lo đã che mất nhân sinh quan về tình yêu tự lúc nào chẳng hay?\u003c/p\u003e\n  \u003c/ul\u003e\n \u003c/body\u003e\n\u003c/html\u003e\u003cp\u003eGiá sản phẩm trên Tiki đã bao gồm thuế theo luật hiện hành. Bên cạnh đó, tuỳ vào loại sản phẩm, hình thức và địa chỉ giao hàng mà có thể phát sinh thêm chi phí khác như phí vận chuyển, phụ phí hàng cồng kềnh, thuế nhập khẩu (đối với đơn hàng giao từ nước ngoài có giá trị trên 1 triệu đồng).....\u003c/p\u003e","original_price":79000.0,"thumbnail_url":"https://salt.tikicdn.com/cache/280x280/ts/product/4b/4d/70/fdd87afd35a68e766287387ef84f8522.jpg","images":[{"base_url":"https://salt.tikicdn.com/ts/product/4b/4d/70/fdd87afd35a68e766287387ef84f8522.jpg","dbId":30311},{"base_url":"https://salt.tikicdn.com/ts/product/7a/1c/9e/32b97e34ae7796c602571d5f7dfef4c5.jpg","dbId":30312}],"specifications":[{"name":"Thông tin chung","attributes":[{"name":"Công ty phát hành","value":"Bách Việt"},{"name":"Nhà xuất bản","value":"Nhà Xuất Bản Văn Học"},{"code":"PUBLICATION_DATE","name":"Ngày xuất bản","value":"Tue Mar 05 19:05:08 ICT 2024"}]}],"stock_item":{"qty":1000},"all_time_quantity_sold":0,"reviews":[]}