{"id":128623340,"dbId":10818,"createdAt":1635227359000,"name":"Nghìn Lẻ Một Đêm","short_description":"Nghìn Lẻ Một ĐêmTác giả: Antoine GallandDịch giả: Phan QuangKích thước: 18,5 x 26,5 cmSố trang: 1348Hình thức: Bìa cứng, có áo. Tặng kèm 01 bookmark và 01 postcardsMã sản phẩm: 8936203360783Sá...","description":"\u003cp\u003e\u003cstrong\u003eNghìn Lẻ Một Đêm\u003c/strong\u003e\u003c/p\u003e\n\u003cul\u003e\n\u003cli\u003eTác giả: Antoine Galland\u003c/li\u003e\n\u003cli\u003e\u003cstrong\u003eDịch giả: Phan Quang\u003c/strong\u003e\u003c/li\u003e\n\u003cli\u003eKích thước: 18,5 x 26,5 cm\u003c/li\u003e\n\u003cli\u003eSố trang: 1348\u003c/li\u003e\n\u003cli\u003eHình thức: Bìa cứng, có áo. Tặng kèm 01 bookmark và 01 postcards\u003c/li\u003e\n\u003cli\u003eMã sản phẩm: 8936203360783\u003c/li\u003e\n\u003cli\u003eSách do Công ty Cổ phần Văn hóa Đông A và NXB Văn học liên kết ấn hành\u003c/li\u003e\n\u003c/ul\u003e\n\u003cp\u003eBắt nguồn từ một cuốn sách cổ tên là \u003cem\u003eHezār Afsān\u003c/em\u003e (Một ngàn truyện), pho sách đồ sộ \u003cem\u003eN\u003c/em\u003e\u003cem\u003eghìn lẻ một đêm\u003c/em\u003e tập hợp những câu chuyện dân gian kỳ ảo có xuất xứ từ Ả Rập, Ba Tư và Hy Lạp, được lưu truyền bởi những người Ai Cập kể chuyện rong vào thế kỷ XII và XIII, có nội dung phong phú, chủ đề đa dạng và từ ngữ sáng sủa. Về nội dung, \u003cem\u003eNghìn lẻ một đêm\u003c/em\u003e mở ra một thế giới đa sắc màu với đủ các khuôn mặt từ thần tiên đến con người, từ nhà quý tộc đến người bình dân trong xã hội Ả Rập thời Trung cổ. Về nghệ thuật, tác phẩm có một kết cấu hết sức hoàn chỉnh, mạch truyện hấp dẫn với nhiều tình tiết kịch tính và bất ngờ, cùng ngôn ngữ kể chuyện điêu luyện. Kể từ khi xuất hiện, \u003cem\u003eNghìn lẻ một đêm\u003c/em\u003e sớm gây ảnh hưởng sâu rộng lên nền văn học nhân loại và truyền cảm hứng cho nhiều nhà văn nổi tiếng thế giới, như lời nhận xét của nhà văn Maxime Gorki: “Công trình dệt gấm bằng từ ngữ này xuất hiện từ thời tối cổ, những sợi tơ muôn màu của nó lan khắp bốn phương, phủ lên Trái Đất một tấm thảm từ ngữ đẹp lạ lùng”.\u003c/p\u003e\n\u003cp\u003eTại Việt Nam, bản chuyển ngữ \u003cem\u003eNghìn lẻ một đêm \u003c/em\u003ecủa dịch giả Phan Quang từ bản Pháp ngữ \u003cem\u003eLes mille et une nuits\u003c/em\u003e nổi tiếng của học giả Antoine Galland đã nhận được sự yêu mến của đông đảo bạn đọc. Nhờ tình yêu và lòng say mê kiệt tác của Antoine Galland, nhà báo lão thành Phan Quang đã kỳ công sưu tầm và tìm hiểu nhiều tư liệu quý hiếm liên quan đến tác phẩm cũng như đạo Hồi và văn hóa Ả Rập, để rồi đưa đến tay bạn đọc nước nhà một bản dịch xuất sắc và hoàn chỉnh.\u003c/p\u003e\n\u003cp\u003e\u003cstrong\u003eTrong ấn bản lần này,\u003c/strong\u003e \u003cstrong\u003eĐông A giữ lại đầy đủ và trọn vẹn tất cả những truyện mà dịch giả chuyển ngữ dựa\u003c/strong\u003e \u003cstrong\u003evào bản in \u003c/strong\u003e\u003cstrong\u003e\u003cem\u003eLes mille et une nuits\u003c/em\u003e\u003c/strong\u003e\u003cstrong\u003e do nhà xuất bản Anh em Garnier (Librairie Garnier\u003c/strong\u003e \u003cstrong\u003eFrères) phát hành năm 1921. Ngoài ra, Đông A cũng giữ lại và trình bày theo đúng\u003c/strong\u003e \u003cstrong\u003enguyên tác toàn bộ tranh vẽ minh họa trong bản in của nhà Anh em Garnier, đồng thời\u003c/strong\u003e \u003cstrong\u003ebổ sung một số minh họa từ ấn bản tiếng Đức do nhà Verlag von Emil Strauß phát hành\u003c/strong\u003e \u003cstrong\u003enăm 1897, với mong muốn đưa đến cho độc giả một cái nhìn sống động và chân thực\u003c/strong\u003e \u003cstrong\u003enhất về thế giới Ả Rập, để rồi từ đó có thể chìm đắm trong những câu chuyện nhiệm\u003c/strong\u003e \u003cstrong\u003emàu của nàng Scheherazade.\u003c/strong\u003e\u003c/p\u003e\n\u003cp\u003e\u003cstrong\u003e\u003cu\u003eGiới thiệu tác giả:\u003c/u\u003e\u003c/strong\u003e\u003c/p\u003e\n\u003cp\u003eAntoine Galland (1646 - 1715) là nhà Đông phương học, khảo cổ học và dịch giả nổi tiếng người Pháp.\u003c/p\u003e\n\u003cp\u003eÔng sinh ra trong một gia đình nghèo tại trị trấn Rollot thuộc miền Picardie. Sau khi hoàn tất chương trình trung học tại Noyon, Antoine Galland lên Paris học tiếng Hy Lạp và La Tinh. Ông trở thành thư ký riêng của sứ thần Pháp tại Constantinople giai đoạn 1670 – 1675 và sau đó làm công tác khảo cổ theo ủy nhiệm của nội các Colbert dưới thời vua Louis XIV năm 1679. Hai sứ mạng này mang đến cho Galland cơ hội chu du qua nhiều vùng đất Tây Á, học thêm tiếng Thổ Nhĩ Kỹ, Ba Tư, Ả Rập và nghiên cứu văn hóa, phong tục, tôn giáo của các dân bản địa để sau đó thực hiện nhiều công trình khảo cứu và dịch thuật giá trị, như bản dịch kinh Qur’an của đạo Hồi, tập truyện cổ Ấn Độ và nổi tiếng nhất là bộ\u003cem\u003e Les mille et une nuits\u003c/em\u003e xuất bản phần đầu năm 1704. Bản dịch \u003cem\u003eLes mille et une nuits\u003c/em\u003e chính là bản nền cho các bản dịch \u003cem\u003eNghìn lẻ một đêm\u003c/em\u003e trong nhiều ngôn ngữ phương Tây khác, như tiếng Anh, tiếng Đức và tiếng Ý.\u003c/p\u003e\n\u003cp\u003eNăm 1709, ông giữ chức chủ nhiệm khoa Ả Rập học tại Collège de France cho đến khi qua đời.\u003c/p\u003e\n\u003cp\u003e\u003cstrong\u003e\u003cu\u003eGiới thiệu dịch giả:\u003c/u\u003e\u003c/strong\u003e\u003c/p\u003e\n\u003cp\u003ePhan Quang (1928) là nhà văn, nhà báo Việt Nam kỳ cựu. Ông tên thật là Phan Quang Diêu, sinh ra và lớn lên tại làng Thượng Xá, huyện Hải Lăng, tỉnh Quảng Trị. Năm 20 tuổi, ông bắt đầu sự nghiệp viết lách, là cây bút quen thuộc trên báo \u003cem\u003eCứu quốc Liên khu IV. \u003c/em\u003eNăm 1954, ông được điều động về báo \u003cem\u003eNhân dân \u003c/em\u003evà làm việc tại đây trong gần 30 năm, kinh qua nhiều chức vụ quan trọng. Ngòi bút của ông mạnh mẽ về phong cách và đa dạng về thể loại, từ phóng sự, tiểu luận đến truyện ngắn, bút ký, truyện dịch. Thập niên 1970, ông bắt đầu dịch bộ sách \u003cem\u003eNghìn lẻ một đêm \u003c/em\u003etừ công trình \u003cem\u003eLes mille et une nuits\u003c/em\u003e của Antoine Galland. Năm 1981, bản dịch \u003cem\u003eNghìn lẻ một đêm \u003c/em\u003ecủa Phan Quang được in lần đầu và gây tiếng vang lớn với tốc độ phát hành đáng nể: ba vạn bản nhanh chóng được bán hết. Từ thành công của \u003cem\u003eNghìn lẻ một đêm, \u003c/em\u003eông tiếp tục dịch bộ \u003cem\u003eNghìn lẻ một ngày \u003c/em\u003ecủa François Pétis de la Croix và biên soạn quyển sách \u003cem\u003eNghìn lẻ một đêm và văn minh Ả Rập. \u003c/em\u003e\u003c/p\u003e\n\u003cp\u003eHiện nay, ở tuổi 93, nhà báo Phan Quang vẫn đọc sách mỗi ngày và dành thời gian cho công tác nghiên cứu, học thuật.\u003c/p\u003e\u003cp\u003eGiá sản phẩm trên Tiki đã bao gồm thuế theo luật hiện hành. Bên cạnh đó, tuỳ vào loại sản phẩm, hình thức và địa chỉ giao hàng mà có thể phát sinh thêm chi phí khác như phí vận chuyển, phụ phí hàng cồng kềnh, thuế nhập khẩu (đối với đơn hàng giao từ nước ngoài có giá trị trên 1 triệu đồng).....\u003c/p\u003e","original_price":990000.0,"thumbnail_url":"https://salt.tikicdn.com/cache/280x280/ts/product/1e/8d/d3/50cd1a741f9bf7f5fab495d863282d7a.jpg","images":[{"base_url":"https://salt.tikicdn.com/ts/product/1e/8d/d3/50cd1a741f9bf7f5fab495d863282d7a.jpg","dbId":28829},{"base_url":"https://salt.tikicdn.com/ts/product/8c/ff/45/c0ec68c24838a4344da7ca6f2956f09f.jpg","dbId":28830},{"base_url":"https://salt.tikicdn.com/ts/product/71/21/0c/c8aeef14b8acdf4eac489f7369595f20.jpg","dbId":28831},{"base_url":"https://salt.tikicdn.com/ts/product/1d/b3/78/7a256d8900845a098f2d623b50c25258.jpg","dbId":28832},{"base_url":"https://salt.tikicdn.com/ts/product/6f/b3/3e/e5547833c3b4e7c42bb092c75997e76e.jpg","dbId":28833},{"base_url":"https://salt.tikicdn.com/ts/product/31/6a/83/ba2a91d1bcc0d0a0bdd67737520d27f3.jpg","dbId":28834},{"base_url":"https://salt.tikicdn.com/ts/product/f4/e7/4a/9633ca30dd396d9af27978ec13c5c796.jpg","dbId":28835}],"authors":[{"id":10904,"name":"Antoine Galland","dbId":5726}],"specifications":[{"name":"Thông tin chung","attributes":[{"name":"Công ty phát hành","value":"Đông A"},{"name":"Ngày xuất bản","value":"2021-10-08 12:49:19"},{"name":"Phiên bản","value":"Thông thường"},{"name":"Loại bìa","value":"Bìa cứng"},{"name":"Số trang","value":"1364"},{"name":"Nhà xuất bản","value":"Nhà Xuất Bản Văn Học"}]}],"stock_item":{"qty":1000},"all_time_quantity_sold":81,"reviews":[{"id":15019502,"title":"Cực kì hài lòng","content":"Sách được đóng gói rất cẩn thận, vận chuyển từ Sài Gòn ra Thái Nguyên mà không bị trầy chút nào. Giao hàng nhanh, uy tín! Hình thức sách của Đông A thì miễn chê rồi, cuốn sách như một vật phong thủy luôn. Xin cảm ơn Tiki và Đông A đã đưa đến tay những người mê sách như mình 1 sản phẩm quá tuyệt vời!","customer_id":1785457,"rating":5,"images":[{"id":3143827,"full_path":"https://salt.tikicdn.com/ts/review/c6/cf/bc/e143c2751345cbded616a3575c5dfcc5.jpg"},{"id":3143828,"full_path":"https://salt.tikicdn.com/ts/review/e0/b0/b0/b22ac4300bb80928c825646397a8fef4.jpg"},{"id":3143829,"full_path":"https://salt.tikicdn.com/ts/review/e6/00/73/376c697403fa0a75db5090b858a3179c.jpg"},{"id":3143830,"full_path":"https://salt.tikicdn.com/ts/review/22/49/fb/8ac9560aca8c26a262a38e5b49b2821a.jpg"}],"created_at":1645165197,"created_by":{"id":1785457,"name":"Ha Nguyen","full_name":"Ha Nguyen","created_time":"2016-10-14 22:43:49","purchased":true,"purchased_at":1644852123},"product_id":128623340,"timeline":{"review_created_date":"2022-02-18 13:19:57","delivery_date":"2022-02-18 10:34:01"}},{"id":14981263,"title":"Cực kì hài lòng","content":"+ Shop gửi hàng cực kỳ, cực kỳ nhanh chóng. Mình ở xa mà tối nay đặt, sáng mốt đã nhận được. Xin cảm ơn.\n+ Bao gói rất ít, có mỗi cái thùng giấy bên ngoài, mình rất lo lắng nhưng sản phẩm không hư hại gì mấy nên vẫn khuyến khích 5 sao. Sách quý nên được bao gói kỹ càng hơn.\n+ Ấn bản này đẹp từ bìa cho đến giấy, đến mực in, với những hình minh hoạ chính là điểm nhấn. \"Đây là bản đầy đủ nên to rầm, bự đùng, dày cui và nặng tay nha các bạn.\"","customer_id":16128567,"rating":5,"images":[{"id":3135513,"full_path":"https://salt.tikicdn.com/ts/review/5a/26/b6/00d47ec0a3dfe5ba2b023caecc675186.jpg"},{"id":3135514,"full_path":"https://salt.tikicdn.com/ts/review/d9/c2/50/fab1752dbcab662877a3887dfb212423.jpg"},{"id":3135515,"full_path":"https://salt.tikicdn.com/ts/review/69/cb/f3/cccff98dc0af78c21b91f72fba60273f.jpg"},{"id":3135516,"full_path":"https://salt.tikicdn.com/ts/review/4d/2d/84/a9190d347d5a0b18dd08f76aa82c3e59.jpg"}],"created_at":1644976306,"created_by":{"id":16128567,"name":"Ignis Virtutis","full_name":"Ignis Virtutis","created_time":"2020-01-26 11:09:04","purchased":true,"purchased_at":1645113570},"product_id":128623340,"timeline":{"review_created_date":"2022-02-16 08:51:46","delivery_date":"2022-02-16 08:18:14"}},{"id":13862924,"title":"Cực kì hài lòng","content":"Tiki / Đông A giao hàng rất nhanh, đóng gói vô cùng kĩ, sách mở ra mới tinh kg trầy cả màng co.\nHình thức sách thì kg có gì để chê, bìa áo bìa trong đều lung linh, giấy dâỳ cầm đã tay, chữ và hình ảnh in đẹp và rõ ràng\nNội dung thì còn tuyệt hơn. Trước đây mình đã nghe/đọc qua nghìn lẻ một đêm nhiều lần, nhưng Đông A đã đem đến cho mình 1 phiên bản còn tốt hơn nữa, ngôn từ và trình bày đều rất hay và cuốn hút.","customer_id":78030,"rating":5,"images":[{"id":2895118,"full_path":"https://salt.tikicdn.com/ts/review/57/18/4b/c2b8b7ccdfe8bd3cff3960a3ad9ac542.jpg"},{"id":2895119,"full_path":"https://salt.tikicdn.com/ts/review/53/bd/d8/74390408c1a1f1ee2819bfae652225fd.jpg"},{"id":2895120,"full_path":"https://salt.tikicdn.com/ts/review/a3/ac/2e/c1b9f5db950d9d301b8e862178bf8c77.jpg"},{"id":2895121,"full_path":"https://salt.tikicdn.com/ts/review/09/e3/74/e2b6df9f403e5c840efe77ae7f28de86.jpg"}],"created_at":1639627646,"created_by":{"id":78030,"name":"Đỗ  Thái Quốc Duy","full_name":"Đỗ  Thái Quốc Duy","created_time":"2012-12-02 17:13:55","purchased":true,"purchased_at":1639267070},"product_id":128623340,"timeline":{"review_created_date":"2021-12-16 11:07:26","delivery_date":"2021-12-15 14:31:05"}},{"id":13293301,"title":"Cực kì hài lòng","content":"Phải công nhận là DongA đóng gói rất kĩ càng, bọc lớp chống sốc, dán kĩ, mở ra sách còn y nguyên, tiki trading với Minh Tâm thì để nguyên cuốn sách bỏ vô hộp làm xước cuốn sách thấy ghê, FAHASA có gói chống sốc nhưng không có dán. Hi vọng là tiki trading có cải thiện . Riêng cuốn sách đẹp quá , nhớ lại kỉ niệm tuổi thơ","customer_id":10305935,"rating":5,"images":[{"id":2772761,"full_path":"https://salt.tikicdn.com/ts/review/b0/51/bd/cbb169547bbe602eea240eee29bcb5d9.jpg"},{"id":2772762,"full_path":"https://salt.tikicdn.com/ts/review/b2/dc/c1/2a57773f1362347a484d16fa402a9769.jpg"},{"id":2772763,"full_path":"https://salt.tikicdn.com/ts/review/41/7e/40/c9c67e5508b84862228d208ac3975d13.jpg"},{"id":2772764,"full_path":"https://salt.tikicdn.com/ts/review/65/81/9a/dea91f620cc67a5d9f039d81bf9878f6.jpg"}],"created_at":1637251484,"created_by":{"id":10305935,"name":"Nguyễn Hữu Nghị","full_name":"Nguyễn Hữu Nghị","created_time":"2019-01-10 19:35:48","purchased":true,"purchased_at":1636971295},"product_id":128623340,"timeline":{"review_created_date":"2021-11-18 23:04:44","delivery_date":"2021-11-18 22:21:04"}},{"id":15640422,"title":"Rất không hài lòng","content":"Xin lỗi vì tôi không thể hài lòng về sản phẩm này của ĐôngA được. Sách bị móp ở các góc và có phần giấy không khớp với lề. Mua sách đặc biệt giá cao mà nhận về sản phẩm lỗi. Thật hết nói nổi!","customer_id":6799764,"rating":1,"images":[{"id":3283808,"full_path":"https://salt.tikicdn.com/ts/review/b0/c0/c9/48ca121dc2ed0e4155df004d9a3ec4e2.jpg"},{"id":3283809,"full_path":"https://salt.tikicdn.com/ts/review/05/3d/fd/e020e52e7b01cc3ebe6cb80bc5b640c4.jpg"},{"id":3283810,"full_path":"https://salt.tikicdn.com/ts/review/95/f7/c6/c9c8c7364c7767300008164e6efe8813.jpg"},{"id":3283811,"full_path":"https://salt.tikicdn.com/ts/review/fa/fb/67/9f759c02fd91edfeb693615561573860.jpg"},{"id":3283812,"full_path":"https://salt.tikicdn.com/ts/review/95/10/c7/83d96e6de9e1c13aac60208d2df0ed96.jpg"}],"created_at":1648442004,"created_by":{"id":6799764,"name":"Le Khac Quan","full_name":"Le Khac Quan","created_time":"2018-03-26 18:34:27","purchased":true,"purchased_at":1648094893},"product_id":128623340,"timeline":{"review_created_date":"2022-03-28 11:33:24","delivery_date":"2022-03-26 10:59:57"}},{"id":15019502,"title":"Cực kì hài lòng","content":"Sách được đóng gói rất cẩn thận, vận chuyển từ Sài Gòn ra Thái Nguyên mà không bị trầy chút nào. Giao hàng nhanh, uy tín! Hình thức sách của Đông A thì miễn chê rồi, cuốn sách như một vật phong thủy luôn. Xin cảm ơn Tiki và Đông A đã đưa đến tay những người mê sách như mình 1 sản phẩm quá tuyệt vời!","customer_id":1785457,"rating":5,"images":[{"id":3143827,"full_path":"https://salt.tikicdn.com/ts/review/c6/cf/bc/e143c2751345cbded616a3575c5dfcc5.jpg"},{"id":3143828,"full_path":"https://salt.tikicdn.com/ts/review/e0/b0/b0/b22ac4300bb80928c825646397a8fef4.jpg"},{"id":3143829,"full_path":"https://salt.tikicdn.com/ts/review/e6/00/73/376c697403fa0a75db5090b858a3179c.jpg"},{"id":3143830,"full_path":"https://salt.tikicdn.com/ts/review/22/49/fb/8ac9560aca8c26a262a38e5b49b2821a.jpg"}],"created_at":1645165197,"created_by":{"id":1785457,"name":"Ha Nguyen","full_name":"Ha Nguyen","created_time":"2016-10-14 22:43:49","purchased":true,"purchased_at":1644852123},"product_id":128623340,"timeline":{"review_created_date":"2022-02-18 13:19:57","delivery_date":"2022-02-18 10:34:01"}},{"id":14981263,"title":"Cực kì hài lòng","content":"+ Shop gửi hàng cực kỳ, cực kỳ nhanh chóng. Mình ở xa mà tối nay đặt, sáng mốt đã nhận được. Xin cảm ơn.\n+ Bao gói rất ít, có mỗi cái thùng giấy bên ngoài, mình rất lo lắng nhưng sản phẩm không hư hại gì mấy nên vẫn khuyến khích 5 sao. Sách quý nên được bao gói kỹ càng hơn.\n+ Ấn bản này đẹp từ bìa cho đến giấy, đến mực in, với những hình minh hoạ chính là điểm nhấn. \"Đây là bản đầy đủ nên to rầm, bự đùng, dày cui và nặng tay nha các bạn.\"","customer_id":16128567,"rating":5,"images":[{"id":3135513,"full_path":"https://salt.tikicdn.com/ts/review/5a/26/b6/00d47ec0a3dfe5ba2b023caecc675186.jpg"},{"id":3135514,"full_path":"https://salt.tikicdn.com/ts/review/d9/c2/50/fab1752dbcab662877a3887dfb212423.jpg"},{"id":3135515,"full_path":"https://salt.tikicdn.com/ts/review/69/cb/f3/cccff98dc0af78c21b91f72fba60273f.jpg"},{"id":3135516,"full_path":"https://salt.tikicdn.com/ts/review/4d/2d/84/a9190d347d5a0b18dd08f76aa82c3e59.jpg"}],"created_at":1644976306,"created_by":{"id":16128567,"name":"Ignis Virtutis","full_name":"Ignis Virtutis","created_time":"2020-01-26 11:09:04","purchased":true,"purchased_at":1645113570},"product_id":128623340,"timeline":{"review_created_date":"2022-02-16 08:51:46","delivery_date":"2022-02-16 08:18:14"}},{"id":13862924,"title":"Cực kì hài lòng","content":"Tiki / Đông A giao hàng rất nhanh, đóng gói vô cùng kĩ, sách mở ra mới tinh kg trầy cả màng co.\nHình thức sách thì kg có gì để chê, bìa áo bìa trong đều lung linh, giấy dâỳ cầm đã tay, chữ và hình ảnh in đẹp và rõ ràng\nNội dung thì còn tuyệt hơn. Trước đây mình đã nghe/đọc qua nghìn lẻ một đêm nhiều lần, nhưng Đông A đã đem đến cho mình 1 phiên bản còn tốt hơn nữa, ngôn từ và trình bày đều rất hay và cuốn hút.","customer_id":78030,"rating":5,"images":[{"id":2895118,"full_path":"https://salt.tikicdn.com/ts/review/57/18/4b/c2b8b7ccdfe8bd3cff3960a3ad9ac542.jpg"},{"id":2895119,"full_path":"https://salt.tikicdn.com/ts/review/53/bd/d8/74390408c1a1f1ee2819bfae652225fd.jpg"},{"id":2895120,"full_path":"https://salt.tikicdn.com/ts/review/a3/ac/2e/c1b9f5db950d9d301b8e862178bf8c77.jpg"},{"id":2895121,"full_path":"https://salt.tikicdn.com/ts/review/09/e3/74/e2b6df9f403e5c840efe77ae7f28de86.jpg"}],"created_at":1639627646,"created_by":{"id":78030,"name":"Đỗ  Thái Quốc Duy","full_name":"Đỗ  Thái Quốc Duy","created_time":"2012-12-02 17:13:55","purchased":true,"purchased_at":1639267070},"product_id":128623340,"timeline":{"review_created_date":"2021-12-16 11:07:26","delivery_date":"2021-12-15 14:31:05"}},{"id":13293301,"title":"Cực kì hài lòng","content":"Phải công nhận là DongA đóng gói rất kĩ càng, bọc lớp chống sốc, dán kĩ, mở ra sách còn y nguyên, tiki trading với Minh Tâm thì để nguyên cuốn sách bỏ vô hộp làm xước cuốn sách thấy ghê, FAHASA có gói chống sốc nhưng không có dán. Hi vọng là tiki trading có cải thiện . Riêng cuốn sách đẹp quá , nhớ lại kỉ niệm tuổi thơ","customer_id":10305935,"rating":5,"images":[{"id":2772761,"full_path":"https://salt.tikicdn.com/ts/review/b0/51/bd/cbb169547bbe602eea240eee29bcb5d9.jpg"},{"id":2772762,"full_path":"https://salt.tikicdn.com/ts/review/b2/dc/c1/2a57773f1362347a484d16fa402a9769.jpg"},{"id":2772763,"full_path":"https://salt.tikicdn.com/ts/review/41/7e/40/c9c67e5508b84862228d208ac3975d13.jpg"},{"id":2772764,"full_path":"https://salt.tikicdn.com/ts/review/65/81/9a/dea91f620cc67a5d9f039d81bf9878f6.jpg"}],"created_at":1637251484,"created_by":{"id":10305935,"name":"Nguyễn Hữu Nghị","full_name":"Nguyễn Hữu Nghị","created_time":"2019-01-10 19:35:48","purchased":true,"purchased_at":1636971295},"product_id":128623340,"timeline":{"review_created_date":"2021-11-18 23:04:44","delivery_date":"2021-11-18 22:21:04"}},{"id":15640422,"title":"Rất không hài lòng","content":"Xin lỗi vì tôi không thể hài lòng về sản phẩm này của ĐôngA được. Sách bị móp ở các góc và có phần giấy không khớp với lề. Mua sách đặc biệt giá cao mà nhận về sản phẩm lỗi. Thật hết nói nổi!","customer_id":6799764,"rating":1,"images":[{"id":3283808,"full_path":"https://salt.tikicdn.com/ts/review/b0/c0/c9/48ca121dc2ed0e4155df004d9a3ec4e2.jpg"},{"id":3283809,"full_path":"https://salt.tikicdn.com/ts/review/05/3d/fd/e020e52e7b01cc3ebe6cb80bc5b640c4.jpg"},{"id":3283810,"full_path":"https://salt.tikicdn.com/ts/review/95/f7/c6/c9c8c7364c7767300008164e6efe8813.jpg"},{"id":3283811,"full_path":"https://salt.tikicdn.com/ts/review/fa/fb/67/9f759c02fd91edfeb693615561573860.jpg"},{"id":3283812,"full_path":"https://salt.tikicdn.com/ts/review/95/10/c7/83d96e6de9e1c13aac60208d2df0ed96.jpg"}],"created_at":1648442004,"created_by":{"id":6799764,"name":"Le Khac Quan","full_name":"Le Khac Quan","created_time":"2018-03-26 18:34:27","purchased":true,"purchased_at":1648094893},"product_id":128623340,"timeline":{"review_created_date":"2022-03-28 11:33:24","delivery_date":"2022-03-26 10:59:57"}},{"id":15019502,"title":"Cực kì hài lòng","content":"Sách được đóng gói rất cẩn thận, vận chuyển từ Sài Gòn ra Thái Nguyên mà không bị trầy chút nào. Giao hàng nhanh, uy tín! Hình thức sách của Đông A thì miễn chê rồi, cuốn sách như một vật phong thủy luôn. Xin cảm ơn Tiki và Đông A đã đưa đến tay những người mê sách như mình 1 sản phẩm quá tuyệt vời!","customer_id":1785457,"rating":5,"images":[{"id":3143827,"full_path":"https://salt.tikicdn.com/ts/review/c6/cf/bc/e143c2751345cbded616a3575c5dfcc5.jpg"},{"id":3143828,"full_path":"https://salt.tikicdn.com/ts/review/e0/b0/b0/b22ac4300bb80928c825646397a8fef4.jpg"},{"id":3143829,"full_path":"https://salt.tikicdn.com/ts/review/e6/00/73/376c697403fa0a75db5090b858a3179c.jpg"},{"id":3143830,"full_path":"https://salt.tikicdn.com/ts/review/22/49/fb/8ac9560aca8c26a262a38e5b49b2821a.jpg"}],"created_at":1645165197,"created_by":{"id":1785457,"name":"Ha Nguyen","full_name":"Ha Nguyen","created_time":"2016-10-14 22:43:49","purchased":true,"purchased_at":1644852123},"product_id":128623340,"timeline":{"review_created_date":"2022-02-18 13:19:57","delivery_date":"2022-02-18 10:34:01"}},{"id":14981263,"title":"Cực kì hài lòng","content":"+ Shop gửi hàng cực kỳ, cực kỳ nhanh chóng. Mình ở xa mà tối nay đặt, sáng mốt đã nhận được. Xin cảm ơn.\n+ Bao gói rất ít, có mỗi cái thùng giấy bên ngoài, mình rất lo lắng nhưng sản phẩm không hư hại gì mấy nên vẫn khuyến khích 5 sao. Sách quý nên được bao gói kỹ càng hơn.\n+ Ấn bản này đẹp từ bìa cho đến giấy, đến mực in, với những hình minh hoạ chính là điểm nhấn. \"Đây là bản đầy đủ nên to rầm, bự đùng, dày cui và nặng tay nha các bạn.\"","customer_id":16128567,"rating":5,"images":[{"id":3135513,"full_path":"https://salt.tikicdn.com/ts/review/5a/26/b6/00d47ec0a3dfe5ba2b023caecc675186.jpg"},{"id":3135514,"full_path":"https://salt.tikicdn.com/ts/review/d9/c2/50/fab1752dbcab662877a3887dfb212423.jpg"},{"id":3135515,"full_path":"https://salt.tikicdn.com/ts/review/69/cb/f3/cccff98dc0af78c21b91f72fba60273f.jpg"},{"id":3135516,"full_path":"https://salt.tikicdn.com/ts/review/4d/2d/84/a9190d347d5a0b18dd08f76aa82c3e59.jpg"}],"created_at":1644976306,"created_by":{"id":16128567,"name":"Ignis Virtutis","full_name":"Ignis Virtutis","created_time":"2020-01-26 11:09:04","purchased":true,"purchased_at":1645113570},"product_id":128623340,"timeline":{"review_created_date":"2022-02-16 08:51:46","delivery_date":"2022-02-16 08:18:14"}},{"id":13862924,"title":"Cực kì hài lòng","content":"Tiki / Đông A giao hàng rất nhanh, đóng gói vô cùng kĩ, sách mở ra mới tinh kg trầy cả màng co.\nHình thức sách thì kg có gì để chê, bìa áo bìa trong đều lung linh, giấy dâỳ cầm đã tay, chữ và hình ảnh in đẹp và rõ ràng\nNội dung thì còn tuyệt hơn. Trước đây mình đã nghe/đọc qua nghìn lẻ một đêm nhiều lần, nhưng Đông A đã đem đến cho mình 1 phiên bản còn tốt hơn nữa, ngôn từ và trình bày đều rất hay và cuốn hút.","customer_id":78030,"rating":5,"images":[{"id":2895118,"full_path":"https://salt.tikicdn.com/ts/review/57/18/4b/c2b8b7ccdfe8bd3cff3960a3ad9ac542.jpg"},{"id":2895119,"full_path":"https://salt.tikicdn.com/ts/review/53/bd/d8/74390408c1a1f1ee2819bfae652225fd.jpg"},{"id":2895120,"full_path":"https://salt.tikicdn.com/ts/review/a3/ac/2e/c1b9f5db950d9d301b8e862178bf8c77.jpg"},{"id":2895121,"full_path":"https://salt.tikicdn.com/ts/review/09/e3/74/e2b6df9f403e5c840efe77ae7f28de86.jpg"}],"created_at":1639627646,"created_by":{"id":78030,"name":"Đỗ  Thái Quốc Duy","full_name":"Đỗ  Thái Quốc Duy","created_time":"2012-12-02 17:13:55","purchased":true,"purchased_at":1639267070},"product_id":128623340,"timeline":{"review_created_date":"2021-12-16 11:07:26","delivery_date":"2021-12-15 14:31:05"}},{"id":13293301,"title":"Cực kì hài lòng","content":"Phải công nhận là DongA đóng gói rất kĩ càng, bọc lớp chống sốc, dán kĩ, mở ra sách còn y nguyên, tiki trading với Minh Tâm thì để nguyên cuốn sách bỏ vô hộp làm xước cuốn sách thấy ghê, FAHASA có gói chống sốc nhưng không có dán. Hi vọng là tiki trading có cải thiện . Riêng cuốn sách đẹp quá , nhớ lại kỉ niệm tuổi thơ","customer_id":10305935,"rating":5,"images":[{"id":2772761,"full_path":"https://salt.tikicdn.com/ts/review/b0/51/bd/cbb169547bbe602eea240eee29bcb5d9.jpg"},{"id":2772762,"full_path":"https://salt.tikicdn.com/ts/review/b2/dc/c1/2a57773f1362347a484d16fa402a9769.jpg"},{"id":2772763,"full_path":"https://salt.tikicdn.com/ts/review/41/7e/40/c9c67e5508b84862228d208ac3975d13.jpg"},{"id":2772764,"full_path":"https://salt.tikicdn.com/ts/review/65/81/9a/dea91f620cc67a5d9f039d81bf9878f6.jpg"}],"created_at":1637251484,"created_by":{"id":10305935,"name":"Nguyễn Hữu Nghị","full_name":"Nguyễn Hữu Nghị","created_time":"2019-01-10 19:35:48","purchased":true,"purchased_at":1636971295},"product_id":128623340,"timeline":{"review_created_date":"2021-11-18 23:04:44","delivery_date":"2021-11-18 22:21:04"}},{"id":15640422,"title":"Rất không hài lòng","content":"Xin lỗi vì tôi không thể hài lòng về sản phẩm này của ĐôngA được. Sách bị móp ở các góc và có phần giấy không khớp với lề. Mua sách đặc biệt giá cao mà nhận về sản phẩm lỗi. Thật hết nói nổi!","customer_id":6799764,"rating":1,"images":[{"id":3283808,"full_path":"https://salt.tikicdn.com/ts/review/b0/c0/c9/48ca121dc2ed0e4155df004d9a3ec4e2.jpg"},{"id":3283809,"full_path":"https://salt.tikicdn.com/ts/review/05/3d/fd/e020e52e7b01cc3ebe6cb80bc5b640c4.jpg"},{"id":3283810,"full_path":"https://salt.tikicdn.com/ts/review/95/f7/c6/c9c8c7364c7767300008164e6efe8813.jpg"},{"id":3283811,"full_path":"https://salt.tikicdn.com/ts/review/fa/fb/67/9f759c02fd91edfeb693615561573860.jpg"},{"id":3283812,"full_path":"https://salt.tikicdn.com/ts/review/95/10/c7/83d96e6de9e1c13aac60208d2df0ed96.jpg"}],"created_at":1648442004,"created_by":{"id":6799764,"name":"Le Khac Quan","full_name":"Le Khac Quan","created_time":"2018-03-26 18:34:27","purchased":true,"purchased_at":1648094893},"product_id":128623340,"timeline":{"review_created_date":"2022-03-28 11:33:24","delivery_date":"2022-03-26 10:59:57"}},{"id":15019502,"title":"Cực kì hài lòng","content":"Sách được đóng gói rất cẩn thận, vận chuyển từ Sài Gòn ra Thái Nguyên mà không bị trầy chút nào. Giao hàng nhanh, uy tín! Hình thức sách của Đông A thì miễn chê rồi, cuốn sách như một vật phong thủy luôn. Xin cảm ơn Tiki và Đông A đã đưa đến tay những người mê sách như mình 1 sản phẩm quá tuyệt vời!","customer_id":1785457,"rating":5,"images":[{"id":3143827,"full_path":"https://salt.tikicdn.com/ts/review/c6/cf/bc/e143c2751345cbded616a3575c5dfcc5.jpg"},{"id":3143828,"full_path":"https://salt.tikicdn.com/ts/review/e0/b0/b0/b22ac4300bb80928c825646397a8fef4.jpg"},{"id":3143829,"full_path":"https://salt.tikicdn.com/ts/review/e6/00/73/376c697403fa0a75db5090b858a3179c.jpg"},{"id":3143830,"full_path":"https://salt.tikicdn.com/ts/review/22/49/fb/8ac9560aca8c26a262a38e5b49b2821a.jpg"}],"created_at":1645165197,"created_by":{"id":1785457,"name":"Ha Nguyen","full_name":"Ha Nguyen","created_time":"2016-10-14 22:43:49","purchased":true,"purchased_at":1644852123},"product_id":128623340,"timeline":{"review_created_date":"2022-02-18 13:19:57","delivery_date":"2022-02-18 10:34:01"}},{"id":14981263,"title":"Cực kì hài lòng","content":"+ Shop gửi hàng cực kỳ, cực kỳ nhanh chóng. Mình ở xa mà tối nay đặt, sáng mốt đã nhận được. Xin cảm ơn.\n+ Bao gói rất ít, có mỗi cái thùng giấy bên ngoài, mình rất lo lắng nhưng sản phẩm không hư hại gì mấy nên vẫn khuyến khích 5 sao. Sách quý nên được bao gói kỹ càng hơn.\n+ Ấn bản này đẹp từ bìa cho đến giấy, đến mực in, với những hình minh hoạ chính là điểm nhấn. \"Đây là bản đầy đủ nên to rầm, bự đùng, dày cui và nặng tay nha các bạn.\"","customer_id":16128567,"rating":5,"images":[{"id":3135513,"full_path":"https://salt.tikicdn.com/ts/review/5a/26/b6/00d47ec0a3dfe5ba2b023caecc675186.jpg"},{"id":3135514,"full_path":"https://salt.tikicdn.com/ts/review/d9/c2/50/fab1752dbcab662877a3887dfb212423.jpg"},{"id":3135515,"full_path":"https://salt.tikicdn.com/ts/review/69/cb/f3/cccff98dc0af78c21b91f72fba60273f.jpg"},{"id":3135516,"full_path":"https://salt.tikicdn.com/ts/review/4d/2d/84/a9190d347d5a0b18dd08f76aa82c3e59.jpg"}],"created_at":1644976306,"created_by":{"id":16128567,"name":"Ignis Virtutis","full_name":"Ignis Virtutis","created_time":"2020-01-26 11:09:04","purchased":true,"purchased_at":1645113570},"product_id":128623340,"timeline":{"review_created_date":"2022-02-16 08:51:46","delivery_date":"2022-02-16 08:18:14"}},{"id":13862924,"title":"Cực kì hài lòng","content":"Tiki / Đông A giao hàng rất nhanh, đóng gói vô cùng kĩ, sách mở ra mới tinh kg trầy cả màng co.\nHình thức sách thì kg có gì để chê, bìa áo bìa trong đều lung linh, giấy dâỳ cầm đã tay, chữ và hình ảnh in đẹp và rõ ràng\nNội dung thì còn tuyệt hơn. Trước đây mình đã nghe/đọc qua nghìn lẻ một đêm nhiều lần, nhưng Đông A đã đem đến cho mình 1 phiên bản còn tốt hơn nữa, ngôn từ và trình bày đều rất hay và cuốn hút.","customer_id":78030,"rating":5,"images":[{"id":2895118,"full_path":"https://salt.tikicdn.com/ts/review/57/18/4b/c2b8b7ccdfe8bd3cff3960a3ad9ac542.jpg"},{"id":2895119,"full_path":"https://salt.tikicdn.com/ts/review/53/bd/d8/74390408c1a1f1ee2819bfae652225fd.jpg"},{"id":2895120,"full_path":"https://salt.tikicdn.com/ts/review/a3/ac/2e/c1b9f5db950d9d301b8e862178bf8c77.jpg"},{"id":2895121,"full_path":"https://salt.tikicdn.com/ts/review/09/e3/74/e2b6df9f403e5c840efe77ae7f28de86.jpg"}],"created_at":1639627646,"created_by":{"id":78030,"name":"Đỗ  Thái Quốc Duy","full_name":"Đỗ  Thái Quốc Duy","created_time":"2012-12-02 17:13:55","purchased":true,"purchased_at":1639267070},"product_id":128623340,"timeline":{"review_created_date":"2021-12-16 11:07:26","delivery_date":"2021-12-15 14:31:05"}},{"id":13293301,"title":"Cực kì hài lòng","content":"Phải công nhận là DongA đóng gói rất kĩ càng, bọc lớp chống sốc, dán kĩ, mở ra sách còn y nguyên, tiki trading với Minh Tâm thì để nguyên cuốn sách bỏ vô hộp làm xước cuốn sách thấy ghê, FAHASA có gói chống sốc nhưng không có dán. Hi vọng là tiki trading có cải thiện . Riêng cuốn sách đẹp quá , nhớ lại kỉ niệm tuổi thơ","customer_id":10305935,"rating":5,"images":[{"id":2772761,"full_path":"https://salt.tikicdn.com/ts/review/b0/51/bd/cbb169547bbe602eea240eee29bcb5d9.jpg"},{"id":2772762,"full_path":"https://salt.tikicdn.com/ts/review/b2/dc/c1/2a57773f1362347a484d16fa402a9769.jpg"},{"id":2772763,"full_path":"https://salt.tikicdn.com/ts/review/41/7e/40/c9c67e5508b84862228d208ac3975d13.jpg"},{"id":2772764,"full_path":"https://salt.tikicdn.com/ts/review/65/81/9a/dea91f620cc67a5d9f039d81bf9878f6.jpg"}],"created_at":1637251484,"created_by":{"id":10305935,"name":"Nguyễn Hữu Nghị","full_name":"Nguyễn Hữu Nghị","created_time":"2019-01-10 19:35:48","purchased":true,"purchased_at":1636971295},"product_id":128623340,"timeline":{"review_created_date":"2021-11-18 23:04:44","delivery_date":"2021-11-18 22:21:04"}},{"id":15640422,"title":"Rất không hài lòng","content":"Xin lỗi vì tôi không thể hài lòng về sản phẩm này của ĐôngA được. Sách bị móp ở các góc và có phần giấy không khớp với lề. Mua sách đặc biệt giá cao mà nhận về sản phẩm lỗi. Thật hết nói nổi!","customer_id":6799764,"rating":1,"images":[{"id":3283808,"full_path":"https://salt.tikicdn.com/ts/review/b0/c0/c9/48ca121dc2ed0e4155df004d9a3ec4e2.jpg"},{"id":3283809,"full_path":"https://salt.tikicdn.com/ts/review/05/3d/fd/e020e52e7b01cc3ebe6cb80bc5b640c4.jpg"},{"id":3283810,"full_path":"https://salt.tikicdn.com/ts/review/95/f7/c6/c9c8c7364c7767300008164e6efe8813.jpg"},{"id":3283811,"full_path":"https://salt.tikicdn.com/ts/review/fa/fb/67/9f759c02fd91edfeb693615561573860.jpg"},{"id":3283812,"full_path":"https://salt.tikicdn.com/ts/review/95/10/c7/83d96e6de9e1c13aac60208d2df0ed96.jpg"}],"created_at":1648442004,"created_by":{"id":6799764,"name":"Le Khac Quan","full_name":"Le Khac Quan","created_time":"2018-03-26 18:34:27","purchased":true,"purchased_at":1648094893},"product_id":128623340,"timeline":{"review_created_date":"2022-03-28 11:33:24","delivery_date":"2022-03-26 10:59:57"}}]}