{"id":129152728,"dbId":11393,"createdAt":1647930304000,"name":"Truyện cười nghề nghiệp","short_description":"Có thể nói rằng khoảng thời gian học sinh là thời gian đáng nhớ nhất trong cuộc đời mỗi một con người, những ai đã đi qua những ngày tháng học sinh sẽ không thể nào quên được những câu chuyện vui nhộn...","description":"\u003cp\u003eCó thể nói rằng khoảng thời gian học sinh là thời gian đáng nhớ nhất trong cuộc đời mỗi một con người, những ai đã đi qua những ngày tháng học sinh sẽ không thể nào quên được những câu chuyện vui nhộn, dở khóc dở cười với biết bao kỉ niệm dưới mái trường, đặc biệt là những câu chuyện cười.\u003c/p\u003e\u003cp\u003eGiá sản phẩm trên Tiki đã bao gồm thuế theo luật hiện hành. Bên cạnh đó, tuỳ vào loại sản phẩm, hình thức và địa chỉ giao hàng mà có thể phát sinh thêm chi phí khác như phí vận chuyển, phụ phí hàng cồng kềnh, thuế nhập khẩu (đối với đơn hàng giao từ nước ngoài có giá trị trên 1 triệu đồng).....\u003c/p\u003e","original_price":48000.0,"thumbnail_url":"https://salt.tikicdn.com/cache/280x280/ts/product/41/c0/1c/d5d90411a0c72d8ed5b2059a1a507d4f.jpg","images":[{"base_url":"https://salt.tikicdn.com/ts/product/41/c0/1c/d5d90411a0c72d8ed5b2059a1a507d4f.jpg","dbId":30331}],"specifications":[{"name":"Thông tin chung","attributes":[{"name":"Công ty phát hành","value":"Công ty Cổ phần sách Nhân dân"},{"name":"Nhà xuất bản","value":"Nhà Xuất Bản Thời Đại"},{"code":"PUBLICATION_DATE","name":"Ngày xuất bản","value":"Wed Mar 09 13:25:04 ICT 2022"}]}],"stock_item":{"qty":1000},"all_time_quantity_sold":5,"reviews":[{"id":15481279,"title":"Cực kì hài lòng","content":"ok","customer_id":904415,"rating":5,"images":[{"id":3434959,"full_path":"https://salt.tikicdn.com/ts/review/ec/d5/b0/796d6abb38bde122626769254321e8f9.jpg"}],"created_at":1647584704,"created_by":{"id":904415,"name":"Lê Nguyên Hồng Việt","full_name":"Lê Nguyên Hồng Việt","created_time":"2015-10-27 17:20:26","purchased":true,"purchased_at":1646826008},"product_id":129152728,"timeline":{"review_created_date":"2022-03-18 13:25:04","delivery_date":"2022-03-15 20:38:43"}}]}