{"id":130416595,"dbId":11185,"createdAt":1634058000000,"name":"Mèo Mốc Black Book - tập 2","short_description":"Mèo Mốc Black Book 2 – Gặp lại Mèo Mốc ở thế giới đen trắngNhật kí bằng tranh rực rỡ sắc màu của Mèo Mốc bỗng dưng “bay màu” chỉ còn lại đen và trắng! Thế nhưng diện mạo mới này cũng chẳng thể nào cả...","description":"Mèo Mốc Black Book 2 – Gặp lại Mèo Mốc ở thế giới đen trắng\n\u003cp\u003eNhật kí bằng tranh rực rỡ sắc màu của Mèo Mốc bỗng dưng “bay màu” chỉ còn lại đen và trắng! Thế nhưng diện mạo mới này cũng chẳng thể nào cản được hành trình “mốc hóa” thế giới siêu hài hước của Mèo Mốc và đồng bọn! \u003c/p\u003e\n\u003cp\u003eTập thứ hai của Mèo Mốc Black Book tiếp tục đưa các bạn độc giả dấn thân vào một thế giới chỉ có hai màu y chang con Mốc! Thế giới này cũng có tùm lum đủ chuyện tào lao bí đao; nào chuyện đi học, đi thi, nào đám bạn “thị phi” cùng những rắc rối cười ngặt nghẽo, nào chuyện hàng ngày mở mắt ra là gặp, nào những bí ẩn “đáng sợ” chưa có lời giải… Tất cả đều đậm chất thương hiệu Mèo Mốc, đảm bảo khiến bạn phá lên cười quên cả sự đời! Đặc biệt hơn, phiên bản này có một chương trình giao lưu đặc biệt, nơi sinh vật bí ẩn đen thui mang tên Mèo Mốc sẽ tiết lộ những bí mật “động trời” không thể bỏ qua!\u003c/p\u003e\n\u003cp\u003eCác bạn độc giả hãy cùng chờ đón một Mèo Mốc Black Book hai màu siêu ngầu không kém phần hài hước và tươi vui nhé!\u003c/p\u003e\u003cp\u003eGiá sản phẩm trên Tiki đã bao gồm thuế theo luật hiện hành. Bên cạnh đó, tuỳ vào loại sản phẩm, hình thức và địa chỉ giao hàng mà có thể phát sinh thêm chi phí khác như phí vận chuyển, phụ phí hàng cồng kềnh, thuế nhập khẩu (đối với đơn hàng giao từ nước ngoài có giá trị trên 1 triệu đồng).....\u003c/p\u003e","original_price":45000.0,"thumbnail_url":"https://salt.tikicdn.com/cache/280x280/ts/product/fc/4b/b6/58a7d783d7248735c3d4dac0a3074881.jpg","images":[{"base_url":"https://salt.tikicdn.com/ts/product/fc/4b/b6/58a7d783d7248735c3d4dac0a3074881.jpg","dbId":29816}],"authors":[{"id":27275,"name":"Mèo Mốc","dbId":5941}],"specifications":[{"name":"Thông tin chung","attributes":[{"name":"Phiên bản sách","value":"Phiên bản thường"},{"name":"Công ty phát hành","value":"SkyComics"},{"name":"Ngày xuất bản","value":"2021-10-01 00:00:00"},{"name":"Loại bìa","value":"Bìa mềm"},{"name":"Số trang","value":"104"},{"name":"Nhà xuất bản","value":"Nhà Xuất Bản Dân Trí"},{"code":"PUBLICATION_DATE","name":"Kích thước","value":"13 x 19 cm"}]}],"stock_item":{"qty":1000},"all_time_quantity_sold":497,"reviews":[{"id":16654909,"title":"Cực kì hài lòng","content":"tặng người quen mà mình ở tphcm đặt ra vinh hôm nay đặt hôm sau giao luôn nhanh lắm , còn chất lượng thế nào không biết","customer_id":23876550,"rating":5,"images":[{"id":3572056,"full_path":"https://salt.tikicdn.com/ts/review/49/8f/fa/bc68ff9bb28ad9d8f97709348854b422.jpg"}],"created_at":1654825608,"created_by":{"id":23876550,"name":"hong lam","full_name":"hong lam","created_time":"2021-10-02 10:29:09","purchased":true,"purchased_at":1654668074},"product_id":130416595,"timeline":{"review_created_date":"2022-06-10 08:46:48","delivery_date":"2022-06-09 16:24:17"}},{"id":17160859,"title":"Hài lòng","content":"Sách nhìn rất cũ, bìa xước tùm lum bonus dính keo nhưng may là sách không bị cong góc dù tiki không bọc chống sốc","customer_id":19902574,"rating":4,"images":[{"id":3716015,"full_path":"https://salt.tikicdn.com/ts/review/0b/52/2b/1ae9f279383ca33c4e3564ebd645b619.jpg"}],"created_at":1658466136,"created_by":{"id":19902574,"name":"Nguyễn Hoàng Bảo Như","full_name":"Nguyễn Hoàng Bảo Như","created_time":"2021-01-15 15:10:24","purchased":true,"purchased_at":1658083872},"product_id":130416595,"timeline":{"review_created_date":"2022-07-22 12:02:16","delivery_date":"2022-07-22 11:06:13"}},{"id":13833815,"title":"Cực kì hài lòng","content":"sách đẹp, giáo hàng đúng hẹn, đóng gói chưa cẩn thận lắm, làm sách trong hộp bị chạy tới lui không êm lắm","customer_id":11356600,"rating":5,"images":[{"id":2888559,"full_path":"https://salt.tikicdn.com/ts/review/55/e8/4f/76ddb1faa5cd4fe00f979c11e3e7e03f.jpg"},{"id":2888560,"full_path":"https://salt.tikicdn.com/ts/review/57/92/51/6152eeb602ccaa17c1662863eda35fa6.jpg"}],"created_at":1639529371,"created_by":{"id":11356600,"name":"Huynh Kieu Trang","full_name":"Huynh Kieu Trang","created_time":"2019-03-18 11:41:18","purchased":true,"purchased_at":1639316159},"product_id":130416595,"timeline":{"review_created_date":"2021-12-15 07:49:31","delivery_date":"2021-12-14 16:48:23"}},{"id":19622536,"title":"Cực kì hài lòng","content":"","customer_id":8163545,"rating":5,"images":[],"created_at":1698799127,"created_by":{"id":8163545,"name":"Khánh Nguyễn","full_name":"Khánh Nguyễn","created_time":"2018-10-01 15:34:37","purchased":true,"purchased_at":1696166046},"product_id":130416595,"timeline":{"review_created_date":"2023-11-01 07:38:47","delivery_date":"2023-10-02 14:12:18"}},{"id":18784331,"title":"Cực kì hài lòng","content":"Chưa đọc nhưng các bạn nhỏ (lớp 4 - 5) cực thích","customer_id":1672192,"rating":5,"images":[],"created_at":1676125127,"created_by":{"id":1672192,"name":"Minh Hạ","full_name":"Minh Hạ","created_time":"2016-09-06 14:10:51","purchased":true,"purchased_at":1672655761},"product_id":130416595,"timeline":{"review_created_date":"2023-02-11 21:18:47","delivery_date":"2023-01-06 18:22:00"}},{"id":16654909,"title":"Cực kì hài lòng","content":"tặng người quen mà mình ở tphcm đặt ra vinh hôm nay đặt hôm sau giao luôn nhanh lắm , còn chất lượng thế nào không biết","customer_id":23876550,"rating":5,"images":[{"id":3572056,"full_path":"https://salt.tikicdn.com/ts/review/49/8f/fa/bc68ff9bb28ad9d8f97709348854b422.jpg"}],"created_at":1654825608,"created_by":{"id":23876550,"name":"hong lam","full_name":"hong lam","created_time":"2021-10-02 10:29:09","purchased":true,"purchased_at":1654668074},"product_id":130416595,"timeline":{"review_created_date":"2022-06-10 08:46:48","delivery_date":"2022-06-09 16:24:17"}},{"id":17160859,"title":"Hài lòng","content":"Sách nhìn rất cũ, bìa xước tùm lum bonus dính keo nhưng may là sách không bị cong góc dù tiki không bọc chống sốc","customer_id":19902574,"rating":4,"images":[{"id":3716015,"full_path":"https://salt.tikicdn.com/ts/review/0b/52/2b/1ae9f279383ca33c4e3564ebd645b619.jpg"}],"created_at":1658466136,"created_by":{"id":19902574,"name":"Nguyễn Hoàng Bảo Như","full_name":"Nguyễn Hoàng Bảo Như","created_time":"2021-01-15 15:10:24","purchased":true,"purchased_at":1658083872},"product_id":130416595,"timeline":{"review_created_date":"2022-07-22 12:02:16","delivery_date":"2022-07-22 11:06:13"}},{"id":13833815,"title":"Cực kì hài lòng","content":"sách đẹp, giáo hàng đúng hẹn, đóng gói chưa cẩn thận lắm, làm sách trong hộp bị chạy tới lui không êm lắm","customer_id":11356600,"rating":5,"images":[{"id":2888559,"full_path":"https://salt.tikicdn.com/ts/review/55/e8/4f/76ddb1faa5cd4fe00f979c11e3e7e03f.jpg"},{"id":2888560,"full_path":"https://salt.tikicdn.com/ts/review/57/92/51/6152eeb602ccaa17c1662863eda35fa6.jpg"}],"created_at":1639529371,"created_by":{"id":11356600,"name":"Huynh Kieu Trang","full_name":"Huynh Kieu Trang","created_time":"2019-03-18 11:41:18","purchased":true,"purchased_at":1639316159},"product_id":130416595,"timeline":{"review_created_date":"2021-12-15 07:49:31","delivery_date":"2021-12-14 16:48:23"}},{"id":19622536,"title":"Cực kì hài lòng","content":"","customer_id":8163545,"rating":5,"images":[],"created_at":1698799127,"created_by":{"id":8163545,"name":"Khánh Nguyễn","full_name":"Khánh Nguyễn","created_time":"2018-10-01 15:34:37","purchased":true,"purchased_at":1696166046},"product_id":130416595,"timeline":{"review_created_date":"2023-11-01 07:38:47","delivery_date":"2023-10-02 14:12:18"}},{"id":18784331,"title":"Cực kì hài lòng","content":"Chưa đọc nhưng các bạn nhỏ (lớp 4 - 5) cực thích","customer_id":1672192,"rating":5,"images":[],"created_at":1676125127,"created_by":{"id":1672192,"name":"Minh Hạ","full_name":"Minh Hạ","created_time":"2016-09-06 14:10:51","purchased":true,"purchased_at":1672655761},"product_id":130416595,"timeline":{"review_created_date":"2023-02-11 21:18:47","delivery_date":"2023-01-06 18:22:00"}},{"id":16654909,"title":"Cực kì hài lòng","content":"tặng người quen mà mình ở tphcm đặt ra vinh hôm nay đặt hôm sau giao luôn nhanh lắm , còn chất lượng thế nào không biết","customer_id":23876550,"rating":5,"images":[{"id":3572056,"full_path":"https://salt.tikicdn.com/ts/review/49/8f/fa/bc68ff9bb28ad9d8f97709348854b422.jpg"}],"created_at":1654825608,"created_by":{"id":23876550,"name":"hong lam","full_name":"hong lam","created_time":"2021-10-02 10:29:09","purchased":true,"purchased_at":1654668074},"product_id":130416595,"timeline":{"review_created_date":"2022-06-10 08:46:48","delivery_date":"2022-06-09 16:24:17"}},{"id":17160859,"title":"Hài lòng","content":"Sách nhìn rất cũ, bìa xước tùm lum bonus dính keo nhưng may là sách không bị cong góc dù tiki không bọc chống sốc","customer_id":19902574,"rating":4,"images":[{"id":3716015,"full_path":"https://salt.tikicdn.com/ts/review/0b/52/2b/1ae9f279383ca33c4e3564ebd645b619.jpg"}],"created_at":1658466136,"created_by":{"id":19902574,"name":"Nguyễn Hoàng Bảo Như","full_name":"Nguyễn Hoàng Bảo Như","created_time":"2021-01-15 15:10:24","purchased":true,"purchased_at":1658083872},"product_id":130416595,"timeline":{"review_created_date":"2022-07-22 12:02:16","delivery_date":"2022-07-22 11:06:13"}},{"id":13833815,"title":"Cực kì hài lòng","content":"sách đẹp, giáo hàng đúng hẹn, đóng gói chưa cẩn thận lắm, làm sách trong hộp bị chạy tới lui không êm lắm","customer_id":11356600,"rating":5,"images":[{"id":2888559,"full_path":"https://salt.tikicdn.com/ts/review/55/e8/4f/76ddb1faa5cd4fe00f979c11e3e7e03f.jpg"},{"id":2888560,"full_path":"https://salt.tikicdn.com/ts/review/57/92/51/6152eeb602ccaa17c1662863eda35fa6.jpg"}],"created_at":1639529371,"created_by":{"id":11356600,"name":"Huynh Kieu Trang","full_name":"Huynh Kieu Trang","created_time":"2019-03-18 11:41:18","purchased":true,"purchased_at":1639316159},"product_id":130416595,"timeline":{"review_created_date":"2021-12-15 07:49:31","delivery_date":"2021-12-14 16:48:23"}},{"id":19622536,"title":"Cực kì hài lòng","content":"","customer_id":8163545,"rating":5,"images":[],"created_at":1698799127,"created_by":{"id":8163545,"name":"Khánh Nguyễn","full_name":"Khánh Nguyễn","created_time":"2018-10-01 15:34:37","purchased":true,"purchased_at":1696166046},"product_id":130416595,"timeline":{"review_created_date":"2023-11-01 07:38:47","delivery_date":"2023-10-02 14:12:18"}},{"id":18784331,"title":"Cực kì hài lòng","content":"Chưa đọc nhưng các bạn nhỏ (lớp 4 - 5) cực thích","customer_id":1672192,"rating":5,"images":[],"created_at":1676125127,"created_by":{"id":1672192,"name":"Minh Hạ","full_name":"Minh Hạ","created_time":"2016-09-06 14:10:51","purchased":true,"purchased_at":1672655761},"product_id":130416595,"timeline":{"review_created_date":"2023-02-11 21:18:47","delivery_date":"2023-01-06 18:22:00"}},{"id":16654909,"title":"Cực kì hài lòng","content":"tặng người quen mà mình ở tphcm đặt ra vinh hôm nay đặt hôm sau giao luôn nhanh lắm , còn chất lượng thế nào không biết","customer_id":23876550,"rating":5,"images":[{"id":3572056,"full_path":"https://salt.tikicdn.com/ts/review/49/8f/fa/bc68ff9bb28ad9d8f97709348854b422.jpg"}],"created_at":1654825608,"created_by":{"id":23876550,"name":"hong lam","full_name":"hong lam","created_time":"2021-10-02 10:29:09","purchased":true,"purchased_at":1654668074},"product_id":130416595,"timeline":{"review_created_date":"2022-06-10 08:46:48","delivery_date":"2022-06-09 16:24:17"}},{"id":17160859,"title":"Hài lòng","content":"Sách nhìn rất cũ, bìa xước tùm lum bonus dính keo nhưng may là sách không bị cong góc dù tiki không bọc chống sốc","customer_id":19902574,"rating":4,"images":[{"id":3716015,"full_path":"https://salt.tikicdn.com/ts/review/0b/52/2b/1ae9f279383ca33c4e3564ebd645b619.jpg"}],"created_at":1658466136,"created_by":{"id":19902574,"name":"Nguyễn Hoàng Bảo Như","full_name":"Nguyễn Hoàng Bảo Như","created_time":"2021-01-15 15:10:24","purchased":true,"purchased_at":1658083872},"product_id":130416595,"timeline":{"review_created_date":"2022-07-22 12:02:16","delivery_date":"2022-07-22 11:06:13"}},{"id":13833815,"title":"Cực kì hài lòng","content":"sách đẹp, giáo hàng đúng hẹn, đóng gói chưa cẩn thận lắm, làm sách trong hộp bị chạy tới lui không êm lắm","customer_id":11356600,"rating":5,"images":[{"id":2888559,"full_path":"https://salt.tikicdn.com/ts/review/55/e8/4f/76ddb1faa5cd4fe00f979c11e3e7e03f.jpg"},{"id":2888560,"full_path":"https://salt.tikicdn.com/ts/review/57/92/51/6152eeb602ccaa17c1662863eda35fa6.jpg"}],"created_at":1639529371,"created_by":{"id":11356600,"name":"Huynh Kieu Trang","full_name":"Huynh Kieu Trang","created_time":"2019-03-18 11:41:18","purchased":true,"purchased_at":1639316159},"product_id":130416595,"timeline":{"review_created_date":"2021-12-15 07:49:31","delivery_date":"2021-12-14 16:48:23"}},{"id":19622536,"title":"Cực kì hài lòng","content":"","customer_id":8163545,"rating":5,"images":[],"created_at":1698799127,"created_by":{"id":8163545,"name":"Khánh Nguyễn","full_name":"Khánh Nguyễn","created_time":"2018-10-01 15:34:37","purchased":true,"purchased_at":1696166046},"product_id":130416595,"timeline":{"review_created_date":"2023-11-01 07:38:47","delivery_date":"2023-10-02 14:12:18"}},{"id":18784331,"title":"Cực kì hài lòng","content":"Chưa đọc nhưng các bạn nhỏ (lớp 4 - 5) cực thích","customer_id":1672192,"rating":5,"images":[],"created_at":1676125127,"created_by":{"id":1672192,"name":"Minh Hạ","full_name":"Minh Hạ","created_time":"2016-09-06 14:10:51","purchased":true,"purchased_at":1672655761},"product_id":130416595,"timeline":{"review_created_date":"2023-02-11 21:18:47","delivery_date":"2023-01-06 18:22:00"}}]}