{"id":130743633,"dbId":11181,"createdAt":1634576400000,"name":"Housemates","short_description":"Housemates là câu chuyện về những nhân vật trong tất cả những truyện ngắn Zen đã viết: Trúc Anh, Kỳ Anh, Thiên, Đậu Đen, anh nhà văn và chú chó mất chủ, Lam và Blanche. Họ cùng chung sống trong một ng...","description":"\u003cp\u003eHousemates là câu chuyện về những nhân vật trong tất cả những truyện ngắn Zen đã viết: Trúc Anh, Kỳ Anh, Thiên, Đậu Đen, anh nhà văn và chú chó mất chủ, Lam và Blanche. Họ cùng chung sống trong một ngôi nhà, một thành phố; vẫn tính cách ấy, ngoại hình ấy, nhưng trong HOUSEMATES, thì mọi kết thúc đều sẽ có hậu.\u003c/p\u003e\u003cp\u003eGiá sản phẩm trên Tiki đã bao gồm thuế theo luật hiện hành. Bên cạnh đó, tuỳ vào loại sản phẩm, hình thức và địa chỉ giao hàng mà có thể phát sinh thêm chi phí khác như phí vận chuyển, phụ phí hàng cồng kềnh, thuế nhập khẩu (đối với đơn hàng giao từ nước ngoài có giá trị trên 1 triệu đồng).....\u003c/p\u003e","original_price":109000.0,"thumbnail_url":"https://salt.tikicdn.com/cache/280x280/ts/product/dc/ae/2d/66be22de6916fe290c920c8544f2b1b3.jpg","images":[{"base_url":"https://salt.tikicdn.com/ts/product/dc/ae/2d/66be22de6916fe290c920c8544f2b1b3.jpg","dbId":29802},{"base_url":"https://salt.tikicdn.com/ts/product/d3/60/18/ebe03736d4ecc36e87ba5587013aec96.jpg","dbId":29803},{"base_url":"https://salt.tikicdn.com/ts/product/6b/f3/51/25ea269c5279d45448a15612a69fcf0d.png","dbId":29804},{"base_url":"https://salt.tikicdn.com/ts/product/9c/55/5d/9d1c5ea6c13ccbd3c86a7a9e15d1fae7.png","dbId":29805}],"authors":[{"id":25652,"name":"Zen","dbId":5943}],"specifications":[{"name":"Thông tin chung","attributes":[{"name":"Phiên bản sách","value":"Phiên bản thường"},{"name":"Công ty phát hành","value":"Uranix"},{"name":"Ngày xuất bản","value":"2021-10-15 00:00:00"},{"name":"Loại bìa","value":"Bìa mềm"},{"name":"Số trang","value":"252"},{"name":"Nhà xuất bản","value":"Nhà Xuất Bản Dân Trí"},{"code":"PUBLICATION_DATE","name":"Kích thước","value":"14.5 x 20.5 cm"}]}],"stock_item":{"qty":1000},"all_time_quantity_sold":753,"reviews":[{"id":17612181,"title":"Cực kì hài lòng","content":"Hàng giao đúng ngày nhưng mình bận ko nghe máy nên chuyển sang hôm sau lấy. Hộp thấy bị móp 1 chỗ nhưng may là khum seo. Truyện đẹp, nội dung hay, postcard siêu xinh luôn.Chỉ là, tiki à, lần sau có thể bọc cho e 1 lớp chống sốc ko, chứ thấy hộp hơi móp xong mở hàng ra ko có lớp chống sốc, e sờ mà suýt ngất. May là hàng ko sao, vs cả anh shipper rất rất rất thân thiện luôn, nên vẫn 5 sao nha😊😊😊😊😊","customer_id":28035419,"rating":5,"images":[{"id":3852598,"full_path":"https://salt.tikicdn.com/ts/review/8e/92/a4/b1cc3628e711a159bb9105da88145660.jpg"},{"id":3852599,"full_path":"https://salt.tikicdn.com/ts/review/f5/3b/01/efc6e1fc1eb8caa1b2c9c23d72787f0f.jpg"},{"id":3852600,"full_path":"https://salt.tikicdn.com/ts/review/c8/9d/26/12287d1b06222d0ce2377f6c0e4b4e06.jpg"}],"created_at":1662446949,"created_by":{"id":28035419,"name":"Đoàn Nguyễn Hà Phương","full_name":"Đoàn Nguyễn Hà Phương","created_time":"2022-08-16 22:08:12","purchased":true,"purchased_at":1661849924},"product_id":130743633,"timeline":{"review_created_date":"2022-09-06 13:49:09","delivery_date":"2022-09-06 11:32:55"}},{"id":15448696,"title":"Cực kì hài lòng","content":"về đóng gọi tiki vẫn ko đảm bảo đc khâu này nên còn hơi móp méo \ncòn nội dung mình thấy rất hay đây là phiên bản hạnh phúc của 17nas mọi người nên đọc cuốn kia rồi đọc cuốn này sẽ thấy rất hay rất cảm động nền truyện tranh Việt đang ngày càng phát triển hơn tác giả vẽ cũng rất đẹp đường nét tinh tế \nvì là truyện nước nhà nên hãy cứ mua và ủng hộ nhé","customer_id":22058342,"rating":5,"images":[{"id":3239155,"full_path":"https://salt.tikicdn.com/ts/review/3f/3e/5c/cefda7130efd68e36cffc8c2902cb22e.jpg"},{"id":3239156,"full_path":"https://salt.tikicdn.com/ts/review/91/04/d6/2f92adbdeeafca4489146ef016c81e58.jpg"},{"id":3239157,"full_path":"https://salt.tikicdn.com/ts/review/80/fe/7c/380d9026a41296a6dcecf7e1304d69a9.jpg"},{"id":3239158,"full_path":"https://salt.tikicdn.com/ts/review/da/81/fe/3b4d4041c6eb28446b622e480e781e71.jpg"}],"created_at":1647416745,"created_by":{"id":22058342,"name":"An Mạc","full_name":"An Mạc","created_time":"2021-06-06 16:02:09","purchased":true,"purchased_at":1647134765},"product_id":130743633,"timeline":{"review_created_date":"2022-03-16 14:45:45","delivery_date":"2022-03-16 14:22:53"}},{"id":15020226,"title":"Cực kì hài lòng","content":"Truyện nhẹ nhàng, vui tươi.\nNhưng hy vọng vào lần tái bản theo tiếp truyện sẽ có phần giới thiệu nhân vật. Mình đọc 17 năm sánh ánh rồi sang House Mates nhưng bị nhầm lẫn nhân vật và không nổi nhân vật. Mà truyện lại còn kể 12 nhân vật lận nên mình nghĩ cần phần giới thiệu cho từng vật nhân vật lắm.","customer_id":26733217,"rating":5,"images":[{"id":3144052,"full_path":"https://salt.tikicdn.com/ts/review/09/ae/66/c63ad9ea0400126dd2e60642dab01ad3.jpg"},{"id":3144053,"full_path":"https://salt.tikicdn.com/ts/review/7b/11/0e/b9ebf6bbc09bbcb6fcc438b6e4781292.jpg"},{"id":3144054,"full_path":"https://salt.tikicdn.com/ts/review/47/e7/00/b768a1d19e83aa54173a501f07f99156.jpg"},{"id":3144055,"full_path":"https://salt.tikicdn.com/ts/review/b2/4b/07/85affa8efd7ce69ddb1ca639da412aeb.jpg"}],"created_at":1645167529,"created_by":{"id":26733217,"name":"Phùng Uyên","full_name":"Phùng Uyên","created_time":"2022-02-07 17:24:43","purchased":true,"purchased_at":1644685431},"product_id":130743633,"timeline":{"review_created_date":"2022-02-18 13:58:49","delivery_date":"2022-02-18 10:24:10"}},{"id":14992903,"title":"Cực kì hài lòng","content":"truyện tranh rất đẹp tốc độ giao hàng nhanh vừa đặt hôm qua hôm nay đã có tuy nhiên bên cạnh đó có phải nên nói là cái việc gói hàng này tốn bao nhiêu thời gian của shop quý vị vậy? một lớp mỏng còn chưa nói đến đã vậy còn gây tổn hại đến món hàng ? Tôi đặt hàng chứ không phải chơi \"vòng quay may rủi\" nhé. May thì bình thường xui rủi thì hỏng hóc. Cái này bên Tiki cần cân nhắc rõ điều này chứ ? Có nên bắt hoàn lại ít nhất từ 5-10% vì làm hàng hư hại này của bên shop không đây hay là phải hơn?","customer_id":26808154,"rating":4,"images":[{"id":3138028,"full_path":"https://salt.tikicdn.com/ts/review/6a/10/87/5785389ed4a52a1d4bba32f93fff4627.jpg"}],"created_at":1645017551,"created_by":{"id":26808154,"name":"Trần Thị Hạnh","full_name":"Trần Thị Hạnh","created_time":"2022-02-15 21:03:12","purchased":true,"purchased_at":1644936786},"product_id":130743633,"timeline":{"review_created_date":"2022-02-16 20:19:11","delivery_date":"2022-02-16 09:56:56"}},{"id":16525842,"title":"Hài lòng","content":"truyện xinh lắm, ý nghĩa, mình khuyên mấy bạn nên đọc cuốn 17 năm ánh sáng trước nữa nhé, ko có gì đáng bàn đến khi bookcare tiki bị sứt viền cả 1 đường luôn 😭😭 lỏng le luôn í thà ko bọc còn hơn 😭","customer_id":5299921,"rating":4,"images":[{"id":3584336,"full_path":"https://salt.tikicdn.com/ts/review/88/44/3d/dafd6942d50f905166dcc6f87e21b460.jpg"},{"id":3584337,"full_path":"https://salt.tikicdn.com/ts/review/f1/b0/86/9d97c7af8eb9b0ebf79c4cfe7d39fafc.jpg"}],"created_at":1653985554,"created_by":{"id":5299921,"name":"mduc ehhe","full_name":"mduc ehhe","created_time":"2017-05-19 10:19:41","purchased":true,"purchased_at":1653793958},"product_id":130743633,"timeline":{"review_created_date":"2022-05-31 15:25:54","delivery_date":"2022-05-31 15:08:19"}},{"id":17612181,"title":"Cực kì hài lòng","content":"Hàng giao đúng ngày nhưng mình bận ko nghe máy nên chuyển sang hôm sau lấy. Hộp thấy bị móp 1 chỗ nhưng may là khum seo. Truyện đẹp, nội dung hay, postcard siêu xinh luôn.Chỉ là, tiki à, lần sau có thể bọc cho e 1 lớp chống sốc ko, chứ thấy hộp hơi móp xong mở hàng ra ko có lớp chống sốc, e sờ mà suýt ngất. May là hàng ko sao, vs cả anh shipper rất rất rất thân thiện luôn, nên vẫn 5 sao nha😊😊😊😊😊","customer_id":28035419,"rating":5,"images":[{"id":3852598,"full_path":"https://salt.tikicdn.com/ts/review/8e/92/a4/b1cc3628e711a159bb9105da88145660.jpg"},{"id":3852599,"full_path":"https://salt.tikicdn.com/ts/review/f5/3b/01/efc6e1fc1eb8caa1b2c9c23d72787f0f.jpg"},{"id":3852600,"full_path":"https://salt.tikicdn.com/ts/review/c8/9d/26/12287d1b06222d0ce2377f6c0e4b4e06.jpg"}],"created_at":1662446949,"created_by":{"id":28035419,"name":"Đoàn Nguyễn Hà Phương","full_name":"Đoàn Nguyễn Hà Phương","created_time":"2022-08-16 22:08:12","purchased":true,"purchased_at":1661849924},"product_id":130743633,"timeline":{"review_created_date":"2022-09-06 13:49:09","delivery_date":"2022-09-06 11:32:55"}},{"id":15448696,"title":"Cực kì hài lòng","content":"về đóng gọi tiki vẫn ko đảm bảo đc khâu này nên còn hơi móp méo \ncòn nội dung mình thấy rất hay đây là phiên bản hạnh phúc của 17nas mọi người nên đọc cuốn kia rồi đọc cuốn này sẽ thấy rất hay rất cảm động nền truyện tranh Việt đang ngày càng phát triển hơn tác giả vẽ cũng rất đẹp đường nét tinh tế \nvì là truyện nước nhà nên hãy cứ mua và ủng hộ nhé","customer_id":22058342,"rating":5,"images":[{"id":3239155,"full_path":"https://salt.tikicdn.com/ts/review/3f/3e/5c/cefda7130efd68e36cffc8c2902cb22e.jpg"},{"id":3239156,"full_path":"https://salt.tikicdn.com/ts/review/91/04/d6/2f92adbdeeafca4489146ef016c81e58.jpg"},{"id":3239157,"full_path":"https://salt.tikicdn.com/ts/review/80/fe/7c/380d9026a41296a6dcecf7e1304d69a9.jpg"},{"id":3239158,"full_path":"https://salt.tikicdn.com/ts/review/da/81/fe/3b4d4041c6eb28446b622e480e781e71.jpg"}],"created_at":1647416745,"created_by":{"id":22058342,"name":"An Mạc","full_name":"An Mạc","created_time":"2021-06-06 16:02:09","purchased":true,"purchased_at":1647134765},"product_id":130743633,"timeline":{"review_created_date":"2022-03-16 14:45:45","delivery_date":"2022-03-16 14:22:53"}},{"id":15020226,"title":"Cực kì hài lòng","content":"Truyện nhẹ nhàng, vui tươi.\nNhưng hy vọng vào lần tái bản theo tiếp truyện sẽ có phần giới thiệu nhân vật. Mình đọc 17 năm sánh ánh rồi sang House Mates nhưng bị nhầm lẫn nhân vật và không nổi nhân vật. Mà truyện lại còn kể 12 nhân vật lận nên mình nghĩ cần phần giới thiệu cho từng vật nhân vật lắm.","customer_id":26733217,"rating":5,"images":[{"id":3144052,"full_path":"https://salt.tikicdn.com/ts/review/09/ae/66/c63ad9ea0400126dd2e60642dab01ad3.jpg"},{"id":3144053,"full_path":"https://salt.tikicdn.com/ts/review/7b/11/0e/b9ebf6bbc09bbcb6fcc438b6e4781292.jpg"},{"id":3144054,"full_path":"https://salt.tikicdn.com/ts/review/47/e7/00/b768a1d19e83aa54173a501f07f99156.jpg"},{"id":3144055,"full_path":"https://salt.tikicdn.com/ts/review/b2/4b/07/85affa8efd7ce69ddb1ca639da412aeb.jpg"}],"created_at":1645167529,"created_by":{"id":26733217,"name":"Phùng Uyên","full_name":"Phùng Uyên","created_time":"2022-02-07 17:24:43","purchased":true,"purchased_at":1644685431},"product_id":130743633,"timeline":{"review_created_date":"2022-02-18 13:58:49","delivery_date":"2022-02-18 10:24:10"}},{"id":14992903,"title":"Cực kì hài lòng","content":"truyện tranh rất đẹp tốc độ giao hàng nhanh vừa đặt hôm qua hôm nay đã có tuy nhiên bên cạnh đó có phải nên nói là cái việc gói hàng này tốn bao nhiêu thời gian của shop quý vị vậy? một lớp mỏng còn chưa nói đến đã vậy còn gây tổn hại đến món hàng ? Tôi đặt hàng chứ không phải chơi \"vòng quay may rủi\" nhé. May thì bình thường xui rủi thì hỏng hóc. Cái này bên Tiki cần cân nhắc rõ điều này chứ ? Có nên bắt hoàn lại ít nhất từ 5-10% vì làm hàng hư hại này của bên shop không đây hay là phải hơn?","customer_id":26808154,"rating":4,"images":[{"id":3138028,"full_path":"https://salt.tikicdn.com/ts/review/6a/10/87/5785389ed4a52a1d4bba32f93fff4627.jpg"}],"created_at":1645017551,"created_by":{"id":26808154,"name":"Trần Thị Hạnh","full_name":"Trần Thị Hạnh","created_time":"2022-02-15 21:03:12","purchased":true,"purchased_at":1644936786},"product_id":130743633,"timeline":{"review_created_date":"2022-02-16 20:19:11","delivery_date":"2022-02-16 09:56:56"}},{"id":16525842,"title":"Hài lòng","content":"truyện xinh lắm, ý nghĩa, mình khuyên mấy bạn nên đọc cuốn 17 năm ánh sáng trước nữa nhé, ko có gì đáng bàn đến khi bookcare tiki bị sứt viền cả 1 đường luôn 😭😭 lỏng le luôn í thà ko bọc còn hơn 😭","customer_id":5299921,"rating":4,"images":[{"id":3584336,"full_path":"https://salt.tikicdn.com/ts/review/88/44/3d/dafd6942d50f905166dcc6f87e21b460.jpg"},{"id":3584337,"full_path":"https://salt.tikicdn.com/ts/review/f1/b0/86/9d97c7af8eb9b0ebf79c4cfe7d39fafc.jpg"}],"created_at":1653985554,"created_by":{"id":5299921,"name":"mduc ehhe","full_name":"mduc ehhe","created_time":"2017-05-19 10:19:41","purchased":true,"purchased_at":1653793958},"product_id":130743633,"timeline":{"review_created_date":"2022-05-31 15:25:54","delivery_date":"2022-05-31 15:08:19"}},{"id":17612181,"title":"Cực kì hài lòng","content":"Hàng giao đúng ngày nhưng mình bận ko nghe máy nên chuyển sang hôm sau lấy. Hộp thấy bị móp 1 chỗ nhưng may là khum seo. Truyện đẹp, nội dung hay, postcard siêu xinh luôn.Chỉ là, tiki à, lần sau có thể bọc cho e 1 lớp chống sốc ko, chứ thấy hộp hơi móp xong mở hàng ra ko có lớp chống sốc, e sờ mà suýt ngất. May là hàng ko sao, vs cả anh shipper rất rất rất thân thiện luôn, nên vẫn 5 sao nha😊😊😊😊😊","customer_id":28035419,"rating":5,"images":[{"id":3852598,"full_path":"https://salt.tikicdn.com/ts/review/8e/92/a4/b1cc3628e711a159bb9105da88145660.jpg"},{"id":3852599,"full_path":"https://salt.tikicdn.com/ts/review/f5/3b/01/efc6e1fc1eb8caa1b2c9c23d72787f0f.jpg"},{"id":3852600,"full_path":"https://salt.tikicdn.com/ts/review/c8/9d/26/12287d1b06222d0ce2377f6c0e4b4e06.jpg"}],"created_at":1662446949,"created_by":{"id":28035419,"name":"Đoàn Nguyễn Hà Phương","full_name":"Đoàn Nguyễn Hà Phương","created_time":"2022-08-16 22:08:12","purchased":true,"purchased_at":1661849924},"product_id":130743633,"timeline":{"review_created_date":"2022-09-06 13:49:09","delivery_date":"2022-09-06 11:32:55"}},{"id":15448696,"title":"Cực kì hài lòng","content":"về đóng gọi tiki vẫn ko đảm bảo đc khâu này nên còn hơi móp méo \ncòn nội dung mình thấy rất hay đây là phiên bản hạnh phúc của 17nas mọi người nên đọc cuốn kia rồi đọc cuốn này sẽ thấy rất hay rất cảm động nền truyện tranh Việt đang ngày càng phát triển hơn tác giả vẽ cũng rất đẹp đường nét tinh tế \nvì là truyện nước nhà nên hãy cứ mua và ủng hộ nhé","customer_id":22058342,"rating":5,"images":[{"id":3239155,"full_path":"https://salt.tikicdn.com/ts/review/3f/3e/5c/cefda7130efd68e36cffc8c2902cb22e.jpg"},{"id":3239156,"full_path":"https://salt.tikicdn.com/ts/review/91/04/d6/2f92adbdeeafca4489146ef016c81e58.jpg"},{"id":3239157,"full_path":"https://salt.tikicdn.com/ts/review/80/fe/7c/380d9026a41296a6dcecf7e1304d69a9.jpg"},{"id":3239158,"full_path":"https://salt.tikicdn.com/ts/review/da/81/fe/3b4d4041c6eb28446b622e480e781e71.jpg"}],"created_at":1647416745,"created_by":{"id":22058342,"name":"An Mạc","full_name":"An Mạc","created_time":"2021-06-06 16:02:09","purchased":true,"purchased_at":1647134765},"product_id":130743633,"timeline":{"review_created_date":"2022-03-16 14:45:45","delivery_date":"2022-03-16 14:22:53"}},{"id":15020226,"title":"Cực kì hài lòng","content":"Truyện nhẹ nhàng, vui tươi.\nNhưng hy vọng vào lần tái bản theo tiếp truyện sẽ có phần giới thiệu nhân vật. Mình đọc 17 năm sánh ánh rồi sang House Mates nhưng bị nhầm lẫn nhân vật và không nổi nhân vật. Mà truyện lại còn kể 12 nhân vật lận nên mình nghĩ cần phần giới thiệu cho từng vật nhân vật lắm.","customer_id":26733217,"rating":5,"images":[{"id":3144052,"full_path":"https://salt.tikicdn.com/ts/review/09/ae/66/c63ad9ea0400126dd2e60642dab01ad3.jpg"},{"id":3144053,"full_path":"https://salt.tikicdn.com/ts/review/7b/11/0e/b9ebf6bbc09bbcb6fcc438b6e4781292.jpg"},{"id":3144054,"full_path":"https://salt.tikicdn.com/ts/review/47/e7/00/b768a1d19e83aa54173a501f07f99156.jpg"},{"id":3144055,"full_path":"https://salt.tikicdn.com/ts/review/b2/4b/07/85affa8efd7ce69ddb1ca639da412aeb.jpg"}],"created_at":1645167529,"created_by":{"id":26733217,"name":"Phùng Uyên","full_name":"Phùng Uyên","created_time":"2022-02-07 17:24:43","purchased":true,"purchased_at":1644685431},"product_id":130743633,"timeline":{"review_created_date":"2022-02-18 13:58:49","delivery_date":"2022-02-18 10:24:10"}},{"id":14992903,"title":"Cực kì hài lòng","content":"truyện tranh rất đẹp tốc độ giao hàng nhanh vừa đặt hôm qua hôm nay đã có tuy nhiên bên cạnh đó có phải nên nói là cái việc gói hàng này tốn bao nhiêu thời gian của shop quý vị vậy? một lớp mỏng còn chưa nói đến đã vậy còn gây tổn hại đến món hàng ? Tôi đặt hàng chứ không phải chơi \"vòng quay may rủi\" nhé. May thì bình thường xui rủi thì hỏng hóc. Cái này bên Tiki cần cân nhắc rõ điều này chứ ? Có nên bắt hoàn lại ít nhất từ 5-10% vì làm hàng hư hại này của bên shop không đây hay là phải hơn?","customer_id":26808154,"rating":4,"images":[{"id":3138028,"full_path":"https://salt.tikicdn.com/ts/review/6a/10/87/5785389ed4a52a1d4bba32f93fff4627.jpg"}],"created_at":1645017551,"created_by":{"id":26808154,"name":"Trần Thị Hạnh","full_name":"Trần Thị Hạnh","created_time":"2022-02-15 21:03:12","purchased":true,"purchased_at":1644936786},"product_id":130743633,"timeline":{"review_created_date":"2022-02-16 20:19:11","delivery_date":"2022-02-16 09:56:56"}},{"id":16525842,"title":"Hài lòng","content":"truyện xinh lắm, ý nghĩa, mình khuyên mấy bạn nên đọc cuốn 17 năm ánh sáng trước nữa nhé, ko có gì đáng bàn đến khi bookcare tiki bị sứt viền cả 1 đường luôn 😭😭 lỏng le luôn í thà ko bọc còn hơn 😭","customer_id":5299921,"rating":4,"images":[{"id":3584336,"full_path":"https://salt.tikicdn.com/ts/review/88/44/3d/dafd6942d50f905166dcc6f87e21b460.jpg"},{"id":3584337,"full_path":"https://salt.tikicdn.com/ts/review/f1/b0/86/9d97c7af8eb9b0ebf79c4cfe7d39fafc.jpg"}],"created_at":1653985554,"created_by":{"id":5299921,"name":"mduc ehhe","full_name":"mduc ehhe","created_time":"2017-05-19 10:19:41","purchased":true,"purchased_at":1653793958},"product_id":130743633,"timeline":{"review_created_date":"2022-05-31 15:25:54","delivery_date":"2022-05-31 15:08:19"}},{"id":17612181,"title":"Cực kì hài lòng","content":"Hàng giao đúng ngày nhưng mình bận ko nghe máy nên chuyển sang hôm sau lấy. Hộp thấy bị móp 1 chỗ nhưng may là khum seo. Truyện đẹp, nội dung hay, postcard siêu xinh luôn.Chỉ là, tiki à, lần sau có thể bọc cho e 1 lớp chống sốc ko, chứ thấy hộp hơi móp xong mở hàng ra ko có lớp chống sốc, e sờ mà suýt ngất. May là hàng ko sao, vs cả anh shipper rất rất rất thân thiện luôn, nên vẫn 5 sao nha😊😊😊😊😊","customer_id":28035419,"rating":5,"images":[{"id":3852598,"full_path":"https://salt.tikicdn.com/ts/review/8e/92/a4/b1cc3628e711a159bb9105da88145660.jpg"},{"id":3852599,"full_path":"https://salt.tikicdn.com/ts/review/f5/3b/01/efc6e1fc1eb8caa1b2c9c23d72787f0f.jpg"},{"id":3852600,"full_path":"https://salt.tikicdn.com/ts/review/c8/9d/26/12287d1b06222d0ce2377f6c0e4b4e06.jpg"}],"created_at":1662446949,"created_by":{"id":28035419,"name":"Đoàn Nguyễn Hà Phương","full_name":"Đoàn Nguyễn Hà Phương","created_time":"2022-08-16 22:08:12","purchased":true,"purchased_at":1661849924},"product_id":130743633,"timeline":{"review_created_date":"2022-09-06 13:49:09","delivery_date":"2022-09-06 11:32:55"}},{"id":15448696,"title":"Cực kì hài lòng","content":"về đóng gọi tiki vẫn ko đảm bảo đc khâu này nên còn hơi móp méo \ncòn nội dung mình thấy rất hay đây là phiên bản hạnh phúc của 17nas mọi người nên đọc cuốn kia rồi đọc cuốn này sẽ thấy rất hay rất cảm động nền truyện tranh Việt đang ngày càng phát triển hơn tác giả vẽ cũng rất đẹp đường nét tinh tế \nvì là truyện nước nhà nên hãy cứ mua và ủng hộ nhé","customer_id":22058342,"rating":5,"images":[{"id":3239155,"full_path":"https://salt.tikicdn.com/ts/review/3f/3e/5c/cefda7130efd68e36cffc8c2902cb22e.jpg"},{"id":3239156,"full_path":"https://salt.tikicdn.com/ts/review/91/04/d6/2f92adbdeeafca4489146ef016c81e58.jpg"},{"id":3239157,"full_path":"https://salt.tikicdn.com/ts/review/80/fe/7c/380d9026a41296a6dcecf7e1304d69a9.jpg"},{"id":3239158,"full_path":"https://salt.tikicdn.com/ts/review/da/81/fe/3b4d4041c6eb28446b622e480e781e71.jpg"}],"created_at":1647416745,"created_by":{"id":22058342,"name":"An Mạc","full_name":"An Mạc","created_time":"2021-06-06 16:02:09","purchased":true,"purchased_at":1647134765},"product_id":130743633,"timeline":{"review_created_date":"2022-03-16 14:45:45","delivery_date":"2022-03-16 14:22:53"}},{"id":15020226,"title":"Cực kì hài lòng","content":"Truyện nhẹ nhàng, vui tươi.\nNhưng hy vọng vào lần tái bản theo tiếp truyện sẽ có phần giới thiệu nhân vật. Mình đọc 17 năm sánh ánh rồi sang House Mates nhưng bị nhầm lẫn nhân vật và không nổi nhân vật. Mà truyện lại còn kể 12 nhân vật lận nên mình nghĩ cần phần giới thiệu cho từng vật nhân vật lắm.","customer_id":26733217,"rating":5,"images":[{"id":3144052,"full_path":"https://salt.tikicdn.com/ts/review/09/ae/66/c63ad9ea0400126dd2e60642dab01ad3.jpg"},{"id":3144053,"full_path":"https://salt.tikicdn.com/ts/review/7b/11/0e/b9ebf6bbc09bbcb6fcc438b6e4781292.jpg"},{"id":3144054,"full_path":"https://salt.tikicdn.com/ts/review/47/e7/00/b768a1d19e83aa54173a501f07f99156.jpg"},{"id":3144055,"full_path":"https://salt.tikicdn.com/ts/review/b2/4b/07/85affa8efd7ce69ddb1ca639da412aeb.jpg"}],"created_at":1645167529,"created_by":{"id":26733217,"name":"Phùng Uyên","full_name":"Phùng Uyên","created_time":"2022-02-07 17:24:43","purchased":true,"purchased_at":1644685431},"product_id":130743633,"timeline":{"review_created_date":"2022-02-18 13:58:49","delivery_date":"2022-02-18 10:24:10"}},{"id":14992903,"title":"Cực kì hài lòng","content":"truyện tranh rất đẹp tốc độ giao hàng nhanh vừa đặt hôm qua hôm nay đã có tuy nhiên bên cạnh đó có phải nên nói là cái việc gói hàng này tốn bao nhiêu thời gian của shop quý vị vậy? một lớp mỏng còn chưa nói đến đã vậy còn gây tổn hại đến món hàng ? Tôi đặt hàng chứ không phải chơi \"vòng quay may rủi\" nhé. May thì bình thường xui rủi thì hỏng hóc. Cái này bên Tiki cần cân nhắc rõ điều này chứ ? Có nên bắt hoàn lại ít nhất từ 5-10% vì làm hàng hư hại này của bên shop không đây hay là phải hơn?","customer_id":26808154,"rating":4,"images":[{"id":3138028,"full_path":"https://salt.tikicdn.com/ts/review/6a/10/87/5785389ed4a52a1d4bba32f93fff4627.jpg"}],"created_at":1645017551,"created_by":{"id":26808154,"name":"Trần Thị Hạnh","full_name":"Trần Thị Hạnh","created_time":"2022-02-15 21:03:12","purchased":true,"purchased_at":1644936786},"product_id":130743633,"timeline":{"review_created_date":"2022-02-16 20:19:11","delivery_date":"2022-02-16 09:56:56"}},{"id":16525842,"title":"Hài lòng","content":"truyện xinh lắm, ý nghĩa, mình khuyên mấy bạn nên đọc cuốn 17 năm ánh sáng trước nữa nhé, ko có gì đáng bàn đến khi bookcare tiki bị sứt viền cả 1 đường luôn 😭😭 lỏng le luôn í thà ko bọc còn hơn 😭","customer_id":5299921,"rating":4,"images":[{"id":3584336,"full_path":"https://salt.tikicdn.com/ts/review/88/44/3d/dafd6942d50f905166dcc6f87e21b460.jpg"},{"id":3584337,"full_path":"https://salt.tikicdn.com/ts/review/f1/b0/86/9d97c7af8eb9b0ebf79c4cfe7d39fafc.jpg"}],"created_at":1653985554,"created_by":{"id":5299921,"name":"mduc ehhe","full_name":"mduc ehhe","created_time":"2017-05-19 10:19:41","purchased":true,"purchased_at":1653793958},"product_id":130743633,"timeline":{"review_created_date":"2022-05-31 15:25:54","delivery_date":"2022-05-31 15:08:19"}}]}