{"id":134283879,"dbId":11394,"createdAt":1655985779000,"name":"Combo Lũ Trẻ Hư Nhất Quả Đất 1+2 -Sổ Tay","short_description":"Combo Lũ Trẻ Hư Nhất Quả Đất 1+2 - sổ tayLũ trẻ hư nhất quả đất - Bestseller hài hước SỐ MỘT nước Anh“Đây là phiên bản Walliams kinh tởm và ngu ngốc nhất - sự pha trộn hoàn hảo của hàng ngàn fan...","description":"\u003cstyle type\u003d\"text/css\"\u003e\u003c!--td {border: 1px solid #ccc;}br {mso-data-placement:same-cell;}--\u003e\u003c/style\u003e\n\u003cp\u003e\u003cspan style\u003d\"color: #ff6600;\"\u003e\u003cstrong\u003eCombo Lũ Trẻ Hư Nhất Quả Đất 1+2 - sổ tay\u003c/strong\u003e\u003c/span\u003e\u003c/p\u003e\n\u003cdiv class\u003d\"product_view_tab_content_ad\"\u003e\n\u003cdiv id\u003d\"product_tabs_description_contents\"\u003e\n\u003cdiv id\u003d\"desc_content\" class\u003d\"std\"\u003e\n\u003cp\u003eLũ trẻ hư nhất quả đất - Bestseller hài hước SỐ MỘT nước Anh\u003c/p\u003e\n\u003cp\u003e“Đây là phiên bản Walliams kinh tởm và ngu ngốc nhất - sự pha trộn hoàn hảo của hàng ngàn fan trung thành của anh ấy… đi kèm những hình minh họa choáng ngợp của Ross, người hoàn toàn nắm bắt được năng lượng và độ loạn xí ngầu của các câu truyện.” - Daily Mail\u003c/p\u003e\n\u003cp\u003e“Cười bể bụng và… tởm không lời nào tả xiết.” - Daily Express\u003c/p\u003e\n\u003cp\u003e“Được người đời ca tụng như phiên bản hiện đại của Roald Dahl, Walliams là một tác giả đáng nể với những ý tưởng lớn và những cuốn sách luôn đầy ắp hình minh họa, tất cả cùng nhau khiến người đọc không thể dừng lật trang, cho dù đó có là những đứa trẻ từng nhìn bạn như thể bạn đã hóa điên khi khuyên chúng nên đọc sách để giải trí.” - The Independent\u003c/p\u003e\n\u003cp\u003eLũ trẻ hư nhất quả đất 2:\u003cbr /\u003eHãy dè chừng! Trong cuốn sách này là mười câu chuyện mới toanh về năm cô bé xấu tính rùng rợn và năm cậu trai hư không thể tả. Nào là em bé Humbert Háu Đói ăn đổ nhà đổ cửa, Harry làm biếng chẳng bao giờ hoàn thành bài tập, rồi còn Noe Khôngôngông không không không không không không không thể không không không nói “không” nữa chứ. Bạn đã sẵn sàng giáp mặt lũ trẻ hư nhất quả đất chưa?\u003c/p\u003e\n\u003cp\u003eTÁC GIẢ:\u003cbr /\u003eDavid Walliams (sinh ngày 20/8/1971) là diễn viên hài kịch và nhà văn thiếu nhi nổi tiếng người Anh. Ông tốt nghiệp đại học Bristol chuyên ngành Kịch nói vào năm 1992 và nổi tiếng từ chương trình hài kịch Little Britain của đài BBC. Ông từng góp mặt trong nhiều bộ phim và chương trình ti vi, trong đó có Doctor Who và Britain’s Got Talent. Walliams xuất bản tác phẩm thiếu nhi đầu tiên vào năm 2008. Kể từ đó đến nay, sách của ông đã được dịch ra 53 thứ tiếng và bán được hơn 25 triệu bản trên toàn thế giới. Ông đã từng giành 4 giải Specsavers National Book Awards qua các năm 2012, 2013 và 2014.\u003c/p\u003e\n\u003c/div\u003e\n\u003c/div\u003e\n\u003c/div\u003e\u003cp\u003eGiá sản phẩm trên Tiki đã bao gồm thuế theo luật hiện hành. Bên cạnh đó, tuỳ vào loại sản phẩm, hình thức và địa chỉ giao hàng mà có thể phát sinh thêm chi phí khác như phí vận chuyển, phụ phí hàng cồng kềnh, thuế nhập khẩu (đối với đơn hàng giao từ nước ngoài có giá trị trên 1 triệu đồng).....\u003c/p\u003e","original_price":370000.0,"thumbnail_url":"https://salt.tikicdn.com/cache/280x280/ts/product/cb/55/75/a9e0f107e934374cf160fa63cefa812d.png","images":[{"base_url":"https://salt.tikicdn.com/ts/product/cb/55/75/a9e0f107e934374cf160fa63cefa812d.png","dbId":30332},{"base_url":"https://salt.tikicdn.com/ts/product/2f/da/a6/bc9c462da50f763eb83aa32a510679a4.jpg","dbId":30333},{"base_url":"https://salt.tikicdn.com/ts/product/9a/52/8a/6e08a286c6f26bc6796b1b19a3ed803b.jpg","dbId":30334}],"authors":[{"id":894213,"name":"Tony Ross David Walliams","dbId":6030}],"specifications":[{"name":"Thông tin chung","attributes":[{"name":"Công ty phát hành","value":"Nhã Nam"},{"name":"Phiên bản","value":"thường"},{"name":"Dịch Giả","value":"Tuấn Phúc"},{"name":"Loại bìa","value":"Bìa cứng"},{"name":"Số trang","value":"556"},{"name":"Nhà xuất bản","value":"Nhà Xuất Bản Hội Nhà Văn"},{"code":"PUBLICATION_DATE","name":"Ngày xuất bản","value":"Sun May 29 19:02:59 ICT 2022"}]}],"stock_item":{"qty":1000},"all_time_quantity_sold":16,"reviews":[{"id":19039292,"title":"Cực kì hài lòng","content":"1 cuốn sách thích hợp cho mọi lứa tuổi","customer_id":6014728,"rating":5,"images":[],"created_at":1680359498,"created_by":{"id":6014728,"name":"Nguyễn Mai Hương","full_name":"Nguyễn Mai Hương","created_time":"2017-11-06 00:57:46","purchased":true,"purchased_at":1675999056},"product_id":134283879,"timeline":{"review_created_date":"2023-04-01 21:31:38","delivery_date":"2023-02-13 17:02:56"}},{"id":17744649,"title":"Cực kì hài lòng","content":"","customer_id":13060360,"rating":5,"images":[],"created_at":1663645072,"created_by":{"id":13060360,"name":"Tracking Cmp","full_name":"Tracking Cmp","created_time":"2019-07-24 12:01:32","purchased":true,"purchased_at":1657075730},"product_id":134283879,"timeline":{"review_created_date":"2022-09-20 10:37:52","delivery_date":"2022-07-06 15:22:18"}},{"id":17548137,"title":"Cực kì hài lòng","content":"A","customer_id":63897,"rating":5,"images":[],"created_at":1661747648,"created_by":{"id":63897,"name":"Vũ Hồng Điệp","full_name":"Vũ Hồng Điệp","purchased":true,"purchased_at":1661526088},"product_id":134283879,"timeline":{"review_created_date":"2022-08-29 11:34:08","delivery_date":"2022-08-29 10:53:33"}},{"id":16629580,"title":"Cực kì hài lòng","content":"","customer_id":11175815,"rating":5,"images":[],"created_at":1654689779,"created_by":{"id":11175815,"name":"Huyền Trang","full_name":"Huyền Trang","created_time":"2019-03-07 12:27:41","purchased":true,"purchased_at":1648690744},"product_id":134283879,"timeline":{"review_created_date":"2022-06-08 19:02:59","delivery_date":"2022-04-02 11:31:32"}}]}