{"id":136403515,"dbId":11397,"createdAt":1711713908000,"name":"Sách - Không Ai Có Thể Làm Bạn Tổn Thương Trừ Khi Bạn Cho Phép","short_description":"Không Ai Có Thể Làm Bạn Tổn Thương Trừ Khi Bạn Cho PhépQuà tặng: 1 bộ bookmark gồm 4 cáiTên tác giả: Yoo Eun JungDịch giả: Sun TzôThương hiệu: Mood to ReadKhổ sách: 14.5x20.5 cmSố trang: 304 tra...","description":"\u003cp\u003eKhông Ai Có Thể Làm Bạn Tổn Thương Trừ Khi Bạn Cho Phép\u003c/p\u003e\n\u003cp\u003eQuà tặng: 1 bộ bookmark gồm 4 cái\u003c/p\u003e\n\u003cp\u003eTên tác giả: Yoo Eun Jung\u003c/p\u003e\n\u003cp\u003eDịch giả: Sun Tzô\u003c/p\u003e\n\u003cp\u003eThương hiệu: Mood to Read\u003c/p\u003e\n\u003cp\u003eKhổ sách: 14.5x20.5 cm\u003c/p\u003e\n\u003cp\u003eSố trang: 304 trang\u003c/p\u003e\n\u003cp\u003eThể loại: Tâm lý, Self-help\u003c/p\u003e\n\u003cp\u003eNhà xuất bản: Dân Trí\u003c/p\u003e\n\u003cp\u003eChúng ta vẫn thường nghĩ mình sẽ chỉ hạnh phúc khi ở bên cạnh ai đó và nhận được yêu thương từ họ. Nhưng thực chất, hạnh phúc đơn giản chỉ là biết trân trọng bản thân và tận hưởng niềm vui trong chính cuộc sống mà bạn mong ước. Vậy nên, hãy nhớ rằng không ai có thể làm bạn tổn thương, trừ khi bạn cho phép.\u003c/p\u003e\n\u003cp\u003eLà người đang nghiên cứu và điều trị tâm lý, tác giả Yoo Eun Jung đã chỉ ra góc nhìn hoàn toàn khác về các vấn đề mà bạn gặp phải trong mối quan hệ với những người xung quanh. Quyển sách này vừa chứa đựng những lời tâm tình thủ thỉ của một người bạn, vừa đưa ra các liệu pháp cứng rắn ở cương vị một chuyên gia giúp bạn lần lượt gỡ bỏ những vướng mắc trong lòng. Nếu không phải là đơn thuốc hữu hiệu nhất cho những ai đang cảm thấy mệt mỏi với các mối quan hệ thì nó cũng sẽ là một viên vitamin, hay một viên thuốc bổ để bạn có thể mang theo và bổ sung như một loại dưỡng chất hàng ngày cho tâm lý nhờ những chia sẻ về:\u003c/p\u003e\n\u003cp\u003e1. Những hội chứng tâm lý có thể bạn đang vô tình mắc phải khiến cuộc sống không được như ý\u003c/p\u003e\n\u003cp\u003e2. Mẹo ứng xử trong giao tiếp với đa dạng các mối quan hệ\u003c/p\u003e\n\u003cp\u003e3. Cách đánh giá tầm quan trọng của bạn trong mắt đối phương\u003c/p\u003e\n\u003cp\u003e4. Những cách để tôn trọng bản thân nhưng không làm mất lòng đối phương\u003c/p\u003e\n\u003cp\u003e5. Căn nguyên của căn bệnh trầm cảm và cách để không lún sâu vào sự trầm uất\u003c/p\u003e\n\u003cp\u003eMong bạn luôn giữ cho mình đủ sự thanh thản trong tâm hồn để biết ơn mỗi phút giây được sống, đủ quyết tâm để không đối xử tệ với bản thân cũng như đủ can đảm để bộc lộ những điều bản thân đang mưu cầu. Hãy bình tâm bước và nỗ lực không ngừng vì những điều bản thân mong muốn đạt được, bạn sẽ tự khắc thấy mình hạnh phúc hơn.\u003c/p\u003e\n\u003cp\u003e• Về tác giả: Yoo Eun Jung\u003c/p\u003e\n\u003cp\u003eChủ tịch Hội đồng học thuật của Hiệp hội Điều trị Béo phì và Thẩm mỹ Hàn Quốc, và là thành viên ban chỉ đạo của Hiệp hội Tâm thần Cơ đốc giáo Hàn Quốc. Cô ấy đặc biệt quan tâm đến lĩnh vực chánh niệm, giải phóng bản thân khỏi những phiền nhiễu bằng cách tập trung vào “ở đây và ngay bây giờ”. Hiện cô đang nghiên cứu điều trị tâm lý thông qua cách này.\u003c/p\u003e\u003cp\u003eGiá sản phẩm trên Tiki đã bao gồm thuế theo luật hiện hành. Bên cạnh đó, tuỳ vào loại sản phẩm, hình thức và địa chỉ giao hàng mà có thể phát sinh thêm chi phí khác như phí vận chuyển, phụ phí hàng cồng kềnh, thuế nhập khẩu (đối với đơn hàng giao từ nước ngoài có giá trị trên 1 triệu đồng).....\u003c/p\u003e","original_price":119000.0,"thumbnail_url":"https://salt.tikicdn.com/cache/280x280/ts/product/99/5c/85/317281197114888fe234c71962dc9f99.jpg","images":[{"base_url":"https://salt.tikicdn.com/ts/product/99/5c/85/317281197114888fe234c71962dc9f99.jpg","dbId":30337},{"base_url":"https://salt.tikicdn.com/ts/product/46/1b/e3/29347a696afae527309467c06d4d5882.jpg","dbId":30338}],"specifications":[{"name":"Thông tin chung","attributes":[{"name":"Công ty phát hành","value":"Mood to Read"},{"name":"Nhà xuất bản","value":"Nhà Xuất Bản Dân Trí"},{"code":"PUBLICATION_DATE","name":"Ngày xuất bản","value":"Tue Mar 05 19:05:08 ICT 2024"}]}],"stock_item":{"qty":1000},"all_time_quantity_sold":5,"reviews":[]}