{"id":13673970,"dbId":12182,"createdAt":1555174800000,"name":"Combo Trinh Thám Giây Thứ 12 (2 Tập)","short_description":"Giây Thứ 12 - Tập 1Một ngày nọ, người vợ đang mang thai sáu tháng của cảnh sát hình sự Triệu Diệc Thần là Hồ Gia Anh gọi điện thoại đến báo án. Cuộc gọi tiến hành đến giây thứ mười một thì đột nhiên ...","description":"\u003cp\u003e\u003cstrong\u003eGiây Thứ 12 - Tập 1\u003c/strong\u003e\u003c/p\u003e\n\u003cp\u003eMột ngày nọ, người vợ đang mang thai sáu tháng của cảnh sát hình sự Triệu Diệc Thần là Hồ Gia Anh gọi điện thoại đến báo án. Cuộc gọi tiến hành đến giây thứ mười một thì đột nhiên kết thúc, Hồ Gia Anh cũng mất tích từ lúc đó.\u003c/p\u003e\n\u003cp\u003eTrong quá trình điều tra, Triệu Diệc Thần phát hiện tất cả những giấy tờ chứng minh thân phận của vợ mình đều là giả, manh mối cũng vì thế mà đứt đoạn.\u003c/p\u003e\n\u003cp\u003eChín năm sau, anh nhận được một cuộc gọi kì lạ, sau đó không lâu hòm thư trước nhà lại nhận được hai tấm ảnh, trong ảnh là là người vợ đã mất tích nhiều năm của anh và một cô bé có gương mặt rất giống anh.\u003c/p\u003e\n\u003cp\u003eAnh lần theo cuộc gọi đó mà tìm đến nhà của một người xa lạ, đợi chờ anh ngoài một khoản di sản lớn thì còn có tin vợ mình đã qua đời từ năm ngoái, và một cô con gái mắc chứng trầm cảm mà mất khả năng ngôn ngữ...\u003c/p\u003e\n\u003cp\u003eTrong 9 năm đằng đẵng đó, đã xảy ra chuyện gì? Ngoài ra, bí mật nào trong quá khứ được người vợ xinh đẹp, thông minh chôn giấu? Đứa trẻ đó... vì sao?\u003c/p\u003e\n\u003cp\u003eTrích dẫn hay:\u003c/p\u003e\n\u003cp\u003e“Con người có bao nhiêu ham muốn, thì sẽ sống với bấy nhiêu gánh nặng. Không thể trách người khác.”\u003c/p\u003e\n\u003cp\u003e“Trên đời này chỉ có tự vệ và lương thiện là không cần có lí do.”\u003c/p\u003e\n\u003cp\u003eCho nên, đó là bộ luật hà khắc nhất.\u003c/p\u003e\n\u003cp\u003eCũng là bộ luật khoan dung nhất.\u003c/p\u003e\n\u003cp\u003e\"Đừng lấy sai lầm của người khác làm lí do sai phạm của mình\"\u003c/p\u003e\n\u003cp\u003e“Em thích nhất là Luật Hình sự, vì nó có tính khiêm nhường.” Cô và anh cùng đi bộ trên sân vận động, mắt cô lấp lánh ánh sáng, miệng mang theo nụ cười, “Không yêu cầu người khác lương thiện, chỉ yêu cầu họ đừng làm điều ác.”\u003c/p\u003e\n\u003cp\u003eCho nên, đó là bộ luật hà khắc nhất.\u003c/p\u003e\n\u003cp\u003eCũng là bộ luật khoan dung nhất.\u003c/p\u003e\n\u003cp\u003e\u003cstrong\u003eGiây Thứ 12 - Tập 2\u003c/strong\u003e\u003c/p\u003e\n\u003cp\u003eChín năm trước, Hồ Gia Anh - vợ của cảnh sát hình sự Triệu Diệc Thần gọi điện đến Cục Công An báo án. Cuộc gọi tiến hành đến giây thứ mười một thì đột nhiên kết thúc, Hồ Gia Anh cũng mất tích từ đó.\u003c/p\u003e\n\u003cp\u003eTrong quá trình điều tra, Triệu Diệc Thần phát hiện tất cả những giấy tờ, chứng minh thân phận của vợ mình đều là giả, manh mối cũng vì thế mà đứt đoạn.\u003c/p\u003e\n\u003cp\u003eChín năm sau, anh nhận được cuộc điện thoại kỳ lạ cùng hai bức ảnh là người vợ đã mất tích và một bé gái có gương mặt rất giống anh. Lần theo manh mối mới, anh dần khám phá ra bí mật đáng sợ về thân thế vợ mình.\u003c/p\u003e\n\u003cp\u003eỞ nơi ranh giới giữa thiện và ác, liệu anh có thể hiểu cho những quyết định mà cô đã chọn? Ở nơi chuyển giao giữa hiện thực và ký ức, liệu anh có thể tìm thấy người phụ nữ mà anh hằng nhung nhớ...\u003c/p\u003e\n\u003cp\u003eEm dùng cả cuộc đời\u003c/p\u003e\n\u003cp\u003eChỉ để cuối cùng\u003c/p\u003e\n\u003cp\u003eĐược chết dưới ánh mặt trời.\u003c/p\u003e\u003cp\u003eGiá sản phẩm trên Tiki đã bao gồm thuế theo luật hiện hành. Bên cạnh đó, tuỳ vào loại sản phẩm, hình thức và địa chỉ giao hàng mà có thể phát sinh thêm chi phí khác như phí vận chuyển, phụ phí hàng cồng kềnh, thuế nhập khẩu (đối với đơn hàng giao từ nước ngoài có giá trị trên 1 triệu đồng).....\u003c/p\u003e","original_price":276000.0,"thumbnail_url":"https://salt.tikicdn.com/cache/280x280/ts/product/9c/d1/e2/890db24707bbe841c5162cf18e7ecc75.jpg","images":[{"base_url":"https://salt.tikicdn.com/ts/product/9c/d1/e2/890db24707bbe841c5162cf18e7ecc75.jpg","dbId":32422},{"base_url":"https://salt.tikicdn.com/ts/product/95/5c/6b/c886f11fc525771ade3495ecde7e823b.jpg","dbId":32423},{"base_url":"https://salt.tikicdn.com/ts/product/3e/0e/5f/83042c89ffc2d91312a4936892584672.jpg","dbId":32424},{"base_url":"https://salt.tikicdn.com/ts/product/b6/3d/e3/f977ee68ebf29c6599617445b38bb44b.jpg","dbId":32425},{"base_url":"https://salt.tikicdn.com/ts/product/50/a0/77/988a8ae92dfede5371ad28e3904f24f9.jpg","dbId":32426}],"authors":[{"id":194383,"name":"Sunness","dbId":6381}],"specifications":[{"name":"Thông tin chung","attributes":[{"name":"Phiên bản sách","value":"Phiên bản thường"},{"name":"Công ty phát hành","value":"Phúc Minh"},{"name":"Ngày xuất bản","value":"2019-04-01 00:00:00"},{"name":"Dịch Giả","value":"Tú Phương"},{"name":"Loại bìa","value":"Bìa mềm"},{"name":"Số trang","value":"464"},{"name":"Nhà xuất bản","value":"Nhà Xuất Bản Văn Học"},{"code":"PUBLICATION_DATE","name":"Kích thước","value":"14.5 x 20.5 cm"}]}],"stock_item":{"qty":1000},"all_time_quantity_sold":101,"reviews":[{"id":19149339,"title":"Cực kì hài lòng","content":"-Hình thức: chất lượng in ch tốt lắm, có trang mực in bị nhạt. Gáy tập 2 cũng lệch và bị lỗi nhiều. Tập 1 thì bị sứt keo vài trang đầu. Nhưg vì giá đc sale nên có thể bỏ qua mấy lỗi trên đc\r\n-Nội dug: hơi khác với nhữg quyển trinh thám mk từg đọc trc đó, k phải là kiểu đưa ra từng nút thắt, manh mối rồi cuối cùg dẫn đến sự thật, truyện còn dẫn dắt ng đọc đi qua cuộc đời của nv Gia Anh. Nên khi đọc, mk chỉ quan tâm đến Gia Anh và việc cô ấy đã phải trải qua nhữg gì chứ k quan tâm đến sự thật ở mỗi nút thắt đc đưa ra cho lắm. Và càng đọc, cành cảm thấy đau lòg. Nghĩ đến ngoài đời, ở đâu đó cũg có những người đang chịu những thứ tồi tệ giống như cô ấy làm mk càng nặng nề, bứt rứt và phẫn nộ. Và càng đau lòng khi thấy nhữg con người lương thiện cho dù có cố gắng vươn lên, thoát khỏi nó như thế nào cuối cùg cũng bị vùi dập trở lại bóng tối. Nhưg dù trãi qua bao nhiêu chuyện như thế, sau cùg Gia Anh vẫn giữ lại đc tâm hồn lương thiện và dũng cảm vốn có của mk. Mk cx thích cách tgiả dành thời lượng dù ít nhưng đủ để khắc hoạ tình cảm sâu sắc giữa Hồ Anh  và Triệu Diệc Thần. Tuyến nv và các chi tiết trong truyện dù nhiều nhưng vẫn đc xây dựng đầy đủ và k dư thừa một chút nào. Tóm lại dù truyện dài, nhưng vẫn đủ cuốn hút để mk xem đến trang cuối cùng. Dõi theo Gia Anh và hành trình Triệu Diệc Thần vượt qua nỗi đau và tiếp tục bước tiếp trên con đường phía trc","customer_id":27769137,"rating":5,"images":[{"id":4250858,"full_path":"https://salt.tikicdn.com/ts/review/bf/36/51/392212f0b1f99d595f15094b05af1ab7.jpg"},{"id":4250859,"full_path":"https://salt.tikicdn.com/ts/review/ec/d9/6e/968db89f1b2e36aa4c6095c1e2d9987c.jpg"},{"id":4250860,"full_path":"https://salt.tikicdn.com/ts/review/66/9b/34/cab1357e06c8b255eb0f8744019c2060.jpg"}],"created_at":1682955455,"created_by":{"id":27769137,"name":"Lê Thanh trúc","full_name":"Lê Thanh trúc","created_time":"2022-07-02 09:45:45","purchased":true,"purchased_at":1669310942},"product_id":13673970,"timeline":{"review_created_date":"2023-05-01 22:37:35","delivery_date":"2022-11-28 12:16:26"}},{"id":16633676,"title":"Cực kì hài lòng","content":"Một thể thức game lạ mà quen, không dễ cũng không khó. Lần đầu tiên mình tổ chức game thể thức như này nhân một dịp đặc biệt. Mong mọi người hào hứng tham gia cho mình vui nhé, à mọi người cũng cùng vui chứ.","customer_id":8950909,"rating":5,"images":[{"id":3562089,"full_path":"https://salt.tikicdn.com/ts/review/db/00/46/c3da0dfc546635e8d5b95c3fe745020d.jpg"},{"id":3562090,"full_path":"https://salt.tikicdn.com/ts/review/a3/e8/33/237fe7dbceafffdf09369c02b88a259d.jpg"},{"id":3562091,"full_path":"https://salt.tikicdn.com/ts/review/b9/7d/9f/18091a17ac48e7f2bd30898ba42139e3.jpg"},{"id":3562092,"full_path":"https://salt.tikicdn.com/ts/review/36/08/5c/e3ba818267c52a2118e8fce1233d7efc.jpg"},{"id":3562093,"full_path":"https://salt.tikicdn.com/ts/review/d4/c5/81/5efb06a6030f81ff627c7990841c46b5.jpg"}],"created_at":1654696450,"created_by":{"id":8950909,"name":"Lưu Nguyễn Quốc Trí","full_name":"Lưu Nguyễn Quốc Trí","created_time":"2018-11-13 10:00:30","purchased":true,"purchased_at":1651584426},"product_id":13673970,"timeline":{"review_created_date":"2022-06-08 20:54:10","delivery_date":"2022-05-06 09:18:48"}},{"id":14751518,"title":"Rất không hài lòng","content":"Sách lúc bóc ra không còn nguyên seal mà seal đã bị bóc ra và dán lại rất sơ sài, đã có dấu hiệu bị lật ra nhiều lần và còn bụi cũ như hàng trưng bày. Lần đầu tiên mua sách tiki và mua để tặng mà đến tay người nhận bị phản ánh như vậy quá xấu hổ và thất vọng","customer_id":25281311,"rating":1,"images":[{"id":3089392,"full_path":"https://salt.tikicdn.com/ts/review/44/bc/af/6b303b9281c0866a22726be9fa487736.jpg"}],"created_at":1643447513,"created_by":{"id":25281311,"name":"Hun D","full_name":"Hun D","created_time":"2021-11-19 19:54:55","purchased":true,"purchased_at":1643392141},"product_id":13673970,"timeline":{"review_created_date":"2022-01-29 16:11:53","delivery_date":"2022-01-29 14:07:53"}},{"id":17095290,"title":"Cực kì hài lòng","content":"Mình rất thích đọc những cuốn thuộc thể loại trinh thám ntn. Phần giới thiệu sách cũng khiến mình khá là tò mò nên mình đã qđ mua ngay e nó 😉👍","customer_id":6193025,"rating":5,"images":[{"id":3694877,"full_path":"https://salt.tikicdn.com/ts/review/15/9d/5c/eeccacd03cdaabf0e178a408ecd810cc.jpg"},{"id":3694878,"full_path":"https://salt.tikicdn.com/ts/review/79/89/48/6544a9c907b04c114bad9f228a6650c2.jpg"},{"id":3694879,"full_path":"https://salt.tikicdn.com/ts/review/96/de/58/d9b9fffa984deb09d75dd9ee9fa9410f.jpg"}],"created_at":1658023103,"created_by":{"id":6193025,"name":"EnZy Kim","full_name":"EnZy Kim","created_time":"2017-12-11 19:18:17","purchased":true,"purchased_at":1657620165},"product_id":13673970,"timeline":{"review_created_date":"2022-07-17 08:58:23","delivery_date":"2022-07-14 12:28:26"}},{"id":16143132,"title":"Cực kì hài lòng","content":"Sách mới,giá rẻ,giao hàng nhanh. Mua đúng dịp giảm thêm 50% khi mua từ 5 sản phẩm trong danh mục nên ưng ý,cũng có vài cuốn hơi lỗi nhỏ nhưng chấp nhận được","customer_id":8332482,"rating":5,"images":[{"id":3425311,"full_path":"https://salt.tikicdn.com/ts/review/a4/0f/40/84422cd16143ed747d440003ac8a85ab.jpg"},{"id":3425312,"full_path":"https://salt.tikicdn.com/ts/review/e6/5f/f9/95e707acdde95cb32f2fe3f6d66eeeb6.jpg"},{"id":3425313,"full_path":"https://salt.tikicdn.com/ts/review/a8/fc/5f/76c06c7fe451b6d696db48dc311db608.jpg"}],"created_at":1651292183,"created_by":{"id":8332482,"name":"Hoàng Thị Thiết","full_name":"Hoàng Thị Thiết","created_time":"2018-10-10 16:08:56","purchased":true,"purchased_at":1651203948},"product_id":13673970,"timeline":{"review_created_date":"2022-04-30 11:16:23","delivery_date":"2022-04-30 08:26:34"}},{"id":19149339,"title":"Cực kì hài lòng","content":"-Hình thức: chất lượng in ch tốt lắm, có trang mực in bị nhạt. Gáy tập 2 cũng lệch và bị lỗi nhiều. Tập 1 thì bị sứt keo vài trang đầu. Nhưg vì giá đc sale nên có thể bỏ qua mấy lỗi trên đc\r\n-Nội dug: hơi khác với nhữg quyển trinh thám mk từg đọc trc đó, k phải là kiểu đưa ra từng nút thắt, manh mối rồi cuối cùg dẫn đến sự thật, truyện còn dẫn dắt ng đọc đi qua cuộc đời của nv Gia Anh. Nên khi đọc, mk chỉ quan tâm đến Gia Anh và việc cô ấy đã phải trải qua nhữg gì chứ k quan tâm đến sự thật ở mỗi nút thắt đc đưa ra cho lắm. Và càng đọc, cành cảm thấy đau lòg. Nghĩ đến ngoài đời, ở đâu đó cũg có những người đang chịu những thứ tồi tệ giống như cô ấy làm mk càng nặng nề, bứt rứt và phẫn nộ. Và càng đau lòng khi thấy nhữg con người lương thiện cho dù có cố gắng vươn lên, thoát khỏi nó như thế nào cuối cùg cũng bị vùi dập trở lại bóng tối. Nhưg dù trãi qua bao nhiêu chuyện như thế, sau cùg Gia Anh vẫn giữ lại đc tâm hồn lương thiện và dũng cảm vốn có của mk. Mk cx thích cách tgiả dành thời lượng dù ít nhưng đủ để khắc hoạ tình cảm sâu sắc giữa Hồ Anh  và Triệu Diệc Thần. Tuyến nv và các chi tiết trong truyện dù nhiều nhưng vẫn đc xây dựng đầy đủ và k dư thừa một chút nào. Tóm lại dù truyện dài, nhưng vẫn đủ cuốn hút để mk xem đến trang cuối cùng. Dõi theo Gia Anh và hành trình Triệu Diệc Thần vượt qua nỗi đau và tiếp tục bước tiếp trên con đường phía trc","customer_id":27769137,"rating":5,"images":[{"id":4250858,"full_path":"https://salt.tikicdn.com/ts/review/bf/36/51/392212f0b1f99d595f15094b05af1ab7.jpg"},{"id":4250859,"full_path":"https://salt.tikicdn.com/ts/review/ec/d9/6e/968db89f1b2e36aa4c6095c1e2d9987c.jpg"},{"id":4250860,"full_path":"https://salt.tikicdn.com/ts/review/66/9b/34/cab1357e06c8b255eb0f8744019c2060.jpg"}],"created_at":1682955455,"created_by":{"id":27769137,"name":"Lê Thanh trúc","full_name":"Lê Thanh trúc","created_time":"2022-07-02 09:45:45","purchased":true,"purchased_at":1669310942},"product_id":13673970,"timeline":{"review_created_date":"2023-05-01 22:37:35","delivery_date":"2022-11-28 12:16:26"}},{"id":16633676,"title":"Cực kì hài lòng","content":"Một thể thức game lạ mà quen, không dễ cũng không khó. Lần đầu tiên mình tổ chức game thể thức như này nhân một dịp đặc biệt. Mong mọi người hào hứng tham gia cho mình vui nhé, à mọi người cũng cùng vui chứ.","customer_id":8950909,"rating":5,"images":[{"id":3562089,"full_path":"https://salt.tikicdn.com/ts/review/db/00/46/c3da0dfc546635e8d5b95c3fe745020d.jpg"},{"id":3562090,"full_path":"https://salt.tikicdn.com/ts/review/a3/e8/33/237fe7dbceafffdf09369c02b88a259d.jpg"},{"id":3562091,"full_path":"https://salt.tikicdn.com/ts/review/b9/7d/9f/18091a17ac48e7f2bd30898ba42139e3.jpg"},{"id":3562092,"full_path":"https://salt.tikicdn.com/ts/review/36/08/5c/e3ba818267c52a2118e8fce1233d7efc.jpg"},{"id":3562093,"full_path":"https://salt.tikicdn.com/ts/review/d4/c5/81/5efb06a6030f81ff627c7990841c46b5.jpg"}],"created_at":1654696450,"created_by":{"id":8950909,"name":"Lưu Nguyễn Quốc Trí","full_name":"Lưu Nguyễn Quốc Trí","created_time":"2018-11-13 10:00:30","purchased":true,"purchased_at":1651584426},"product_id":13673970,"timeline":{"review_created_date":"2022-06-08 20:54:10","delivery_date":"2022-05-06 09:18:48"}},{"id":14751518,"title":"Rất không hài lòng","content":"Sách lúc bóc ra không còn nguyên seal mà seal đã bị bóc ra và dán lại rất sơ sài, đã có dấu hiệu bị lật ra nhiều lần và còn bụi cũ như hàng trưng bày. Lần đầu tiên mua sách tiki và mua để tặng mà đến tay người nhận bị phản ánh như vậy quá xấu hổ và thất vọng","customer_id":25281311,"rating":1,"images":[{"id":3089392,"full_path":"https://salt.tikicdn.com/ts/review/44/bc/af/6b303b9281c0866a22726be9fa487736.jpg"}],"created_at":1643447513,"created_by":{"id":25281311,"name":"Hun D","full_name":"Hun D","created_time":"2021-11-19 19:54:55","purchased":true,"purchased_at":1643392141},"product_id":13673970,"timeline":{"review_created_date":"2022-01-29 16:11:53","delivery_date":"2022-01-29 14:07:53"}},{"id":17095290,"title":"Cực kì hài lòng","content":"Mình rất thích đọc những cuốn thuộc thể loại trinh thám ntn. Phần giới thiệu sách cũng khiến mình khá là tò mò nên mình đã qđ mua ngay e nó 😉👍","customer_id":6193025,"rating":5,"images":[{"id":3694877,"full_path":"https://salt.tikicdn.com/ts/review/15/9d/5c/eeccacd03cdaabf0e178a408ecd810cc.jpg"},{"id":3694878,"full_path":"https://salt.tikicdn.com/ts/review/79/89/48/6544a9c907b04c114bad9f228a6650c2.jpg"},{"id":3694879,"full_path":"https://salt.tikicdn.com/ts/review/96/de/58/d9b9fffa984deb09d75dd9ee9fa9410f.jpg"}],"created_at":1658023103,"created_by":{"id":6193025,"name":"EnZy Kim","full_name":"EnZy Kim","created_time":"2017-12-11 19:18:17","purchased":true,"purchased_at":1657620165},"product_id":13673970,"timeline":{"review_created_date":"2022-07-17 08:58:23","delivery_date":"2022-07-14 12:28:26"}},{"id":16143132,"title":"Cực kì hài lòng","content":"Sách mới,giá rẻ,giao hàng nhanh. Mua đúng dịp giảm thêm 50% khi mua từ 5 sản phẩm trong danh mục nên ưng ý,cũng có vài cuốn hơi lỗi nhỏ nhưng chấp nhận được","customer_id":8332482,"rating":5,"images":[{"id":3425311,"full_path":"https://salt.tikicdn.com/ts/review/a4/0f/40/84422cd16143ed747d440003ac8a85ab.jpg"},{"id":3425312,"full_path":"https://salt.tikicdn.com/ts/review/e6/5f/f9/95e707acdde95cb32f2fe3f6d66eeeb6.jpg"},{"id":3425313,"full_path":"https://salt.tikicdn.com/ts/review/a8/fc/5f/76c06c7fe451b6d696db48dc311db608.jpg"}],"created_at":1651292183,"created_by":{"id":8332482,"name":"Hoàng Thị Thiết","full_name":"Hoàng Thị Thiết","created_time":"2018-10-10 16:08:56","purchased":true,"purchased_at":1651203948},"product_id":13673970,"timeline":{"review_created_date":"2022-04-30 11:16:23","delivery_date":"2022-04-30 08:26:34"}},{"id":19149339,"title":"Cực kì hài lòng","content":"-Hình thức: chất lượng in ch tốt lắm, có trang mực in bị nhạt. Gáy tập 2 cũng lệch và bị lỗi nhiều. Tập 1 thì bị sứt keo vài trang đầu. Nhưg vì giá đc sale nên có thể bỏ qua mấy lỗi trên đc\r\n-Nội dug: hơi khác với nhữg quyển trinh thám mk từg đọc trc đó, k phải là kiểu đưa ra từng nút thắt, manh mối rồi cuối cùg dẫn đến sự thật, truyện còn dẫn dắt ng đọc đi qua cuộc đời của nv Gia Anh. Nên khi đọc, mk chỉ quan tâm đến Gia Anh và việc cô ấy đã phải trải qua nhữg gì chứ k quan tâm đến sự thật ở mỗi nút thắt đc đưa ra cho lắm. Và càng đọc, cành cảm thấy đau lòg. Nghĩ đến ngoài đời, ở đâu đó cũg có những người đang chịu những thứ tồi tệ giống như cô ấy làm mk càng nặng nề, bứt rứt và phẫn nộ. Và càng đau lòng khi thấy nhữg con người lương thiện cho dù có cố gắng vươn lên, thoát khỏi nó như thế nào cuối cùg cũng bị vùi dập trở lại bóng tối. Nhưg dù trãi qua bao nhiêu chuyện như thế, sau cùg Gia Anh vẫn giữ lại đc tâm hồn lương thiện và dũng cảm vốn có của mk. Mk cx thích cách tgiả dành thời lượng dù ít nhưng đủ để khắc hoạ tình cảm sâu sắc giữa Hồ Anh  và Triệu Diệc Thần. Tuyến nv và các chi tiết trong truyện dù nhiều nhưng vẫn đc xây dựng đầy đủ và k dư thừa một chút nào. Tóm lại dù truyện dài, nhưng vẫn đủ cuốn hút để mk xem đến trang cuối cùng. Dõi theo Gia Anh và hành trình Triệu Diệc Thần vượt qua nỗi đau và tiếp tục bước tiếp trên con đường phía trc","customer_id":27769137,"rating":5,"images":[{"id":4250858,"full_path":"https://salt.tikicdn.com/ts/review/bf/36/51/392212f0b1f99d595f15094b05af1ab7.jpg"},{"id":4250859,"full_path":"https://salt.tikicdn.com/ts/review/ec/d9/6e/968db89f1b2e36aa4c6095c1e2d9987c.jpg"},{"id":4250860,"full_path":"https://salt.tikicdn.com/ts/review/66/9b/34/cab1357e06c8b255eb0f8744019c2060.jpg"}],"created_at":1682955455,"created_by":{"id":27769137,"name":"Lê Thanh trúc","full_name":"Lê Thanh trúc","created_time":"2022-07-02 09:45:45","purchased":true,"purchased_at":1669310942},"product_id":13673970,"timeline":{"review_created_date":"2023-05-01 22:37:35","delivery_date":"2022-11-28 12:16:26"}},{"id":16633676,"title":"Cực kì hài lòng","content":"Một thể thức game lạ mà quen, không dễ cũng không khó. Lần đầu tiên mình tổ chức game thể thức như này nhân một dịp đặc biệt. Mong mọi người hào hứng tham gia cho mình vui nhé, à mọi người cũng cùng vui chứ.","customer_id":8950909,"rating":5,"images":[{"id":3562089,"full_path":"https://salt.tikicdn.com/ts/review/db/00/46/c3da0dfc546635e8d5b95c3fe745020d.jpg"},{"id":3562090,"full_path":"https://salt.tikicdn.com/ts/review/a3/e8/33/237fe7dbceafffdf09369c02b88a259d.jpg"},{"id":3562091,"full_path":"https://salt.tikicdn.com/ts/review/b9/7d/9f/18091a17ac48e7f2bd30898ba42139e3.jpg"},{"id":3562092,"full_path":"https://salt.tikicdn.com/ts/review/36/08/5c/e3ba818267c52a2118e8fce1233d7efc.jpg"},{"id":3562093,"full_path":"https://salt.tikicdn.com/ts/review/d4/c5/81/5efb06a6030f81ff627c7990841c46b5.jpg"}],"created_at":1654696450,"created_by":{"id":8950909,"name":"Lưu Nguyễn Quốc Trí","full_name":"Lưu Nguyễn Quốc Trí","created_time":"2018-11-13 10:00:30","purchased":true,"purchased_at":1651584426},"product_id":13673970,"timeline":{"review_created_date":"2022-06-08 20:54:10","delivery_date":"2022-05-06 09:18:48"}},{"id":14751518,"title":"Rất không hài lòng","content":"Sách lúc bóc ra không còn nguyên seal mà seal đã bị bóc ra và dán lại rất sơ sài, đã có dấu hiệu bị lật ra nhiều lần và còn bụi cũ như hàng trưng bày. Lần đầu tiên mua sách tiki và mua để tặng mà đến tay người nhận bị phản ánh như vậy quá xấu hổ và thất vọng","customer_id":25281311,"rating":1,"images":[{"id":3089392,"full_path":"https://salt.tikicdn.com/ts/review/44/bc/af/6b303b9281c0866a22726be9fa487736.jpg"}],"created_at":1643447513,"created_by":{"id":25281311,"name":"Hun D","full_name":"Hun D","created_time":"2021-11-19 19:54:55","purchased":true,"purchased_at":1643392141},"product_id":13673970,"timeline":{"review_created_date":"2022-01-29 16:11:53","delivery_date":"2022-01-29 14:07:53"}},{"id":17095290,"title":"Cực kì hài lòng","content":"Mình rất thích đọc những cuốn thuộc thể loại trinh thám ntn. Phần giới thiệu sách cũng khiến mình khá là tò mò nên mình đã qđ mua ngay e nó 😉👍","customer_id":6193025,"rating":5,"images":[{"id":3694877,"full_path":"https://salt.tikicdn.com/ts/review/15/9d/5c/eeccacd03cdaabf0e178a408ecd810cc.jpg"},{"id":3694878,"full_path":"https://salt.tikicdn.com/ts/review/79/89/48/6544a9c907b04c114bad9f228a6650c2.jpg"},{"id":3694879,"full_path":"https://salt.tikicdn.com/ts/review/96/de/58/d9b9fffa984deb09d75dd9ee9fa9410f.jpg"}],"created_at":1658023103,"created_by":{"id":6193025,"name":"EnZy Kim","full_name":"EnZy Kim","created_time":"2017-12-11 19:18:17","purchased":true,"purchased_at":1657620165},"product_id":13673970,"timeline":{"review_created_date":"2022-07-17 08:58:23","delivery_date":"2022-07-14 12:28:26"}},{"id":16143132,"title":"Cực kì hài lòng","content":"Sách mới,giá rẻ,giao hàng nhanh. Mua đúng dịp giảm thêm 50% khi mua từ 5 sản phẩm trong danh mục nên ưng ý,cũng có vài cuốn hơi lỗi nhỏ nhưng chấp nhận được","customer_id":8332482,"rating":5,"images":[{"id":3425311,"full_path":"https://salt.tikicdn.com/ts/review/a4/0f/40/84422cd16143ed747d440003ac8a85ab.jpg"},{"id":3425312,"full_path":"https://salt.tikicdn.com/ts/review/e6/5f/f9/95e707acdde95cb32f2fe3f6d66eeeb6.jpg"},{"id":3425313,"full_path":"https://salt.tikicdn.com/ts/review/a8/fc/5f/76c06c7fe451b6d696db48dc311db608.jpg"}],"created_at":1651292183,"created_by":{"id":8332482,"name":"Hoàng Thị Thiết","full_name":"Hoàng Thị Thiết","created_time":"2018-10-10 16:08:56","purchased":true,"purchased_at":1651203948},"product_id":13673970,"timeline":{"review_created_date":"2022-04-30 11:16:23","delivery_date":"2022-04-30 08:26:34"}},{"id":19149339,"title":"Cực kì hài lòng","content":"-Hình thức: chất lượng in ch tốt lắm, có trang mực in bị nhạt. Gáy tập 2 cũng lệch và bị lỗi nhiều. Tập 1 thì bị sứt keo vài trang đầu. Nhưg vì giá đc sale nên có thể bỏ qua mấy lỗi trên đc\r\n-Nội dug: hơi khác với nhữg quyển trinh thám mk từg đọc trc đó, k phải là kiểu đưa ra từng nút thắt, manh mối rồi cuối cùg dẫn đến sự thật, truyện còn dẫn dắt ng đọc đi qua cuộc đời của nv Gia Anh. Nên khi đọc, mk chỉ quan tâm đến Gia Anh và việc cô ấy đã phải trải qua nhữg gì chứ k quan tâm đến sự thật ở mỗi nút thắt đc đưa ra cho lắm. Và càng đọc, cành cảm thấy đau lòg. Nghĩ đến ngoài đời, ở đâu đó cũg có những người đang chịu những thứ tồi tệ giống như cô ấy làm mk càng nặng nề, bứt rứt và phẫn nộ. Và càng đau lòng khi thấy nhữg con người lương thiện cho dù có cố gắng vươn lên, thoát khỏi nó như thế nào cuối cùg cũng bị vùi dập trở lại bóng tối. Nhưg dù trãi qua bao nhiêu chuyện như thế, sau cùg Gia Anh vẫn giữ lại đc tâm hồn lương thiện và dũng cảm vốn có của mk. Mk cx thích cách tgiả dành thời lượng dù ít nhưng đủ để khắc hoạ tình cảm sâu sắc giữa Hồ Anh  và Triệu Diệc Thần. Tuyến nv và các chi tiết trong truyện dù nhiều nhưng vẫn đc xây dựng đầy đủ và k dư thừa một chút nào. Tóm lại dù truyện dài, nhưng vẫn đủ cuốn hút để mk xem đến trang cuối cùng. Dõi theo Gia Anh và hành trình Triệu Diệc Thần vượt qua nỗi đau và tiếp tục bước tiếp trên con đường phía trc","customer_id":27769137,"rating":5,"images":[{"id":4250858,"full_path":"https://salt.tikicdn.com/ts/review/bf/36/51/392212f0b1f99d595f15094b05af1ab7.jpg"},{"id":4250859,"full_path":"https://salt.tikicdn.com/ts/review/ec/d9/6e/968db89f1b2e36aa4c6095c1e2d9987c.jpg"},{"id":4250860,"full_path":"https://salt.tikicdn.com/ts/review/66/9b/34/cab1357e06c8b255eb0f8744019c2060.jpg"}],"created_at":1682955455,"created_by":{"id":27769137,"name":"Lê Thanh trúc","full_name":"Lê Thanh trúc","created_time":"2022-07-02 09:45:45","purchased":true,"purchased_at":1669310942},"product_id":13673970,"timeline":{"review_created_date":"2023-05-01 22:37:35","delivery_date":"2022-11-28 12:16:26"}},{"id":16633676,"title":"Cực kì hài lòng","content":"Một thể thức game lạ mà quen, không dễ cũng không khó. Lần đầu tiên mình tổ chức game thể thức như này nhân một dịp đặc biệt. Mong mọi người hào hứng tham gia cho mình vui nhé, à mọi người cũng cùng vui chứ.","customer_id":8950909,"rating":5,"images":[{"id":3562089,"full_path":"https://salt.tikicdn.com/ts/review/db/00/46/c3da0dfc546635e8d5b95c3fe745020d.jpg"},{"id":3562090,"full_path":"https://salt.tikicdn.com/ts/review/a3/e8/33/237fe7dbceafffdf09369c02b88a259d.jpg"},{"id":3562091,"full_path":"https://salt.tikicdn.com/ts/review/b9/7d/9f/18091a17ac48e7f2bd30898ba42139e3.jpg"},{"id":3562092,"full_path":"https://salt.tikicdn.com/ts/review/36/08/5c/e3ba818267c52a2118e8fce1233d7efc.jpg"},{"id":3562093,"full_path":"https://salt.tikicdn.com/ts/review/d4/c5/81/5efb06a6030f81ff627c7990841c46b5.jpg"}],"created_at":1654696450,"created_by":{"id":8950909,"name":"Lưu Nguyễn Quốc Trí","full_name":"Lưu Nguyễn Quốc Trí","created_time":"2018-11-13 10:00:30","purchased":true,"purchased_at":1651584426},"product_id":13673970,"timeline":{"review_created_date":"2022-06-08 20:54:10","delivery_date":"2022-05-06 09:18:48"}},{"id":14751518,"title":"Rất không hài lòng","content":"Sách lúc bóc ra không còn nguyên seal mà seal đã bị bóc ra và dán lại rất sơ sài, đã có dấu hiệu bị lật ra nhiều lần và còn bụi cũ như hàng trưng bày. Lần đầu tiên mua sách tiki và mua để tặng mà đến tay người nhận bị phản ánh như vậy quá xấu hổ và thất vọng","customer_id":25281311,"rating":1,"images":[{"id":3089392,"full_path":"https://salt.tikicdn.com/ts/review/44/bc/af/6b303b9281c0866a22726be9fa487736.jpg"}],"created_at":1643447513,"created_by":{"id":25281311,"name":"Hun D","full_name":"Hun D","created_time":"2021-11-19 19:54:55","purchased":true,"purchased_at":1643392141},"product_id":13673970,"timeline":{"review_created_date":"2022-01-29 16:11:53","delivery_date":"2022-01-29 14:07:53"}},{"id":17095290,"title":"Cực kì hài lòng","content":"Mình rất thích đọc những cuốn thuộc thể loại trinh thám ntn. Phần giới thiệu sách cũng khiến mình khá là tò mò nên mình đã qđ mua ngay e nó 😉👍","customer_id":6193025,"rating":5,"images":[{"id":3694877,"full_path":"https://salt.tikicdn.com/ts/review/15/9d/5c/eeccacd03cdaabf0e178a408ecd810cc.jpg"},{"id":3694878,"full_path":"https://salt.tikicdn.com/ts/review/79/89/48/6544a9c907b04c114bad9f228a6650c2.jpg"},{"id":3694879,"full_path":"https://salt.tikicdn.com/ts/review/96/de/58/d9b9fffa984deb09d75dd9ee9fa9410f.jpg"}],"created_at":1658023103,"created_by":{"id":6193025,"name":"EnZy Kim","full_name":"EnZy Kim","created_time":"2017-12-11 19:18:17","purchased":true,"purchased_at":1657620165},"product_id":13673970,"timeline":{"review_created_date":"2022-07-17 08:58:23","delivery_date":"2022-07-14 12:28:26"}},{"id":16143132,"title":"Cực kì hài lòng","content":"Sách mới,giá rẻ,giao hàng nhanh. Mua đúng dịp giảm thêm 50% khi mua từ 5 sản phẩm trong danh mục nên ưng ý,cũng có vài cuốn hơi lỗi nhỏ nhưng chấp nhận được","customer_id":8332482,"rating":5,"images":[{"id":3425311,"full_path":"https://salt.tikicdn.com/ts/review/a4/0f/40/84422cd16143ed747d440003ac8a85ab.jpg"},{"id":3425312,"full_path":"https://salt.tikicdn.com/ts/review/e6/5f/f9/95e707acdde95cb32f2fe3f6d66eeeb6.jpg"},{"id":3425313,"full_path":"https://salt.tikicdn.com/ts/review/a8/fc/5f/76c06c7fe451b6d696db48dc311db608.jpg"}],"created_at":1651292183,"created_by":{"id":8332482,"name":"Hoàng Thị Thiết","full_name":"Hoàng Thị Thiết","created_time":"2018-10-10 16:08:56","purchased":true,"purchased_at":1651203948},"product_id":13673970,"timeline":{"review_created_date":"2022-04-30 11:16:23","delivery_date":"2022-04-30 08:26:34"}}]}