{"id":13673964,"dbId":12197,"createdAt":1555779600000,"name":"Giây Thứ 12 - Tập 1 (Trinh Thám)","short_description":"Giây Thứ 12 - Tập 1Một ngày nọ, người vợ đang mang thai sáu tháng của cảnh sát hình sự Triệu Diệc Thần là Hồ Gia Anh gọi điện thoại đến báo án. Cuộc gọi tiến hành đến giây thứ mười một thì đột nhiên ...","description":"\u003cp\u003e\u003cstrong\u003eGiây Thứ 12 - Tập 1\u003c/strong\u003e\u003c/p\u003e\n\u003cp\u003eMột ngày nọ, người vợ đang mang thai sáu tháng của cảnh sát hình sự Triệu Diệc Thần là Hồ Gia Anh gọi điện thoại đến báo án. Cuộc gọi tiến hành đến giây thứ mười một thì đột nhiên kết thúc, Hồ Gia Anh cũng mất tích từ lúc đó.\u003c/p\u003e\n\u003cp\u003eTrong quá trình điều tra, Triệu Diệc Thần phát hiện tất cả những giấy tờ chứng minh thân phận của vợ mình đều là giả, manh mối cũng vì thế mà đứt đoạn.\u003c/p\u003e\n\u003cp\u003eChín năm sau, anh nhận được một cuộc gọi kì lạ, sau đó không lâu hòm thư trước nhà lại nhận được hai tấm ảnh, trong ảnh là là người vợ đã mất tích nhiều năm của anh và một cô bé có gương mặt rất giống anh.\u003c/p\u003e\n\u003cp\u003eAnh lần theo cuộc gọi đó mà tìm đến nhà của một người xa lạ, đợi chờ anh ngoài một khoản di sản lớn thì còn có tin vợ mình đã qua đời từ năm ngoái, và một cô con gái mắc chứng trầm cảm mà mất khả năng ngôn ngữ...\u003c/p\u003e\n\u003cp\u003eTrong 9 năm đằng đẵng đó, đã xảy ra chuyện gì? Ngoài ra, bí mật nào trong quá khứ được người vợ xinh đẹp, thông minh chôn giấu? Đứa trẻ đó... vì sao?\u003c/p\u003e\n\u003cp\u003eTrích dẫn hay:\u003c/p\u003e\n\u003cp\u003e“Con người có bao nhiêu ham muốn, thì sẽ sống với bấy nhiêu gánh nặng. Không thể trách người khác.”\u003c/p\u003e\n\u003cp\u003e“Trên đời này chỉ có tự vệ và lương thiện là không cần có lí do.”\u003c/p\u003e\n\u003cp\u003eCho nên, đó là bộ luật hà khắc nhất.\u003c/p\u003e\n\u003cp\u003eCũng là bộ luật khoan dung nhất.\u003c/p\u003e\n\u003cp\u003e\"Đừng lấy sai lầm của người khác làm lí do sai phạm của mình\"\u003c/p\u003e\n\u003cp\u003e“Em thích nhất là Luật Hình sự, vì nó có tính khiêm nhường.” Cô và anh cùng đi bộ trên sân vận động, mắt cô lấp lánh ánh sáng, miệng mang theo nụ cười, “Không yêu cầu người khác lương thiện, chỉ yêu cầu họ đừng làm điều ác.”\u003c/p\u003e\n\u003cp\u003eCho nên, đó là bộ luật hà khắc nhất.\u003c/p\u003e\n\u003cp\u003eCũng là bộ luật khoan dung nhất.\u003c/p\u003e\u003cp\u003eGiá sản phẩm trên Tiki đã bao gồm thuế theo luật hiện hành. Bên cạnh đó, tuỳ vào loại sản phẩm, hình thức và địa chỉ giao hàng mà có thể phát sinh thêm chi phí khác như phí vận chuyển, phụ phí hàng cồng kềnh, thuế nhập khẩu (đối với đơn hàng giao từ nước ngoài có giá trị trên 1 triệu đồng).....\u003c/p\u003e","original_price":87000.0,"thumbnail_url":"https://salt.tikicdn.com/cache/280x280/ts/product/95/5c/6b/cb23f631fdfbf871b48d89fd73633d93.jpg","images":[{"base_url":"https://salt.tikicdn.com/ts/product/95/5c/6b/cb23f631fdfbf871b48d89fd73633d93.jpg","dbId":32459},{"base_url":"https://salt.tikicdn.com/ts/product/3e/0e/5f/425ec1345d61e87c90e0d9c2e5a43e82.jpg","dbId":32460}],"authors":[{"id":194383,"name":"Sunness","dbId":6381}],"specifications":[{"name":"Thông tin chung","attributes":[{"name":"Công ty phát hành","value":"Phúc Minh"},{"name":"Ngày xuất bản","value":"2019-04-01 00:00:00"},{"name":"Dịch Giả","value":"Tú Phương"},{"name":"Loại bìa","value":"Bìa mềm"},{"name":"Số trang","value":"420"},{"name":"Nhà xuất bản","value":"Nhà Xuất Bản Văn Học"},{"code":"PUBLICATION_DATE","name":"Kích thước","value":"14.5 x 20.5 cm"}]}],"stock_item":{"qty":1000},"all_time_quantity_sold":164,"reviews":[{"id":17908544,"title":"Cực kì hài lòng","content":"sưu tập trọn bộ tất cả những truyện trinh thám của Phúc Minh luôn. Cuốn nào cũng hay, sale trên sản phẩm quá rẻ, lại còn sale thêm khi mua nhiều, app mã tiki , mã riêng, quá hời cho một cuốn truyện dày, bìa đẹp sắc nét, cầm trên tay quá thích. Nội dung đều đã được tuyển chọn ko có cuốn nào dở","customer_id":6931624,"rating":5,"images":[{"id":3923338,"full_path":"https://salt.tikicdn.com/ts/review/1b/dd/72/07f64cb6b0dac117353773a7b53ded5f.jpg"},{"id":3923339,"full_path":"https://salt.tikicdn.com/ts/review/94/eb/68/1d3c355b0d66e7b21709b3275d5109ba.jpg"}],"created_at":1665299396,"created_by":{"id":6931624,"name":"Christina Phương Hiền","full_name":"Christina Phương Hiền","created_time":"2018-04-14 19:13:21","purchased":true,"purchased_at":1663781423},"product_id":13673964,"timeline":{"review_created_date":"2022-10-09 14:09:56","delivery_date":"2022-09-24 14:48:35"}},{"id":16677499,"title":"Cực kì hài lòng","content":"Mình cảm ơn shop vì đã sale sách giá tốt Mình cảm ơn shop vì đã sale sách giá tốt Mình cảm ơn shop vì đã sale sách giá tốt Mình cảm ơn shop vì đã sale sách giá tốt Mình cảm ơn shop vì đã sale sách giá tốt Mình cảm ơn shop vì đã sale sách giá tốt Mình cảm ơn shop vì đã sale sách giá tốt Mình cảm ơn shop vì đã sale sách giá tốt","customer_id":20057540,"rating":5,"images":[{"id":3579038,"full_path":"https://salt.tikicdn.com/ts/review/49/ba/88/1d24c8b96e56a872569ab30c86c74420.jpg"}],"created_at":1654967016,"created_by":{"id":20057540,"name":"nguyễn thị tính","full_name":"nguyễn thị tính","created_time":"2021-01-26 19:10:44","purchased":true,"purchased_at":1654771764},"product_id":13673964,"timeline":{"review_created_date":"2022-06-12 00:03:36","delivery_date":"2022-06-11 15:28:13"}},{"id":18289985,"title":"Cực kì hài lòng","content":"Giao hàng nhanh, in ấn rõ nét, bìa đẹp, chất giấy tốt","customer_id":6381791,"rating":5,"images":[{"id":4012879,"full_path":"https://salt.tikicdn.com/ts/review/ca/d1/dc/19e634aff94bab2e514b2cdd5a67a12e.jpg"},{"id":4012880,"full_path":"https://salt.tikicdn.com/ts/review/a6/d7/69/b85d81c66d16aa6b4eab0d5d40e6db79.jpg"},{"id":4012881,"full_path":"https://salt.tikicdn.com/ts/review/1d/15/39/ee2dbc888d93e1563bd7ae6ce3e32a5f.jpg"}],"created_at":1669432364,"created_by":{"id":6381791,"name":"Lê Kim Anh","full_name":"Lê Kim Anh","created_time":"2018-01-21 08:40:26","purchased":true,"purchased_at":1665578352},"product_id":13673964,"timeline":{"review_created_date":"2022-11-26 10:12:44","delivery_date":"2022-10-13 08:58:35"}},{"id":17564069,"title":"Cực kì hài lòng","content":"Sách rất đẹp nha, shop gói hàng k bọc chống sóc nhưng giao đến tay vẫn k bị móp góc ạ\r\nSách chỉ có 1 bìa thôi, k có bìa bọc bên ngoài","customer_id":21040354,"rating":5,"images":[{"id":3840393,"full_path":"https://salt.tikicdn.com/ts/review/d6/ca/4b/e84baa8e6862b021b6047a893ba718ba.jpg"}],"created_at":1661913769,"created_by":{"id":21040354,"name":"Vũ Thu Hường","full_name":"Vũ Thu Hường","created_time":"2021-03-25 20:11:22","purchased":true,"purchased_at":1661883493},"product_id":13673964,"timeline":{"review_created_date":"2022-08-31 09:42:49","delivery_date":"2022-08-31 09:13:48"}},{"id":17358142,"title":"Cực kì hài lòng","content":"Truyện mới, đóng gói cẩn thận, giao hành nhanh, cảm ơn shop. Sẽ tiếp tục ủng hộ shop khi có các đầu tr ưng ý","customer_id":10679,"rating":5,"images":[{"id":3776465,"full_path":"https://salt.tikicdn.com/ts/review/1d/42/aa/cdc2ef61d7e51308d1ad4b646e792752.jpg"}],"created_at":1660053652,"created_by":{"id":10679,"name":"Nguyễn Thị Mỹ Dung","full_name":"Nguyễn Thị Mỹ Dung","created_time":"2011-08-30 18:40:22","purchased":true,"purchased_at":1653291364},"product_id":13673964,"timeline":{"review_created_date":"2022-08-09 21:00:52","delivery_date":"2022-05-23 16:38:39"}},{"id":17908544,"title":"Cực kì hài lòng","content":"sưu tập trọn bộ tất cả những truyện trinh thám của Phúc Minh luôn. Cuốn nào cũng hay, sale trên sản phẩm quá rẻ, lại còn sale thêm khi mua nhiều, app mã tiki , mã riêng, quá hời cho một cuốn truyện dày, bìa đẹp sắc nét, cầm trên tay quá thích. Nội dung đều đã được tuyển chọn ko có cuốn nào dở","customer_id":6931624,"rating":5,"images":[{"id":3923338,"full_path":"https://salt.tikicdn.com/ts/review/1b/dd/72/07f64cb6b0dac117353773a7b53ded5f.jpg"},{"id":3923339,"full_path":"https://salt.tikicdn.com/ts/review/94/eb/68/1d3c355b0d66e7b21709b3275d5109ba.jpg"}],"created_at":1665299396,"created_by":{"id":6931624,"name":"Christina Phương Hiền","full_name":"Christina Phương Hiền","created_time":"2018-04-14 19:13:21","purchased":true,"purchased_at":1663781423},"product_id":13673964,"timeline":{"review_created_date":"2022-10-09 14:09:56","delivery_date":"2022-09-24 14:48:35"}},{"id":16677499,"title":"Cực kì hài lòng","content":"Mình cảm ơn shop vì đã sale sách giá tốt Mình cảm ơn shop vì đã sale sách giá tốt Mình cảm ơn shop vì đã sale sách giá tốt Mình cảm ơn shop vì đã sale sách giá tốt Mình cảm ơn shop vì đã sale sách giá tốt Mình cảm ơn shop vì đã sale sách giá tốt Mình cảm ơn shop vì đã sale sách giá tốt Mình cảm ơn shop vì đã sale sách giá tốt","customer_id":20057540,"rating":5,"images":[{"id":3579038,"full_path":"https://salt.tikicdn.com/ts/review/49/ba/88/1d24c8b96e56a872569ab30c86c74420.jpg"}],"created_at":1654967016,"created_by":{"id":20057540,"name":"nguyễn thị tính","full_name":"nguyễn thị tính","created_time":"2021-01-26 19:10:44","purchased":true,"purchased_at":1654771764},"product_id":13673964,"timeline":{"review_created_date":"2022-06-12 00:03:36","delivery_date":"2022-06-11 15:28:13"}},{"id":18289985,"title":"Cực kì hài lòng","content":"Giao hàng nhanh, in ấn rõ nét, bìa đẹp, chất giấy tốt","customer_id":6381791,"rating":5,"images":[{"id":4012879,"full_path":"https://salt.tikicdn.com/ts/review/ca/d1/dc/19e634aff94bab2e514b2cdd5a67a12e.jpg"},{"id":4012880,"full_path":"https://salt.tikicdn.com/ts/review/a6/d7/69/b85d81c66d16aa6b4eab0d5d40e6db79.jpg"},{"id":4012881,"full_path":"https://salt.tikicdn.com/ts/review/1d/15/39/ee2dbc888d93e1563bd7ae6ce3e32a5f.jpg"}],"created_at":1669432364,"created_by":{"id":6381791,"name":"Lê Kim Anh","full_name":"Lê Kim Anh","created_time":"2018-01-21 08:40:26","purchased":true,"purchased_at":1665578352},"product_id":13673964,"timeline":{"review_created_date":"2022-11-26 10:12:44","delivery_date":"2022-10-13 08:58:35"}},{"id":17564069,"title":"Cực kì hài lòng","content":"Sách rất đẹp nha, shop gói hàng k bọc chống sóc nhưng giao đến tay vẫn k bị móp góc ạ\r\nSách chỉ có 1 bìa thôi, k có bìa bọc bên ngoài","customer_id":21040354,"rating":5,"images":[{"id":3840393,"full_path":"https://salt.tikicdn.com/ts/review/d6/ca/4b/e84baa8e6862b021b6047a893ba718ba.jpg"}],"created_at":1661913769,"created_by":{"id":21040354,"name":"Vũ Thu Hường","full_name":"Vũ Thu Hường","created_time":"2021-03-25 20:11:22","purchased":true,"purchased_at":1661883493},"product_id":13673964,"timeline":{"review_created_date":"2022-08-31 09:42:49","delivery_date":"2022-08-31 09:13:48"}},{"id":17358142,"title":"Cực kì hài lòng","content":"Truyện mới, đóng gói cẩn thận, giao hành nhanh, cảm ơn shop. Sẽ tiếp tục ủng hộ shop khi có các đầu tr ưng ý","customer_id":10679,"rating":5,"images":[{"id":3776465,"full_path":"https://salt.tikicdn.com/ts/review/1d/42/aa/cdc2ef61d7e51308d1ad4b646e792752.jpg"}],"created_at":1660053652,"created_by":{"id":10679,"name":"Nguyễn Thị Mỹ Dung","full_name":"Nguyễn Thị Mỹ Dung","created_time":"2011-08-30 18:40:22","purchased":true,"purchased_at":1653291364},"product_id":13673964,"timeline":{"review_created_date":"2022-08-09 21:00:52","delivery_date":"2022-05-23 16:38:39"}},{"id":17908544,"title":"Cực kì hài lòng","content":"sưu tập trọn bộ tất cả những truyện trinh thám của Phúc Minh luôn. Cuốn nào cũng hay, sale trên sản phẩm quá rẻ, lại còn sale thêm khi mua nhiều, app mã tiki , mã riêng, quá hời cho một cuốn truyện dày, bìa đẹp sắc nét, cầm trên tay quá thích. Nội dung đều đã được tuyển chọn ko có cuốn nào dở","customer_id":6931624,"rating":5,"images":[{"id":3923338,"full_path":"https://salt.tikicdn.com/ts/review/1b/dd/72/07f64cb6b0dac117353773a7b53ded5f.jpg"},{"id":3923339,"full_path":"https://salt.tikicdn.com/ts/review/94/eb/68/1d3c355b0d66e7b21709b3275d5109ba.jpg"}],"created_at":1665299396,"created_by":{"id":6931624,"name":"Christina Phương Hiền","full_name":"Christina Phương Hiền","created_time":"2018-04-14 19:13:21","purchased":true,"purchased_at":1663781423},"product_id":13673964,"timeline":{"review_created_date":"2022-10-09 14:09:56","delivery_date":"2022-09-24 14:48:35"}},{"id":16677499,"title":"Cực kì hài lòng","content":"Mình cảm ơn shop vì đã sale sách giá tốt Mình cảm ơn shop vì đã sale sách giá tốt Mình cảm ơn shop vì đã sale sách giá tốt Mình cảm ơn shop vì đã sale sách giá tốt Mình cảm ơn shop vì đã sale sách giá tốt Mình cảm ơn shop vì đã sale sách giá tốt Mình cảm ơn shop vì đã sale sách giá tốt Mình cảm ơn shop vì đã sale sách giá tốt","customer_id":20057540,"rating":5,"images":[{"id":3579038,"full_path":"https://salt.tikicdn.com/ts/review/49/ba/88/1d24c8b96e56a872569ab30c86c74420.jpg"}],"created_at":1654967016,"created_by":{"id":20057540,"name":"nguyễn thị tính","full_name":"nguyễn thị tính","created_time":"2021-01-26 19:10:44","purchased":true,"purchased_at":1654771764},"product_id":13673964,"timeline":{"review_created_date":"2022-06-12 00:03:36","delivery_date":"2022-06-11 15:28:13"}},{"id":18289985,"title":"Cực kì hài lòng","content":"Giao hàng nhanh, in ấn rõ nét, bìa đẹp, chất giấy tốt","customer_id":6381791,"rating":5,"images":[{"id":4012879,"full_path":"https://salt.tikicdn.com/ts/review/ca/d1/dc/19e634aff94bab2e514b2cdd5a67a12e.jpg"},{"id":4012880,"full_path":"https://salt.tikicdn.com/ts/review/a6/d7/69/b85d81c66d16aa6b4eab0d5d40e6db79.jpg"},{"id":4012881,"full_path":"https://salt.tikicdn.com/ts/review/1d/15/39/ee2dbc888d93e1563bd7ae6ce3e32a5f.jpg"}],"created_at":1669432364,"created_by":{"id":6381791,"name":"Lê Kim Anh","full_name":"Lê Kim Anh","created_time":"2018-01-21 08:40:26","purchased":true,"purchased_at":1665578352},"product_id":13673964,"timeline":{"review_created_date":"2022-11-26 10:12:44","delivery_date":"2022-10-13 08:58:35"}},{"id":17564069,"title":"Cực kì hài lòng","content":"Sách rất đẹp nha, shop gói hàng k bọc chống sóc nhưng giao đến tay vẫn k bị móp góc ạ\r\nSách chỉ có 1 bìa thôi, k có bìa bọc bên ngoài","customer_id":21040354,"rating":5,"images":[{"id":3840393,"full_path":"https://salt.tikicdn.com/ts/review/d6/ca/4b/e84baa8e6862b021b6047a893ba718ba.jpg"}],"created_at":1661913769,"created_by":{"id":21040354,"name":"Vũ Thu Hường","full_name":"Vũ Thu Hường","created_time":"2021-03-25 20:11:22","purchased":true,"purchased_at":1661883493},"product_id":13673964,"timeline":{"review_created_date":"2022-08-31 09:42:49","delivery_date":"2022-08-31 09:13:48"}},{"id":17358142,"title":"Cực kì hài lòng","content":"Truyện mới, đóng gói cẩn thận, giao hành nhanh, cảm ơn shop. Sẽ tiếp tục ủng hộ shop khi có các đầu tr ưng ý","customer_id":10679,"rating":5,"images":[{"id":3776465,"full_path":"https://salt.tikicdn.com/ts/review/1d/42/aa/cdc2ef61d7e51308d1ad4b646e792752.jpg"}],"created_at":1660053652,"created_by":{"id":10679,"name":"Nguyễn Thị Mỹ Dung","full_name":"Nguyễn Thị Mỹ Dung","created_time":"2011-08-30 18:40:22","purchased":true,"purchased_at":1653291364},"product_id":13673964,"timeline":{"review_created_date":"2022-08-09 21:00:52","delivery_date":"2022-05-23 16:38:39"}},{"id":17908544,"title":"Cực kì hài lòng","content":"sưu tập trọn bộ tất cả những truyện trinh thám của Phúc Minh luôn. Cuốn nào cũng hay, sale trên sản phẩm quá rẻ, lại còn sale thêm khi mua nhiều, app mã tiki , mã riêng, quá hời cho một cuốn truyện dày, bìa đẹp sắc nét, cầm trên tay quá thích. Nội dung đều đã được tuyển chọn ko có cuốn nào dở","customer_id":6931624,"rating":5,"images":[{"id":3923338,"full_path":"https://salt.tikicdn.com/ts/review/1b/dd/72/07f64cb6b0dac117353773a7b53ded5f.jpg"},{"id":3923339,"full_path":"https://salt.tikicdn.com/ts/review/94/eb/68/1d3c355b0d66e7b21709b3275d5109ba.jpg"}],"created_at":1665299396,"created_by":{"id":6931624,"name":"Christina Phương Hiền","full_name":"Christina Phương Hiền","created_time":"2018-04-14 19:13:21","purchased":true,"purchased_at":1663781423},"product_id":13673964,"timeline":{"review_created_date":"2022-10-09 14:09:56","delivery_date":"2022-09-24 14:48:35"}},{"id":16677499,"title":"Cực kì hài lòng","content":"Mình cảm ơn shop vì đã sale sách giá tốt Mình cảm ơn shop vì đã sale sách giá tốt Mình cảm ơn shop vì đã sale sách giá tốt Mình cảm ơn shop vì đã sale sách giá tốt Mình cảm ơn shop vì đã sale sách giá tốt Mình cảm ơn shop vì đã sale sách giá tốt Mình cảm ơn shop vì đã sale sách giá tốt Mình cảm ơn shop vì đã sale sách giá tốt","customer_id":20057540,"rating":5,"images":[{"id":3579038,"full_path":"https://salt.tikicdn.com/ts/review/49/ba/88/1d24c8b96e56a872569ab30c86c74420.jpg"}],"created_at":1654967016,"created_by":{"id":20057540,"name":"nguyễn thị tính","full_name":"nguyễn thị tính","created_time":"2021-01-26 19:10:44","purchased":true,"purchased_at":1654771764},"product_id":13673964,"timeline":{"review_created_date":"2022-06-12 00:03:36","delivery_date":"2022-06-11 15:28:13"}},{"id":18289985,"title":"Cực kì hài lòng","content":"Giao hàng nhanh, in ấn rõ nét, bìa đẹp, chất giấy tốt","customer_id":6381791,"rating":5,"images":[{"id":4012879,"full_path":"https://salt.tikicdn.com/ts/review/ca/d1/dc/19e634aff94bab2e514b2cdd5a67a12e.jpg"},{"id":4012880,"full_path":"https://salt.tikicdn.com/ts/review/a6/d7/69/b85d81c66d16aa6b4eab0d5d40e6db79.jpg"},{"id":4012881,"full_path":"https://salt.tikicdn.com/ts/review/1d/15/39/ee2dbc888d93e1563bd7ae6ce3e32a5f.jpg"}],"created_at":1669432364,"created_by":{"id":6381791,"name":"Lê Kim Anh","full_name":"Lê Kim Anh","created_time":"2018-01-21 08:40:26","purchased":true,"purchased_at":1665578352},"product_id":13673964,"timeline":{"review_created_date":"2022-11-26 10:12:44","delivery_date":"2022-10-13 08:58:35"}},{"id":17564069,"title":"Cực kì hài lòng","content":"Sách rất đẹp nha, shop gói hàng k bọc chống sóc nhưng giao đến tay vẫn k bị móp góc ạ\r\nSách chỉ có 1 bìa thôi, k có bìa bọc bên ngoài","customer_id":21040354,"rating":5,"images":[{"id":3840393,"full_path":"https://salt.tikicdn.com/ts/review/d6/ca/4b/e84baa8e6862b021b6047a893ba718ba.jpg"}],"created_at":1661913769,"created_by":{"id":21040354,"name":"Vũ Thu Hường","full_name":"Vũ Thu Hường","created_time":"2021-03-25 20:11:22","purchased":true,"purchased_at":1661883493},"product_id":13673964,"timeline":{"review_created_date":"2022-08-31 09:42:49","delivery_date":"2022-08-31 09:13:48"}},{"id":17358142,"title":"Cực kì hài lòng","content":"Truyện mới, đóng gói cẩn thận, giao hành nhanh, cảm ơn shop. Sẽ tiếp tục ủng hộ shop khi có các đầu tr ưng ý","customer_id":10679,"rating":5,"images":[{"id":3776465,"full_path":"https://salt.tikicdn.com/ts/review/1d/42/aa/cdc2ef61d7e51308d1ad4b646e792752.jpg"}],"created_at":1660053652,"created_by":{"id":10679,"name":"Nguyễn Thị Mỹ Dung","full_name":"Nguyễn Thị Mỹ Dung","created_time":"2011-08-30 18:40:22","purchased":true,"purchased_at":1653291364},"product_id":13673964,"timeline":{"review_created_date":"2022-08-09 21:00:52","delivery_date":"2022-05-23 16:38:39"}}]}