{"id":13673968,"dbId":12198,"createdAt":1555347600000,"name":"Giây Thứ 12 - Tập 2 (Trinh Thám)","short_description":"Giây Thứ 12 - Tập 2Chín năm trước, Hồ Gia Anh - vợ của cảnh sát hình sự Triệu Diệc Thần gọi điện đến Cục Công An báo án. Cuộc gọi tiến hành đến giây thứ mười một thì đột nhiên kết thúc, Hồ Gia Anh cũ...","description":"\u003cp\u003e\u003cstrong\u003eGiây Thứ 12 - Tập 2\u003c/strong\u003e\u003c/p\u003e\n\u003cp\u003eChín năm trước, Hồ Gia Anh - vợ của cảnh sát hình sự Triệu Diệc Thần gọi điện đến Cục Công An báo án. Cuộc gọi tiến hành đến giây thứ mười một thì đột nhiên kết thúc, Hồ Gia Anh cũng mất tích từ đó.\u003c/p\u003e\n\u003cp\u003eTrong quá trình điều tra, Triệu Diệc Thần phát hiện tất cả những giấy tờ, chứng minh thân phận của vợ mình đều là giả, manh mối cũng vì thế mà đứt đoạn.\u003c/p\u003e\n\u003cp\u003eChín năm sau, anh nhận được cuộc điện thoại kỳ lạ cùng hai bức ảnh là người vợ đã mất tích và một bé gái có gương mặt rất giống anh. Lần theo manh mối mới, anh dần khám phá ra bí mật đáng sợ về thân thế vợ mình.\u003c/p\u003e\n\u003cp\u003eỞ nơi ranh giới giữa thiện và ác, liệu anh có thể hiểu cho những quyết định mà cô đã chọn? Ở nơi chuyển giao giữa hiện thực và ký ức, liệu anh có thể tìm thấy người phụ nữ mà anh hằng nhung nhớ...\u003c/p\u003e\n\u003cp\u003eEm dùng cả cuộc đời\u003c/p\u003e\n\u003cp\u003eChỉ để cuối cùng\u003c/p\u003e\n\u003cp\u003eĐược chết dưới ánh mặt trời.\u003c/p\u003e\u003cp\u003eGiá sản phẩm trên Tiki đã bao gồm thuế theo luật hiện hành. Bên cạnh đó, tuỳ vào loại sản phẩm, hình thức và địa chỉ giao hàng mà có thể phát sinh thêm chi phí khác như phí vận chuyển, phụ phí hàng cồng kềnh, thuế nhập khẩu (đối với đơn hàng giao từ nước ngoài có giá trị trên 1 triệu đồng).....\u003c/p\u003e","original_price":145000.0,"thumbnail_url":"https://salt.tikicdn.com/cache/280x280/ts/product/b6/3d/e3/e83956d77548c92d82613cca477af8d4.jpg","images":[{"base_url":"https://salt.tikicdn.com/ts/product/b6/3d/e3/e83956d77548c92d82613cca477af8d4.jpg","dbId":32461},{"base_url":"https://salt.tikicdn.com/ts/product/50/a0/77/1da337d681816bc2676230800ae3ebd1.jpg","dbId":32462}],"authors":[{"id":194383,"name":"Sunness","dbId":6381}],"specifications":[{"name":"Thông tin chung","attributes":[{"name":"Công ty phát hành","value":"Phúc Minh"},{"name":"Ngày xuất bản","value":"2019-04-01 00:00:00"},{"name":"Dịch Giả","value":"Tú Phương"},{"name":"Loại bìa","value":"Bìa mềm"},{"name":"Số trang","value":"464"},{"name":"Nhà xuất bản","value":"Nhà Xuất Bản Văn Học"},{"code":"PUBLICATION_DATE","name":"Kích thước","value":"14.5 x 20.5 cm"}]}],"stock_item":{"qty":1000},"all_time_quantity_sold":169,"reviews":[{"id":17908557,"title":"Cực kì hài lòng","content":"sưu tập trọn bộ tất cả những truyện trinh thám của Phúc Minh luôn. Cuốn nào cũng hay, sale trên sản phẩm quá rẻ, lại còn sale thêm khi mua nhiều, app mã tiki , mã riêng, quá hời cho một cuốn truyện dày, bìa đẹp sắc nét, cầm trên tay quá thích. Nội dung đều đã được tuyển chọn ko có cuốn nào dở","customer_id":6931624,"rating":5,"images":[{"id":3923351,"full_path":"https://salt.tikicdn.com/ts/review/1b/dd/72/9167ddfdefb66a4d45ba2c11afe597e3.jpg"},{"id":3923352,"full_path":"https://salt.tikicdn.com/ts/review/94/eb/68/5ab1b933e7733ee55ca0f14230e5dbea.jpg"}],"created_at":1665299469,"created_by":{"id":6931624,"name":"Christina Phương Hiền","full_name":"Christina Phương Hiền","created_time":"2018-04-14 19:13:21","purchased":true,"purchased_at":1663781423},"product_id":13673968,"timeline":{"review_created_date":"2022-10-09 14:11:09","delivery_date":"2022-09-24 14:48:35"}},{"id":19690891,"title":"Không hài lòng","content":"Mua tập 2 mà lại giao tập 1, nhà sách mà làm việc thiếu cẩn thận quá. Có việc không kịp check nên không đổi được luôn.","customer_id":7396963,"rating":2,"images":[{"id":4321423,"full_path":"https://salt.tikicdn.com/ts/review/96/15/b4/f2e7345eff6a45cf97bd7bcc949efda6.jpg"},{"id":4321424,"full_path":"https://salt.tikicdn.com/ts/review/2e/4a/1e/07419bf63a1bb49c2778a52c60d36bb1.jpg"}],"created_at":1703243776,"created_by":{"id":7396963,"name":"Hoang Trung Chien","full_name":"Hoang Trung Chien","created_time":"2018-07-03 11:17:20","purchased":true,"purchased_at":1701791196},"product_id":13673968,"timeline":{"review_created_date":"2023-12-22 18:16:16","delivery_date":"2023-12-07 09:42:27"}},{"id":16677495,"title":"Cực kì hài lòng","content":"Mình cảm ơn shop vì đã sale sách giá tốt Mình cảm ơn shop vì đã sale sách giá tốt Mình cảm ơn shop vì đã sale sách giá tốt Mình cảm ơn shop vì đã sale sách giá tốt Mình cảm ơn shop vì đã sale sách giá tốt Mình cảm ơn shop vì đã sale sách giá tốt Mình cảm ơn shop vì đã sale sách giá tốt Mình cảm ơn shop vì đã sale sách giá tốt","customer_id":20057540,"rating":5,"images":[{"id":3579037,"full_path":"https://salt.tikicdn.com/ts/review/de/1c/f2/b0c967adfde3a652e55d3a91415fc601.jpg"}],"created_at":1654966963,"created_by":{"id":20057540,"name":"nguyễn thị tính","full_name":"nguyễn thị tính","created_time":"2021-01-26 19:10:44","purchased":true,"purchased_at":1654771764},"product_id":13673968,"timeline":{"review_created_date":"2022-06-12 00:02:43","delivery_date":"2022-06-11 15:28:13"}},{"id":17564067,"title":"Cực kì hài lòng","content":"Sách rất đẹp nha, shop gói hàng k bọc chống sóc nhưng giao đến tay vẫn k bị móp góc ạ\r\nSách chỉ có 1 bìa thôi, k có bìa bọc bên ngoài","customer_id":21040354,"rating":5,"images":[{"id":3840392,"full_path":"https://salt.tikicdn.com/ts/review/d6/ca/4b/dc0c085acf05b6353116e690d354c88f.jpg"}],"created_at":1661913754,"created_by":{"id":21040354,"name":"Vũ Thu Hường","full_name":"Vũ Thu Hường","created_time":"2021-03-25 20:11:22","purchased":true,"purchased_at":1661883493},"product_id":13673968,"timeline":{"review_created_date":"2022-08-31 09:42:34","delivery_date":"2022-08-31 09:13:48"}},{"id":17358127,"title":"Cực kì hài lòng","content":"Sách đẹp, mới. Đóng gói cẩn thận, giao hàng nhanh. Đã.mua gần hết các đầu tr trinh thám hay của shop. Cảm ơn shop","customer_id":10679,"rating":5,"images":[{"id":3776462,"full_path":"https://salt.tikicdn.com/ts/review/1d/42/aa/6697b7b3a4dbd01d14b5a897979b914a.jpg"}],"created_at":1660053573,"created_by":{"id":10679,"name":"Nguyễn Thị Mỹ Dung","full_name":"Nguyễn Thị Mỹ Dung","created_time":"2011-08-30 18:40:22","purchased":true,"purchased_at":1653291364},"product_id":13673968,"timeline":{"review_created_date":"2022-08-09 20:59:33","delivery_date":"2022-05-23 16:38:39"}},{"id":17908557,"title":"Cực kì hài lòng","content":"sưu tập trọn bộ tất cả những truyện trinh thám của Phúc Minh luôn. Cuốn nào cũng hay, sale trên sản phẩm quá rẻ, lại còn sale thêm khi mua nhiều, app mã tiki , mã riêng, quá hời cho một cuốn truyện dày, bìa đẹp sắc nét, cầm trên tay quá thích. Nội dung đều đã được tuyển chọn ko có cuốn nào dở","customer_id":6931624,"rating":5,"images":[{"id":3923351,"full_path":"https://salt.tikicdn.com/ts/review/1b/dd/72/9167ddfdefb66a4d45ba2c11afe597e3.jpg"},{"id":3923352,"full_path":"https://salt.tikicdn.com/ts/review/94/eb/68/5ab1b933e7733ee55ca0f14230e5dbea.jpg"}],"created_at":1665299469,"created_by":{"id":6931624,"name":"Christina Phương Hiền","full_name":"Christina Phương Hiền","created_time":"2018-04-14 19:13:21","purchased":true,"purchased_at":1663781423},"product_id":13673968,"timeline":{"review_created_date":"2022-10-09 14:11:09","delivery_date":"2022-09-24 14:48:35"}},{"id":19690891,"title":"Không hài lòng","content":"Mua tập 2 mà lại giao tập 1, nhà sách mà làm việc thiếu cẩn thận quá. Có việc không kịp check nên không đổi được luôn.","customer_id":7396963,"rating":2,"images":[{"id":4321423,"full_path":"https://salt.tikicdn.com/ts/review/96/15/b4/f2e7345eff6a45cf97bd7bcc949efda6.jpg"},{"id":4321424,"full_path":"https://salt.tikicdn.com/ts/review/2e/4a/1e/07419bf63a1bb49c2778a52c60d36bb1.jpg"}],"created_at":1703243776,"created_by":{"id":7396963,"name":"Hoang Trung Chien","full_name":"Hoang Trung Chien","created_time":"2018-07-03 11:17:20","purchased":true,"purchased_at":1701791196},"product_id":13673968,"timeline":{"review_created_date":"2023-12-22 18:16:16","delivery_date":"2023-12-07 09:42:27"}},{"id":16677495,"title":"Cực kì hài lòng","content":"Mình cảm ơn shop vì đã sale sách giá tốt Mình cảm ơn shop vì đã sale sách giá tốt Mình cảm ơn shop vì đã sale sách giá tốt Mình cảm ơn shop vì đã sale sách giá tốt Mình cảm ơn shop vì đã sale sách giá tốt Mình cảm ơn shop vì đã sale sách giá tốt Mình cảm ơn shop vì đã sale sách giá tốt Mình cảm ơn shop vì đã sale sách giá tốt","customer_id":20057540,"rating":5,"images":[{"id":3579037,"full_path":"https://salt.tikicdn.com/ts/review/de/1c/f2/b0c967adfde3a652e55d3a91415fc601.jpg"}],"created_at":1654966963,"created_by":{"id":20057540,"name":"nguyễn thị tính","full_name":"nguyễn thị tính","created_time":"2021-01-26 19:10:44","purchased":true,"purchased_at":1654771764},"product_id":13673968,"timeline":{"review_created_date":"2022-06-12 00:02:43","delivery_date":"2022-06-11 15:28:13"}},{"id":17564067,"title":"Cực kì hài lòng","content":"Sách rất đẹp nha, shop gói hàng k bọc chống sóc nhưng giao đến tay vẫn k bị móp góc ạ\r\nSách chỉ có 1 bìa thôi, k có bìa bọc bên ngoài","customer_id":21040354,"rating":5,"images":[{"id":3840392,"full_path":"https://salt.tikicdn.com/ts/review/d6/ca/4b/dc0c085acf05b6353116e690d354c88f.jpg"}],"created_at":1661913754,"created_by":{"id":21040354,"name":"Vũ Thu Hường","full_name":"Vũ Thu Hường","created_time":"2021-03-25 20:11:22","purchased":true,"purchased_at":1661883493},"product_id":13673968,"timeline":{"review_created_date":"2022-08-31 09:42:34","delivery_date":"2022-08-31 09:13:48"}},{"id":17358127,"title":"Cực kì hài lòng","content":"Sách đẹp, mới. Đóng gói cẩn thận, giao hàng nhanh. Đã.mua gần hết các đầu tr trinh thám hay của shop. Cảm ơn shop","customer_id":10679,"rating":5,"images":[{"id":3776462,"full_path":"https://salt.tikicdn.com/ts/review/1d/42/aa/6697b7b3a4dbd01d14b5a897979b914a.jpg"}],"created_at":1660053573,"created_by":{"id":10679,"name":"Nguyễn Thị Mỹ Dung","full_name":"Nguyễn Thị Mỹ Dung","created_time":"2011-08-30 18:40:22","purchased":true,"purchased_at":1653291364},"product_id":13673968,"timeline":{"review_created_date":"2022-08-09 20:59:33","delivery_date":"2022-05-23 16:38:39"}},{"id":17908557,"title":"Cực kì hài lòng","content":"sưu tập trọn bộ tất cả những truyện trinh thám của Phúc Minh luôn. Cuốn nào cũng hay, sale trên sản phẩm quá rẻ, lại còn sale thêm khi mua nhiều, app mã tiki , mã riêng, quá hời cho một cuốn truyện dày, bìa đẹp sắc nét, cầm trên tay quá thích. Nội dung đều đã được tuyển chọn ko có cuốn nào dở","customer_id":6931624,"rating":5,"images":[{"id":3923351,"full_path":"https://salt.tikicdn.com/ts/review/1b/dd/72/9167ddfdefb66a4d45ba2c11afe597e3.jpg"},{"id":3923352,"full_path":"https://salt.tikicdn.com/ts/review/94/eb/68/5ab1b933e7733ee55ca0f14230e5dbea.jpg"}],"created_at":1665299469,"created_by":{"id":6931624,"name":"Christina Phương Hiền","full_name":"Christina Phương Hiền","created_time":"2018-04-14 19:13:21","purchased":true,"purchased_at":1663781423},"product_id":13673968,"timeline":{"review_created_date":"2022-10-09 14:11:09","delivery_date":"2022-09-24 14:48:35"}},{"id":19690891,"title":"Không hài lòng","content":"Mua tập 2 mà lại giao tập 1, nhà sách mà làm việc thiếu cẩn thận quá. Có việc không kịp check nên không đổi được luôn.","customer_id":7396963,"rating":2,"images":[{"id":4321423,"full_path":"https://salt.tikicdn.com/ts/review/96/15/b4/f2e7345eff6a45cf97bd7bcc949efda6.jpg"},{"id":4321424,"full_path":"https://salt.tikicdn.com/ts/review/2e/4a/1e/07419bf63a1bb49c2778a52c60d36bb1.jpg"}],"created_at":1703243776,"created_by":{"id":7396963,"name":"Hoang Trung Chien","full_name":"Hoang Trung Chien","created_time":"2018-07-03 11:17:20","purchased":true,"purchased_at":1701791196},"product_id":13673968,"timeline":{"review_created_date":"2023-12-22 18:16:16","delivery_date":"2023-12-07 09:42:27"}},{"id":16677495,"title":"Cực kì hài lòng","content":"Mình cảm ơn shop vì đã sale sách giá tốt Mình cảm ơn shop vì đã sale sách giá tốt Mình cảm ơn shop vì đã sale sách giá tốt Mình cảm ơn shop vì đã sale sách giá tốt Mình cảm ơn shop vì đã sale sách giá tốt Mình cảm ơn shop vì đã sale sách giá tốt Mình cảm ơn shop vì đã sale sách giá tốt Mình cảm ơn shop vì đã sale sách giá tốt","customer_id":20057540,"rating":5,"images":[{"id":3579037,"full_path":"https://salt.tikicdn.com/ts/review/de/1c/f2/b0c967adfde3a652e55d3a91415fc601.jpg"}],"created_at":1654966963,"created_by":{"id":20057540,"name":"nguyễn thị tính","full_name":"nguyễn thị tính","created_time":"2021-01-26 19:10:44","purchased":true,"purchased_at":1654771764},"product_id":13673968,"timeline":{"review_created_date":"2022-06-12 00:02:43","delivery_date":"2022-06-11 15:28:13"}},{"id":17564067,"title":"Cực kì hài lòng","content":"Sách rất đẹp nha, shop gói hàng k bọc chống sóc nhưng giao đến tay vẫn k bị móp góc ạ\r\nSách chỉ có 1 bìa thôi, k có bìa bọc bên ngoài","customer_id":21040354,"rating":5,"images":[{"id":3840392,"full_path":"https://salt.tikicdn.com/ts/review/d6/ca/4b/dc0c085acf05b6353116e690d354c88f.jpg"}],"created_at":1661913754,"created_by":{"id":21040354,"name":"Vũ Thu Hường","full_name":"Vũ Thu Hường","created_time":"2021-03-25 20:11:22","purchased":true,"purchased_at":1661883493},"product_id":13673968,"timeline":{"review_created_date":"2022-08-31 09:42:34","delivery_date":"2022-08-31 09:13:48"}},{"id":17358127,"title":"Cực kì hài lòng","content":"Sách đẹp, mới. Đóng gói cẩn thận, giao hàng nhanh. Đã.mua gần hết các đầu tr trinh thám hay của shop. Cảm ơn shop","customer_id":10679,"rating":5,"images":[{"id":3776462,"full_path":"https://salt.tikicdn.com/ts/review/1d/42/aa/6697b7b3a4dbd01d14b5a897979b914a.jpg"}],"created_at":1660053573,"created_by":{"id":10679,"name":"Nguyễn Thị Mỹ Dung","full_name":"Nguyễn Thị Mỹ Dung","created_time":"2011-08-30 18:40:22","purchased":true,"purchased_at":1653291364},"product_id":13673968,"timeline":{"review_created_date":"2022-08-09 20:59:33","delivery_date":"2022-05-23 16:38:39"}},{"id":17908557,"title":"Cực kì hài lòng","content":"sưu tập trọn bộ tất cả những truyện trinh thám của Phúc Minh luôn. Cuốn nào cũng hay, sale trên sản phẩm quá rẻ, lại còn sale thêm khi mua nhiều, app mã tiki , mã riêng, quá hời cho một cuốn truyện dày, bìa đẹp sắc nét, cầm trên tay quá thích. Nội dung đều đã được tuyển chọn ko có cuốn nào dở","customer_id":6931624,"rating":5,"images":[{"id":3923351,"full_path":"https://salt.tikicdn.com/ts/review/1b/dd/72/9167ddfdefb66a4d45ba2c11afe597e3.jpg"},{"id":3923352,"full_path":"https://salt.tikicdn.com/ts/review/94/eb/68/5ab1b933e7733ee55ca0f14230e5dbea.jpg"}],"created_at":1665299469,"created_by":{"id":6931624,"name":"Christina Phương Hiền","full_name":"Christina Phương Hiền","created_time":"2018-04-14 19:13:21","purchased":true,"purchased_at":1663781423},"product_id":13673968,"timeline":{"review_created_date":"2022-10-09 14:11:09","delivery_date":"2022-09-24 14:48:35"}},{"id":19690891,"title":"Không hài lòng","content":"Mua tập 2 mà lại giao tập 1, nhà sách mà làm việc thiếu cẩn thận quá. Có việc không kịp check nên không đổi được luôn.","customer_id":7396963,"rating":2,"images":[{"id":4321423,"full_path":"https://salt.tikicdn.com/ts/review/96/15/b4/f2e7345eff6a45cf97bd7bcc949efda6.jpg"},{"id":4321424,"full_path":"https://salt.tikicdn.com/ts/review/2e/4a/1e/07419bf63a1bb49c2778a52c60d36bb1.jpg"}],"created_at":1703243776,"created_by":{"id":7396963,"name":"Hoang Trung Chien","full_name":"Hoang Trung Chien","created_time":"2018-07-03 11:17:20","purchased":true,"purchased_at":1701791196},"product_id":13673968,"timeline":{"review_created_date":"2023-12-22 18:16:16","delivery_date":"2023-12-07 09:42:27"}},{"id":16677495,"title":"Cực kì hài lòng","content":"Mình cảm ơn shop vì đã sale sách giá tốt Mình cảm ơn shop vì đã sale sách giá tốt Mình cảm ơn shop vì đã sale sách giá tốt Mình cảm ơn shop vì đã sale sách giá tốt Mình cảm ơn shop vì đã sale sách giá tốt Mình cảm ơn shop vì đã sale sách giá tốt Mình cảm ơn shop vì đã sale sách giá tốt Mình cảm ơn shop vì đã sale sách giá tốt","customer_id":20057540,"rating":5,"images":[{"id":3579037,"full_path":"https://salt.tikicdn.com/ts/review/de/1c/f2/b0c967adfde3a652e55d3a91415fc601.jpg"}],"created_at":1654966963,"created_by":{"id":20057540,"name":"nguyễn thị tính","full_name":"nguyễn thị tính","created_time":"2021-01-26 19:10:44","purchased":true,"purchased_at":1654771764},"product_id":13673968,"timeline":{"review_created_date":"2022-06-12 00:02:43","delivery_date":"2022-06-11 15:28:13"}},{"id":17564067,"title":"Cực kì hài lòng","content":"Sách rất đẹp nha, shop gói hàng k bọc chống sóc nhưng giao đến tay vẫn k bị móp góc ạ\r\nSách chỉ có 1 bìa thôi, k có bìa bọc bên ngoài","customer_id":21040354,"rating":5,"images":[{"id":3840392,"full_path":"https://salt.tikicdn.com/ts/review/d6/ca/4b/dc0c085acf05b6353116e690d354c88f.jpg"}],"created_at":1661913754,"created_by":{"id":21040354,"name":"Vũ Thu Hường","full_name":"Vũ Thu Hường","created_time":"2021-03-25 20:11:22","purchased":true,"purchased_at":1661883493},"product_id":13673968,"timeline":{"review_created_date":"2022-08-31 09:42:34","delivery_date":"2022-08-31 09:13:48"}},{"id":17358127,"title":"Cực kì hài lòng","content":"Sách đẹp, mới. Đóng gói cẩn thận, giao hàng nhanh. Đã.mua gần hết các đầu tr trinh thám hay của shop. Cảm ơn shop","customer_id":10679,"rating":5,"images":[{"id":3776462,"full_path":"https://salt.tikicdn.com/ts/review/1d/42/aa/6697b7b3a4dbd01d14b5a897979b914a.jpg"}],"created_at":1660053573,"created_by":{"id":10679,"name":"Nguyễn Thị Mỹ Dung","full_name":"Nguyễn Thị Mỹ Dung","created_time":"2011-08-30 18:40:22","purchased":true,"purchased_at":1653291364},"product_id":13673968,"timeline":{"review_created_date":"2022-08-09 20:59:33","delivery_date":"2022-05-23 16:38:39"}}]}