{"id":136889300,"dbId":10620,"createdAt":1660016271000,"name":"Dẫn luận về văn chương kì ảo","short_description":"Sách - Dẫn luận về văn chương kì ảoTác giả: Tzevan TodorovLê Hồng Sâm, Đặng Anh Đào dịchIn lần thứ ba, có chỉnh líCuốn sách này xuất bản trong khuôn khổ chương trình hợp tác xuất bản Nguyễn Văn Vĩnh...","description":"\u003cp\u003eSách - Dẫn luận về văn chương kì ảo\u003c/p\u003e\n\u003cp\u003eTác giả: Tzevan Todorov\u003cbr /\u003eLê Hồng Sâm, Đặng Anh Đào dịch\u003cbr /\u003eIn lần thứ ba, có chỉnh lí\u003c/p\u003e\n\u003cp\u003eCuốn sách này xuất bản trong khuôn khổ chương trình hợp tác xuất bản Nguyễn Văn Vĩnh, được sự giúp đỡ của Đại sứ quán Pháp tại nước Cộng hòa xã hội chủ nghĩa Việt Nam\u003c/p\u003e\u003cp\u003eGiá sản phẩm trên Tiki đã bao gồm thuế theo luật hiện hành. Bên cạnh đó, tuỳ vào loại sản phẩm, hình thức và địa chỉ giao hàng mà có thể phát sinh thêm chi phí khác như phí vận chuyển, phụ phí hàng cồng kềnh, thuế nhập khẩu (đối với đơn hàng giao từ nước ngoài có giá trị trên 1 triệu đồng).....\u003c/p\u003e","original_price":60000.0,"thumbnail_url":"https://salt.tikicdn.com/cache/280x280/ts/product/7c/43/e3/c49f12857d7bc40a1d18598fd30f2d5e.jpg","images":[{"base_url":"https://salt.tikicdn.com/ts/product/7c/43/e3/c49f12857d7bc40a1d18598fd30f2d5e.jpg","dbId":28299}],"specifications":[{"name":"Thông tin chung","attributes":[{"name":"Công ty phát hành","value":"NXB Đại Học Sư Phạm"},{"name":"Loại bìa","value":"Bìa mềm"},{"name":"Số trang","value":"212"},{"name":"Nhà xuất bản","value":"Nhà Xuất Bản Đại Học Sư Phạm"},{"code":"PUBLICATION_DATE","name":"Ngày xuất bản","value":"Wed Jul 13 10:37:51 ICT 2022"}]}],"stock_item":{"qty":1000},"all_time_quantity_sold":32,"reviews":[{"id":19611106,"title":"Cực kì hài lòng","content":"sản phẩm rất tốt, đọc rất thích","customer_id":11391731,"rating":5,"images":[],"created_at":1698223579,"created_by":{"id":11391731,"name":"Đạt Trần","full_name":"Đạt Trần","created_time":"2019-03-19 20:35:57","purchased":true,"purchased_at":1684977598},"product_id":136889300,"timeline":{"review_created_date":"2023-10-25 15:46:19","delivery_date":"2023-05-29 13:08:35"}},{"id":19528985,"title":"Cực kì hài lòng","content":"","customer_id":10805853,"rating":5,"images":[],"created_at":1694675409,"created_by":{"id":10805853,"name":"Thanh Dien","full_name":"Thanh Dien","created_time":"2019-02-12 15:43:34","purchased":true,"purchased_at":1694416434},"product_id":136889300,"timeline":{"review_created_date":"2023-09-14 14:10:09","delivery_date":"2023-09-12 12:47:10"}},{"id":18710345,"title":"Cực kì hài lòng","content":"","customer_id":20323772,"rating":5,"images":[],"created_at":1675157653,"created_by":{"id":20323772,"name":"Tài khoản Facebook","full_name":"Tài khoản Facebook","created_time":"2021-02-16 11:47:51","purchased":true,"purchased_at":1673518278},"product_id":136889300,"timeline":{"review_created_date":"2023-01-31 16:34:13","delivery_date":"2023-01-15 09:23:00"}},{"id":18045054,"title":"Cực kì hài lòng","content":"","customer_id":14239947,"rating":5,"images":[],"created_at":1666689704,"created_by":{"id":14239947,"name":"Nguyễn Đặng Vinh Hoa","full_name":"Nguyễn Đặng Vinh Hoa","created_time":"2019-10-01 21:17:46","purchased":true,"purchased_at":1662804294},"product_id":136889300,"timeline":{"review_created_date":"2022-10-25 16:21:44","delivery_date":"2022-09-16 09:11:59"}},{"id":17146395,"title":"Cực kì hài lòng","content":"","customer_id":7254893,"rating":5,"images":[],"created_at":1658374671,"created_by":{"id":7254893,"name":"Hao Nguyen","full_name":"Hao Nguyen","created_time":"2018-06-06 21:57:38","purchased":true,"purchased_at":1657769468},"product_id":136889300,"timeline":{"review_created_date":"2022-07-21 10:37:51","delivery_date":"2022-07-20 09:48:33"}},{"id":19611106,"title":"Cực kì hài lòng","content":"sản phẩm rất tốt, đọc rất thích","customer_id":11391731,"rating":5,"images":[],"created_at":1698223579,"created_by":{"id":11391731,"name":"Đạt Trần","full_name":"Đạt Trần","created_time":"2019-03-19 20:35:57","purchased":true,"purchased_at":1684977598},"product_id":136889300,"timeline":{"review_created_date":"2023-10-25 15:46:19","delivery_date":"2023-05-29 13:08:35"}},{"id":19528985,"title":"Cực kì hài lòng","content":"","customer_id":10805853,"rating":5,"images":[],"created_at":1694675409,"created_by":{"id":10805853,"name":"Thanh Dien","full_name":"Thanh Dien","created_time":"2019-02-12 15:43:34","purchased":true,"purchased_at":1694416434},"product_id":136889300,"timeline":{"review_created_date":"2023-09-14 14:10:09","delivery_date":"2023-09-12 12:47:10"}},{"id":18710345,"title":"Cực kì hài lòng","content":"","customer_id":20323772,"rating":5,"images":[],"created_at":1675157653,"created_by":{"id":20323772,"name":"Tài khoản Facebook","full_name":"Tài khoản Facebook","created_time":"2021-02-16 11:47:51","purchased":true,"purchased_at":1673518278},"product_id":136889300,"timeline":{"review_created_date":"2023-01-31 16:34:13","delivery_date":"2023-01-15 09:23:00"}},{"id":18045054,"title":"Cực kì hài lòng","content":"","customer_id":14239947,"rating":5,"images":[],"created_at":1666689704,"created_by":{"id":14239947,"name":"Nguyễn Đặng Vinh Hoa","full_name":"Nguyễn Đặng Vinh Hoa","created_time":"2019-10-01 21:17:46","purchased":true,"purchased_at":1662804294},"product_id":136889300,"timeline":{"review_created_date":"2022-10-25 16:21:44","delivery_date":"2022-09-16 09:11:59"}},{"id":17146395,"title":"Cực kì hài lòng","content":"","customer_id":7254893,"rating":5,"images":[],"created_at":1658374671,"created_by":{"id":7254893,"name":"Hao Nguyen","full_name":"Hao Nguyen","created_time":"2018-06-06 21:57:38","purchased":true,"purchased_at":1657769468},"product_id":136889300,"timeline":{"review_created_date":"2022-07-21 10:37:51","delivery_date":"2022-07-20 09:48:33"}}]}