{"id":137941433,"dbId":10420,"createdAt":1711800306000,"name":"Sách - NXB Trẻ - Nhật ký Sen trắng","short_description":"NHẬT KÝ SEN TRẮNGTác giả: Cao Huy ThuầnKhổ sách: 13x20cmSố trang: 244ISBN: 978-604-1-16859-6In lần thứ 5 năm 2020Giới thiệu tóm tắt tác phẩm:Có thể coi đây là cuốn giáo khoa khuyên dạy đạo đức ...","description":"\u003cp\u003eNHẬT KÝ SEN TRẮNG\u003c/p\u003e\n\u003cp\u003eTác giả: Cao Huy Thuần\u003c/p\u003e\n\u003cp\u003eKhổ sách: 13x20cm\u003c/p\u003e\n\u003cp\u003eSố trang: 244\u003c/p\u003e\n\u003cp\u003eISBN: 978-604-1-16859-6\u003c/p\u003e\n\u003cp\u003eIn lần thứ 5 năm 2020\u003c/p\u003e\n\u003cp\u003eGiới thiệu tóm tắt tác phẩm:\u003c/p\u003e\n\u003cp\u003eCó thể coi đây là cuốn giáo khoa khuyên dạy đạo đức làm người cho con trẻ. Những câu chuyện kể sinh động, thiết thực đươc trích từ văn chương các tác gia nổi tiếng, và từ những câu chuyện tiền thân của đức Phật mà tác giả kể lại cho hợp với đạo đức của mọi gia đình không phân biệt tín ngưỡng, văn hóa, trong sự liên quan đến các vấn đề: Thương yêu sự sống; Tranh luận và tranh cãi; Nói lời hòa ái; Cãi và im lặng; Cho; Nói xấu; Tiếng đồn; Trả thù; Công lý; Tâm hồn cao thượng; Khiêm tốn; Biết ơn; Bội bạc; Bền chí…\u003c/p\u003e\u003cp\u003eGiá sản phẩm trên Tiki đã bao gồm thuế theo luật hiện hành. Bên cạnh đó, tuỳ vào loại sản phẩm, hình thức và địa chỉ giao hàng mà có thể phát sinh thêm chi phí khác như phí vận chuyển, phụ phí hàng cồng kềnh, thuế nhập khẩu (đối với đơn hàng giao từ nước ngoài có giá trị trên 1 triệu đồng).....\u003c/p\u003e","original_price":85000.0,"thumbnail_url":"https://salt.tikicdn.com/cache/280x280/ts/product/fb/40/09/6efd9774ef4380b7a850b3ea5fda7442.jpg","images":[{"base_url":"https://salt.tikicdn.com/ts/product/fb/40/09/6efd9774ef4380b7a850b3ea5fda7442.jpg","dbId":27757}],"specifications":[{"name":"Thông tin chung","attributes":[{"name":"Công ty phát hành","value":"NXB Trẻ"},{"name":"Nhà xuất bản","value":"NXB Trẻ"},{"code":"PUBLICATION_DATE","name":"Ngày xuất bản","value":"Tue Mar 05 19:05:06 ICT 2024"}]}],"stock_item":{"qty":1000},"all_time_quantity_sold":0,"reviews":[]}