{"id":137941512,"dbId":10395,"createdAt":1651627919000,"name":"Sách - NXB Trẻ - Mùa hè năm Petrus","short_description":"MÙA HÈ NĂM PETRUSTác giả: Lê Văn NghĩaKhổ sách: 14x20 cmSố trang: 480In lần thứ 8 năm 2019Giới thiệu tóm tắt tác phẩm:Mùa hè năm Petrus là câu chuyện về trường lớp, thầy cô, bạn bè và những mối ...","description":"\u003cp\u003eMÙA HÈ NĂM PETRUS\u003c/p\u003e\n\u003cp\u003eTác giả: Lê Văn Nghĩa\u003c/p\u003e\n\u003cp\u003eKhổ sách: 14x20 cm\u003c/p\u003e\n\u003cp\u003eSố trang: 480\u003c/p\u003e\n\u003cp\u003eIn lần thứ 8 năm 2019\u003c/p\u003e\n\u003cp\u003eGiới thiệu tóm tắt tác phẩm:\u003c/p\u003e\n\u003cp\u003eMùa hè năm Petrus là câu chuyện về trường lớp, thầy cô, bạn bè và những mối quan hệ của nhóm bạn học sinh lớp cuối trung học đệ nhất cấp (trung học cơ sở ngày nay) ở một ngôi trường toàn nam sinh vào giữa cuối thập niên 60 thế kỷ trước ở Sài Gòn.\u003c/p\u003e\n\u003cp\u003eỞ đây ta sẽ gặp những chàng tuổi trẻ một thời học trung học qua những hoạt động hiệu đoàn như báo chí, văn nghệ, thể thao và nhiều hoạt động giao lưu, vui chơi trong và ngoài nhà trường khác. Tất cả tạo nên hình ảnh một môi trường giáo dục mà từ đó người học sinh được tạo điều kiện để trở thành những công dân hữu ích cho tương lai.\u003c/p\u003e\n\u003cp\u003eMùa hè năm Petrus là câu chuyện để người lớn tuổi nhớ lại, người trung tuổi hiểu thêm và người trẻ tuổi ngưỡng vọng về một thời trung học hầu như ai cũng trải qua.\u003c/p\u003e\u003cp\u003eGiá sản phẩm trên Tiki đã bao gồm thuế theo luật hiện hành. Bên cạnh đó, tuỳ vào loại sản phẩm, hình thức và địa chỉ giao hàng mà có thể phát sinh thêm chi phí khác như phí vận chuyển, phụ phí hàng cồng kềnh, thuế nhập khẩu (đối với đơn hàng giao từ nước ngoài có giá trị trên 1 triệu đồng).....\u003c/p\u003e","original_price":150000.0,"thumbnail_url":"https://salt.tikicdn.com/cache/280x280/ts/product/d8/d5/e8/5dde3c7cd1a936303aa16de02ed1f9b9.jpg","images":[{"base_url":"https://salt.tikicdn.com/ts/product/d8/d5/e8/5dde3c7cd1a936303aa16de02ed1f9b9.jpg","dbId":27708}],"specifications":[{"name":"Thông tin chung","attributes":[{"name":"Công ty phát hành","value":"NXB Trẻ"},{"name":"Nhà xuất bản","value":"NXB Trẻ"},{"code":"PUBLICATION_DATE","name":"Ngày xuất bản","value":"Wed Apr 13 08:31:59 ICT 2022"}]}],"stock_item":{"qty":1000},"all_time_quantity_sold":2,"reviews":[{"id":17728199,"title":"Cực kì hài lòng","content":"","customer_id":11349442,"rating":5,"images":[],"created_at":1663485449,"created_by":{"id":11349442,"name":"Bùi Kim Trang","full_name":"Bùi Kim Trang","created_time":"2019-03-17 21:18:11","purchased":true,"purchased_at":1662695442},"product_id":137941512,"timeline":{"review_created_date":"2022-09-18 14:17:29","delivery_date":"2022-09-11 13:21:07"}},{"id":16035580,"title":"Hài lòng","content":"..","customer_id":19194129,"rating":5,"images":[],"created_at":1650591119,"created_by":{"id":19194129,"name":"Trâm Ốc","full_name":"Trâm Ốc","created_time":"2020-11-12 21:11:39","purchased":true,"purchased_at":1649864617},"product_id":137941512,"timeline":{"review_created_date":"2022-04-22 08:31:59","delivery_date":"2022-04-20 14:02:20"}}]}