{"id":138227586,"dbId":10930,"createdAt":1663394716000,"name":"Vào Cõi Bác Xưa (Bìa Cứng)","short_description":"Tuyển thơ tập hợp 141 tác phẩm của 115 nhà thơ đương đại Việt Nam và nước ngoài viết về Bác Hồ trong suốt hơn 75 năm qua, kể từ Cách mạng mùa thu tháng Tám năm 1945 cho đến nay. Ngoài ra, phần cuối củ...","description":"\u003cp\u003eTuyển thơ tập hợp 141 tác phẩm của 115 nhà thơ đương đại Việt Nam và nước ngoài viết về Bác Hồ trong suốt hơn 75 năm qua, kể từ Cách mạng mùa thu tháng Tám năm 1945 cho đến nay. Ngoài ra, phần cuối của cuốn sách, nhóm biên soạn còn giới thiệu tóm tắt tiểu sử của các tác giả để bạn đọc tiện tham khảo\u003c/p\u003e\n\u003cp\u003eNhững bài thơ viết về Bác được giới thiệu trong tuyển thơ Vào cõi Bác xưa dù là của các nhà thơ chuyên nghiệp hay nghiệp dư đều thể hiện muôn vàn tình thân yêu dành cho vị Cha già kính yêu của dân tộc; ca ngợi công đức cao vọng của Người đối với non sông, đất nước với một tình cảm chân thành nhất. Cuốn sách được xuất bản kịp thời, ra mắt độc giả đúng dịp kỷ niệm cũng là nhờ rất nhiều vào sự hỗ trợ và ủng hộ nhiệt tình của Hội Hữu nghị Việt Nam - Liên Bang Nga.\u003c/p\u003e\u003cp\u003eGiá sản phẩm trên Tiki đã bao gồm thuế theo luật hiện hành. Bên cạnh đó, tuỳ vào loại sản phẩm, hình thức và địa chỉ giao hàng mà có thể phát sinh thêm chi phí khác như phí vận chuyển, phụ phí hàng cồng kềnh, thuế nhập khẩu (đối với đơn hàng giao từ nước ngoài có giá trị trên 1 triệu đồng).....\u003c/p\u003e","original_price":162360.0,"thumbnail_url":"https://salt.tikicdn.com/cache/280x280/ts/product/b7/2d/04/58cc9543ce7c76bbc9a77564b57fcace.jpg","images":[{"base_url":"https://salt.tikicdn.com/ts/product/b7/2d/04/58cc9543ce7c76bbc9a77564b57fcace.jpg","dbId":29177},{"base_url":"https://salt.tikicdn.com/ts/product/09/d6/54/230dc8c93941b556a01cc7bfa8cdfcd1.jpg","dbId":29178},{"base_url":"https://salt.tikicdn.com/ts/product/d7/4a/a4/e5303ea8a990584e24bd6344ed28c492.jpg","dbId":29179},{"base_url":"https://salt.tikicdn.com/ts/product/2e/8c/7f/df01add125046d7d66092571dfa72f02.jpg","dbId":29180},{"base_url":"https://salt.tikicdn.com/ts/product/39/e6/88/b5d84fb9cce225c7d386f4a57e974a5c.jpg","dbId":29181},{"base_url":"https://salt.tikicdn.com/ts/product/7e/2c/15/579e90ebde5d1616cca4b84e1917b5c3.jpg","dbId":29182},{"base_url":"https://salt.tikicdn.com/ts/product/67/82/7a/d9188b2ffed26fe966322718c92d402e.jpg","dbId":29183},{"base_url":"https://salt.tikicdn.com/ts/product/2d/77/d6/28d2a41544ae9897013caad9a5a54bb0.jpg","dbId":29184},{"base_url":"https://salt.tikicdn.com/ts/product/3a/61/51/e57036a0cb9cf3fece88c08be4e6ecf9.jpg","dbId":29185}],"specifications":[{"name":"Thông tin chung","attributes":[{"name":"Công ty phát hành","value":"NXB Thông Tin \u0026 Truyền Thông"},{"name":"Loại bìa","value":"Bìa cứng"},{"name":"Số trang","value":"396"},{"name":"Nhà xuất bản","value":"Nhà Xuất Bản Thông Tin Và Truyền Thông"},{"code":"PUBLICATION_DATE","name":"Ngày xuất bản","value":"Wed Sep 07 13:05:16 ICT 2022"}]}],"stock_item":{"qty":1000},"all_time_quantity_sold":2,"reviews":[{"id":17727430,"title":"Cực kì hài lòng","content":"","customer_id":16760225,"rating":5,"images":[],"created_at":1663481116,"created_by":{"id":16760225,"name":"Vũ Thắng","full_name":"Vũ Thắng","created_time":"2020-03-11 10:22:58","purchased":true,"purchased_at":1663146248},"product_id":138227586,"timeline":{"review_created_date":"2022-09-18 13:05:16","delivery_date":"2022-09-18 12:31:33"}}]}