{"id":138269675,"dbId":12095,"createdAt":1637427600000,"name":"Tiên Mãn Cung Đường - Tập 2","short_description":"Meo… meo…Chàng thiếu niên Tô Dự bắt gặp một con mèo con có bộ lông vàng óng ánh. Cuộc gặp gỡ kỳ lạ đó đã đẩy cuộc sống của chàng trai đam mê ẩm thực sang một ngã rẽ khác mà đến cậu cũng không ngờ đượ...","description":"\u003cp\u003eMeo… meo…\u003c/p\u003e\n\u003cp\u003eChàng thiếu niên Tô Dự bắt gặp một con mèo con có bộ lông vàng óng ánh. Cuộc gặp gỡ kỳ lạ đó đã đẩy cuộc sống của chàng trai đam mê ẩm thực sang một ngã rẽ khác mà đến cậu cũng không ngờ được…\u003c/p\u003e\n\u003cp\u003eRốt cuộc thì con mèo đó là ai…\u003c/p\u003e\n\u003cp\u003eĐôi nét tác giả\u003c/p\u003e\n\u003cp\u003eLục Dã Thiên Hạc: Một cây bút trẻ đầy nhiệt huyết của trang văn học mạng Tấn Giang.\u003c/p\u003e\u003cp\u003eGiá sản phẩm trên Tiki đã bao gồm thuế theo luật hiện hành. Bên cạnh đó, tuỳ vào loại sản phẩm, hình thức và địa chỉ giao hàng mà có thể phát sinh thêm chi phí khác như phí vận chuyển, phụ phí hàng cồng kềnh, thuế nhập khẩu (đối với đơn hàng giao từ nước ngoài có giá trị trên 1 triệu đồng).....\u003c/p\u003e","original_price":159000.0,"thumbnail_url":"https://salt.tikicdn.com/cache/280x280/ts/product/e0/db/eb/ca60307e9b0fb94e858409dd0e0d17fc.jpg","images":[{"base_url":"https://salt.tikicdn.com/ts/product/e0/db/eb/ca60307e9b0fb94e858409dd0e0d17fc.jpg","dbId":32185}],"authors":[{"id":531017,"name":"Lục Dã Thiên Hạc","dbId":6109}],"specifications":[{"name":"Thông tin chung","attributes":[{"name":"Phiên bản sách","value":"Phiên bản thường"},{"name":"Công ty phát hành","value":"Cẩm Phong Books"},{"name":"Ngày xuất bản","value":"2021-11-01 00:00:00"},{"name":"Dịch Giả","value":"A Miểu"},{"name":"Loại bìa","value":"Bìa mềm"},{"name":"Số trang","value":"416"},{"name":"Nhà xuất bản","value":"Nhà Xuất Bản Hà Nội"},{"code":"PUBLICATION_DATE","name":"Kích thước","value":"14 x 20.5 cm"}]}],"stock_item":{"qty":1000},"all_time_quantity_sold":284,"reviews":[{"id":17720992,"title":"Cực kì hài lòng","content":"Về nhà nhận được đơn hàng thì tươi lên hẳn. Mình chờ hốt trọn bộ luôn mới bắt đầu đọc, mà tập 2 xinh không kém tập 1 🥺 Mình chưa unseal, chưa biết nội dung thế nào nhưng nom phần tóm tắt ưng cái bụng nên lụm bộ này về luôn ❤️ tiki giao vẫn uy tín như ngày nào nhé, anh shipper khu mình dễ thương lắm!","customer_id":17915196,"rating":5,"images":[{"id":4132476,"full_path":"https://salt.tikicdn.com/ts/review/92/a0/84/a62a314e0767997259e3bcd84bb2e0a0.jpg"}],"created_at":1663413014,"created_by":{"id":17915196,"name":"Lê Hoàng Quyến","full_name":"Lê Hoàng Quyến","created_time":"2020-07-29 09:53:51","purchased":true,"purchased_at":1662131798},"product_id":138269675,"timeline":{"review_created_date":"2022-09-17 18:10:14","delivery_date":"2022-09-04 09:41:37"}},{"id":16761706,"title":"Cực kì hài lòng","content":"hàng về nhanh chóng, hộp bị móp seal bục gáy nhăn. k có chống xóc nên đành chịu. sale giá rẻ nên mua nhưg nhận về lại thấy nó k rẻ. ảnh mang tính tượng trưng k liên quan đến sp","customer_id":12871095,"rating":5,"images":[{"id":3603879,"full_path":"https://salt.tikicdn.com/ts/review/7d/ae/92/9ca47280b77aa3176983c3be6db993c7.jpg"}],"created_at":1655605192,"created_by":{"id":12871095,"name":" Thanh Bình","full_name":" Thanh Bình","created_time":"2019-07-12 09:04:55","purchased":true,"purchased_at":1654391541},"product_id":138269675,"timeline":{"review_created_date":"2022-06-19 09:19:52","delivery_date":"2022-06-08 20:36:30"}},{"id":16976586,"title":"Cực kì hài lòng","content":"Tiki chèn được tí bìa cứng cho đỡ lọc xọc dù bình thường mình đặt truyện chữ cũng ít khi bị defect. Truyện đẹp lắm nha","customer_id":15032038,"rating":5,"images":[{"id":3662073,"full_path":"https://salt.tikicdn.com/ts/review/86/32/2a/e5c90830889ed06bbdba5599bd845325.jpg"},{"id":3662074,"full_path":"https://salt.tikicdn.com/ts/review/b5/e3/cb/6f1ac0d5547591604c78ba76644188b1.jpg"}],"created_at":1657193954,"created_by":{"id":15032038,"name":"Linh Nguyễn","full_name":"Linh Nguyễn","created_time":"2019-11-19 10:34:28","purchased":true,"purchased_at":1657157978},"product_id":138269675,"timeline":{"review_created_date":"2022-07-07 18:39:14","delivery_date":"2022-07-07 13:35:37"}},{"id":19593137,"title":"Cực kì hài lòng","content":"Đóng gói chắc chắn, sản phẩm đẹp nhưng nhân phẩm ko tốt vì ko có bookmark kèm theo hiuhiu","customer_id":5172424,"rating":5,"images":[],"created_at":1697440978,"created_by":{"id":5172424,"name":"Kỳ Kỳ","full_name":"Kỳ Kỳ","created_time":"2017-04-07 21:53:30","purchased":true,"purchased_at":1697413221},"product_id":138269675,"timeline":{"review_created_date":"2023-10-16 14:22:58","delivery_date":"2023-10-16 14:08:29"}},{"id":18709575,"title":"Cực kì hài lòng","content":"Sách đẹp nguyên seal, phụ kiện đầy đủ, bìa cực xinh, tiki giao hàng cực nhanh, đóng gói chu đáo, vote 5 sao ^^","customer_id":8071,"rating":5,"images":[{"id":4096127,"full_path":"https://salt.tikicdn.com/ts/review/10/0f/e9/f12667d0d321669b59bf0f025b2ad156.jpg"}],"created_at":1675150328,"created_by":{"id":8071,"name":"Nguyễn Ngọc Quỳnh Như","full_name":"Nguyễn Ngọc Quỳnh Như","created_time":"2011-07-10 16:23:47","purchased":true,"purchased_at":1675054944},"product_id":138269675,"timeline":{"review_created_date":"2023-01-31 14:32:08","delivery_date":"2023-01-31 10:03:03"}},{"id":17720992,"title":"Cực kì hài lòng","content":"Về nhà nhận được đơn hàng thì tươi lên hẳn. Mình chờ hốt trọn bộ luôn mới bắt đầu đọc, mà tập 2 xinh không kém tập 1 🥺 Mình chưa unseal, chưa biết nội dung thế nào nhưng nom phần tóm tắt ưng cái bụng nên lụm bộ này về luôn ❤️ tiki giao vẫn uy tín như ngày nào nhé, anh shipper khu mình dễ thương lắm!","customer_id":17915196,"rating":5,"images":[{"id":4132476,"full_path":"https://salt.tikicdn.com/ts/review/92/a0/84/a62a314e0767997259e3bcd84bb2e0a0.jpg"}],"created_at":1663413014,"created_by":{"id":17915196,"name":"Lê Hoàng Quyến","full_name":"Lê Hoàng Quyến","created_time":"2020-07-29 09:53:51","purchased":true,"purchased_at":1662131798},"product_id":138269675,"timeline":{"review_created_date":"2022-09-17 18:10:14","delivery_date":"2022-09-04 09:41:37"}},{"id":16761706,"title":"Cực kì hài lòng","content":"hàng về nhanh chóng, hộp bị móp seal bục gáy nhăn. k có chống xóc nên đành chịu. sale giá rẻ nên mua nhưg nhận về lại thấy nó k rẻ. ảnh mang tính tượng trưng k liên quan đến sp","customer_id":12871095,"rating":5,"images":[{"id":3603879,"full_path":"https://salt.tikicdn.com/ts/review/7d/ae/92/9ca47280b77aa3176983c3be6db993c7.jpg"}],"created_at":1655605192,"created_by":{"id":12871095,"name":" Thanh Bình","full_name":" Thanh Bình","created_time":"2019-07-12 09:04:55","purchased":true,"purchased_at":1654391541},"product_id":138269675,"timeline":{"review_created_date":"2022-06-19 09:19:52","delivery_date":"2022-06-08 20:36:30"}},{"id":16976586,"title":"Cực kì hài lòng","content":"Tiki chèn được tí bìa cứng cho đỡ lọc xọc dù bình thường mình đặt truyện chữ cũng ít khi bị defect. Truyện đẹp lắm nha","customer_id":15032038,"rating":5,"images":[{"id":3662073,"full_path":"https://salt.tikicdn.com/ts/review/86/32/2a/e5c90830889ed06bbdba5599bd845325.jpg"},{"id":3662074,"full_path":"https://salt.tikicdn.com/ts/review/b5/e3/cb/6f1ac0d5547591604c78ba76644188b1.jpg"}],"created_at":1657193954,"created_by":{"id":15032038,"name":"Linh Nguyễn","full_name":"Linh Nguyễn","created_time":"2019-11-19 10:34:28","purchased":true,"purchased_at":1657157978},"product_id":138269675,"timeline":{"review_created_date":"2022-07-07 18:39:14","delivery_date":"2022-07-07 13:35:37"}},{"id":19593137,"title":"Cực kì hài lòng","content":"Đóng gói chắc chắn, sản phẩm đẹp nhưng nhân phẩm ko tốt vì ko có bookmark kèm theo hiuhiu","customer_id":5172424,"rating":5,"images":[],"created_at":1697440978,"created_by":{"id":5172424,"name":"Kỳ Kỳ","full_name":"Kỳ Kỳ","created_time":"2017-04-07 21:53:30","purchased":true,"purchased_at":1697413221},"product_id":138269675,"timeline":{"review_created_date":"2023-10-16 14:22:58","delivery_date":"2023-10-16 14:08:29"}},{"id":18709575,"title":"Cực kì hài lòng","content":"Sách đẹp nguyên seal, phụ kiện đầy đủ, bìa cực xinh, tiki giao hàng cực nhanh, đóng gói chu đáo, vote 5 sao ^^","customer_id":8071,"rating":5,"images":[{"id":4096127,"full_path":"https://salt.tikicdn.com/ts/review/10/0f/e9/f12667d0d321669b59bf0f025b2ad156.jpg"}],"created_at":1675150328,"created_by":{"id":8071,"name":"Nguyễn Ngọc Quỳnh Như","full_name":"Nguyễn Ngọc Quỳnh Như","created_time":"2011-07-10 16:23:47","purchased":true,"purchased_at":1675054944},"product_id":138269675,"timeline":{"review_created_date":"2023-01-31 14:32:08","delivery_date":"2023-01-31 10:03:03"}},{"id":17720992,"title":"Cực kì hài lòng","content":"Về nhà nhận được đơn hàng thì tươi lên hẳn. Mình chờ hốt trọn bộ luôn mới bắt đầu đọc, mà tập 2 xinh không kém tập 1 🥺 Mình chưa unseal, chưa biết nội dung thế nào nhưng nom phần tóm tắt ưng cái bụng nên lụm bộ này về luôn ❤️ tiki giao vẫn uy tín như ngày nào nhé, anh shipper khu mình dễ thương lắm!","customer_id":17915196,"rating":5,"images":[{"id":4132476,"full_path":"https://salt.tikicdn.com/ts/review/92/a0/84/a62a314e0767997259e3bcd84bb2e0a0.jpg"}],"created_at":1663413014,"created_by":{"id":17915196,"name":"Lê Hoàng Quyến","full_name":"Lê Hoàng Quyến","created_time":"2020-07-29 09:53:51","purchased":true,"purchased_at":1662131798},"product_id":138269675,"timeline":{"review_created_date":"2022-09-17 18:10:14","delivery_date":"2022-09-04 09:41:37"}},{"id":16761706,"title":"Cực kì hài lòng","content":"hàng về nhanh chóng, hộp bị móp seal bục gáy nhăn. k có chống xóc nên đành chịu. sale giá rẻ nên mua nhưg nhận về lại thấy nó k rẻ. ảnh mang tính tượng trưng k liên quan đến sp","customer_id":12871095,"rating":5,"images":[{"id":3603879,"full_path":"https://salt.tikicdn.com/ts/review/7d/ae/92/9ca47280b77aa3176983c3be6db993c7.jpg"}],"created_at":1655605192,"created_by":{"id":12871095,"name":" Thanh Bình","full_name":" Thanh Bình","created_time":"2019-07-12 09:04:55","purchased":true,"purchased_at":1654391541},"product_id":138269675,"timeline":{"review_created_date":"2022-06-19 09:19:52","delivery_date":"2022-06-08 20:36:30"}},{"id":16976586,"title":"Cực kì hài lòng","content":"Tiki chèn được tí bìa cứng cho đỡ lọc xọc dù bình thường mình đặt truyện chữ cũng ít khi bị defect. Truyện đẹp lắm nha","customer_id":15032038,"rating":5,"images":[{"id":3662073,"full_path":"https://salt.tikicdn.com/ts/review/86/32/2a/e5c90830889ed06bbdba5599bd845325.jpg"},{"id":3662074,"full_path":"https://salt.tikicdn.com/ts/review/b5/e3/cb/6f1ac0d5547591604c78ba76644188b1.jpg"}],"created_at":1657193954,"created_by":{"id":15032038,"name":"Linh Nguyễn","full_name":"Linh Nguyễn","created_time":"2019-11-19 10:34:28","purchased":true,"purchased_at":1657157978},"product_id":138269675,"timeline":{"review_created_date":"2022-07-07 18:39:14","delivery_date":"2022-07-07 13:35:37"}},{"id":19593137,"title":"Cực kì hài lòng","content":"Đóng gói chắc chắn, sản phẩm đẹp nhưng nhân phẩm ko tốt vì ko có bookmark kèm theo hiuhiu","customer_id":5172424,"rating":5,"images":[],"created_at":1697440978,"created_by":{"id":5172424,"name":"Kỳ Kỳ","full_name":"Kỳ Kỳ","created_time":"2017-04-07 21:53:30","purchased":true,"purchased_at":1697413221},"product_id":138269675,"timeline":{"review_created_date":"2023-10-16 14:22:58","delivery_date":"2023-10-16 14:08:29"}},{"id":18709575,"title":"Cực kì hài lòng","content":"Sách đẹp nguyên seal, phụ kiện đầy đủ, bìa cực xinh, tiki giao hàng cực nhanh, đóng gói chu đáo, vote 5 sao ^^","customer_id":8071,"rating":5,"images":[{"id":4096127,"full_path":"https://salt.tikicdn.com/ts/review/10/0f/e9/f12667d0d321669b59bf0f025b2ad156.jpg"}],"created_at":1675150328,"created_by":{"id":8071,"name":"Nguyễn Ngọc Quỳnh Như","full_name":"Nguyễn Ngọc Quỳnh Như","created_time":"2011-07-10 16:23:47","purchased":true,"purchased_at":1675054944},"product_id":138269675,"timeline":{"review_created_date":"2023-01-31 14:32:08","delivery_date":"2023-01-31 10:03:03"}},{"id":17720992,"title":"Cực kì hài lòng","content":"Về nhà nhận được đơn hàng thì tươi lên hẳn. Mình chờ hốt trọn bộ luôn mới bắt đầu đọc, mà tập 2 xinh không kém tập 1 🥺 Mình chưa unseal, chưa biết nội dung thế nào nhưng nom phần tóm tắt ưng cái bụng nên lụm bộ này về luôn ❤️ tiki giao vẫn uy tín như ngày nào nhé, anh shipper khu mình dễ thương lắm!","customer_id":17915196,"rating":5,"images":[{"id":4132476,"full_path":"https://salt.tikicdn.com/ts/review/92/a0/84/a62a314e0767997259e3bcd84bb2e0a0.jpg"}],"created_at":1663413014,"created_by":{"id":17915196,"name":"Lê Hoàng Quyến","full_name":"Lê Hoàng Quyến","created_time":"2020-07-29 09:53:51","purchased":true,"purchased_at":1662131798},"product_id":138269675,"timeline":{"review_created_date":"2022-09-17 18:10:14","delivery_date":"2022-09-04 09:41:37"}},{"id":16761706,"title":"Cực kì hài lòng","content":"hàng về nhanh chóng, hộp bị móp seal bục gáy nhăn. k có chống xóc nên đành chịu. sale giá rẻ nên mua nhưg nhận về lại thấy nó k rẻ. ảnh mang tính tượng trưng k liên quan đến sp","customer_id":12871095,"rating":5,"images":[{"id":3603879,"full_path":"https://salt.tikicdn.com/ts/review/7d/ae/92/9ca47280b77aa3176983c3be6db993c7.jpg"}],"created_at":1655605192,"created_by":{"id":12871095,"name":" Thanh Bình","full_name":" Thanh Bình","created_time":"2019-07-12 09:04:55","purchased":true,"purchased_at":1654391541},"product_id":138269675,"timeline":{"review_created_date":"2022-06-19 09:19:52","delivery_date":"2022-06-08 20:36:30"}},{"id":16976586,"title":"Cực kì hài lòng","content":"Tiki chèn được tí bìa cứng cho đỡ lọc xọc dù bình thường mình đặt truyện chữ cũng ít khi bị defect. Truyện đẹp lắm nha","customer_id":15032038,"rating":5,"images":[{"id":3662073,"full_path":"https://salt.tikicdn.com/ts/review/86/32/2a/e5c90830889ed06bbdba5599bd845325.jpg"},{"id":3662074,"full_path":"https://salt.tikicdn.com/ts/review/b5/e3/cb/6f1ac0d5547591604c78ba76644188b1.jpg"}],"created_at":1657193954,"created_by":{"id":15032038,"name":"Linh Nguyễn","full_name":"Linh Nguyễn","created_time":"2019-11-19 10:34:28","purchased":true,"purchased_at":1657157978},"product_id":138269675,"timeline":{"review_created_date":"2022-07-07 18:39:14","delivery_date":"2022-07-07 13:35:37"}},{"id":19593137,"title":"Cực kì hài lòng","content":"Đóng gói chắc chắn, sản phẩm đẹp nhưng nhân phẩm ko tốt vì ko có bookmark kèm theo hiuhiu","customer_id":5172424,"rating":5,"images":[],"created_at":1697440978,"created_by":{"id":5172424,"name":"Kỳ Kỳ","full_name":"Kỳ Kỳ","created_time":"2017-04-07 21:53:30","purchased":true,"purchased_at":1697413221},"product_id":138269675,"timeline":{"review_created_date":"2023-10-16 14:22:58","delivery_date":"2023-10-16 14:08:29"}},{"id":18709575,"title":"Cực kì hài lòng","content":"Sách đẹp nguyên seal, phụ kiện đầy đủ, bìa cực xinh, tiki giao hàng cực nhanh, đóng gói chu đáo, vote 5 sao ^^","customer_id":8071,"rating":5,"images":[{"id":4096127,"full_path":"https://salt.tikicdn.com/ts/review/10/0f/e9/f12667d0d321669b59bf0f025b2ad156.jpg"}],"created_at":1675150328,"created_by":{"id":8071,"name":"Nguyễn Ngọc Quỳnh Như","full_name":"Nguyễn Ngọc Quỳnh Như","created_time":"2011-07-10 16:23:47","purchased":true,"purchased_at":1675054944},"product_id":138269675,"timeline":{"review_created_date":"2023-01-31 14:32:08","delivery_date":"2023-01-31 10:03:03"}}]}