{"id":138226278,"dbId":11681,"createdAt":1637168400000,"name":"Pendragon 10 - Những Chiến Binh Halla","short_description":"Là tập cuối cùng của series best seller PENDRAGON. 14 tuổi, Pendragon phát hiện ra thân thế thật sự của mình là Lữ khách củaTrái Đất, và trách nhiệm nặng nề hơn, cậu là Thủ lãnh Lữ khách, nhiệm vụ là...","description":"\u003cp\u003eLà tập cuối cùng của series best seller PENDRAGON. \u003c/p\u003e\n\u003cp\u003e14 tuổi, Pendragon phát hiện ra thân thế thật sự của mình là Lữ khách củaTrái Đất, và trách nhiệm nặng nề hơn, cậu là Thủ lãnh Lữ khách, nhiệm vụ là phải cùng với 9 Lữ khách khác trên toàn cõi Halla: ông Gunny Van Dyke, Vo Spader, bà Elli Winter. Siry Remudi. Patrick Mac. Aji Killian. Kasha. Alder và Loor chống lại tên ác quỷ Saint Dane. \u003c/p\u003e\n\u003cp\u003eSaint Dane xuất thân là một trong những linh hồn tốt, tồn tại ở một thế giới song song với 10 lãnh địa để hướng dẫn con người trên các lãnh địa sống và phát triển theo đường lối tự nhiên thiện lương, nhưng sau cùng hắn biến chất, muốn thống trị toàn cõi Halla nên đã lập ra Ravinia, tiến hành Hội Tụ để thống nhất tất cả 10 lãnh địa, đưa con người vào đường lối đen tối mà hắn đã vạch ra. \u003c/p\u003e\n\u003cp\u003eCác Lữ khách trên 10 lãnh địa, sau nhiều phen đánh nhau nhừ tử với Saint Dane, các lãnh địa gần như sụp đổ hoàn toàn, cuộc chiến kéo dài gần 10 năm tưởng như đã ngã ngũ với phần thua thuộc về Pendragon cùng các Lữ khách. Nhưng vẫn còn chút hy vọng cuối cùng ở nơi những người bị lưu đày, chính sự dũng cảm và tinh thần chính nghĩa của họ đã giữ cho Trái Đất Thứ Hai chưa rơi vào quên lãng, Pendragon cùng các bạn dốc hết sức lực tập trung cho trận đánh cuối cùng để giành lại hòa bình và quyền tự quyết cho người dân trên các lãnh địa.\u003c/p\u003e\u003cp\u003eGiá sản phẩm trên Tiki đã bao gồm thuế theo luật hiện hành. Bên cạnh đó, tuỳ vào loại sản phẩm, hình thức và địa chỉ giao hàng mà có thể phát sinh thêm chi phí khác như phí vận chuyển, phụ phí hàng cồng kềnh, thuế nhập khẩu (đối với đơn hàng giao từ nước ngoài có giá trị trên 1 triệu đồng).....\u003c/p\u003e","original_price":255000.0,"thumbnail_url":"https://salt.tikicdn.com/cache/280x280/ts/product/a1/97/ac/d72983bfae189c14341c5c92fe23804a.jpg","images":[{"base_url":"https://salt.tikicdn.com/ts/product/a1/97/ac/d72983bfae189c14341c5c92fe23804a.jpg","dbId":31149}],"authors":[{"id":428189,"name":"D. J. Machale ","dbId":6147}],"specifications":[{"name":"Thông tin chung","attributes":[{"name":"Công ty phát hành","value":"NXB Trẻ"},{"name":"Ngày xuất bản","value":"2021-11-11 00:00:00"},{"name":"Dịch Giả","value":"Đặng Phi Bằng"},{"name":"Loại bìa","value":"Bìa mềm"},{"name":"Số trang","value":"752"},{"name":"Nhà xuất bản","value":"NXB Trẻ"},{"code":"PUBLICATION_DATE","name":"Kích thước","value":"14 x 20 cm"}]}],"stock_item":{"qty":1000},"all_time_quantity_sold":0,"reviews":[{"id":18894699,"title":"Cực kì hài lòng","content":"Tốt. In chất lượng. Đọc tập 1 từ khi còn là cô bé giờ thành phụ nữ trung niên rồi mới phát hành hết chán nxb trẻ","customer_id":5678242,"rating":5,"images":[{"id":4139667,"full_path":"https://salt.tikicdn.com/ts/review/7f/f4/2b/22f9c3b7de249da9e55e9b7622d9e471.jpg"},{"id":4139668,"full_path":"https://salt.tikicdn.com/ts/review/d2/c3/ea/a8d8cf8d6d4dfd459dff89d214cacc53.jpg"},{"id":4139669,"full_path":"https://salt.tikicdn.com/ts/review/19/39/37/392dfd857871eb9c9555f83251837ad0.jpg"}],"created_at":1677814288,"created_by":{"id":5678242,"name":"Thuys Nguyen","full_name":"Thuys Nguyen","created_time":"2017-09-04 14:06:05","purchased":true,"purchased_at":1677803543},"product_id":138226278,"timeline":{"review_created_date":"2023-03-03 10:31:28","delivery_date":"2023-03-03 10:08:36"}},{"id":18087500,"title":"Cực kì hài lòng","content":"Sau mười mấy năm, cuối cùng cũng được cầm trên tay tập cuối. Để từ từ đọc sau. Giao hàng nhanh, sản phẩm đóng gói kỹ càng, sách mới tinh, nguyên seal. Mua đợt sale giảm 30% giá bìa. Quá hài lòng.","customer_id":8782317,"rating":5,"images":[{"id":3967580,"full_path":"https://salt.tikicdn.com/ts/review/f9/66/f9/be0595df858c1d923976e214d732a866.jpg"}],"created_at":1667130690,"created_by":{"id":8782317,"name":"Lê Quang Tiến","full_name":"Lê Quang Tiến","created_time":"2018-11-06 00:51:38","purchased":true,"purchased_at":1665389108},"product_id":138226278,"timeline":{"review_created_date":"2022-10-30 18:51:30","delivery_date":"2022-10-11 16:24:51"}},{"id":17048406,"title":"Cực kì hài lòng","content":"Tập cuối đã phải chờ đợi từ rất lâu rồi, thậm chí mình đã đọc xong bản tiếng anh vì sợ nxb bỏ, cuối cùng cũng đã ra. Mình vẫn mua để đọc lại bản tiếng việt cho trọn vẹn.","customer_id":7916937,"rating":5,"images":[{"id":3681637,"full_path":"https://salt.tikicdn.com/ts/review/7b/8e/9c/4fd3a54d58181a158328a7d8026d7127.jpg"},{"id":3681638,"full_path":"https://salt.tikicdn.com/ts/review/a3/b4/52/6353d4fd44141ea9395d6bc72ce96e09.jpg"}],"created_at":1657682909,"created_by":{"id":7916937,"name":"Phạm Thế Quang","full_name":"Phạm Thế Quang","created_time":"2018-09-04 11:37:42","purchased":true,"purchased_at":1657211432},"product_id":138226278,"timeline":{"review_created_date":"2022-07-13 10:28:29","delivery_date":"2022-07-09 11:47:15"}},{"id":17702864,"title":"Cực kì hài lòng","content":"Tập cuối để kết thúc hành trình dài với Pendragon. Hy vọng sẽ có một kết thúc đẹp. Hihi. Sách mới cáo, còn seal nha các bạn.","customer_id":206641,"rating":5,"images":[{"id":3875319,"full_path":"https://salt.tikicdn.com/ts/review/cb/5a/91/2f04db09f1951cab92906b57e0c63647.jpg"}],"created_at":1663240359,"created_by":{"id":206641,"name":"Tien Nguyen Truong","full_name":"Tien Nguyen Truong","created_time":"2013-11-25 13:43:41","purchased":true,"purchased_at":1659925066},"product_id":138226278,"timeline":{"review_created_date":"2022-09-15 18:12:39","delivery_date":"2022-08-09 18:36:05"}},{"id":17886919,"title":"Cực kì hài lòng","content":"Giao nhanh, sau bao nhiêu năm giờ mới có, nên quên hết cốt truyện, sách to hơn mấy cuốn cũ nên ko đồng bộ cho lắm","customer_id":292299,"rating":5,"images":[{"id":3917793,"full_path":"https://salt.tikicdn.com/ts/review/cb/05/44/256fa88c22a2864aa41e9415de6eaeb5.jpg"}],"created_at":1665061749,"created_by":{"id":292299,"name":"Trương minh hoàng Việt","full_name":"Trương minh hoàng Việt","created_time":"2014-02-25 11:25:37","purchased":true,"purchased_at":1663904254},"product_id":138226278,"timeline":{"review_created_date":"2022-10-06 20:09:09","delivery_date":"2022-09-24 11:39:10"}},{"id":18894699,"title":"Cực kì hài lòng","content":"Tốt. In chất lượng. Đọc tập 1 từ khi còn là cô bé giờ thành phụ nữ trung niên rồi mới phát hành hết chán nxb trẻ","customer_id":5678242,"rating":5,"images":[{"id":4139667,"full_path":"https://salt.tikicdn.com/ts/review/7f/f4/2b/22f9c3b7de249da9e55e9b7622d9e471.jpg"},{"id":4139668,"full_path":"https://salt.tikicdn.com/ts/review/d2/c3/ea/a8d8cf8d6d4dfd459dff89d214cacc53.jpg"},{"id":4139669,"full_path":"https://salt.tikicdn.com/ts/review/19/39/37/392dfd857871eb9c9555f83251837ad0.jpg"}],"created_at":1677814288,"created_by":{"id":5678242,"name":"Thuys Nguyen","full_name":"Thuys Nguyen","created_time":"2017-09-04 14:06:05","purchased":true,"purchased_at":1677803543},"product_id":138226278,"timeline":{"review_created_date":"2023-03-03 10:31:28","delivery_date":"2023-03-03 10:08:36"}},{"id":18087500,"title":"Cực kì hài lòng","content":"Sau mười mấy năm, cuối cùng cũng được cầm trên tay tập cuối. Để từ từ đọc sau. Giao hàng nhanh, sản phẩm đóng gói kỹ càng, sách mới tinh, nguyên seal. Mua đợt sale giảm 30% giá bìa. Quá hài lòng.","customer_id":8782317,"rating":5,"images":[{"id":3967580,"full_path":"https://salt.tikicdn.com/ts/review/f9/66/f9/be0595df858c1d923976e214d732a866.jpg"}],"created_at":1667130690,"created_by":{"id":8782317,"name":"Lê Quang Tiến","full_name":"Lê Quang Tiến","created_time":"2018-11-06 00:51:38","purchased":true,"purchased_at":1665389108},"product_id":138226278,"timeline":{"review_created_date":"2022-10-30 18:51:30","delivery_date":"2022-10-11 16:24:51"}},{"id":17048406,"title":"Cực kì hài lòng","content":"Tập cuối đã phải chờ đợi từ rất lâu rồi, thậm chí mình đã đọc xong bản tiếng anh vì sợ nxb bỏ, cuối cùng cũng đã ra. Mình vẫn mua để đọc lại bản tiếng việt cho trọn vẹn.","customer_id":7916937,"rating":5,"images":[{"id":3681637,"full_path":"https://salt.tikicdn.com/ts/review/7b/8e/9c/4fd3a54d58181a158328a7d8026d7127.jpg"},{"id":3681638,"full_path":"https://salt.tikicdn.com/ts/review/a3/b4/52/6353d4fd44141ea9395d6bc72ce96e09.jpg"}],"created_at":1657682909,"created_by":{"id":7916937,"name":"Phạm Thế Quang","full_name":"Phạm Thế Quang","created_time":"2018-09-04 11:37:42","purchased":true,"purchased_at":1657211432},"product_id":138226278,"timeline":{"review_created_date":"2022-07-13 10:28:29","delivery_date":"2022-07-09 11:47:15"}},{"id":17702864,"title":"Cực kì hài lòng","content":"Tập cuối để kết thúc hành trình dài với Pendragon. Hy vọng sẽ có một kết thúc đẹp. Hihi. Sách mới cáo, còn seal nha các bạn.","customer_id":206641,"rating":5,"images":[{"id":3875319,"full_path":"https://salt.tikicdn.com/ts/review/cb/5a/91/2f04db09f1951cab92906b57e0c63647.jpg"}],"created_at":1663240359,"created_by":{"id":206641,"name":"Tien Nguyen Truong","full_name":"Tien Nguyen Truong","created_time":"2013-11-25 13:43:41","purchased":true,"purchased_at":1659925066},"product_id":138226278,"timeline":{"review_created_date":"2022-09-15 18:12:39","delivery_date":"2022-08-09 18:36:05"}},{"id":17886919,"title":"Cực kì hài lòng","content":"Giao nhanh, sau bao nhiêu năm giờ mới có, nên quên hết cốt truyện, sách to hơn mấy cuốn cũ nên ko đồng bộ cho lắm","customer_id":292299,"rating":5,"images":[{"id":3917793,"full_path":"https://salt.tikicdn.com/ts/review/cb/05/44/256fa88c22a2864aa41e9415de6eaeb5.jpg"}],"created_at":1665061749,"created_by":{"id":292299,"name":"Trương minh hoàng Việt","full_name":"Trương minh hoàng Việt","created_time":"2014-02-25 11:25:37","purchased":true,"purchased_at":1663904254},"product_id":138226278,"timeline":{"review_created_date":"2022-10-06 20:09:09","delivery_date":"2022-09-24 11:39:10"}},{"id":18894699,"title":"Cực kì hài lòng","content":"Tốt. In chất lượng. Đọc tập 1 từ khi còn là cô bé giờ thành phụ nữ trung niên rồi mới phát hành hết chán nxb trẻ","customer_id":5678242,"rating":5,"images":[{"id":4139667,"full_path":"https://salt.tikicdn.com/ts/review/7f/f4/2b/22f9c3b7de249da9e55e9b7622d9e471.jpg"},{"id":4139668,"full_path":"https://salt.tikicdn.com/ts/review/d2/c3/ea/a8d8cf8d6d4dfd459dff89d214cacc53.jpg"},{"id":4139669,"full_path":"https://salt.tikicdn.com/ts/review/19/39/37/392dfd857871eb9c9555f83251837ad0.jpg"}],"created_at":1677814288,"created_by":{"id":5678242,"name":"Thuys Nguyen","full_name":"Thuys Nguyen","created_time":"2017-09-04 14:06:05","purchased":true,"purchased_at":1677803543},"product_id":138226278,"timeline":{"review_created_date":"2023-03-03 10:31:28","delivery_date":"2023-03-03 10:08:36"}},{"id":18087500,"title":"Cực kì hài lòng","content":"Sau mười mấy năm, cuối cùng cũng được cầm trên tay tập cuối. Để từ từ đọc sau. Giao hàng nhanh, sản phẩm đóng gói kỹ càng, sách mới tinh, nguyên seal. Mua đợt sale giảm 30% giá bìa. Quá hài lòng.","customer_id":8782317,"rating":5,"images":[{"id":3967580,"full_path":"https://salt.tikicdn.com/ts/review/f9/66/f9/be0595df858c1d923976e214d732a866.jpg"}],"created_at":1667130690,"created_by":{"id":8782317,"name":"Lê Quang Tiến","full_name":"Lê Quang Tiến","created_time":"2018-11-06 00:51:38","purchased":true,"purchased_at":1665389108},"product_id":138226278,"timeline":{"review_created_date":"2022-10-30 18:51:30","delivery_date":"2022-10-11 16:24:51"}},{"id":17048406,"title":"Cực kì hài lòng","content":"Tập cuối đã phải chờ đợi từ rất lâu rồi, thậm chí mình đã đọc xong bản tiếng anh vì sợ nxb bỏ, cuối cùng cũng đã ra. Mình vẫn mua để đọc lại bản tiếng việt cho trọn vẹn.","customer_id":7916937,"rating":5,"images":[{"id":3681637,"full_path":"https://salt.tikicdn.com/ts/review/7b/8e/9c/4fd3a54d58181a158328a7d8026d7127.jpg"},{"id":3681638,"full_path":"https://salt.tikicdn.com/ts/review/a3/b4/52/6353d4fd44141ea9395d6bc72ce96e09.jpg"}],"created_at":1657682909,"created_by":{"id":7916937,"name":"Phạm Thế Quang","full_name":"Phạm Thế Quang","created_time":"2018-09-04 11:37:42","purchased":true,"purchased_at":1657211432},"product_id":138226278,"timeline":{"review_created_date":"2022-07-13 10:28:29","delivery_date":"2022-07-09 11:47:15"}},{"id":17702864,"title":"Cực kì hài lòng","content":"Tập cuối để kết thúc hành trình dài với Pendragon. Hy vọng sẽ có một kết thúc đẹp. Hihi. Sách mới cáo, còn seal nha các bạn.","customer_id":206641,"rating":5,"images":[{"id":3875319,"full_path":"https://salt.tikicdn.com/ts/review/cb/5a/91/2f04db09f1951cab92906b57e0c63647.jpg"}],"created_at":1663240359,"created_by":{"id":206641,"name":"Tien Nguyen Truong","full_name":"Tien Nguyen Truong","created_time":"2013-11-25 13:43:41","purchased":true,"purchased_at":1659925066},"product_id":138226278,"timeline":{"review_created_date":"2022-09-15 18:12:39","delivery_date":"2022-08-09 18:36:05"}},{"id":17886919,"title":"Cực kì hài lòng","content":"Giao nhanh, sau bao nhiêu năm giờ mới có, nên quên hết cốt truyện, sách to hơn mấy cuốn cũ nên ko đồng bộ cho lắm","customer_id":292299,"rating":5,"images":[{"id":3917793,"full_path":"https://salt.tikicdn.com/ts/review/cb/05/44/256fa88c22a2864aa41e9415de6eaeb5.jpg"}],"created_at":1665061749,"created_by":{"id":292299,"name":"Trương minh hoàng Việt","full_name":"Trương minh hoàng Việt","created_time":"2014-02-25 11:25:37","purchased":true,"purchased_at":1663904254},"product_id":138226278,"timeline":{"review_created_date":"2022-10-06 20:09:09","delivery_date":"2022-09-24 11:39:10"}},{"id":18894699,"title":"Cực kì hài lòng","content":"Tốt. In chất lượng. Đọc tập 1 từ khi còn là cô bé giờ thành phụ nữ trung niên rồi mới phát hành hết chán nxb trẻ","customer_id":5678242,"rating":5,"images":[{"id":4139667,"full_path":"https://salt.tikicdn.com/ts/review/7f/f4/2b/22f9c3b7de249da9e55e9b7622d9e471.jpg"},{"id":4139668,"full_path":"https://salt.tikicdn.com/ts/review/d2/c3/ea/a8d8cf8d6d4dfd459dff89d214cacc53.jpg"},{"id":4139669,"full_path":"https://salt.tikicdn.com/ts/review/19/39/37/392dfd857871eb9c9555f83251837ad0.jpg"}],"created_at":1677814288,"created_by":{"id":5678242,"name":"Thuys Nguyen","full_name":"Thuys Nguyen","created_time":"2017-09-04 14:06:05","purchased":true,"purchased_at":1677803543},"product_id":138226278,"timeline":{"review_created_date":"2023-03-03 10:31:28","delivery_date":"2023-03-03 10:08:36"}},{"id":18087500,"title":"Cực kì hài lòng","content":"Sau mười mấy năm, cuối cùng cũng được cầm trên tay tập cuối. Để từ từ đọc sau. Giao hàng nhanh, sản phẩm đóng gói kỹ càng, sách mới tinh, nguyên seal. Mua đợt sale giảm 30% giá bìa. Quá hài lòng.","customer_id":8782317,"rating":5,"images":[{"id":3967580,"full_path":"https://salt.tikicdn.com/ts/review/f9/66/f9/be0595df858c1d923976e214d732a866.jpg"}],"created_at":1667130690,"created_by":{"id":8782317,"name":"Lê Quang Tiến","full_name":"Lê Quang Tiến","created_time":"2018-11-06 00:51:38","purchased":true,"purchased_at":1665389108},"product_id":138226278,"timeline":{"review_created_date":"2022-10-30 18:51:30","delivery_date":"2022-10-11 16:24:51"}},{"id":17048406,"title":"Cực kì hài lòng","content":"Tập cuối đã phải chờ đợi từ rất lâu rồi, thậm chí mình đã đọc xong bản tiếng anh vì sợ nxb bỏ, cuối cùng cũng đã ra. Mình vẫn mua để đọc lại bản tiếng việt cho trọn vẹn.","customer_id":7916937,"rating":5,"images":[{"id":3681637,"full_path":"https://salt.tikicdn.com/ts/review/7b/8e/9c/4fd3a54d58181a158328a7d8026d7127.jpg"},{"id":3681638,"full_path":"https://salt.tikicdn.com/ts/review/a3/b4/52/6353d4fd44141ea9395d6bc72ce96e09.jpg"}],"created_at":1657682909,"created_by":{"id":7916937,"name":"Phạm Thế Quang","full_name":"Phạm Thế Quang","created_time":"2018-09-04 11:37:42","purchased":true,"purchased_at":1657211432},"product_id":138226278,"timeline":{"review_created_date":"2022-07-13 10:28:29","delivery_date":"2022-07-09 11:47:15"}},{"id":17702864,"title":"Cực kì hài lòng","content":"Tập cuối để kết thúc hành trình dài với Pendragon. Hy vọng sẽ có một kết thúc đẹp. Hihi. Sách mới cáo, còn seal nha các bạn.","customer_id":206641,"rating":5,"images":[{"id":3875319,"full_path":"https://salt.tikicdn.com/ts/review/cb/5a/91/2f04db09f1951cab92906b57e0c63647.jpg"}],"created_at":1663240359,"created_by":{"id":206641,"name":"Tien Nguyen Truong","full_name":"Tien Nguyen Truong","created_time":"2013-11-25 13:43:41","purchased":true,"purchased_at":1659925066},"product_id":138226278,"timeline":{"review_created_date":"2022-09-15 18:12:39","delivery_date":"2022-08-09 18:36:05"}},{"id":17886919,"title":"Cực kì hài lòng","content":"Giao nhanh, sau bao nhiêu năm giờ mới có, nên quên hết cốt truyện, sách to hơn mấy cuốn cũ nên ko đồng bộ cho lắm","customer_id":292299,"rating":5,"images":[{"id":3917793,"full_path":"https://salt.tikicdn.com/ts/review/cb/05/44/256fa88c22a2864aa41e9415de6eaeb5.jpg"}],"created_at":1665061749,"created_by":{"id":292299,"name":"Trương minh hoàng Việt","full_name":"Trương minh hoàng Việt","created_time":"2014-02-25 11:25:37","purchased":true,"purchased_at":1663904254},"product_id":138226278,"timeline":{"review_created_date":"2022-10-06 20:09:09","delivery_date":"2022-09-24 11:39:10"}}]}