{"id":138269724,"dbId":12138,"createdAt":1636563600000,"name":"Tiên Mãn Cung Đường - Tập 1","short_description":"Meo… meo…Chàng thiếu niên Tô Dự bắt gặp một con mèo con có bộ lông vàng óng ánh. Cuộc gặp gỡ kỳ lạ đó đã đẩy cuộc sống của chàng trai đam mê ẩm thực sang một ngã rẽ khác mà đến cậu cũng không ngờ đượ...","description":"\u003cp\u003eMeo… meo…\u003c/p\u003e\n\u003cp\u003eChàng thiếu niên Tô Dự bắt gặp một con mèo con có bộ lông vàng óng ánh. Cuộc gặp gỡ kỳ lạ đó đã đẩy cuộc sống của chàng trai đam mê ẩm thực sang một ngã rẽ khác mà đến cậu cũng không ngờ được…\u003c/p\u003e\n\u003cp\u003eRốt cuộc thì con mèo đó là ai…\u003c/p\u003e\n\u003cp\u003eĐôi nét tác giả\u003c/p\u003e\n\u003cp\u003eLục Dã Thiên Hạc: Một cây bút trẻ đầy nhiệt huyết của trang văn học mạng Tấn Giang.\u003c/p\u003e\u003cp\u003eGiá sản phẩm trên Tiki đã bao gồm thuế theo luật hiện hành. Bên cạnh đó, tuỳ vào loại sản phẩm, hình thức và địa chỉ giao hàng mà có thể phát sinh thêm chi phí khác như phí vận chuyển, phụ phí hàng cồng kềnh, thuế nhập khẩu (đối với đơn hàng giao từ nước ngoài có giá trị trên 1 triệu đồng).....\u003c/p\u003e","original_price":159000.0,"thumbnail_url":"https://salt.tikicdn.com/cache/280x280/ts/product/c3/54/16/32ccab7e922cbf2961073862f06d135a.jpg","images":[{"base_url":"https://salt.tikicdn.com/ts/product/c3/54/16/32ccab7e922cbf2961073862f06d135a.jpg","dbId":32321},{"base_url":"https://salt.tikicdn.com/ts/product/aa/cd/9b/e20c439571f12477ba348af44979bf4a.jpg","dbId":32322},{"base_url":"https://salt.tikicdn.com/ts/product/35/0d/2b/0355654679f4798b8c6167f02f4a3958.jpg","dbId":32323}],"authors":[{"id":531017,"name":"Lục Dã Thiên Hạc","dbId":6109}],"specifications":[{"name":"Thông tin chung","attributes":[{"name":"Phiên bản sách","value":"Phiên bản thường"},{"name":"Công ty phát hành","value":"Cẩm Phong Books"},{"name":"Ngày xuất bản","value":"2021-11-01 00:00:00"},{"name":"Dịch Giả","value":"Phiêu Dương – A Miểu"},{"name":"Loại bìa","value":"Bìa mềm"},{"name":"Số trang","value":"416"},{"name":"Nhà xuất bản","value":"Nhà Xuất Bản Hà Nội"},{"code":"PUBLICATION_DATE","name":"Kích thước","value":"14 x 20.5 cm"}]}],"stock_item":{"qty":1000},"all_time_quantity_sold":296,"reviews":[{"id":17720969,"title":"Cực kì hài lòng","content":"Bọc seal kín kẽ, giao hàng nhanh. Hộp gói hàng không móp mẻ gì, shipper lại thân thiện nữa, mình rất hài lòng.\r\n\r\nMình nghe review về bộ này khá là tích cực, nào là viết về đồ ăn rất ư là no con mắt, truyện dễ thương, lại gặp sale nên bấm bụng chốt đơn luôn. ☺️","customer_id":17915196,"rating":5,"images":[{"id":3879600,"full_path":"https://salt.tikicdn.com/ts/review/67/13/6c/824222acd1dbb6ebe36467a908ca6470.jpg"},{"id":3879601,"full_path":"https://salt.tikicdn.com/ts/review/1a/c1/9c/ac21c22f3c7257f75f5fb2ca46c9db5a.jpg"},{"id":3879602,"full_path":"https://salt.tikicdn.com/ts/review/be/38/40/8c8f272b9d757538bd8c7659197717af.jpg"}],"created_at":1663412736,"created_by":{"id":17915196,"name":"Lê Hoàng Quyến","full_name":"Lê Hoàng Quyến","created_time":"2020-07-29 09:53:51","purchased":true,"purchased_at":1662131798},"product_id":138269724,"timeline":{"review_created_date":"2022-09-17 18:05:36","delivery_date":"2022-09-04 09:41:37"}},{"id":15462523,"title":"Cực kì hài lòng","content":"Giao hàng nhanh lắm lun! Với nội dung truyện thì hay không bàn cãi. Sách giao đến cũng không bị móp gốc. Rất vừa ý","customer_id":12050825,"rating":5,"images":[{"id":3242214,"full_path":"https://salt.tikicdn.com/ts/review/8e/09/44/af7a12f662bea37bc1bc7a0846cca613.jpg"},{"id":3242215,"full_path":"https://salt.tikicdn.com/ts/review/9c/db/f6/173655a8cf77c56045a847dbe5cb4449.jpg"},{"id":3242216,"full_path":"https://salt.tikicdn.com/ts/review/cf/bc/41/490f025369db621b4aa9f9eb94c0db6b.jpg"},{"id":3242217,"full_path":"https://salt.tikicdn.com/ts/review/a8/10/b6/ff8360cf28f2886cbd402abb7cf74988.jpg"}],"created_at":1647493271,"created_by":{"id":12050825,"name":"Nguyễn Phạm Anh Thư","full_name":"Nguyễn Phạm Anh Thư","created_time":"2019-05-11 22:09:42","purchased":true,"purchased_at":1647320307},"product_id":138269724,"timeline":{"review_created_date":"2022-03-17 12:01:11","delivery_date":"2022-03-17 09:05:05"}},{"id":18709573,"title":"Cực kì hài lòng","content":"Sách đẹp nguyên seal, phụ kiện đầy đủ, bìa cực xinh, tiki giao hàng cực nhanh, đóng gói chu đáo, vote 5 sao ^^","customer_id":8071,"rating":5,"images":[{"id":4096126,"full_path":"https://salt.tikicdn.com/ts/review/10/0f/e9/f7ce55b4047b085b56101c427cc8cf27.jpg"}],"created_at":1675150318,"created_by":{"id":8071,"name":"Nguyễn Ngọc Quỳnh Như","full_name":"Nguyễn Ngọc Quỳnh Như","created_time":"2011-07-10 16:23:47","purchased":true,"purchased_at":1675054944},"product_id":138269724,"timeline":{"review_created_date":"2023-01-31 14:31:58","delivery_date":"2023-01-31 10:03:03"}},{"id":16976574,"title":"Cực kì hài lòng","content":"Tiki đợt này thêm được miếng bìa cứng chèn dô cho đỡ lọc xọc\u003d]]. Hàng xinh đẹp tuyệt vời không bị defect.","customer_id":15032038,"rating":5,"images":[{"id":3662070,"full_path":"https://salt.tikicdn.com/ts/review/86/32/2a/4663d19e270be72df8da799fe482139e.jpg"},{"id":3662071,"full_path":"https://salt.tikicdn.com/ts/review/63/47/4c/69a0e497f11b14987c1d4a98769d9760.jpg"}],"created_at":1657193873,"created_by":{"id":15032038,"name":"Linh Nguyễn","full_name":"Linh Nguyễn","created_time":"2019-11-19 10:34:28","purchased":true,"purchased_at":1657157642},"product_id":138269724,"timeline":{"review_created_date":"2022-07-07 18:37:53","delivery_date":"2022-07-07 13:36:11"}},{"id":17560344,"title":"Cực kì hài lòng","content":"Sách đẹp ko bị móp méo\nShop cb sách nhanh bọc kỹ\nShipper giao lẹ\nNhà C giảm nhìu nhất là bn % nhỉ?","customer_id":5648799,"rating":5,"images":[{"id":3840182,"full_path":"https://salt.tikicdn.com/ts/review/91/ed/a7/5860255b049897cd1321ca067568187d.jpg"},{"id":3840183,"full_path":"https://salt.tikicdn.com/ts/review/9a/f7/be/8ba8392676b28fe3303d22ff98789754.jpg"}],"created_at":1661860122,"created_by":{"id":5648799,"name":"Ngọc My","full_name":"Ngọc My","created_time":"2017-08-29 11:27:26","purchased":true,"purchased_at":1661730456},"product_id":138269724,"timeline":{"review_created_date":"2022-08-30 18:48:42","delivery_date":"2022-08-30 08:50:32"}},{"id":17720969,"title":"Cực kì hài lòng","content":"Bọc seal kín kẽ, giao hàng nhanh. Hộp gói hàng không móp mẻ gì, shipper lại thân thiện nữa, mình rất hài lòng.\r\n\r\nMình nghe review về bộ này khá là tích cực, nào là viết về đồ ăn rất ư là no con mắt, truyện dễ thương, lại gặp sale nên bấm bụng chốt đơn luôn. ☺️","customer_id":17915196,"rating":5,"images":[{"id":3879600,"full_path":"https://salt.tikicdn.com/ts/review/67/13/6c/824222acd1dbb6ebe36467a908ca6470.jpg"},{"id":3879601,"full_path":"https://salt.tikicdn.com/ts/review/1a/c1/9c/ac21c22f3c7257f75f5fb2ca46c9db5a.jpg"},{"id":3879602,"full_path":"https://salt.tikicdn.com/ts/review/be/38/40/8c8f272b9d757538bd8c7659197717af.jpg"}],"created_at":1663412736,"created_by":{"id":17915196,"name":"Lê Hoàng Quyến","full_name":"Lê Hoàng Quyến","created_time":"2020-07-29 09:53:51","purchased":true,"purchased_at":1662131798},"product_id":138269724,"timeline":{"review_created_date":"2022-09-17 18:05:36","delivery_date":"2022-09-04 09:41:37"}},{"id":15462523,"title":"Cực kì hài lòng","content":"Giao hàng nhanh lắm lun! Với nội dung truyện thì hay không bàn cãi. Sách giao đến cũng không bị móp gốc. Rất vừa ý","customer_id":12050825,"rating":5,"images":[{"id":3242214,"full_path":"https://salt.tikicdn.com/ts/review/8e/09/44/af7a12f662bea37bc1bc7a0846cca613.jpg"},{"id":3242215,"full_path":"https://salt.tikicdn.com/ts/review/9c/db/f6/173655a8cf77c56045a847dbe5cb4449.jpg"},{"id":3242216,"full_path":"https://salt.tikicdn.com/ts/review/cf/bc/41/490f025369db621b4aa9f9eb94c0db6b.jpg"},{"id":3242217,"full_path":"https://salt.tikicdn.com/ts/review/a8/10/b6/ff8360cf28f2886cbd402abb7cf74988.jpg"}],"created_at":1647493271,"created_by":{"id":12050825,"name":"Nguyễn Phạm Anh Thư","full_name":"Nguyễn Phạm Anh Thư","created_time":"2019-05-11 22:09:42","purchased":true,"purchased_at":1647320307},"product_id":138269724,"timeline":{"review_created_date":"2022-03-17 12:01:11","delivery_date":"2022-03-17 09:05:05"}},{"id":18709573,"title":"Cực kì hài lòng","content":"Sách đẹp nguyên seal, phụ kiện đầy đủ, bìa cực xinh, tiki giao hàng cực nhanh, đóng gói chu đáo, vote 5 sao ^^","customer_id":8071,"rating":5,"images":[{"id":4096126,"full_path":"https://salt.tikicdn.com/ts/review/10/0f/e9/f7ce55b4047b085b56101c427cc8cf27.jpg"}],"created_at":1675150318,"created_by":{"id":8071,"name":"Nguyễn Ngọc Quỳnh Như","full_name":"Nguyễn Ngọc Quỳnh Như","created_time":"2011-07-10 16:23:47","purchased":true,"purchased_at":1675054944},"product_id":138269724,"timeline":{"review_created_date":"2023-01-31 14:31:58","delivery_date":"2023-01-31 10:03:03"}},{"id":16976574,"title":"Cực kì hài lòng","content":"Tiki đợt này thêm được miếng bìa cứng chèn dô cho đỡ lọc xọc\u003d]]. Hàng xinh đẹp tuyệt vời không bị defect.","customer_id":15032038,"rating":5,"images":[{"id":3662070,"full_path":"https://salt.tikicdn.com/ts/review/86/32/2a/4663d19e270be72df8da799fe482139e.jpg"},{"id":3662071,"full_path":"https://salt.tikicdn.com/ts/review/63/47/4c/69a0e497f11b14987c1d4a98769d9760.jpg"}],"created_at":1657193873,"created_by":{"id":15032038,"name":"Linh Nguyễn","full_name":"Linh Nguyễn","created_time":"2019-11-19 10:34:28","purchased":true,"purchased_at":1657157642},"product_id":138269724,"timeline":{"review_created_date":"2022-07-07 18:37:53","delivery_date":"2022-07-07 13:36:11"}},{"id":17560344,"title":"Cực kì hài lòng","content":"Sách đẹp ko bị móp méo\nShop cb sách nhanh bọc kỹ\nShipper giao lẹ\nNhà C giảm nhìu nhất là bn % nhỉ?","customer_id":5648799,"rating":5,"images":[{"id":3840182,"full_path":"https://salt.tikicdn.com/ts/review/91/ed/a7/5860255b049897cd1321ca067568187d.jpg"},{"id":3840183,"full_path":"https://salt.tikicdn.com/ts/review/9a/f7/be/8ba8392676b28fe3303d22ff98789754.jpg"}],"created_at":1661860122,"created_by":{"id":5648799,"name":"Ngọc My","full_name":"Ngọc My","created_time":"2017-08-29 11:27:26","purchased":true,"purchased_at":1661730456},"product_id":138269724,"timeline":{"review_created_date":"2022-08-30 18:48:42","delivery_date":"2022-08-30 08:50:32"}},{"id":17720969,"title":"Cực kì hài lòng","content":"Bọc seal kín kẽ, giao hàng nhanh. Hộp gói hàng không móp mẻ gì, shipper lại thân thiện nữa, mình rất hài lòng.\r\n\r\nMình nghe review về bộ này khá là tích cực, nào là viết về đồ ăn rất ư là no con mắt, truyện dễ thương, lại gặp sale nên bấm bụng chốt đơn luôn. ☺️","customer_id":17915196,"rating":5,"images":[{"id":3879600,"full_path":"https://salt.tikicdn.com/ts/review/67/13/6c/824222acd1dbb6ebe36467a908ca6470.jpg"},{"id":3879601,"full_path":"https://salt.tikicdn.com/ts/review/1a/c1/9c/ac21c22f3c7257f75f5fb2ca46c9db5a.jpg"},{"id":3879602,"full_path":"https://salt.tikicdn.com/ts/review/be/38/40/8c8f272b9d757538bd8c7659197717af.jpg"}],"created_at":1663412736,"created_by":{"id":17915196,"name":"Lê Hoàng Quyến","full_name":"Lê Hoàng Quyến","created_time":"2020-07-29 09:53:51","purchased":true,"purchased_at":1662131798},"product_id":138269724,"timeline":{"review_created_date":"2022-09-17 18:05:36","delivery_date":"2022-09-04 09:41:37"}},{"id":15462523,"title":"Cực kì hài lòng","content":"Giao hàng nhanh lắm lun! Với nội dung truyện thì hay không bàn cãi. Sách giao đến cũng không bị móp gốc. Rất vừa ý","customer_id":12050825,"rating":5,"images":[{"id":3242214,"full_path":"https://salt.tikicdn.com/ts/review/8e/09/44/af7a12f662bea37bc1bc7a0846cca613.jpg"},{"id":3242215,"full_path":"https://salt.tikicdn.com/ts/review/9c/db/f6/173655a8cf77c56045a847dbe5cb4449.jpg"},{"id":3242216,"full_path":"https://salt.tikicdn.com/ts/review/cf/bc/41/490f025369db621b4aa9f9eb94c0db6b.jpg"},{"id":3242217,"full_path":"https://salt.tikicdn.com/ts/review/a8/10/b6/ff8360cf28f2886cbd402abb7cf74988.jpg"}],"created_at":1647493271,"created_by":{"id":12050825,"name":"Nguyễn Phạm Anh Thư","full_name":"Nguyễn Phạm Anh Thư","created_time":"2019-05-11 22:09:42","purchased":true,"purchased_at":1647320307},"product_id":138269724,"timeline":{"review_created_date":"2022-03-17 12:01:11","delivery_date":"2022-03-17 09:05:05"}},{"id":18709573,"title":"Cực kì hài lòng","content":"Sách đẹp nguyên seal, phụ kiện đầy đủ, bìa cực xinh, tiki giao hàng cực nhanh, đóng gói chu đáo, vote 5 sao ^^","customer_id":8071,"rating":5,"images":[{"id":4096126,"full_path":"https://salt.tikicdn.com/ts/review/10/0f/e9/f7ce55b4047b085b56101c427cc8cf27.jpg"}],"created_at":1675150318,"created_by":{"id":8071,"name":"Nguyễn Ngọc Quỳnh Như","full_name":"Nguyễn Ngọc Quỳnh Như","created_time":"2011-07-10 16:23:47","purchased":true,"purchased_at":1675054944},"product_id":138269724,"timeline":{"review_created_date":"2023-01-31 14:31:58","delivery_date":"2023-01-31 10:03:03"}},{"id":16976574,"title":"Cực kì hài lòng","content":"Tiki đợt này thêm được miếng bìa cứng chèn dô cho đỡ lọc xọc\u003d]]. Hàng xinh đẹp tuyệt vời không bị defect.","customer_id":15032038,"rating":5,"images":[{"id":3662070,"full_path":"https://salt.tikicdn.com/ts/review/86/32/2a/4663d19e270be72df8da799fe482139e.jpg"},{"id":3662071,"full_path":"https://salt.tikicdn.com/ts/review/63/47/4c/69a0e497f11b14987c1d4a98769d9760.jpg"}],"created_at":1657193873,"created_by":{"id":15032038,"name":"Linh Nguyễn","full_name":"Linh Nguyễn","created_time":"2019-11-19 10:34:28","purchased":true,"purchased_at":1657157642},"product_id":138269724,"timeline":{"review_created_date":"2022-07-07 18:37:53","delivery_date":"2022-07-07 13:36:11"}},{"id":17560344,"title":"Cực kì hài lòng","content":"Sách đẹp ko bị móp méo\nShop cb sách nhanh bọc kỹ\nShipper giao lẹ\nNhà C giảm nhìu nhất là bn % nhỉ?","customer_id":5648799,"rating":5,"images":[{"id":3840182,"full_path":"https://salt.tikicdn.com/ts/review/91/ed/a7/5860255b049897cd1321ca067568187d.jpg"},{"id":3840183,"full_path":"https://salt.tikicdn.com/ts/review/9a/f7/be/8ba8392676b28fe3303d22ff98789754.jpg"}],"created_at":1661860122,"created_by":{"id":5648799,"name":"Ngọc My","full_name":"Ngọc My","created_time":"2017-08-29 11:27:26","purchased":true,"purchased_at":1661730456},"product_id":138269724,"timeline":{"review_created_date":"2022-08-30 18:48:42","delivery_date":"2022-08-30 08:50:32"}},{"id":17720969,"title":"Cực kì hài lòng","content":"Bọc seal kín kẽ, giao hàng nhanh. Hộp gói hàng không móp mẻ gì, shipper lại thân thiện nữa, mình rất hài lòng.\r\n\r\nMình nghe review về bộ này khá là tích cực, nào là viết về đồ ăn rất ư là no con mắt, truyện dễ thương, lại gặp sale nên bấm bụng chốt đơn luôn. ☺️","customer_id":17915196,"rating":5,"images":[{"id":3879600,"full_path":"https://salt.tikicdn.com/ts/review/67/13/6c/824222acd1dbb6ebe36467a908ca6470.jpg"},{"id":3879601,"full_path":"https://salt.tikicdn.com/ts/review/1a/c1/9c/ac21c22f3c7257f75f5fb2ca46c9db5a.jpg"},{"id":3879602,"full_path":"https://salt.tikicdn.com/ts/review/be/38/40/8c8f272b9d757538bd8c7659197717af.jpg"}],"created_at":1663412736,"created_by":{"id":17915196,"name":"Lê Hoàng Quyến","full_name":"Lê Hoàng Quyến","created_time":"2020-07-29 09:53:51","purchased":true,"purchased_at":1662131798},"product_id":138269724,"timeline":{"review_created_date":"2022-09-17 18:05:36","delivery_date":"2022-09-04 09:41:37"}},{"id":15462523,"title":"Cực kì hài lòng","content":"Giao hàng nhanh lắm lun! Với nội dung truyện thì hay không bàn cãi. Sách giao đến cũng không bị móp gốc. Rất vừa ý","customer_id":12050825,"rating":5,"images":[{"id":3242214,"full_path":"https://salt.tikicdn.com/ts/review/8e/09/44/af7a12f662bea37bc1bc7a0846cca613.jpg"},{"id":3242215,"full_path":"https://salt.tikicdn.com/ts/review/9c/db/f6/173655a8cf77c56045a847dbe5cb4449.jpg"},{"id":3242216,"full_path":"https://salt.tikicdn.com/ts/review/cf/bc/41/490f025369db621b4aa9f9eb94c0db6b.jpg"},{"id":3242217,"full_path":"https://salt.tikicdn.com/ts/review/a8/10/b6/ff8360cf28f2886cbd402abb7cf74988.jpg"}],"created_at":1647493271,"created_by":{"id":12050825,"name":"Nguyễn Phạm Anh Thư","full_name":"Nguyễn Phạm Anh Thư","created_time":"2019-05-11 22:09:42","purchased":true,"purchased_at":1647320307},"product_id":138269724,"timeline":{"review_created_date":"2022-03-17 12:01:11","delivery_date":"2022-03-17 09:05:05"}},{"id":18709573,"title":"Cực kì hài lòng","content":"Sách đẹp nguyên seal, phụ kiện đầy đủ, bìa cực xinh, tiki giao hàng cực nhanh, đóng gói chu đáo, vote 5 sao ^^","customer_id":8071,"rating":5,"images":[{"id":4096126,"full_path":"https://salt.tikicdn.com/ts/review/10/0f/e9/f7ce55b4047b085b56101c427cc8cf27.jpg"}],"created_at":1675150318,"created_by":{"id":8071,"name":"Nguyễn Ngọc Quỳnh Như","full_name":"Nguyễn Ngọc Quỳnh Như","created_time":"2011-07-10 16:23:47","purchased":true,"purchased_at":1675054944},"product_id":138269724,"timeline":{"review_created_date":"2023-01-31 14:31:58","delivery_date":"2023-01-31 10:03:03"}},{"id":16976574,"title":"Cực kì hài lòng","content":"Tiki đợt này thêm được miếng bìa cứng chèn dô cho đỡ lọc xọc\u003d]]. Hàng xinh đẹp tuyệt vời không bị defect.","customer_id":15032038,"rating":5,"images":[{"id":3662070,"full_path":"https://salt.tikicdn.com/ts/review/86/32/2a/4663d19e270be72df8da799fe482139e.jpg"},{"id":3662071,"full_path":"https://salt.tikicdn.com/ts/review/63/47/4c/69a0e497f11b14987c1d4a98769d9760.jpg"}],"created_at":1657193873,"created_by":{"id":15032038,"name":"Linh Nguyễn","full_name":"Linh Nguyễn","created_time":"2019-11-19 10:34:28","purchased":true,"purchased_at":1657157642},"product_id":138269724,"timeline":{"review_created_date":"2022-07-07 18:37:53","delivery_date":"2022-07-07 13:36:11"}},{"id":17560344,"title":"Cực kì hài lòng","content":"Sách đẹp ko bị móp méo\nShop cb sách nhanh bọc kỹ\nShipper giao lẹ\nNhà C giảm nhìu nhất là bn % nhỉ?","customer_id":5648799,"rating":5,"images":[{"id":3840182,"full_path":"https://salt.tikicdn.com/ts/review/91/ed/a7/5860255b049897cd1321ca067568187d.jpg"},{"id":3840183,"full_path":"https://salt.tikicdn.com/ts/review/9a/f7/be/8ba8392676b28fe3303d22ff98789754.jpg"}],"created_at":1661860122,"created_by":{"id":5648799,"name":"Ngọc My","full_name":"Ngọc My","created_time":"2017-08-29 11:27:26","purchased":true,"purchased_at":1661730456},"product_id":138269724,"timeline":{"review_created_date":"2022-08-30 18:48:42","delivery_date":"2022-08-30 08:50:32"}}]}