{"id":138504786,"dbId":12082,"createdAt":1637082000000,"name":"Anh Hùng Diệt Thần \u0026 Bảy Thệ Ước - Tập 1","short_description":"Anh Hùng Diệt Thần \u0026 Bảy Thệ Ước (Tập 1)\"Mọi người đã hiểu lầm về tôi rồi!\"Renji - một trong mười ba anh hùng cứu thế được triệu hồi từ thế giới khác.Sau khi hợp sức với mười hai người còn lại ...","description":"Anh Hùng Diệt Thần \u0026amp; Bảy Thệ Ước (Tập 1)\n\u003cbr\u003e\"Mọi người đã hiểu lầm về tôi rồi!\"\n\u003cbr\u003eRenji - một trong mười ba anh hùng cứu thế được triệu hồi từ thế giới khác.\n\u003cbr\u003eSau khi hợp sức với mười hai người còn lại và thành công tiêu diệt \"Ma Thần\", anh bỏ lại mọi vinh dự cũng như mối liên kết với những người còn lại và lặng lẽ biến mất.\n\u003cbr\u003eThời gian cứ thế trôi đi, Renji đã trải qua những tháng ngày êm đềm cùng chiếc huy chương kiêm bạn đồng hành Ermenhilde của mình. Thế nhưng, sự êm đềm ấy đã chính thức kết thúc khi anh gặp Francesca - một học viên của Học viện Ma thuật. Thứ mầm mống sức mạnh xuất hiện trong người con Orc mà nhóm Renji định tiêu diệt lại chính là sức mạnh của Ma Thần - kẻ đã bị tiêu diệt từ rất lâu rồi!?\n\u003cbr\u003eKhi \"Bảy ràng buộc\" (Ermenhilde) được giải phóng, anh hùng mạnh nhất sẽ xuất hiện.\n\u003cbr\u003eBản Anh hùng ca về người con trai mang danh \"Anh hùng diệt thần\" luôn phủ nhận việc bản thân là anh hùng xin được mở ra từ đâ\u003cp\u003eGiá sản phẩm trên Tiki đã bao gồm thuế theo luật hiện hành. Bên cạnh đó, tuỳ vào loại sản phẩm, hình thức và địa chỉ giao hàng mà có thể phát sinh thêm chi phí khác như phí vận chuyển, phụ phí hàng cồng kềnh, thuế nhập khẩu (đối với đơn hàng giao từ nước ngoài có giá trị trên 1 triệu đồng).....\u003c/p\u003e","original_price":139000.0,"thumbnail_url":"https://salt.tikicdn.com/cache/280x280/ts/product/ae/11/cf/b4726a9a5895c9cae8ddc72a9fe715d3.jpg","images":[{"base_url":"https://salt.tikicdn.com/ts/product/ae/11/cf/b4726a9a5895c9cae8ddc72a9fe715d3.jpg","dbId":32141},{"base_url":"https://salt.tikicdn.com/ts/product/d2/0c/5e/bfdbd9326dd64efec025003522621ee7.jpg","dbId":32142},{"base_url":"https://salt.tikicdn.com/ts/product/d3/86/c7/3dbf88bfe3f4d689fc46a58bfc22a257.jpg","dbId":32143},{"base_url":"https://salt.tikicdn.com/ts/product/f6/ac/bd/dbcbe4bc2720b987cd90e1eb29835a6c.jpg","dbId":32144},{"base_url":"https://salt.tikicdn.com/ts/product/c1/6c/ec/5694766282459b1e7e332e4819a88861.jpg","dbId":32145}],"authors":[{"id":4827653,"name":"Y Y Dĩ Dực","dbId":6120}],"specifications":[{"name":"Thông tin chung","attributes":[{"name":"Phiên bản sách","value":"Phiên bản thường"},{"name":"Công ty phát hành","value":"Tsuki LightNovel"},{"name":"Ngày xuất bản","value":"2021-11-01 00:00:00"},{"name":"Dịch Giả","value":"Minh họa: Vương Nhất-Dịch giả: Nhi Mều (D\u0026B) dịch"},{"name":"Loại bìa","value":"Bìa mềm"},{"name":"Số trang","value":"468"},{"name":"Nhà xuất bản","value":"Nhà Xuất Bản Thế Giới"},{"code":"PUBLICATION_DATE","name":"Kích thước","value":"13 x 20.5 cm"}]}],"stock_item":{"qty":1000},"all_time_quantity_sold":714,"reviews":[{"id":13865279,"title":"Hài lòng","content":"sách còn nguyên seal nhưng poster ở dạng gấp trong sách nên bị lỗi,và do vận chuyển nên bị df chút xíu ở góc trên sách,nhưng tổng thể thì oke","customer_id":25953831,"rating":4,"images":[{"id":2895815,"full_path":"https://salt.tikicdn.com/ts/review/d7/b4/87/3cc753034eae24ddc9ed564a4c8cfb05.jpg"},{"id":2895816,"full_path":"https://salt.tikicdn.com/ts/review/11/c2/aa/d06f790c86f3e784f9d5431cfa215f8d.jpg"},{"id":2895817,"full_path":"https://salt.tikicdn.com/ts/review/a0/a1/5c/fd378cd96aa32e22eae3ce670a42c1ba.jpg"},{"id":2895818,"full_path":"https://salt.tikicdn.com/ts/review/b4/3b/a8/01937d1fac093cce9e8111ad3a661577.jpg"}],"created_at":1639633197,"created_by":{"id":25953831,"name":"Nguyễn Minh Hoàng","full_name":"Nguyễn Minh Hoàng","created_time":"2021-12-12 13:07:50","purchased":true,"purchased_at":1639310786},"product_id":138504786,"timeline":{"review_created_date":"2021-12-16 12:39:57","delivery_date":"2021-12-16 12:15:54"}},{"id":14317235,"title":"Cực kì hài lòng","content":"Miêu tả thế giới khá tốt, các nhân vật được xây dựng hợp lý, nhất là nội tâm của nhân vật chính được phác họa vừa đủ để người đọc có thể cảm nhận được. Câu chuyện thì tuyệt vời, là một mô típ isekai có chút khác biệt so với phần còn lại. Rất đáng mong chờ tập tiếp theo.","customer_id":2188787,"rating":5,"images":[],"created_at":1641584227,"created_by":{"id":2188787,"name":"Kha","full_name":"Kha","created_time":"2017-02-19 10:33:45","purchased":true,"purchased_at":1639978296},"product_id":138504786,"timeline":{"review_created_date":"2022-01-08 02:37:07","delivery_date":"2021-12-29 10:52:02"}},{"id":14430115,"title":"Bình thường","content":"Sách ổn. Nhưng thất vọng vì không có bọc chống sóc và tấm poster do bị gấp lại quá lâu nên nó có mấy cái viền gấp in hằn lên trông xấu kinh khủng :((","customer_id":24915908,"rating":3,"images":[{"id":3020594,"full_path":"https://salt.tikicdn.com/ts/review/a0/0e/f5/59435a0c988785d9c00808acddc89481.jpg"},{"id":3020595,"full_path":"https://salt.tikicdn.com/ts/review/1e/c4/42/0adb4d9754d7d49615553ab8d6b99fac.jpg"},{"id":3020596,"full_path":"https://salt.tikicdn.com/ts/review/3d/f7/df/227a88846cc43b3781436e205e9000a1.jpg"}],"created_at":1642061443,"created_by":{"id":24915908,"name":"Phuoc Huu","full_name":"Phuoc Huu","created_time":"2021-11-12 09:03:51","purchased":true,"purchased_at":1641821920},"product_id":138504786,"timeline":{"review_created_date":"2022-01-13 15:10:43","delivery_date":"2022-01-13 14:54:46"}},{"id":13436358,"title":"Cực kì hài lòng","content":"Pre-order nên phải cả tuần mới có sách đọc, nhưng bù lại được giá hấp dẫn. Poster dày và đẹp nhưng tiếc là bị gập. 2 thẻ nhân vật in trên giấy dày hơn bookmark.","customer_id":1886737,"rating":5,"images":[{"id":2804967,"full_path":"https://salt.tikicdn.com/ts/review/38/ba/b3/b36e018a4aaac7db7f3661cdf7768de8.jpg"}],"created_at":1637868395,"created_by":{"id":1886737,"name":"Vân","full_name":"Vân","created_time":"2016-11-12 12:23:06","purchased":true,"purchased_at":1636959407},"product_id":138504786,"timeline":{"review_created_date":"2021-11-26 02:26:35","delivery_date":"2021-11-25 15:13:28"}},{"id":18464164,"title":"Hài lòng","content":"Mua 2 cuốn mà bên giao hàng tiki chả hiểu làm ăn ra sao lúc ngận thì hộp móp vs rách,truyện bên trong bị cong mất 1 góc","customer_id":6602575,"rating":4,"images":[],"created_at":1671521997,"created_by":{"id":6602575,"name":"Viet Khac Vu","full_name":"Viet Khac Vu","created_time":"2018-02-27 15:31:04","purchased":true,"purchased_at":1671386808},"product_id":138504786,"timeline":{"review_created_date":"2022-12-20 14:39:57","delivery_date":"2022-12-20 10:21:59"}},{"id":13865279,"title":"Hài lòng","content":"sách còn nguyên seal nhưng poster ở dạng gấp trong sách nên bị lỗi,và do vận chuyển nên bị df chút xíu ở góc trên sách,nhưng tổng thể thì oke","customer_id":25953831,"rating":4,"images":[{"id":2895815,"full_path":"https://salt.tikicdn.com/ts/review/d7/b4/87/3cc753034eae24ddc9ed564a4c8cfb05.jpg"},{"id":2895816,"full_path":"https://salt.tikicdn.com/ts/review/11/c2/aa/d06f790c86f3e784f9d5431cfa215f8d.jpg"},{"id":2895817,"full_path":"https://salt.tikicdn.com/ts/review/a0/a1/5c/fd378cd96aa32e22eae3ce670a42c1ba.jpg"},{"id":2895818,"full_path":"https://salt.tikicdn.com/ts/review/b4/3b/a8/01937d1fac093cce9e8111ad3a661577.jpg"}],"created_at":1639633197,"created_by":{"id":25953831,"name":"Nguyễn Minh Hoàng","full_name":"Nguyễn Minh Hoàng","created_time":"2021-12-12 13:07:50","purchased":true,"purchased_at":1639310786},"product_id":138504786,"timeline":{"review_created_date":"2021-12-16 12:39:57","delivery_date":"2021-12-16 12:15:54"}},{"id":14317235,"title":"Cực kì hài lòng","content":"Miêu tả thế giới khá tốt, các nhân vật được xây dựng hợp lý, nhất là nội tâm của nhân vật chính được phác họa vừa đủ để người đọc có thể cảm nhận được. Câu chuyện thì tuyệt vời, là một mô típ isekai có chút khác biệt so với phần còn lại. Rất đáng mong chờ tập tiếp theo.","customer_id":2188787,"rating":5,"images":[],"created_at":1641584227,"created_by":{"id":2188787,"name":"Kha","full_name":"Kha","created_time":"2017-02-19 10:33:45","purchased":true,"purchased_at":1639978296},"product_id":138504786,"timeline":{"review_created_date":"2022-01-08 02:37:07","delivery_date":"2021-12-29 10:52:02"}},{"id":14430115,"title":"Bình thường","content":"Sách ổn. Nhưng thất vọng vì không có bọc chống sóc và tấm poster do bị gấp lại quá lâu nên nó có mấy cái viền gấp in hằn lên trông xấu kinh khủng :((","customer_id":24915908,"rating":3,"images":[{"id":3020594,"full_path":"https://salt.tikicdn.com/ts/review/a0/0e/f5/59435a0c988785d9c00808acddc89481.jpg"},{"id":3020595,"full_path":"https://salt.tikicdn.com/ts/review/1e/c4/42/0adb4d9754d7d49615553ab8d6b99fac.jpg"},{"id":3020596,"full_path":"https://salt.tikicdn.com/ts/review/3d/f7/df/227a88846cc43b3781436e205e9000a1.jpg"}],"created_at":1642061443,"created_by":{"id":24915908,"name":"Phuoc Huu","full_name":"Phuoc Huu","created_time":"2021-11-12 09:03:51","purchased":true,"purchased_at":1641821920},"product_id":138504786,"timeline":{"review_created_date":"2022-01-13 15:10:43","delivery_date":"2022-01-13 14:54:46"}},{"id":13436358,"title":"Cực kì hài lòng","content":"Pre-order nên phải cả tuần mới có sách đọc, nhưng bù lại được giá hấp dẫn. Poster dày và đẹp nhưng tiếc là bị gập. 2 thẻ nhân vật in trên giấy dày hơn bookmark.","customer_id":1886737,"rating":5,"images":[{"id":2804967,"full_path":"https://salt.tikicdn.com/ts/review/38/ba/b3/b36e018a4aaac7db7f3661cdf7768de8.jpg"}],"created_at":1637868395,"created_by":{"id":1886737,"name":"Vân","full_name":"Vân","created_time":"2016-11-12 12:23:06","purchased":true,"purchased_at":1636959407},"product_id":138504786,"timeline":{"review_created_date":"2021-11-26 02:26:35","delivery_date":"2021-11-25 15:13:28"}},{"id":18464164,"title":"Hài lòng","content":"Mua 2 cuốn mà bên giao hàng tiki chả hiểu làm ăn ra sao lúc ngận thì hộp móp vs rách,truyện bên trong bị cong mất 1 góc","customer_id":6602575,"rating":4,"images":[],"created_at":1671521997,"created_by":{"id":6602575,"name":"Viet Khac Vu","full_name":"Viet Khac Vu","created_time":"2018-02-27 15:31:04","purchased":true,"purchased_at":1671386808},"product_id":138504786,"timeline":{"review_created_date":"2022-12-20 14:39:57","delivery_date":"2022-12-20 10:21:59"}},{"id":13865279,"title":"Hài lòng","content":"sách còn nguyên seal nhưng poster ở dạng gấp trong sách nên bị lỗi,và do vận chuyển nên bị df chút xíu ở góc trên sách,nhưng tổng thể thì oke","customer_id":25953831,"rating":4,"images":[{"id":2895815,"full_path":"https://salt.tikicdn.com/ts/review/d7/b4/87/3cc753034eae24ddc9ed564a4c8cfb05.jpg"},{"id":2895816,"full_path":"https://salt.tikicdn.com/ts/review/11/c2/aa/d06f790c86f3e784f9d5431cfa215f8d.jpg"},{"id":2895817,"full_path":"https://salt.tikicdn.com/ts/review/a0/a1/5c/fd378cd96aa32e22eae3ce670a42c1ba.jpg"},{"id":2895818,"full_path":"https://salt.tikicdn.com/ts/review/b4/3b/a8/01937d1fac093cce9e8111ad3a661577.jpg"}],"created_at":1639633197,"created_by":{"id":25953831,"name":"Nguyễn Minh Hoàng","full_name":"Nguyễn Minh Hoàng","created_time":"2021-12-12 13:07:50","purchased":true,"purchased_at":1639310786},"product_id":138504786,"timeline":{"review_created_date":"2021-12-16 12:39:57","delivery_date":"2021-12-16 12:15:54"}},{"id":14317235,"title":"Cực kì hài lòng","content":"Miêu tả thế giới khá tốt, các nhân vật được xây dựng hợp lý, nhất là nội tâm của nhân vật chính được phác họa vừa đủ để người đọc có thể cảm nhận được. Câu chuyện thì tuyệt vời, là một mô típ isekai có chút khác biệt so với phần còn lại. Rất đáng mong chờ tập tiếp theo.","customer_id":2188787,"rating":5,"images":[],"created_at":1641584227,"created_by":{"id":2188787,"name":"Kha","full_name":"Kha","created_time":"2017-02-19 10:33:45","purchased":true,"purchased_at":1639978296},"product_id":138504786,"timeline":{"review_created_date":"2022-01-08 02:37:07","delivery_date":"2021-12-29 10:52:02"}},{"id":14430115,"title":"Bình thường","content":"Sách ổn. Nhưng thất vọng vì không có bọc chống sóc và tấm poster do bị gấp lại quá lâu nên nó có mấy cái viền gấp in hằn lên trông xấu kinh khủng :((","customer_id":24915908,"rating":3,"images":[{"id":3020594,"full_path":"https://salt.tikicdn.com/ts/review/a0/0e/f5/59435a0c988785d9c00808acddc89481.jpg"},{"id":3020595,"full_path":"https://salt.tikicdn.com/ts/review/1e/c4/42/0adb4d9754d7d49615553ab8d6b99fac.jpg"},{"id":3020596,"full_path":"https://salt.tikicdn.com/ts/review/3d/f7/df/227a88846cc43b3781436e205e9000a1.jpg"}],"created_at":1642061443,"created_by":{"id":24915908,"name":"Phuoc Huu","full_name":"Phuoc Huu","created_time":"2021-11-12 09:03:51","purchased":true,"purchased_at":1641821920},"product_id":138504786,"timeline":{"review_created_date":"2022-01-13 15:10:43","delivery_date":"2022-01-13 14:54:46"}},{"id":13436358,"title":"Cực kì hài lòng","content":"Pre-order nên phải cả tuần mới có sách đọc, nhưng bù lại được giá hấp dẫn. Poster dày và đẹp nhưng tiếc là bị gập. 2 thẻ nhân vật in trên giấy dày hơn bookmark.","customer_id":1886737,"rating":5,"images":[{"id":2804967,"full_path":"https://salt.tikicdn.com/ts/review/38/ba/b3/b36e018a4aaac7db7f3661cdf7768de8.jpg"}],"created_at":1637868395,"created_by":{"id":1886737,"name":"Vân","full_name":"Vân","created_time":"2016-11-12 12:23:06","purchased":true,"purchased_at":1636959407},"product_id":138504786,"timeline":{"review_created_date":"2021-11-26 02:26:35","delivery_date":"2021-11-25 15:13:28"}},{"id":18464164,"title":"Hài lòng","content":"Mua 2 cuốn mà bên giao hàng tiki chả hiểu làm ăn ra sao lúc ngận thì hộp móp vs rách,truyện bên trong bị cong mất 1 góc","customer_id":6602575,"rating":4,"images":[],"created_at":1671521997,"created_by":{"id":6602575,"name":"Viet Khac Vu","full_name":"Viet Khac Vu","created_time":"2018-02-27 15:31:04","purchased":true,"purchased_at":1671386808},"product_id":138504786,"timeline":{"review_created_date":"2022-12-20 14:39:57","delivery_date":"2022-12-20 10:21:59"}},{"id":13865279,"title":"Hài lòng","content":"sách còn nguyên seal nhưng poster ở dạng gấp trong sách nên bị lỗi,và do vận chuyển nên bị df chút xíu ở góc trên sách,nhưng tổng thể thì oke","customer_id":25953831,"rating":4,"images":[{"id":2895815,"full_path":"https://salt.tikicdn.com/ts/review/d7/b4/87/3cc753034eae24ddc9ed564a4c8cfb05.jpg"},{"id":2895816,"full_path":"https://salt.tikicdn.com/ts/review/11/c2/aa/d06f790c86f3e784f9d5431cfa215f8d.jpg"},{"id":2895817,"full_path":"https://salt.tikicdn.com/ts/review/a0/a1/5c/fd378cd96aa32e22eae3ce670a42c1ba.jpg"},{"id":2895818,"full_path":"https://salt.tikicdn.com/ts/review/b4/3b/a8/01937d1fac093cce9e8111ad3a661577.jpg"}],"created_at":1639633197,"created_by":{"id":25953831,"name":"Nguyễn Minh Hoàng","full_name":"Nguyễn Minh Hoàng","created_time":"2021-12-12 13:07:50","purchased":true,"purchased_at":1639310786},"product_id":138504786,"timeline":{"review_created_date":"2021-12-16 12:39:57","delivery_date":"2021-12-16 12:15:54"}},{"id":14317235,"title":"Cực kì hài lòng","content":"Miêu tả thế giới khá tốt, các nhân vật được xây dựng hợp lý, nhất là nội tâm của nhân vật chính được phác họa vừa đủ để người đọc có thể cảm nhận được. Câu chuyện thì tuyệt vời, là một mô típ isekai có chút khác biệt so với phần còn lại. Rất đáng mong chờ tập tiếp theo.","customer_id":2188787,"rating":5,"images":[],"created_at":1641584227,"created_by":{"id":2188787,"name":"Kha","full_name":"Kha","created_time":"2017-02-19 10:33:45","purchased":true,"purchased_at":1639978296},"product_id":138504786,"timeline":{"review_created_date":"2022-01-08 02:37:07","delivery_date":"2021-12-29 10:52:02"}},{"id":14430115,"title":"Bình thường","content":"Sách ổn. Nhưng thất vọng vì không có bọc chống sóc và tấm poster do bị gấp lại quá lâu nên nó có mấy cái viền gấp in hằn lên trông xấu kinh khủng :((","customer_id":24915908,"rating":3,"images":[{"id":3020594,"full_path":"https://salt.tikicdn.com/ts/review/a0/0e/f5/59435a0c988785d9c00808acddc89481.jpg"},{"id":3020595,"full_path":"https://salt.tikicdn.com/ts/review/1e/c4/42/0adb4d9754d7d49615553ab8d6b99fac.jpg"},{"id":3020596,"full_path":"https://salt.tikicdn.com/ts/review/3d/f7/df/227a88846cc43b3781436e205e9000a1.jpg"}],"created_at":1642061443,"created_by":{"id":24915908,"name":"Phuoc Huu","full_name":"Phuoc Huu","created_time":"2021-11-12 09:03:51","purchased":true,"purchased_at":1641821920},"product_id":138504786,"timeline":{"review_created_date":"2022-01-13 15:10:43","delivery_date":"2022-01-13 14:54:46"}},{"id":13436358,"title":"Cực kì hài lòng","content":"Pre-order nên phải cả tuần mới có sách đọc, nhưng bù lại được giá hấp dẫn. Poster dày và đẹp nhưng tiếc là bị gập. 2 thẻ nhân vật in trên giấy dày hơn bookmark.","customer_id":1886737,"rating":5,"images":[{"id":2804967,"full_path":"https://salt.tikicdn.com/ts/review/38/ba/b3/b36e018a4aaac7db7f3661cdf7768de8.jpg"}],"created_at":1637868395,"created_by":{"id":1886737,"name":"Vân","full_name":"Vân","created_time":"2016-11-12 12:23:06","purchased":true,"purchased_at":1636959407},"product_id":138504786,"timeline":{"review_created_date":"2021-11-26 02:26:35","delivery_date":"2021-11-25 15:13:28"}},{"id":18464164,"title":"Hài lòng","content":"Mua 2 cuốn mà bên giao hàng tiki chả hiểu làm ăn ra sao lúc ngận thì hộp móp vs rách,truyện bên trong bị cong mất 1 góc","customer_id":6602575,"rating":4,"images":[],"created_at":1671521997,"created_by":{"id":6602575,"name":"Viet Khac Vu","full_name":"Viet Khac Vu","created_time":"2018-02-27 15:31:04","purchased":true,"purchased_at":1671386808},"product_id":138504786,"timeline":{"review_created_date":"2022-12-20 14:39:57","delivery_date":"2022-12-20 10:21:59"}}]}