{"id":1406015,"dbId":11787,"createdAt":1515430800000,"name":"Tây Du Ký  - Huyền Trang Cứu Ngộ Không (Tập 9)","short_description":"            Tây Du Ký  - Huyền Trang Cứu Ngộ Không (Tập 9)        Các độc giả nhỏ tuổi đã rất quen thuộc với nhân vật Tôn Ngộ Không trong bộ truyện Tây Du Ký của tác giả Ngô Thừa Ân (Trung    Q...","description":"\u003cp\u003e\n    \u003cstrong\u003e\n        Tây Du Ký  - Huyền Trang Cứu Ngộ Không (Tập 9)\n    \u003c/strong\u003e\n\u003c/p\u003e\n\u003cp\u003e\n    Các độc giả nhỏ tuổi đã rất quen thuộc với nhân vật Tôn Ngộ Không trong bộ truyện Tây Du Ký của tác giả Ngô Thừa Ân (Trung\n    Quốc) qua các phiên bản truyện tiểu thuyết, phim truyền hình hay phim hoạt hình, nay các em còn được thưởng thức bộ truyện\n    hấp dẫn này qua phiên bản truyện tranh.\n\u003c/p\u003e\n\u003cp\u003e\n    Bộ truyện tranh \"Tôn Ngộ Không\" gồm 18 tập được xây dựng theo nội dung các chương đầu của tác phẩm văn học kinh điển \"Tây\n    Du Ký\" của tác giả Ngô Thừa Ân. 18  tập truyện kể lại một cách sinh động hành trình phiêu lưu vượt qua bao khó khăn gian\n    khổ, là hành trình vượt những chặng đường dài, qua những mưu nan. Thầy trò Đường Tăng đi qua núi non, yêu ma, và cả những\n    nguy hiểm rình rập kề bước, chặng đường thỉnh kinh nào có dễ dàng gì.\n\u003c/p\u003e\u003cp\u003eGiá sản phẩm trên Tiki đã bao gồm thuế theo luật hiện hành. Bên cạnh đó, tuỳ vào loại sản phẩm, hình thức và địa chỉ giao hàng mà có thể phát sinh thêm chi phí khác như phí vận chuyển, phụ phí hàng cồng kềnh, thuế nhập khẩu (đối với đơn hàng giao từ nước ngoài có giá trị trên 1 triệu đồng).....\u003c/p\u003e","original_price":35000.0,"thumbnail_url":"https://salt.tikicdn.com/cache/280x280/ts/product/71/e0/1e/331152def0048741a96a83c2607ad43e.jpg","images":[{"base_url":"https://salt.tikicdn.com/ts/product/71/e0/1e/331152def0048741a96a83c2607ad43e.jpg","dbId":31369}],"authors":[{"id":6801,"name":"Ngô Thừa Ân","dbId":5729}],"specifications":[{"name":"Thông tin chung","attributes":[{"name":"Công ty phát hành","value":"Nhà sách Minh Thắng"},{"name":"Ngày xuất bản","value":"2018-01-01 00:00:00"},{"name":"Dịch Giả","value":"Đỗ Thị Nhàn"},{"name":"Loại bìa","value":"Bìa mềm"},{"name":"Số trang","value":"32"},{"name":"Phương thức giao hàng Seller Delivery","value":"Nhà bán giao hàng cho khách hàng"},{"code":"PUBLICATION_DATE","name":"Kích thước","value":"20.5 x 29.5 cm"}]}],"stock_item":{"qty":1000},"all_time_quantity_sold":5,"reviews":[{"id":17403089,"title":"Cực kì hài lòng","content":"Truyện cổ xưa, nội dung hay, bìa và hình vẽ đẹp , sách khổ to","customer_id":17676048,"rating":5,"images":[{"id":3791596,"full_path":"https://salt.tikicdn.com/ts/review/d9/c1/35/cb2624168987f172c80db7f5aa8e5aa3.jpg"}],"created_at":1660391661,"created_by":{"id":17676048,"name":"Nguyễn Diệu Phương Linh","full_name":"Nguyễn Diệu Phương Linh","created_time":"2020-06-29 22:00:59","purchased":true,"purchased_at":1658131725},"product_id":1406015,"timeline":{"review_created_date":"2022-08-13 18:54:21","delivery_date":"2022-07-21 10:25:26"}},{"id":11830809,"title":"Cực kì hài lòng","content":"","customer_id":22984124,"rating":5,"images":[],"created_at":1629022114,"created_by":{"id":22984124,"name":"Nguyễn Minh Phương","full_name":"Nguyễn Minh Phương","created_time":"2021-08-12 22:45:21","purchased":true,"purchased_at":1628812735},"product_id":1406015,"timeline":{"review_created_date":"2021-08-15 17:08:34","delivery_date":"2021-08-14 15:57:48"}},{"id":5962227,"title":"Cực kì hài lòng","content":"","customer_id":7516479,"rating":5,"images":[],"created_at":1607155443,"created_by":{"id":7516479,"name":"nguyễn thị bích trâm","full_name":"nguyễn thị bích trâm","purchased":true,"purchased_at":1602938458},"product_id":1406015,"timeline":{"review_created_date":"2020-12-05 15:04:03","delivery_date":"2020-10-19 17:29:03"}}]}