{"id":141002538,"dbId":12074,"createdAt":1638118800000,"name":"Bậc Thầy Chém Giá","short_description":"Là một chuyên gia mặc cả, cái miệng của Hạ Tiên có thể nói là vô địch thiên hạ, chỉ có hai người có thể khiến cô cạn lời, một là mẹ cô, người còn lại, chính là tên mặt than Trịnh Triết Ninh Lần đầu g...","description":"\u003cp\u003eLà một chuyên gia mặc cả, cái miệng của Hạ Tiên có thể nói là vô địch thiên hạ, chỉ có hai người có thể khiến cô cạn lời, một là mẹ cô, người còn lại, chính là tên mặt than Trịnh Triết Ninh \u003c/p\u003e\n\u003cp\u003eLần đầu gặp gỡ, họ đã ôm nhau ngã ở quán café, làm vỡ một đống đồ trên giá. Trịnh Triết Ninh kiệm lời như vàng, mỗi lần chỉ thốt ra 2 từ, rồi bỏ lại một xấp nhân dân tệ và đi mất, để mặc Hạ Tiên không ngừng cảm thán: Người có tiền lúc nào cũng tùy hứng như vậy đấy! \u003c/p\u003e\n\u003cp\u003eLần thứ hai gặp gỡ, Hạ Tiên có lòng trả lại khoản tiền mà anh đã bồi thường cho quán café, nhưng lại bị anh coi là kẻ theo dõi diên khùng, còn đả kích cô cân nặng vượt quá tiêu chuẩn, khiên cô tức đến mức giậm chân bình bịch: Đồ khốn, anh mắng ai béo đấy hả? \u003c/p\u003e\n\u003cp\u003eCàng bất ngờ hơn, hóa ra Trịnh Triết Ninh lại là “trùm cuối” ngăn cản cô đi tới thành công trong một vụ đàm phám giá cả. \u003c/p\u003e\n\u003cp\u003eGiữa hai người họ, rốt cuộc có thù oán gì đây?\u003c/p\u003e\u003cp\u003eGiá sản phẩm trên Tiki đã bao gồm thuế theo luật hiện hành. Bên cạnh đó, tuỳ vào loại sản phẩm, hình thức và địa chỉ giao hàng mà có thể phát sinh thêm chi phí khác như phí vận chuyển, phụ phí hàng cồng kềnh, thuế nhập khẩu (đối với đơn hàng giao từ nước ngoài có giá trị trên 1 triệu đồng).....\u003c/p\u003e","original_price":199000.0,"thumbnail_url":"https://salt.tikicdn.com/cache/280x280/ts/product/15/ea/7a/366391c73e9fb79a4f1583351c7d2555.jpg","images":[{"base_url":"https://salt.tikicdn.com/ts/product/15/ea/7a/366391c73e9fb79a4f1583351c7d2555.jpg","dbId":32115},{"base_url":"https://salt.tikicdn.com/ts/product/21/3b/32/b39e337e5ac888f27baff162bb91dc09.jpg","dbId":32116},{"base_url":"https://salt.tikicdn.com/ts/product/fe/41/f1/424501fbe1e628bbebf5d1cf86eed60d.png","dbId":32117},{"base_url":"https://salt.tikicdn.com/ts/product/c0/91/85/b0c9cf6997c02c4438a77ebe67f0fa02.png","dbId":32118}],"authors":[{"id":13431,"name":"Mèo Lười Ngủ Ngày","dbId":6336}],"specifications":[{"name":"Thông tin chung","attributes":[{"name":"Phiên bản sách","value":"Phiên bản thường"},{"name":"Công ty phát hành","value":"Đinh Tị"},{"name":"Ngày xuất bản","value":"2021-11-11 00:00:00"},{"name":"Dịch Giả","value":"Thu Ngân"},{"name":"Loại bìa","value":"Bìa mềm"},{"name":"Số trang","value":"560"},{"name":"Nhà xuất bản","value":"Nhà Xuất Bản Thanh Niên"},{"code":"PUBLICATION_DATE","name":"Kích thước","value":"16 x 24 cm"}]}],"stock_item":{"qty":1000},"all_time_quantity_sold":186,"reviews":[{"id":18756886,"title":"Cực kì hài lòng","content":"Giao hàng nhanh, chủ nhật đặt mà thứ hai đã giao rồi. Gói hàng ở tình trạng tốt, không bị móp méo chỗ nào cả, Sách thì có cuốn có bookcare, có cuốn không nhưng tất cả đều không bị trầy xước hay gì cả, giao đủ sách. Tiki làm việc rất năng suất nha về điểm này cho tiki hẳn 5 sao luôn.","customer_id":13196251,"rating":5,"images":[{"id":4106687,"full_path":"https://salt.tikicdn.com/ts/review/9f/09/f8/b1214a1c123b7160c7219e7decd92dba.jpg"},{"id":4106688,"full_path":"https://salt.tikicdn.com/ts/review/8d/b5/16/de906b2fa91f71dd4430c49e874eab04.jpg"}],"created_at":1675753581,"created_by":{"id":13196251,"name":"Corinner Rosare","full_name":"Corinner Rosare","created_time":"2019-08-01 21:03:22","purchased":true,"purchased_at":1675001766},"product_id":141002538,"timeline":{"review_created_date":"2023-02-07 14:06:21","delivery_date":"2023-01-30 15:03:30"}},{"id":18159970,"title":"Hài lòng","content":"Khi mới bắt đầu đọc thì mình thấy hơi bình thường một chút với bối cảnh của các nhân vật chính. Như là Thịnh Triết Ninh, tổng tài lạnh lùng và độc miệng, vẫn kha khá giống các nam chính khác. Còn cô nàng nữ chính Hạ Tiên, thông minh lanh lợi và có mối tình hơi bị éo le, cũng hơi na ná các nữ chính khác. Vậy thì điểm cộng lớn của cuốn này là gì? Đó chính là các tình tiết và độ mặn mòi của CP này sẽ khiến chúng ta cười hê hê, hả hê, hehe suốt.\r\n\r\nNói trước là mình sẽ \"spoil\" nội dung hơi nhiều đó nha.\r\n\r\nVề anh chàng độc miệng Thịnh Triết Ninh, quả là một người \"ế do thực lực\". Tiêu chuẩn chọn vợ thì chỉ bằng 3 tiêu chí, nghe thì đơn giản nhưng thực tế thực hiện được thì khá khó khăn, khó khăn đến mức mà \"ngon lành cành đào\" như ai kia vẫn phải đi xem mắt, mà xem mắt xong thì sao, vẫn ế đấy thôi. Chưa tính đến chuyện mỗi lần thốt ra chỉ là \"2 từ\", ví dụ như \"trà oolong\", \"đền tiền\", \"thì sao?\", ... vân vân và mây mây combo 2 từ quái dị, nếu hỏi thêm thì khinh bỉ IQ thấp, không hiểu, không hỏi thì cũng chả ai đoán được vị đại nhân đây muốn gì. Đỉnh điểm sự độc miệng là khi lần đầu gặp nàng, chê nàng béo, đến khi sắp kết hôn với nàng, vẫn chê nàng béo. Hài hước là phân cảnh cầu hôn lại, dụ mãi nàng mới chịu gật đầu thì khi chiếc nhẫn được đeo lên tay, lại không vừa, nàng lại bị chàng chê béo lên. Hết cả lãng mạn luôn mọi người à ^^. À, Thịnh Triết Ninh còn cực kỳ, cực kỳ cuồng sạch sẽ như một số vị \"cao nhân\" như Cung Khắc (Sổ tay Hình Cảnh), Giang Thanh (Lực cơ học tình yêu), nên khi thấy bất kỳ thứ gì dơ thì không muốn đụng vào, mà nếu cần sử dụng thì sẽ phải lau chùi rất cẩn thận. Và Hạ Tiên được dịp thấy sự tận tình giữ gìn sạch sẽ khi mà anh chê bếp nhà cô quá bẩn nên mất hơn 2 tiếng để lau chùi; một dịp khác là anh kỳ cọ cả hồ nước giữa sảnh khách sạn Trường Thịnh nhà ảnh và sau đó yêu cầu nhân viên lau dọn rằng \"không lau sạch bằng anh thì không cần đi làm nữa\". Hầu như mấy anh tổng tài bá đạo có nhiều sở thích hoặc yêu cầu cao quá trên nhiều phương diện. Hmm ế bền vững là đúng òi.\r\n\r\nVề cô nàng Hạ Tiên, nghề nghiệp chính là chuyên gia mặc cả, nghĩa là những ai muốn mặc cả giá thì sẽ nhờ đến \"cái miệng\" giỏi giang, chuyên đi đàm phán thành công của cô nàng. Ấy thế mà, \"cái miệng\" này không thể nói lại 2 người, một là mẹ thân yêu, hai là anh chàng độc miệng trên. Hạ Tiên có mối tình cũ không mấy vui vẻ, ngược lại còn rất ghét tên kia, vì cô bị phản bội. Hứa Chi Tuyển trong thời gian quen cô, thì lại quen Ninh Manh, mà cô ta lại rất thích nên quyết tâm giành cho bằng được. Kết quả thì ai cũng biết rồi đấy. Ninh Manh thành công trở thành \"cô gái trà xanh\", \"con giáp thứ 13\". Nhưng như vậy chưa đủ làm câu chuyện trở nên hấp dẫn. Bí mật thân thế của Ninh Manh chính là em gái ruột của Thịnh Triết Ninh. Ôi, Hạ Tiên không những chửi đôi nam nữ kia, mà còn bị Thịnh Triết Ninh nghe thấy. Đó cũng chính là nguyên nhân trực tiếp khiến anh muốn tìm hiểu sâu về cậu em rể \"quý hóa\" này, khiến cho họ có cơ hội gặp nhau, tiếp xúc và hiểu nhau hơn. Tính cách của Hạ Tiên khá được, không hề thuộc tuýp thuần túy \"Mary Sue\", mà là cá tính và cái miệng \"lươn lẹo\". Dùng đủ mọi biện pháp, thủ thuật và trí thông minh, cô nàng này đàm phán tới đâu hay tới đó, nói chung được ở cạnh chắc chắn rất vui.\r\n\r\nTèn ten, bạn nghĩ câu chuyện Tổng tài bá đạo gặp được chân ái như vậy mà kết thúc? No no no! Đâu dễ thế! Hạ Tiên sẽ phải đối mặt với hai vấn đề trước khi bước chân vào lễ đường. Thứ nhất là \"trà xanh\" Ninh Manh quyết không để hai người kết hôn. Thứ hai là nhân vật mới xuất hiện, Kim Nghiên. Cô ta có một cậu nhóc chừng 7,8 tuổi. Và cô ta khẳng định chính là con của Thịnh Triết Ninh. Hạ Tiên chắc chắn sẽ tìm ra cách đối phó với Ninh Manh \"coi mình là cái rốn vũ trụ\", nhưng còn đứa bé kia thì sao? Chúng ta cùng nhau đọc nốt phần kết của truyện nhé.","customer_id":20717353,"rating":4,"images":[{"id":3983744,"full_path":"https://salt.tikicdn.com/ts/review/41/ef/da/43dfb48e28d6a665606f4198f46093a6.jpg"}],"created_at":1667981957,"created_by":{"id":20717353,"name":"Diệp Ngân Lạc","full_name":"Diệp Ngân Lạc","created_time":"2021-03-12 10:18:39","purchased":true,"purchased_at":1660580065},"product_id":141002538,"timeline":{"review_created_date":"2022-11-09 15:19:17","delivery_date":"2022-08-17 11:29:57"}},{"id":16422290,"title":"Hài lòng","content":"Giao nhanh, hài lòng về dịch vụ giao. Tuy nhiên sách quá cũ, bìa dơ, bám bụi. Amun đa phần đều niêm phong bằng bọc ni-lông nên mình không ngờ sách cũ như vậy.","customer_id":337831,"rating":3,"images":[{"id":3503062,"full_path":"https://salt.tikicdn.com/ts/review/f3/db/5b/fc6be3d124ca9aaa95ca72a026956d25.jpg"},{"id":3503063,"full_path":"https://salt.tikicdn.com/ts/review/36/88/cb/b8d8b4755e4d8dcffd9c1de49675c4e6.jpg"},{"id":3503064,"full_path":"https://salt.tikicdn.com/ts/review/fc/87/0f/edc3e9bca304d6c7b4eb96507035783d.jpg"},{"id":3503065,"full_path":"https://salt.tikicdn.com/ts/review/fd/c8/e7/b165c732069493605f2c06391f2b3185.jpg"},{"id":3503066,"full_path":"https://salt.tikicdn.com/ts/review/33/08/05/54ee40bdb14dc6c37cf38c26bfdd7e2d.jpg"}],"created_at":1653218089,"created_by":{"id":337831,"name":"Võ Đặng Bảo Thư","full_name":"Võ Đặng Bảo Thư","created_time":"2014-04-26 01:02:35","purchased":true,"purchased_at":1653186978},"product_id":141002538,"timeline":{"review_created_date":"2022-05-22 18:14:49","delivery_date":"2022-05-22 17:45:50"}},{"id":14945253,"title":"Cực kì hài lòng","content":"Nhận được sách đúng thời hạn giao hàng, riêng về dịch vụ của Tiki thôi thì đã chuẩn 5 sao rồi.\nTrước đây mình đọc khá nhiều truyện của Mèo rồi, đa phần đều khá hài hước và đáng yêu. Ban đầu cứ ngỡ đây là sách khổ nhỏ, nhưng đây là khổ to nhé! Cầm nặng và chắc tay lắm, có kèm bookmark đầy đủ, sách còn mới và sạch, thích lắm luôn. \nKhi nào đọc xong mình sẽ thêm nhận xét về nội dung sau.","customer_id":8610229,"rating":5,"images":[{"id":3127902,"full_path":"https://salt.tikicdn.com/ts/review/93/46/28/a2b7078b37e91b885b6c7a0366a947bc.jpg"}],"created_at":1644768688,"created_by":{"id":8610229,"name":"Nguyễn Ngọc Tuyền","full_name":"Nguyễn Ngọc Tuyền","created_time":"2018-10-25 19:19:17","purchased":true,"purchased_at":1644383423},"product_id":141002538,"timeline":{"review_created_date":"2022-02-13 23:11:28","delivery_date":"2022-02-11 19:03:00"}},{"id":18087062,"title":"Cực kì hài lòng","content":"Bìa xinh, đc giảm nên giá rẻ hơn, giao hàng nhanh ạ 😘😘","customer_id":28388181,"rating":5,"images":[{"id":3967507,"full_path":"https://salt.tikicdn.com/ts/review/7a/8e/a6/0ca300dce3250103bbe46bbdda412055.jpg"},{"id":3967508,"full_path":"https://salt.tikicdn.com/ts/review/b5/73/f8/c0b6f5eaa13bff9edca112c97ca3fcf0.jpg"}],"created_at":1667125978,"created_by":{"id":28388181,"name":"Ngọc Anhh","full_name":"Ngọc Anhh","created_time":"2022-10-27 20:29:06","purchased":true,"purchased_at":1666932194},"product_id":141002538,"timeline":{"review_created_date":"2022-10-30 17:32:58","delivery_date":"2022-10-30 16:38:40"}},{"id":18756886,"title":"Cực kì hài lòng","content":"Giao hàng nhanh, chủ nhật đặt mà thứ hai đã giao rồi. Gói hàng ở tình trạng tốt, không bị móp méo chỗ nào cả, Sách thì có cuốn có bookcare, có cuốn không nhưng tất cả đều không bị trầy xước hay gì cả, giao đủ sách. Tiki làm việc rất năng suất nha về điểm này cho tiki hẳn 5 sao luôn.","customer_id":13196251,"rating":5,"images":[{"id":4106687,"full_path":"https://salt.tikicdn.com/ts/review/9f/09/f8/b1214a1c123b7160c7219e7decd92dba.jpg"},{"id":4106688,"full_path":"https://salt.tikicdn.com/ts/review/8d/b5/16/de906b2fa91f71dd4430c49e874eab04.jpg"}],"created_at":1675753581,"created_by":{"id":13196251,"name":"Corinner Rosare","full_name":"Corinner Rosare","created_time":"2019-08-01 21:03:22","purchased":true,"purchased_at":1675001766},"product_id":141002538,"timeline":{"review_created_date":"2023-02-07 14:06:21","delivery_date":"2023-01-30 15:03:30"}},{"id":18159970,"title":"Hài lòng","content":"Khi mới bắt đầu đọc thì mình thấy hơi bình thường một chút với bối cảnh của các nhân vật chính. Như là Thịnh Triết Ninh, tổng tài lạnh lùng và độc miệng, vẫn kha khá giống các nam chính khác. Còn cô nàng nữ chính Hạ Tiên, thông minh lanh lợi và có mối tình hơi bị éo le, cũng hơi na ná các nữ chính khác. Vậy thì điểm cộng lớn của cuốn này là gì? Đó chính là các tình tiết và độ mặn mòi của CP này sẽ khiến chúng ta cười hê hê, hả hê, hehe suốt.\r\n\r\nNói trước là mình sẽ \"spoil\" nội dung hơi nhiều đó nha.\r\n\r\nVề anh chàng độc miệng Thịnh Triết Ninh, quả là một người \"ế do thực lực\". Tiêu chuẩn chọn vợ thì chỉ bằng 3 tiêu chí, nghe thì đơn giản nhưng thực tế thực hiện được thì khá khó khăn, khó khăn đến mức mà \"ngon lành cành đào\" như ai kia vẫn phải đi xem mắt, mà xem mắt xong thì sao, vẫn ế đấy thôi. Chưa tính đến chuyện mỗi lần thốt ra chỉ là \"2 từ\", ví dụ như \"trà oolong\", \"đền tiền\", \"thì sao?\", ... vân vân và mây mây combo 2 từ quái dị, nếu hỏi thêm thì khinh bỉ IQ thấp, không hiểu, không hỏi thì cũng chả ai đoán được vị đại nhân đây muốn gì. Đỉnh điểm sự độc miệng là khi lần đầu gặp nàng, chê nàng béo, đến khi sắp kết hôn với nàng, vẫn chê nàng béo. Hài hước là phân cảnh cầu hôn lại, dụ mãi nàng mới chịu gật đầu thì khi chiếc nhẫn được đeo lên tay, lại không vừa, nàng lại bị chàng chê béo lên. Hết cả lãng mạn luôn mọi người à ^^. À, Thịnh Triết Ninh còn cực kỳ, cực kỳ cuồng sạch sẽ như một số vị \"cao nhân\" như Cung Khắc (Sổ tay Hình Cảnh), Giang Thanh (Lực cơ học tình yêu), nên khi thấy bất kỳ thứ gì dơ thì không muốn đụng vào, mà nếu cần sử dụng thì sẽ phải lau chùi rất cẩn thận. Và Hạ Tiên được dịp thấy sự tận tình giữ gìn sạch sẽ khi mà anh chê bếp nhà cô quá bẩn nên mất hơn 2 tiếng để lau chùi; một dịp khác là anh kỳ cọ cả hồ nước giữa sảnh khách sạn Trường Thịnh nhà ảnh và sau đó yêu cầu nhân viên lau dọn rằng \"không lau sạch bằng anh thì không cần đi làm nữa\". Hầu như mấy anh tổng tài bá đạo có nhiều sở thích hoặc yêu cầu cao quá trên nhiều phương diện. Hmm ế bền vững là đúng òi.\r\n\r\nVề cô nàng Hạ Tiên, nghề nghiệp chính là chuyên gia mặc cả, nghĩa là những ai muốn mặc cả giá thì sẽ nhờ đến \"cái miệng\" giỏi giang, chuyên đi đàm phán thành công của cô nàng. Ấy thế mà, \"cái miệng\" này không thể nói lại 2 người, một là mẹ thân yêu, hai là anh chàng độc miệng trên. Hạ Tiên có mối tình cũ không mấy vui vẻ, ngược lại còn rất ghét tên kia, vì cô bị phản bội. Hứa Chi Tuyển trong thời gian quen cô, thì lại quen Ninh Manh, mà cô ta lại rất thích nên quyết tâm giành cho bằng được. Kết quả thì ai cũng biết rồi đấy. Ninh Manh thành công trở thành \"cô gái trà xanh\", \"con giáp thứ 13\". Nhưng như vậy chưa đủ làm câu chuyện trở nên hấp dẫn. Bí mật thân thế của Ninh Manh chính là em gái ruột của Thịnh Triết Ninh. Ôi, Hạ Tiên không những chửi đôi nam nữ kia, mà còn bị Thịnh Triết Ninh nghe thấy. Đó cũng chính là nguyên nhân trực tiếp khiến anh muốn tìm hiểu sâu về cậu em rể \"quý hóa\" này, khiến cho họ có cơ hội gặp nhau, tiếp xúc và hiểu nhau hơn. Tính cách của Hạ Tiên khá được, không hề thuộc tuýp thuần túy \"Mary Sue\", mà là cá tính và cái miệng \"lươn lẹo\". Dùng đủ mọi biện pháp, thủ thuật và trí thông minh, cô nàng này đàm phán tới đâu hay tới đó, nói chung được ở cạnh chắc chắn rất vui.\r\n\r\nTèn ten, bạn nghĩ câu chuyện Tổng tài bá đạo gặp được chân ái như vậy mà kết thúc? No no no! Đâu dễ thế! Hạ Tiên sẽ phải đối mặt với hai vấn đề trước khi bước chân vào lễ đường. Thứ nhất là \"trà xanh\" Ninh Manh quyết không để hai người kết hôn. Thứ hai là nhân vật mới xuất hiện, Kim Nghiên. Cô ta có một cậu nhóc chừng 7,8 tuổi. Và cô ta khẳng định chính là con của Thịnh Triết Ninh. Hạ Tiên chắc chắn sẽ tìm ra cách đối phó với Ninh Manh \"coi mình là cái rốn vũ trụ\", nhưng còn đứa bé kia thì sao? Chúng ta cùng nhau đọc nốt phần kết của truyện nhé.","customer_id":20717353,"rating":4,"images":[{"id":3983744,"full_path":"https://salt.tikicdn.com/ts/review/41/ef/da/43dfb48e28d6a665606f4198f46093a6.jpg"}],"created_at":1667981957,"created_by":{"id":20717353,"name":"Diệp Ngân Lạc","full_name":"Diệp Ngân Lạc","created_time":"2021-03-12 10:18:39","purchased":true,"purchased_at":1660580065},"product_id":141002538,"timeline":{"review_created_date":"2022-11-09 15:19:17","delivery_date":"2022-08-17 11:29:57"}},{"id":16422290,"title":"Hài lòng","content":"Giao nhanh, hài lòng về dịch vụ giao. Tuy nhiên sách quá cũ, bìa dơ, bám bụi. Amun đa phần đều niêm phong bằng bọc ni-lông nên mình không ngờ sách cũ như vậy.","customer_id":337831,"rating":3,"images":[{"id":3503062,"full_path":"https://salt.tikicdn.com/ts/review/f3/db/5b/fc6be3d124ca9aaa95ca72a026956d25.jpg"},{"id":3503063,"full_path":"https://salt.tikicdn.com/ts/review/36/88/cb/b8d8b4755e4d8dcffd9c1de49675c4e6.jpg"},{"id":3503064,"full_path":"https://salt.tikicdn.com/ts/review/fc/87/0f/edc3e9bca304d6c7b4eb96507035783d.jpg"},{"id":3503065,"full_path":"https://salt.tikicdn.com/ts/review/fd/c8/e7/b165c732069493605f2c06391f2b3185.jpg"},{"id":3503066,"full_path":"https://salt.tikicdn.com/ts/review/33/08/05/54ee40bdb14dc6c37cf38c26bfdd7e2d.jpg"}],"created_at":1653218089,"created_by":{"id":337831,"name":"Võ Đặng Bảo Thư","full_name":"Võ Đặng Bảo Thư","created_time":"2014-04-26 01:02:35","purchased":true,"purchased_at":1653186978},"product_id":141002538,"timeline":{"review_created_date":"2022-05-22 18:14:49","delivery_date":"2022-05-22 17:45:50"}},{"id":14945253,"title":"Cực kì hài lòng","content":"Nhận được sách đúng thời hạn giao hàng, riêng về dịch vụ của Tiki thôi thì đã chuẩn 5 sao rồi.\nTrước đây mình đọc khá nhiều truyện của Mèo rồi, đa phần đều khá hài hước và đáng yêu. Ban đầu cứ ngỡ đây là sách khổ nhỏ, nhưng đây là khổ to nhé! Cầm nặng và chắc tay lắm, có kèm bookmark đầy đủ, sách còn mới và sạch, thích lắm luôn. \nKhi nào đọc xong mình sẽ thêm nhận xét về nội dung sau.","customer_id":8610229,"rating":5,"images":[{"id":3127902,"full_path":"https://salt.tikicdn.com/ts/review/93/46/28/a2b7078b37e91b885b6c7a0366a947bc.jpg"}],"created_at":1644768688,"created_by":{"id":8610229,"name":"Nguyễn Ngọc Tuyền","full_name":"Nguyễn Ngọc Tuyền","created_time":"2018-10-25 19:19:17","purchased":true,"purchased_at":1644383423},"product_id":141002538,"timeline":{"review_created_date":"2022-02-13 23:11:28","delivery_date":"2022-02-11 19:03:00"}},{"id":18087062,"title":"Cực kì hài lòng","content":"Bìa xinh, đc giảm nên giá rẻ hơn, giao hàng nhanh ạ 😘😘","customer_id":28388181,"rating":5,"images":[{"id":3967507,"full_path":"https://salt.tikicdn.com/ts/review/7a/8e/a6/0ca300dce3250103bbe46bbdda412055.jpg"},{"id":3967508,"full_path":"https://salt.tikicdn.com/ts/review/b5/73/f8/c0b6f5eaa13bff9edca112c97ca3fcf0.jpg"}],"created_at":1667125978,"created_by":{"id":28388181,"name":"Ngọc Anhh","full_name":"Ngọc Anhh","created_time":"2022-10-27 20:29:06","purchased":true,"purchased_at":1666932194},"product_id":141002538,"timeline":{"review_created_date":"2022-10-30 17:32:58","delivery_date":"2022-10-30 16:38:40"}},{"id":18756886,"title":"Cực kì hài lòng","content":"Giao hàng nhanh, chủ nhật đặt mà thứ hai đã giao rồi. Gói hàng ở tình trạng tốt, không bị móp méo chỗ nào cả, Sách thì có cuốn có bookcare, có cuốn không nhưng tất cả đều không bị trầy xước hay gì cả, giao đủ sách. Tiki làm việc rất năng suất nha về điểm này cho tiki hẳn 5 sao luôn.","customer_id":13196251,"rating":5,"images":[{"id":4106687,"full_path":"https://salt.tikicdn.com/ts/review/9f/09/f8/b1214a1c123b7160c7219e7decd92dba.jpg"},{"id":4106688,"full_path":"https://salt.tikicdn.com/ts/review/8d/b5/16/de906b2fa91f71dd4430c49e874eab04.jpg"}],"created_at":1675753581,"created_by":{"id":13196251,"name":"Corinner Rosare","full_name":"Corinner Rosare","created_time":"2019-08-01 21:03:22","purchased":true,"purchased_at":1675001766},"product_id":141002538,"timeline":{"review_created_date":"2023-02-07 14:06:21","delivery_date":"2023-01-30 15:03:30"}},{"id":18159970,"title":"Hài lòng","content":"Khi mới bắt đầu đọc thì mình thấy hơi bình thường một chút với bối cảnh của các nhân vật chính. Như là Thịnh Triết Ninh, tổng tài lạnh lùng và độc miệng, vẫn kha khá giống các nam chính khác. Còn cô nàng nữ chính Hạ Tiên, thông minh lanh lợi và có mối tình hơi bị éo le, cũng hơi na ná các nữ chính khác. Vậy thì điểm cộng lớn của cuốn này là gì? Đó chính là các tình tiết và độ mặn mòi của CP này sẽ khiến chúng ta cười hê hê, hả hê, hehe suốt.\r\n\r\nNói trước là mình sẽ \"spoil\" nội dung hơi nhiều đó nha.\r\n\r\nVề anh chàng độc miệng Thịnh Triết Ninh, quả là một người \"ế do thực lực\". Tiêu chuẩn chọn vợ thì chỉ bằng 3 tiêu chí, nghe thì đơn giản nhưng thực tế thực hiện được thì khá khó khăn, khó khăn đến mức mà \"ngon lành cành đào\" như ai kia vẫn phải đi xem mắt, mà xem mắt xong thì sao, vẫn ế đấy thôi. Chưa tính đến chuyện mỗi lần thốt ra chỉ là \"2 từ\", ví dụ như \"trà oolong\", \"đền tiền\", \"thì sao?\", ... vân vân và mây mây combo 2 từ quái dị, nếu hỏi thêm thì khinh bỉ IQ thấp, không hiểu, không hỏi thì cũng chả ai đoán được vị đại nhân đây muốn gì. Đỉnh điểm sự độc miệng là khi lần đầu gặp nàng, chê nàng béo, đến khi sắp kết hôn với nàng, vẫn chê nàng béo. Hài hước là phân cảnh cầu hôn lại, dụ mãi nàng mới chịu gật đầu thì khi chiếc nhẫn được đeo lên tay, lại không vừa, nàng lại bị chàng chê béo lên. Hết cả lãng mạn luôn mọi người à ^^. À, Thịnh Triết Ninh còn cực kỳ, cực kỳ cuồng sạch sẽ như một số vị \"cao nhân\" như Cung Khắc (Sổ tay Hình Cảnh), Giang Thanh (Lực cơ học tình yêu), nên khi thấy bất kỳ thứ gì dơ thì không muốn đụng vào, mà nếu cần sử dụng thì sẽ phải lau chùi rất cẩn thận. Và Hạ Tiên được dịp thấy sự tận tình giữ gìn sạch sẽ khi mà anh chê bếp nhà cô quá bẩn nên mất hơn 2 tiếng để lau chùi; một dịp khác là anh kỳ cọ cả hồ nước giữa sảnh khách sạn Trường Thịnh nhà ảnh và sau đó yêu cầu nhân viên lau dọn rằng \"không lau sạch bằng anh thì không cần đi làm nữa\". Hầu như mấy anh tổng tài bá đạo có nhiều sở thích hoặc yêu cầu cao quá trên nhiều phương diện. Hmm ế bền vững là đúng òi.\r\n\r\nVề cô nàng Hạ Tiên, nghề nghiệp chính là chuyên gia mặc cả, nghĩa là những ai muốn mặc cả giá thì sẽ nhờ đến \"cái miệng\" giỏi giang, chuyên đi đàm phán thành công của cô nàng. Ấy thế mà, \"cái miệng\" này không thể nói lại 2 người, một là mẹ thân yêu, hai là anh chàng độc miệng trên. Hạ Tiên có mối tình cũ không mấy vui vẻ, ngược lại còn rất ghét tên kia, vì cô bị phản bội. Hứa Chi Tuyển trong thời gian quen cô, thì lại quen Ninh Manh, mà cô ta lại rất thích nên quyết tâm giành cho bằng được. Kết quả thì ai cũng biết rồi đấy. Ninh Manh thành công trở thành \"cô gái trà xanh\", \"con giáp thứ 13\". Nhưng như vậy chưa đủ làm câu chuyện trở nên hấp dẫn. Bí mật thân thế của Ninh Manh chính là em gái ruột của Thịnh Triết Ninh. Ôi, Hạ Tiên không những chửi đôi nam nữ kia, mà còn bị Thịnh Triết Ninh nghe thấy. Đó cũng chính là nguyên nhân trực tiếp khiến anh muốn tìm hiểu sâu về cậu em rể \"quý hóa\" này, khiến cho họ có cơ hội gặp nhau, tiếp xúc và hiểu nhau hơn. Tính cách của Hạ Tiên khá được, không hề thuộc tuýp thuần túy \"Mary Sue\", mà là cá tính và cái miệng \"lươn lẹo\". Dùng đủ mọi biện pháp, thủ thuật và trí thông minh, cô nàng này đàm phán tới đâu hay tới đó, nói chung được ở cạnh chắc chắn rất vui.\r\n\r\nTèn ten, bạn nghĩ câu chuyện Tổng tài bá đạo gặp được chân ái như vậy mà kết thúc? No no no! Đâu dễ thế! Hạ Tiên sẽ phải đối mặt với hai vấn đề trước khi bước chân vào lễ đường. Thứ nhất là \"trà xanh\" Ninh Manh quyết không để hai người kết hôn. Thứ hai là nhân vật mới xuất hiện, Kim Nghiên. Cô ta có một cậu nhóc chừng 7,8 tuổi. Và cô ta khẳng định chính là con của Thịnh Triết Ninh. Hạ Tiên chắc chắn sẽ tìm ra cách đối phó với Ninh Manh \"coi mình là cái rốn vũ trụ\", nhưng còn đứa bé kia thì sao? Chúng ta cùng nhau đọc nốt phần kết của truyện nhé.","customer_id":20717353,"rating":4,"images":[{"id":3983744,"full_path":"https://salt.tikicdn.com/ts/review/41/ef/da/43dfb48e28d6a665606f4198f46093a6.jpg"}],"created_at":1667981957,"created_by":{"id":20717353,"name":"Diệp Ngân Lạc","full_name":"Diệp Ngân Lạc","created_time":"2021-03-12 10:18:39","purchased":true,"purchased_at":1660580065},"product_id":141002538,"timeline":{"review_created_date":"2022-11-09 15:19:17","delivery_date":"2022-08-17 11:29:57"}},{"id":16422290,"title":"Hài lòng","content":"Giao nhanh, hài lòng về dịch vụ giao. Tuy nhiên sách quá cũ, bìa dơ, bám bụi. Amun đa phần đều niêm phong bằng bọc ni-lông nên mình không ngờ sách cũ như vậy.","customer_id":337831,"rating":3,"images":[{"id":3503062,"full_path":"https://salt.tikicdn.com/ts/review/f3/db/5b/fc6be3d124ca9aaa95ca72a026956d25.jpg"},{"id":3503063,"full_path":"https://salt.tikicdn.com/ts/review/36/88/cb/b8d8b4755e4d8dcffd9c1de49675c4e6.jpg"},{"id":3503064,"full_path":"https://salt.tikicdn.com/ts/review/fc/87/0f/edc3e9bca304d6c7b4eb96507035783d.jpg"},{"id":3503065,"full_path":"https://salt.tikicdn.com/ts/review/fd/c8/e7/b165c732069493605f2c06391f2b3185.jpg"},{"id":3503066,"full_path":"https://salt.tikicdn.com/ts/review/33/08/05/54ee40bdb14dc6c37cf38c26bfdd7e2d.jpg"}],"created_at":1653218089,"created_by":{"id":337831,"name":"Võ Đặng Bảo Thư","full_name":"Võ Đặng Bảo Thư","created_time":"2014-04-26 01:02:35","purchased":true,"purchased_at":1653186978},"product_id":141002538,"timeline":{"review_created_date":"2022-05-22 18:14:49","delivery_date":"2022-05-22 17:45:50"}},{"id":14945253,"title":"Cực kì hài lòng","content":"Nhận được sách đúng thời hạn giao hàng, riêng về dịch vụ của Tiki thôi thì đã chuẩn 5 sao rồi.\nTrước đây mình đọc khá nhiều truyện của Mèo rồi, đa phần đều khá hài hước và đáng yêu. Ban đầu cứ ngỡ đây là sách khổ nhỏ, nhưng đây là khổ to nhé! Cầm nặng và chắc tay lắm, có kèm bookmark đầy đủ, sách còn mới và sạch, thích lắm luôn. \nKhi nào đọc xong mình sẽ thêm nhận xét về nội dung sau.","customer_id":8610229,"rating":5,"images":[{"id":3127902,"full_path":"https://salt.tikicdn.com/ts/review/93/46/28/a2b7078b37e91b885b6c7a0366a947bc.jpg"}],"created_at":1644768688,"created_by":{"id":8610229,"name":"Nguyễn Ngọc Tuyền","full_name":"Nguyễn Ngọc Tuyền","created_time":"2018-10-25 19:19:17","purchased":true,"purchased_at":1644383423},"product_id":141002538,"timeline":{"review_created_date":"2022-02-13 23:11:28","delivery_date":"2022-02-11 19:03:00"}},{"id":18087062,"title":"Cực kì hài lòng","content":"Bìa xinh, đc giảm nên giá rẻ hơn, giao hàng nhanh ạ 😘😘","customer_id":28388181,"rating":5,"images":[{"id":3967507,"full_path":"https://salt.tikicdn.com/ts/review/7a/8e/a6/0ca300dce3250103bbe46bbdda412055.jpg"},{"id":3967508,"full_path":"https://salt.tikicdn.com/ts/review/b5/73/f8/c0b6f5eaa13bff9edca112c97ca3fcf0.jpg"}],"created_at":1667125978,"created_by":{"id":28388181,"name":"Ngọc Anhh","full_name":"Ngọc Anhh","created_time":"2022-10-27 20:29:06","purchased":true,"purchased_at":1666932194},"product_id":141002538,"timeline":{"review_created_date":"2022-10-30 17:32:58","delivery_date":"2022-10-30 16:38:40"}},{"id":18756886,"title":"Cực kì hài lòng","content":"Giao hàng nhanh, chủ nhật đặt mà thứ hai đã giao rồi. Gói hàng ở tình trạng tốt, không bị móp méo chỗ nào cả, Sách thì có cuốn có bookcare, có cuốn không nhưng tất cả đều không bị trầy xước hay gì cả, giao đủ sách. Tiki làm việc rất năng suất nha về điểm này cho tiki hẳn 5 sao luôn.","customer_id":13196251,"rating":5,"images":[{"id":4106687,"full_path":"https://salt.tikicdn.com/ts/review/9f/09/f8/b1214a1c123b7160c7219e7decd92dba.jpg"},{"id":4106688,"full_path":"https://salt.tikicdn.com/ts/review/8d/b5/16/de906b2fa91f71dd4430c49e874eab04.jpg"}],"created_at":1675753581,"created_by":{"id":13196251,"name":"Corinner Rosare","full_name":"Corinner Rosare","created_time":"2019-08-01 21:03:22","purchased":true,"purchased_at":1675001766},"product_id":141002538,"timeline":{"review_created_date":"2023-02-07 14:06:21","delivery_date":"2023-01-30 15:03:30"}},{"id":18159970,"title":"Hài lòng","content":"Khi mới bắt đầu đọc thì mình thấy hơi bình thường một chút với bối cảnh của các nhân vật chính. Như là Thịnh Triết Ninh, tổng tài lạnh lùng và độc miệng, vẫn kha khá giống các nam chính khác. Còn cô nàng nữ chính Hạ Tiên, thông minh lanh lợi và có mối tình hơi bị éo le, cũng hơi na ná các nữ chính khác. Vậy thì điểm cộng lớn của cuốn này là gì? Đó chính là các tình tiết và độ mặn mòi của CP này sẽ khiến chúng ta cười hê hê, hả hê, hehe suốt.\r\n\r\nNói trước là mình sẽ \"spoil\" nội dung hơi nhiều đó nha.\r\n\r\nVề anh chàng độc miệng Thịnh Triết Ninh, quả là một người \"ế do thực lực\". Tiêu chuẩn chọn vợ thì chỉ bằng 3 tiêu chí, nghe thì đơn giản nhưng thực tế thực hiện được thì khá khó khăn, khó khăn đến mức mà \"ngon lành cành đào\" như ai kia vẫn phải đi xem mắt, mà xem mắt xong thì sao, vẫn ế đấy thôi. Chưa tính đến chuyện mỗi lần thốt ra chỉ là \"2 từ\", ví dụ như \"trà oolong\", \"đền tiền\", \"thì sao?\", ... vân vân và mây mây combo 2 từ quái dị, nếu hỏi thêm thì khinh bỉ IQ thấp, không hiểu, không hỏi thì cũng chả ai đoán được vị đại nhân đây muốn gì. Đỉnh điểm sự độc miệng là khi lần đầu gặp nàng, chê nàng béo, đến khi sắp kết hôn với nàng, vẫn chê nàng béo. Hài hước là phân cảnh cầu hôn lại, dụ mãi nàng mới chịu gật đầu thì khi chiếc nhẫn được đeo lên tay, lại không vừa, nàng lại bị chàng chê béo lên. Hết cả lãng mạn luôn mọi người à ^^. À, Thịnh Triết Ninh còn cực kỳ, cực kỳ cuồng sạch sẽ như một số vị \"cao nhân\" như Cung Khắc (Sổ tay Hình Cảnh), Giang Thanh (Lực cơ học tình yêu), nên khi thấy bất kỳ thứ gì dơ thì không muốn đụng vào, mà nếu cần sử dụng thì sẽ phải lau chùi rất cẩn thận. Và Hạ Tiên được dịp thấy sự tận tình giữ gìn sạch sẽ khi mà anh chê bếp nhà cô quá bẩn nên mất hơn 2 tiếng để lau chùi; một dịp khác là anh kỳ cọ cả hồ nước giữa sảnh khách sạn Trường Thịnh nhà ảnh và sau đó yêu cầu nhân viên lau dọn rằng \"không lau sạch bằng anh thì không cần đi làm nữa\". Hầu như mấy anh tổng tài bá đạo có nhiều sở thích hoặc yêu cầu cao quá trên nhiều phương diện. Hmm ế bền vững là đúng òi.\r\n\r\nVề cô nàng Hạ Tiên, nghề nghiệp chính là chuyên gia mặc cả, nghĩa là những ai muốn mặc cả giá thì sẽ nhờ đến \"cái miệng\" giỏi giang, chuyên đi đàm phán thành công của cô nàng. Ấy thế mà, \"cái miệng\" này không thể nói lại 2 người, một là mẹ thân yêu, hai là anh chàng độc miệng trên. Hạ Tiên có mối tình cũ không mấy vui vẻ, ngược lại còn rất ghét tên kia, vì cô bị phản bội. Hứa Chi Tuyển trong thời gian quen cô, thì lại quen Ninh Manh, mà cô ta lại rất thích nên quyết tâm giành cho bằng được. Kết quả thì ai cũng biết rồi đấy. Ninh Manh thành công trở thành \"cô gái trà xanh\", \"con giáp thứ 13\". Nhưng như vậy chưa đủ làm câu chuyện trở nên hấp dẫn. Bí mật thân thế của Ninh Manh chính là em gái ruột của Thịnh Triết Ninh. Ôi, Hạ Tiên không những chửi đôi nam nữ kia, mà còn bị Thịnh Triết Ninh nghe thấy. Đó cũng chính là nguyên nhân trực tiếp khiến anh muốn tìm hiểu sâu về cậu em rể \"quý hóa\" này, khiến cho họ có cơ hội gặp nhau, tiếp xúc và hiểu nhau hơn. Tính cách của Hạ Tiên khá được, không hề thuộc tuýp thuần túy \"Mary Sue\", mà là cá tính và cái miệng \"lươn lẹo\". Dùng đủ mọi biện pháp, thủ thuật và trí thông minh, cô nàng này đàm phán tới đâu hay tới đó, nói chung được ở cạnh chắc chắn rất vui.\r\n\r\nTèn ten, bạn nghĩ câu chuyện Tổng tài bá đạo gặp được chân ái như vậy mà kết thúc? No no no! Đâu dễ thế! Hạ Tiên sẽ phải đối mặt với hai vấn đề trước khi bước chân vào lễ đường. Thứ nhất là \"trà xanh\" Ninh Manh quyết không để hai người kết hôn. Thứ hai là nhân vật mới xuất hiện, Kim Nghiên. Cô ta có một cậu nhóc chừng 7,8 tuổi. Và cô ta khẳng định chính là con của Thịnh Triết Ninh. Hạ Tiên chắc chắn sẽ tìm ra cách đối phó với Ninh Manh \"coi mình là cái rốn vũ trụ\", nhưng còn đứa bé kia thì sao? Chúng ta cùng nhau đọc nốt phần kết của truyện nhé.","customer_id":20717353,"rating":4,"images":[{"id":3983744,"full_path":"https://salt.tikicdn.com/ts/review/41/ef/da/43dfb48e28d6a665606f4198f46093a6.jpg"}],"created_at":1667981957,"created_by":{"id":20717353,"name":"Diệp Ngân Lạc","full_name":"Diệp Ngân Lạc","created_time":"2021-03-12 10:18:39","purchased":true,"purchased_at":1660580065},"product_id":141002538,"timeline":{"review_created_date":"2022-11-09 15:19:17","delivery_date":"2022-08-17 11:29:57"}},{"id":16422290,"title":"Hài lòng","content":"Giao nhanh, hài lòng về dịch vụ giao. Tuy nhiên sách quá cũ, bìa dơ, bám bụi. Amun đa phần đều niêm phong bằng bọc ni-lông nên mình không ngờ sách cũ như vậy.","customer_id":337831,"rating":3,"images":[{"id":3503062,"full_path":"https://salt.tikicdn.com/ts/review/f3/db/5b/fc6be3d124ca9aaa95ca72a026956d25.jpg"},{"id":3503063,"full_path":"https://salt.tikicdn.com/ts/review/36/88/cb/b8d8b4755e4d8dcffd9c1de49675c4e6.jpg"},{"id":3503064,"full_path":"https://salt.tikicdn.com/ts/review/fc/87/0f/edc3e9bca304d6c7b4eb96507035783d.jpg"},{"id":3503065,"full_path":"https://salt.tikicdn.com/ts/review/fd/c8/e7/b165c732069493605f2c06391f2b3185.jpg"},{"id":3503066,"full_path":"https://salt.tikicdn.com/ts/review/33/08/05/54ee40bdb14dc6c37cf38c26bfdd7e2d.jpg"}],"created_at":1653218089,"created_by":{"id":337831,"name":"Võ Đặng Bảo Thư","full_name":"Võ Đặng Bảo Thư","created_time":"2014-04-26 01:02:35","purchased":true,"purchased_at":1653186978},"product_id":141002538,"timeline":{"review_created_date":"2022-05-22 18:14:49","delivery_date":"2022-05-22 17:45:50"}},{"id":14945253,"title":"Cực kì hài lòng","content":"Nhận được sách đúng thời hạn giao hàng, riêng về dịch vụ của Tiki thôi thì đã chuẩn 5 sao rồi.\nTrước đây mình đọc khá nhiều truyện của Mèo rồi, đa phần đều khá hài hước và đáng yêu. Ban đầu cứ ngỡ đây là sách khổ nhỏ, nhưng đây là khổ to nhé! Cầm nặng và chắc tay lắm, có kèm bookmark đầy đủ, sách còn mới và sạch, thích lắm luôn. \nKhi nào đọc xong mình sẽ thêm nhận xét về nội dung sau.","customer_id":8610229,"rating":5,"images":[{"id":3127902,"full_path":"https://salt.tikicdn.com/ts/review/93/46/28/a2b7078b37e91b885b6c7a0366a947bc.jpg"}],"created_at":1644768688,"created_by":{"id":8610229,"name":"Nguyễn Ngọc Tuyền","full_name":"Nguyễn Ngọc Tuyền","created_time":"2018-10-25 19:19:17","purchased":true,"purchased_at":1644383423},"product_id":141002538,"timeline":{"review_created_date":"2022-02-13 23:11:28","delivery_date":"2022-02-11 19:03:00"}},{"id":18087062,"title":"Cực kì hài lòng","content":"Bìa xinh, đc giảm nên giá rẻ hơn, giao hàng nhanh ạ 😘😘","customer_id":28388181,"rating":5,"images":[{"id":3967507,"full_path":"https://salt.tikicdn.com/ts/review/7a/8e/a6/0ca300dce3250103bbe46bbdda412055.jpg"},{"id":3967508,"full_path":"https://salt.tikicdn.com/ts/review/b5/73/f8/c0b6f5eaa13bff9edca112c97ca3fcf0.jpg"}],"created_at":1667125978,"created_by":{"id":28388181,"name":"Ngọc Anhh","full_name":"Ngọc Anhh","created_time":"2022-10-27 20:29:06","purchased":true,"purchased_at":1666932194},"product_id":141002538,"timeline":{"review_created_date":"2022-10-30 17:32:58","delivery_date":"2022-10-30 16:38:40"}}]}