{"id":14178102,"dbId":11223,"createdAt":1556038800000,"name":"Tiệm Đồ Cổ Á Xá (Truyện Tranh) – Tập 7","short_description":"Tiệm Đồ Cổ Á Xá (Truyện Tranh) – Tập 7:Cổ vật trong Á Xá, mỗi một vật đều có câu chuyện của riêng mình, cất giữ rất nhiều năm, chẳng ai lắng nghe.Bởi vì, chúng đều không biết nói…Vô tự biMột tấm b...","description":"\u003cp\u003e\u003cstrong\u003eTiệm Đồ Cổ Á Xá (Truyện Tranh) – Tập 7:\u003c/strong\u003e\u003c/p\u003e\n\u003cp\u003eCổ vật trong Á Xá, mỗi một vật đều có câu chuyện của riêng mình, cất giữ rất nhiều năm, chẳng ai lắng nghe.\u003c/p\u003e\n\u003cp\u003eBởi vì, chúng đều không biết nói…\u003c/p\u003e\n\u003cp\u003eVô tự bi\u003c/p\u003e\n\u003cp\u003eMột tấm bia không có chữ, chứa đựng tiếng kêu ai oán của vô số oan hồn, ghi lại công và tội khó bề phán xét cả một đời của Võ Tắc Thiên.\u003c/p\u003e\n\u003cp\u003eMặt nạ vàng\u003c/p\u003e\n\u003cp\u003eĐeo lên là chiến trường tu la, tháo xuống là cuộc sống an nhàn, nối liền khoảng cách cả nghìn năm, rốt cuộc là trò chơi hay là hiện thực?\u003c/p\u003e\u003cp\u003eGiá sản phẩm trên Tiki đã bao gồm thuế theo luật hiện hành. Bên cạnh đó, tuỳ vào loại sản phẩm, hình thức và địa chỉ giao hàng mà có thể phát sinh thêm chi phí khác như phí vận chuyển, phụ phí hàng cồng kềnh, thuế nhập khẩu (đối với đơn hàng giao từ nước ngoài có giá trị trên 1 triệu đồng).....\u003c/p\u003e","original_price":79000.0,"thumbnail_url":"https://salt.tikicdn.com/cache/280x280/ts/product/e9/aa/0a/34ccfe17f8633b79d17e06d97a884fc3.jpg","images":[{"base_url":"https://salt.tikicdn.com/ts/product/e9/aa/0a/34ccfe17f8633b79d17e06d97a884fc3.jpg","dbId":29935},{"base_url":"https://salt.tikicdn.com/ts/product/a4/e9/75/4f98a1809f4739439c60facf6bfe5b9c.jpg","dbId":29936},{"base_url":"https://salt.tikicdn.com/ts/product/b5/c8/a6/04288c33b2df5358ec1bf3834f34cd54.jpg","dbId":29937},{"base_url":"https://salt.tikicdn.com/ts/product/b5/fc/30/dd23c0aee8fe3e6a3b20ff97ce499053.jpg","dbId":29938}],"authors":[{"id":79437,"name":"Huyền Sắc","dbId":5953}],"specifications":[{"name":"Thông tin chung","attributes":[{"name":"Phiên bản sách","value":"Phiên bản thường"},{"name":"Công ty phát hành","value":"Quảng Văn"},{"name":"Ngày xuất bản","value":"2019-04-01 00:00:00"},{"name":"Dịch Giả","value":"Huy Hoàng"},{"name":"Loại bìa","value":"Bìa mềm"},{"name":"Số trang","value":"144"},{"name":"Nhà xuất bản","value":"Nhà Xuất Bản Phụ Nữ"},{"code":"PUBLICATION_DATE","name":"Kích thước","value":"13 x 19 cm"}]}],"stock_item":{"qty":1000},"all_time_quantity_sold":480,"reviews":[{"id":18880982,"title":"Cực kì hài lòng","content":"shop đóng gói hàng cẩn thận, giao hàng rất nhanh. truyện đẹp và có cả poster","customer_id":8678491,"rating":5,"images":[{"id":4136258,"full_path":"https://salt.tikicdn.com/ts/review/82/84/5a/5c8b1ca7add7415fee8064de823e51c9.jpg"},{"id":4136259,"full_path":"https://salt.tikicdn.com/ts/review/2a/c6/b7/b452d1e5d88cb8d4b8f5aff5665a6333.jpg"}],"created_at":1677579035,"created_by":{"id":8678491,"name":"Nguyễn Ngọc Kiều Anh","full_name":"Nguyễn Ngọc Kiều Anh","created_time":"2018-10-30 12:28:11","purchased":true,"purchased_at":1677249353},"product_id":14178102,"timeline":{"review_created_date":"2023-02-28 17:10:35","delivery_date":"2023-02-28 13:15:00"}},{"id":10693695,"title":"Cực kì hài lòng","content":"không có xốp chống sốc, bọc sách hơi rách tí nhưng không sao. Mong sau này tiki nên nên bọc xốp để giữ an toàn cho sách","customer_id":22392819,"rating":5,"images":[{"id":2195218,"full_path":"https://salt.tikicdn.com/ts/review/c9/c9/e9/7ca673680a22c85bcf5e326b89282ae5.jpg"},{"id":2195219,"full_path":"https://salt.tikicdn.com/ts/review/47/33/b8/230acb45af7d3aed647db01940161c92.jpg"}],"created_at":1624768358,"created_by":{"id":22392819,"name":"Khai Nguyễn","full_name":"Khai Nguyễn","created_time":"2021-06-26 09:01:58","purchased":true,"purchased_at":1624673375},"product_id":14178102,"timeline":{"review_created_date":"2021-06-27 11:32:38","delivery_date":"2021-06-27 11:08:07"}},{"id":14309354,"title":"Cực kì hài lòng","content":"sách đẹp, không rách, móp, giá ổn, giao nhanh. mình đoc truyện chữ rồi, mua truyện tranh để sưu tầm thôi","customer_id":25405009,"rating":5,"images":[{"id":2995603,"full_path":"https://salt.tikicdn.com/ts/review/0a/54/1d/8d5c804b105a93b6368205a07db35b67.jpg"}],"created_at":1641547886,"created_by":{"id":25405009,"name":"sol ha","full_name":"sol ha","created_time":"2021-11-22 01:05:08","purchased":true,"purchased_at":1641282339},"product_id":14178102,"timeline":{"review_created_date":"2022-01-07 16:31:26","delivery_date":"2022-01-07 15:26:14"}},{"id":18801872,"title":"Cực kì hài lòng","content":"Ok","customer_id":22634296,"rating":5,"images":[{"id":4131964,"full_path":"https://salt.tikicdn.com/ts/review/3f/5e/0f/e8b5807a116487fbbfd81c6bf9db99a8.jpg"}],"created_at":1676384886,"created_by":{"id":22634296,"name":"Vũ Huyền","full_name":"Vũ Huyền","created_time":"2021-07-15 02:57:17","purchased":true,"purchased_at":1676180350},"product_id":14178102,"timeline":{"review_created_date":"2023-02-14 21:28:06","delivery_date":"2023-02-14 11:33:32"}},{"id":17656837,"title":"Cực kì hài lòng","content":"Sách bọc đẹp, ko bị df.","customer_id":15712124,"rating":5,"images":[{"id":3863721,"full_path":"https://salt.tikicdn.com/ts/review/29/2d/99/6730fbf3b958604aee75f0dc87b7a419.jpg"}],"created_at":1662830726,"created_by":{"id":15712124,"name":"Thế hiển","full_name":"Thế hiển","created_time":"2019-12-28 18:02:53","purchased":true,"purchased_at":1658108520},"product_id":14178102,"timeline":{"review_created_date":"2022-09-11 00:25:26","delivery_date":"2022-07-19 11:27:32"}},{"id":18880982,"title":"Cực kì hài lòng","content":"shop đóng gói hàng cẩn thận, giao hàng rất nhanh. truyện đẹp và có cả poster","customer_id":8678491,"rating":5,"images":[{"id":4136258,"full_path":"https://salt.tikicdn.com/ts/review/82/84/5a/5c8b1ca7add7415fee8064de823e51c9.jpg"},{"id":4136259,"full_path":"https://salt.tikicdn.com/ts/review/2a/c6/b7/b452d1e5d88cb8d4b8f5aff5665a6333.jpg"}],"created_at":1677579035,"created_by":{"id":8678491,"name":"Nguyễn Ngọc Kiều Anh","full_name":"Nguyễn Ngọc Kiều Anh","created_time":"2018-10-30 12:28:11","purchased":true,"purchased_at":1677249353},"product_id":14178102,"timeline":{"review_created_date":"2023-02-28 17:10:35","delivery_date":"2023-02-28 13:15:00"}},{"id":10693695,"title":"Cực kì hài lòng","content":"không có xốp chống sốc, bọc sách hơi rách tí nhưng không sao. Mong sau này tiki nên nên bọc xốp để giữ an toàn cho sách","customer_id":22392819,"rating":5,"images":[{"id":2195218,"full_path":"https://salt.tikicdn.com/ts/review/c9/c9/e9/7ca673680a22c85bcf5e326b89282ae5.jpg"},{"id":2195219,"full_path":"https://salt.tikicdn.com/ts/review/47/33/b8/230acb45af7d3aed647db01940161c92.jpg"}],"created_at":1624768358,"created_by":{"id":22392819,"name":"Khai Nguyễn","full_name":"Khai Nguyễn","created_time":"2021-06-26 09:01:58","purchased":true,"purchased_at":1624673375},"product_id":14178102,"timeline":{"review_created_date":"2021-06-27 11:32:38","delivery_date":"2021-06-27 11:08:07"}},{"id":14309354,"title":"Cực kì hài lòng","content":"sách đẹp, không rách, móp, giá ổn, giao nhanh. mình đoc truyện chữ rồi, mua truyện tranh để sưu tầm thôi","customer_id":25405009,"rating":5,"images":[{"id":2995603,"full_path":"https://salt.tikicdn.com/ts/review/0a/54/1d/8d5c804b105a93b6368205a07db35b67.jpg"}],"created_at":1641547886,"created_by":{"id":25405009,"name":"sol ha","full_name":"sol ha","created_time":"2021-11-22 01:05:08","purchased":true,"purchased_at":1641282339},"product_id":14178102,"timeline":{"review_created_date":"2022-01-07 16:31:26","delivery_date":"2022-01-07 15:26:14"}},{"id":18801872,"title":"Cực kì hài lòng","content":"Ok","customer_id":22634296,"rating":5,"images":[{"id":4131964,"full_path":"https://salt.tikicdn.com/ts/review/3f/5e/0f/e8b5807a116487fbbfd81c6bf9db99a8.jpg"}],"created_at":1676384886,"created_by":{"id":22634296,"name":"Vũ Huyền","full_name":"Vũ Huyền","created_time":"2021-07-15 02:57:17","purchased":true,"purchased_at":1676180350},"product_id":14178102,"timeline":{"review_created_date":"2023-02-14 21:28:06","delivery_date":"2023-02-14 11:33:32"}},{"id":17656837,"title":"Cực kì hài lòng","content":"Sách bọc đẹp, ko bị df.","customer_id":15712124,"rating":5,"images":[{"id":3863721,"full_path":"https://salt.tikicdn.com/ts/review/29/2d/99/6730fbf3b958604aee75f0dc87b7a419.jpg"}],"created_at":1662830726,"created_by":{"id":15712124,"name":"Thế hiển","full_name":"Thế hiển","created_time":"2019-12-28 18:02:53","purchased":true,"purchased_at":1658108520},"product_id":14178102,"timeline":{"review_created_date":"2022-09-11 00:25:26","delivery_date":"2022-07-19 11:27:32"}},{"id":18880982,"title":"Cực kì hài lòng","content":"shop đóng gói hàng cẩn thận, giao hàng rất nhanh. truyện đẹp và có cả poster","customer_id":8678491,"rating":5,"images":[{"id":4136258,"full_path":"https://salt.tikicdn.com/ts/review/82/84/5a/5c8b1ca7add7415fee8064de823e51c9.jpg"},{"id":4136259,"full_path":"https://salt.tikicdn.com/ts/review/2a/c6/b7/b452d1e5d88cb8d4b8f5aff5665a6333.jpg"}],"created_at":1677579035,"created_by":{"id":8678491,"name":"Nguyễn Ngọc Kiều Anh","full_name":"Nguyễn Ngọc Kiều Anh","created_time":"2018-10-30 12:28:11","purchased":true,"purchased_at":1677249353},"product_id":14178102,"timeline":{"review_created_date":"2023-02-28 17:10:35","delivery_date":"2023-02-28 13:15:00"}},{"id":10693695,"title":"Cực kì hài lòng","content":"không có xốp chống sốc, bọc sách hơi rách tí nhưng không sao. Mong sau này tiki nên nên bọc xốp để giữ an toàn cho sách","customer_id":22392819,"rating":5,"images":[{"id":2195218,"full_path":"https://salt.tikicdn.com/ts/review/c9/c9/e9/7ca673680a22c85bcf5e326b89282ae5.jpg"},{"id":2195219,"full_path":"https://salt.tikicdn.com/ts/review/47/33/b8/230acb45af7d3aed647db01940161c92.jpg"}],"created_at":1624768358,"created_by":{"id":22392819,"name":"Khai Nguyễn","full_name":"Khai Nguyễn","created_time":"2021-06-26 09:01:58","purchased":true,"purchased_at":1624673375},"product_id":14178102,"timeline":{"review_created_date":"2021-06-27 11:32:38","delivery_date":"2021-06-27 11:08:07"}},{"id":14309354,"title":"Cực kì hài lòng","content":"sách đẹp, không rách, móp, giá ổn, giao nhanh. mình đoc truyện chữ rồi, mua truyện tranh để sưu tầm thôi","customer_id":25405009,"rating":5,"images":[{"id":2995603,"full_path":"https://salt.tikicdn.com/ts/review/0a/54/1d/8d5c804b105a93b6368205a07db35b67.jpg"}],"created_at":1641547886,"created_by":{"id":25405009,"name":"sol ha","full_name":"sol ha","created_time":"2021-11-22 01:05:08","purchased":true,"purchased_at":1641282339},"product_id":14178102,"timeline":{"review_created_date":"2022-01-07 16:31:26","delivery_date":"2022-01-07 15:26:14"}},{"id":18801872,"title":"Cực kì hài lòng","content":"Ok","customer_id":22634296,"rating":5,"images":[{"id":4131964,"full_path":"https://salt.tikicdn.com/ts/review/3f/5e/0f/e8b5807a116487fbbfd81c6bf9db99a8.jpg"}],"created_at":1676384886,"created_by":{"id":22634296,"name":"Vũ Huyền","full_name":"Vũ Huyền","created_time":"2021-07-15 02:57:17","purchased":true,"purchased_at":1676180350},"product_id":14178102,"timeline":{"review_created_date":"2023-02-14 21:28:06","delivery_date":"2023-02-14 11:33:32"}},{"id":17656837,"title":"Cực kì hài lòng","content":"Sách bọc đẹp, ko bị df.","customer_id":15712124,"rating":5,"images":[{"id":3863721,"full_path":"https://salt.tikicdn.com/ts/review/29/2d/99/6730fbf3b958604aee75f0dc87b7a419.jpg"}],"created_at":1662830726,"created_by":{"id":15712124,"name":"Thế hiển","full_name":"Thế hiển","created_time":"2019-12-28 18:02:53","purchased":true,"purchased_at":1658108520},"product_id":14178102,"timeline":{"review_created_date":"2022-09-11 00:25:26","delivery_date":"2022-07-19 11:27:32"}},{"id":18880982,"title":"Cực kì hài lòng","content":"shop đóng gói hàng cẩn thận, giao hàng rất nhanh. truyện đẹp và có cả poster","customer_id":8678491,"rating":5,"images":[{"id":4136258,"full_path":"https://salt.tikicdn.com/ts/review/82/84/5a/5c8b1ca7add7415fee8064de823e51c9.jpg"},{"id":4136259,"full_path":"https://salt.tikicdn.com/ts/review/2a/c6/b7/b452d1e5d88cb8d4b8f5aff5665a6333.jpg"}],"created_at":1677579035,"created_by":{"id":8678491,"name":"Nguyễn Ngọc Kiều Anh","full_name":"Nguyễn Ngọc Kiều Anh","created_time":"2018-10-30 12:28:11","purchased":true,"purchased_at":1677249353},"product_id":14178102,"timeline":{"review_created_date":"2023-02-28 17:10:35","delivery_date":"2023-02-28 13:15:00"}},{"id":10693695,"title":"Cực kì hài lòng","content":"không có xốp chống sốc, bọc sách hơi rách tí nhưng không sao. Mong sau này tiki nên nên bọc xốp để giữ an toàn cho sách","customer_id":22392819,"rating":5,"images":[{"id":2195218,"full_path":"https://salt.tikicdn.com/ts/review/c9/c9/e9/7ca673680a22c85bcf5e326b89282ae5.jpg"},{"id":2195219,"full_path":"https://salt.tikicdn.com/ts/review/47/33/b8/230acb45af7d3aed647db01940161c92.jpg"}],"created_at":1624768358,"created_by":{"id":22392819,"name":"Khai Nguyễn","full_name":"Khai Nguyễn","created_time":"2021-06-26 09:01:58","purchased":true,"purchased_at":1624673375},"product_id":14178102,"timeline":{"review_created_date":"2021-06-27 11:32:38","delivery_date":"2021-06-27 11:08:07"}},{"id":14309354,"title":"Cực kì hài lòng","content":"sách đẹp, không rách, móp, giá ổn, giao nhanh. mình đoc truyện chữ rồi, mua truyện tranh để sưu tầm thôi","customer_id":25405009,"rating":5,"images":[{"id":2995603,"full_path":"https://salt.tikicdn.com/ts/review/0a/54/1d/8d5c804b105a93b6368205a07db35b67.jpg"}],"created_at":1641547886,"created_by":{"id":25405009,"name":"sol ha","full_name":"sol ha","created_time":"2021-11-22 01:05:08","purchased":true,"purchased_at":1641282339},"product_id":14178102,"timeline":{"review_created_date":"2022-01-07 16:31:26","delivery_date":"2022-01-07 15:26:14"}},{"id":18801872,"title":"Cực kì hài lòng","content":"Ok","customer_id":22634296,"rating":5,"images":[{"id":4131964,"full_path":"https://salt.tikicdn.com/ts/review/3f/5e/0f/e8b5807a116487fbbfd81c6bf9db99a8.jpg"}],"created_at":1676384886,"created_by":{"id":22634296,"name":"Vũ Huyền","full_name":"Vũ Huyền","created_time":"2021-07-15 02:57:17","purchased":true,"purchased_at":1676180350},"product_id":14178102,"timeline":{"review_created_date":"2023-02-14 21:28:06","delivery_date":"2023-02-14 11:33:32"}},{"id":17656837,"title":"Cực kì hài lòng","content":"Sách bọc đẹp, ko bị df.","customer_id":15712124,"rating":5,"images":[{"id":3863721,"full_path":"https://salt.tikicdn.com/ts/review/29/2d/99/6730fbf3b958604aee75f0dc87b7a419.jpg"}],"created_at":1662830726,"created_by":{"id":15712124,"name":"Thế hiển","full_name":"Thế hiển","created_time":"2019-12-28 18:02:53","purchased":true,"purchased_at":1658108520},"product_id":14178102,"timeline":{"review_created_date":"2022-09-11 00:25:26","delivery_date":"2022-07-19 11:27:32"}}]}