{"id":143144162,"dbId":11413,"createdAt":1652429378000,"name":"Sách-Cái Cười Của Thánh Nhân","short_description":"Tác giả: Thu Giang Nguyễn Duy CầnKhổ sách: 13x19cmSố trang: 330In lần thứ 11 năm 2018Giới thiệu tóm tắt tác phẩm:Cái Cười Của Thánh Nhân không chỉ là một quyển biên khảo về văn chương u mặc phươn...","description":"\u003cp\u003eTác giả: Thu Giang Nguyễn Duy Cần\u003c/p\u003e\n\u003cp\u003eKhổ sách: 13x19cm\u003c/p\u003e\n\u003cp\u003eSố trang: 330\u003c/p\u003e\n\u003cp\u003eIn lần thứ 11 năm 2018\u003c/p\u003e\n\u003cp\u003eGiới thiệu tóm tắt tác phẩm:\u003c/p\u003e\n\u003cp\u003eCái Cười Của Thánh Nhân không chỉ là một quyển biên khảo về văn chương u mặc phương Đông, mà còn hàm chứa trong nó những giá trị nhân văn. Những câu chuyện cổ, những bài văn u mặc trong quyển sách cho ta thấy cuộc đời dưới một lăng kính khác hài hước hơn, thú vị hơn và sâu sắc hơn.\u003c/p\u003e\n\u003cp\u003eMột cuốn sách không chỉ để mua vui mà còn khiến người đọc phải suy ngẫm\u003c/p\u003e\u003cp\u003eGiá sản phẩm trên Tiki đã bao gồm thuế theo luật hiện hành. Bên cạnh đó, tuỳ vào loại sản phẩm, hình thức và địa chỉ giao hàng mà có thể phát sinh thêm chi phí khác như phí vận chuyển, phụ phí hàng cồng kềnh, thuế nhập khẩu (đối với đơn hàng giao từ nước ngoài có giá trị trên 1 triệu đồng).....\u003c/p\u003e","original_price":88950.0,"thumbnail_url":"https://salt.tikicdn.com/cache/280x280/ts/product/48/b6/65/354b5213b8996a5ef88bcc8fa98e0913.jpg","images":[{"base_url":"https://salt.tikicdn.com/ts/product/48/b6/65/354b5213b8996a5ef88bcc8fa98e0913.jpg","dbId":30381}],"specifications":[{"name":"Thông tin chung","attributes":[{"name":"Công ty phát hành","value":"NXB Trẻ"},{"name":"Nhà xuất bản","value":"NXB Trẻ"},{"code":"PUBLICATION_DATE","name":"Ngày xuất bản","value":"Tue May 03 15:09:38 ICT 2022"}]}],"stock_item":{"qty":1000},"all_time_quantity_sold":4,"reviews":[{"id":16312090,"title":"Cực kì hài lòng","content":"Good","customer_id":20306686,"rating":5,"images":[],"created_at":1652429378,"created_by":{"id":20306686,"name":"DAO VAN TUYET","full_name":"DAO VAN TUYET","created_time":"2021-02-14 18:35:06","purchased":true,"purchased_at":1650461480},"product_id":143144162,"timeline":{"review_created_date":"2022-05-13 15:09:38","delivery_date":"2022-04-24 10:39:08"}}]}