{"id":143144350,"dbId":10885,"createdAt":1669041060000,"name":"Sách-Nỗi Oan Thì, Là, Mà-Tiếng Việt Giàu Đẹp","short_description":"Tác giả: Nguyễn Đức DânNXB: NXB TRẺKhổ sách: 14x20cmSố trang: 278ISBN: 978-604-1-12779-1In lần thứ 3 năm 2018Giới thiệu tóm tắt tác phẩm:Bài lủng củng, câu văn lắm thì, là, mà quá”. Phê thế đún...","description":"\u003cp\u003eTác giả: Nguyễn Đức Dân\u003c/p\u003e\n\u003cp\u003eNXB: NXB TRẺ\u003c/p\u003e\n\u003cp\u003eKhổ sách: 14x20cm\u003c/p\u003e\n\u003cp\u003eSố trang: 278\u003c/p\u003e\n\u003cp\u003eISBN: 978-604-1-12779-1\u003c/p\u003e\n\u003cp\u003eIn lần thứ 3 năm 2018\u003c/p\u003e\n\u003cp\u003eGiới thiệu tóm tắt tác phẩm:\u003c/p\u003e\n\u003cp\u003eBài lủng củng, câu văn lắm thì, là, mà quá”. Phê thế đúng, nhưng thật ra cũng chỉ đúng một phần, bởi rất nhiều trường hợp không thể thay thì, là, mà bằng một từ nào khác được mà không làm câu văn mất đi vẻ sinh động, hoặc làm giảm hẳn nghĩa đi. Vậy cần minh oan cho chúng (trích lời giới thiệu của tác giả). Liệu tác giả có minh oan được. Câu trả lời là còn hơn thế, tác giả kiến giải thêm nhiều điều về Tiếng Việt. Có thể tìm đọc thêm: Đi tìm bản sắc Tiếng Việt (Trịnh Sâm), Một sợi rơm vàng (Đào Thản).\u003c/p\u003e\u003cp\u003eGiá sản phẩm trên Tiki đã bao gồm thuế theo luật hiện hành. Bên cạnh đó, tuỳ vào loại sản phẩm, hình thức và địa chỉ giao hàng mà có thể phát sinh thêm chi phí khác như phí vận chuyển, phụ phí hàng cồng kềnh, thuế nhập khẩu (đối với đơn hàng giao từ nước ngoài có giá trị trên 1 triệu đồng).....\u003c/p\u003e","original_price":78750.0,"thumbnail_url":"https://salt.tikicdn.com/cache/280x280/ts/product/9a/b5/ec/7c9a0b80edf2d9164a50a15d12516918.jpg","images":[{"base_url":"https://salt.tikicdn.com/ts/product/9a/b5/ec/7c9a0b80edf2d9164a50a15d12516918.jpg","dbId":29072}],"specifications":[{"name":"Thông tin chung","attributes":[{"name":"Công ty phát hành","value":"NXB Trẻ"},{"name":"Nhà xuất bản","value":"NXB Trẻ"},{"code":"PUBLICATION_DATE","name":"Ngày xuất bản","value":"Thu Oct 27 21:31:00 ICT 2022"}]}],"stock_item":{"qty":1000},"all_time_quantity_sold":8,"reviews":[{"id":18140217,"title":"Cực kì hài lòng","content":"","customer_id":11924925,"rating":5,"images":[],"created_at":1667745060,"created_by":{"id":11924925,"name":"Nguyễn Hồng Phi","full_name":"Nguyễn Hồng Phi","created_time":"2019-05-01 13:56:15","purchased":true,"purchased_at":1667204627},"product_id":143144350,"timeline":{"review_created_date":"2022-11-06 21:31:00","delivery_date":"2022-11-02 11:55:50"}}]}