{"id":14332764,"dbId":11723,"createdAt":1671087168000,"name":"Thần Thoại Bắc Âu ( Bản đặc biệt - Tặng kèm bookmark AHA )","short_description":"Bookmark ngẫu nhiên Sau những thế giới hư cấu tuyệt vời trong những tác phẩm trước đó, Neil Gaiman, một trong những cây bút hấp dẫn của thể loại truyện giả tưởng, đã trở lại với một thế giới nguyên s...","description":"\u003cp style\u003d\"margin:5px 0px 12px;color:#242424;font-family:Roboto, Helvetica, Arial, sans-serif;font-size:13px;text-align:justify;\"\u003eBookmark ngẫu nhiên \u003c/p\u003e\n\u003cp style\u003d\"margin:5px 0px 12px;color:#242424;font-family:Roboto, Helvetica, Arial, sans-serif;font-size:13px;text-align:justify;\"\u003eSau những thế giới hư cấu tuyệt vời trong những tác phẩm trước đó, Neil Gaiman, một trong những cây bút hấp dẫn của thể loại truyện giả tưởng, đã trở lại với một thế giới nguyên sơ và nguyên bản hơn với các vị thần Bắc Âu, cùng Odin, Thor và Loki, Cây tần bì Yggdrasil nối liền cửu giới, những người khổng lồ, những người lùn.\u003c/p\u003e\n\u003cp style\u003d\"margin:5px 0px 12px;color:#242424;font-family:Roboto, Helvetica, Arial, sans-serif;font-size:13px;text-align:justify;\"\u003eTập sách nhỏ này kể lại những câu chuyện mà hẳn nhiều người đã biết nhưng hoặc không rõ hoặc đã lãng quên. Neil Gaiman, bằng tài năng xuất chúng và tình yêu sâu sắc dành cho thần thoại của một vùng đất lạnh giá với những đêm đông dài thật dài và những ngày hè vô tận, đã thổi một hơi thở mới vào Thần thoại Bắc Âu, xâu chuỗi những mẩu chuyện nhỏ thành một hành trình liền mạch, mê say và cuốn hút, từ “băng giá và lửa cháy buổi đầu vũ trụ cho tới lửa cháy và băng giá đã kết thúc thế giới.” \u003c/p\u003e\u003cp\u003eGiá sản phẩm trên Tiki đã bao gồm thuế theo luật hiện hành. Bên cạnh đó, tuỳ vào loại sản phẩm, hình thức và địa chỉ giao hàng mà có thể phát sinh thêm chi phí khác như phí vận chuyển, phụ phí hàng cồng kềnh, thuế nhập khẩu (đối với đơn hàng giao từ nước ngoài có giá trị trên 1 triệu đồng).....\u003c/p\u003e","original_price":110000.0,"thumbnail_url":"https://salt.tikicdn.com/cache/280x280/ts/product/95/55/5b/f124e1844407f0baae5b92d6e5f07a54.jpg","images":[{"base_url":"https://salt.tikicdn.com/ts/product/95/55/5b/f124e1844407f0baae5b92d6e5f07a54.jpg","dbId":31248},{"base_url":"https://salt.tikicdn.com/ts/product/95/ae/35/b4d45826547f7c6dae4678fe13c0aae9.jpg","dbId":31249},{"base_url":"https://salt.tikicdn.com/ts/product/9f/01/0b/aeae1f737a3f58bb358cd9a4b028165d.jpg","dbId":31250},{"base_url":"https://salt.tikicdn.com/ts/product/74/d0/37/f921496f4dcab5c356c13aa07ece0fa7.jpg","dbId":31251}],"authors":[{"id":184,"name":"Neil Gaiman","dbId":6136}],"specifications":[{"name":"Thông tin chung","attributes":[{"name":"Công ty phát hành","value":"Nhã Nam"},{"name":"Loại bìa","value":"Bìa mềm"},{"name":"Nhà xuất bản","value":"Nhà Xuất Bản Văn Học"},{"code":"PUBLICATION_DATE","name":"Ngày xuất bản","value":"Tue Nov 22 13:52:48 ICT 2022"}]}],"stock_item":{"qty":1000},"all_time_quantity_sold":25,"reviews":[{"id":18777981,"title":"Cực kì hài lòng","content":"Ship nhanh, được tặng kèm quyển note nhỏ, sách mới đọc được mấy trang đầu thấy hay ạ ☺️","customer_id":20608318,"rating":5,"images":[],"created_at":1676034620,"created_by":{"id":20608318,"name":"Giang Hạnh","full_name":"Giang Hạnh","created_time":"2021-03-05 21:01:33","purchased":true,"purchased_at":1675783881},"product_id":14332764,"timeline":{"review_created_date":"2023-02-10 20:10:20","delivery_date":"2023-02-10 14:14:06"}},{"id":19691446,"title":"Hài lòng","content":"","customer_id":22030837,"rating":4,"images":[],"created_at":1703295526,"created_by":{"id":22030837,"name":"Quan Luu","full_name":"Quan Luu","created_time":"2021-06-04 10:07:26","purchased":true,"purchased_at":1699140654},"product_id":14332764,"timeline":{"review_created_date":"2023-12-23 08:38:46","delivery_date":"2023-11-06 14:21:15"}},{"id":19456434,"title":"Cực kì hài lòng","content":"Ok","customer_id":22115616,"rating":5,"images":[],"created_at":1691938992,"created_by":{"id":22115616,"name":"Phượng Xồ","full_name":"Phượng Xồ","created_time":"2021-06-10 23:05:50","purchased":true,"purchased_at":1687616757},"product_id":14332764,"timeline":{"review_created_date":"2023-08-13 22:03:12","delivery_date":"2023-06-29 14:33:46"}},{"id":18344534,"title":"Cực kì hài lòng","content":"","customer_id":2216188,"rating":5,"images":[],"created_at":1670131019,"created_by":{"id":2216188,"name":"Đặng Văn Quốc Hải","full_name":"Đặng Văn Quốc Hải","created_time":"2017-02-26 16:41:27","purchased":true,"purchased_at":1669464368},"product_id":14332764,"timeline":{"review_created_date":"2022-12-04 12:16:59","delivery_date":"2022-11-28 10:39:24"}},{"id":18283817,"title":"Cực kì hài lòng","content":"","customer_id":28359963,"rating":5,"images":[],"created_at":1669359168,"created_by":{"id":28359963,"name":"Tài khoản Google","full_name":"Tài khoản Google","created_time":"2022-10-21 13:36:55","purchased":true,"purchased_at":1669127060},"product_id":14332764,"timeline":{"review_created_date":"2022-11-25 13:52:48","delivery_date":"2022-11-25 09:26:12"}},{"id":18777981,"title":"Cực kì hài lòng","content":"Ship nhanh, được tặng kèm quyển note nhỏ, sách mới đọc được mấy trang đầu thấy hay ạ ☺️","customer_id":20608318,"rating":5,"images":[],"created_at":1676034620,"created_by":{"id":20608318,"name":"Giang Hạnh","full_name":"Giang Hạnh","created_time":"2021-03-05 21:01:33","purchased":true,"purchased_at":1675783881},"product_id":14332764,"timeline":{"review_created_date":"2023-02-10 20:10:20","delivery_date":"2023-02-10 14:14:06"}},{"id":19691446,"title":"Hài lòng","content":"","customer_id":22030837,"rating":4,"images":[],"created_at":1703295526,"created_by":{"id":22030837,"name":"Quan Luu","full_name":"Quan Luu","created_time":"2021-06-04 10:07:26","purchased":true,"purchased_at":1699140654},"product_id":14332764,"timeline":{"review_created_date":"2023-12-23 08:38:46","delivery_date":"2023-11-06 14:21:15"}},{"id":19456434,"title":"Cực kì hài lòng","content":"Ok","customer_id":22115616,"rating":5,"images":[],"created_at":1691938992,"created_by":{"id":22115616,"name":"Phượng Xồ","full_name":"Phượng Xồ","created_time":"2021-06-10 23:05:50","purchased":true,"purchased_at":1687616757},"product_id":14332764,"timeline":{"review_created_date":"2023-08-13 22:03:12","delivery_date":"2023-06-29 14:33:46"}},{"id":18344534,"title":"Cực kì hài lòng","content":"","customer_id":2216188,"rating":5,"images":[],"created_at":1670131019,"created_by":{"id":2216188,"name":"Đặng Văn Quốc Hải","full_name":"Đặng Văn Quốc Hải","created_time":"2017-02-26 16:41:27","purchased":true,"purchased_at":1669464368},"product_id":14332764,"timeline":{"review_created_date":"2022-12-04 12:16:59","delivery_date":"2022-11-28 10:39:24"}},{"id":18283817,"title":"Cực kì hài lòng","content":"","customer_id":28359963,"rating":5,"images":[],"created_at":1669359168,"created_by":{"id":28359963,"name":"Tài khoản Google","full_name":"Tài khoản Google","created_time":"2022-10-21 13:36:55","purchased":true,"purchased_at":1669127060},"product_id":14332764,"timeline":{"review_created_date":"2022-11-25 13:52:48","delivery_date":"2022-11-25 09:26:12"}},{"id":18777981,"title":"Cực kì hài lòng","content":"Ship nhanh, được tặng kèm quyển note nhỏ, sách mới đọc được mấy trang đầu thấy hay ạ ☺️","customer_id":20608318,"rating":5,"images":[],"created_at":1676034620,"created_by":{"id":20608318,"name":"Giang Hạnh","full_name":"Giang Hạnh","created_time":"2021-03-05 21:01:33","purchased":true,"purchased_at":1675783881},"product_id":14332764,"timeline":{"review_created_date":"2023-02-10 20:10:20","delivery_date":"2023-02-10 14:14:06"}},{"id":19691446,"title":"Hài lòng","content":"","customer_id":22030837,"rating":4,"images":[],"created_at":1703295526,"created_by":{"id":22030837,"name":"Quan Luu","full_name":"Quan Luu","created_time":"2021-06-04 10:07:26","purchased":true,"purchased_at":1699140654},"product_id":14332764,"timeline":{"review_created_date":"2023-12-23 08:38:46","delivery_date":"2023-11-06 14:21:15"}},{"id":19456434,"title":"Cực kì hài lòng","content":"Ok","customer_id":22115616,"rating":5,"images":[],"created_at":1691938992,"created_by":{"id":22115616,"name":"Phượng Xồ","full_name":"Phượng Xồ","created_time":"2021-06-10 23:05:50","purchased":true,"purchased_at":1687616757},"product_id":14332764,"timeline":{"review_created_date":"2023-08-13 22:03:12","delivery_date":"2023-06-29 14:33:46"}},{"id":18344534,"title":"Cực kì hài lòng","content":"","customer_id":2216188,"rating":5,"images":[],"created_at":1670131019,"created_by":{"id":2216188,"name":"Đặng Văn Quốc Hải","full_name":"Đặng Văn Quốc Hải","created_time":"2017-02-26 16:41:27","purchased":true,"purchased_at":1669464368},"product_id":14332764,"timeline":{"review_created_date":"2022-12-04 12:16:59","delivery_date":"2022-11-28 10:39:24"}},{"id":18283817,"title":"Cực kì hài lòng","content":"","customer_id":28359963,"rating":5,"images":[],"created_at":1669359168,"created_by":{"id":28359963,"name":"Tài khoản Google","full_name":"Tài khoản Google","created_time":"2022-10-21 13:36:55","purchased":true,"purchased_at":1669127060},"product_id":14332764,"timeline":{"review_created_date":"2022-11-25 13:52:48","delivery_date":"2022-11-25 09:26:12"}},{"id":18777981,"title":"Cực kì hài lòng","content":"Ship nhanh, được tặng kèm quyển note nhỏ, sách mới đọc được mấy trang đầu thấy hay ạ ☺️","customer_id":20608318,"rating":5,"images":[],"created_at":1676034620,"created_by":{"id":20608318,"name":"Giang Hạnh","full_name":"Giang Hạnh","created_time":"2021-03-05 21:01:33","purchased":true,"purchased_at":1675783881},"product_id":14332764,"timeline":{"review_created_date":"2023-02-10 20:10:20","delivery_date":"2023-02-10 14:14:06"}},{"id":19691446,"title":"Hài lòng","content":"","customer_id":22030837,"rating":4,"images":[],"created_at":1703295526,"created_by":{"id":22030837,"name":"Quan Luu","full_name":"Quan Luu","created_time":"2021-06-04 10:07:26","purchased":true,"purchased_at":1699140654},"product_id":14332764,"timeline":{"review_created_date":"2023-12-23 08:38:46","delivery_date":"2023-11-06 14:21:15"}},{"id":19456434,"title":"Cực kì hài lòng","content":"Ok","customer_id":22115616,"rating":5,"images":[],"created_at":1691938992,"created_by":{"id":22115616,"name":"Phượng Xồ","full_name":"Phượng Xồ","created_time":"2021-06-10 23:05:50","purchased":true,"purchased_at":1687616757},"product_id":14332764,"timeline":{"review_created_date":"2023-08-13 22:03:12","delivery_date":"2023-06-29 14:33:46"}},{"id":18344534,"title":"Cực kì hài lòng","content":"","customer_id":2216188,"rating":5,"images":[],"created_at":1670131019,"created_by":{"id":2216188,"name":"Đặng Văn Quốc Hải","full_name":"Đặng Văn Quốc Hải","created_time":"2017-02-26 16:41:27","purchased":true,"purchased_at":1669464368},"product_id":14332764,"timeline":{"review_created_date":"2022-12-04 12:16:59","delivery_date":"2022-11-28 10:39:24"}},{"id":18283817,"title":"Cực kì hài lòng","content":"","customer_id":28359963,"rating":5,"images":[],"created_at":1669359168,"created_by":{"id":28359963,"name":"Tài khoản Google","full_name":"Tài khoản Google","created_time":"2022-10-21 13:36:55","purchased":true,"purchased_at":1669127060},"product_id":14332764,"timeline":{"review_created_date":"2022-11-25 13:52:48","delivery_date":"2022-11-25 09:26:12"}}]}