{"id":1445365,"dbId":11103,"createdAt":1516554000000,"name":"Dưới Một Mái Nhà Ở Paris","short_description":"            Dưới Một Mái Nhà Ở Paris        “Nghệ thuật là một lời nói dối khiến chúng ta hiểu được sự thật…”    Paris, một xưởng vẽ giấu mình cuối một ngõ nhỏ rợp bóng cây xanh. Madeline đã ...","description":"\u003cp\u003e\n    \u003cstrong\u003e\n        Dưới Một Mái Nhà Ở Paris\n    \u003c/strong\u003e\n\u003c/p\u003e\n\u003cp\u003e\n    “Nghệ thuật là một lời nói dối khiến chúng ta hiểu được sự thật…”\n\u003c/p\u003e\n\u003cp\u003e\n    Paris, một xưởng vẽ giấu mình cuối một ngõ nhỏ rợp bóng cây xanh. Madeline đã thuê căn xưởng làm nơi nghỉ ngơi và tách mình\n    khỏi thế giới. Do một nhầm lẫn ngẫu nhiên, nữ cảnh sát trẻ người Luân Đôn chạm trán với Gaspard, một nhà biên kịch đến từ\n    Mỹ cũng thuê trọ tại chính nơi này. Họ buộc phải sống cùng nhau trong vài ngày, và chính ở đó, cùng nhau khám phá số phận\n    bí ẩn của họa sĩ nổi tiếng Sean Lorenz, chủ căn nhà, người đã để lại ba bức tranh bí ẩn cuối cùng trước khi qua đời.\n\u003c/p\u003e\n\u003cp\u003e\n    Để vén được bức màn sự thật về Sean Lorenz, hai người buộc phải đối mặt với quỷ dữ ngự trị chính trong bản thân mình, trên\n    một hành trình điều tra sẽ dẫn tới lối rẽ không ngờ khiến cuộc đời họ thay đổi mãi mãi.\n\u003c/p\u003e\n\u003cp\u003e\n    Một lần nữa Guillaume Musso ghi dấu tên tuổi mình với một cuốn tiểu thuyết trinh thám quyến rũ và gây nghiện bởi những nhân\n    vật đậm chất nhân văn. Một sự dấn thân đáng kinh ngạc vào thế giới huyền bí của sáng tạo.\n\u003c/p\u003e\n\u003cp\u003e\n    “Một thành công tuyệt đối. Cuốn sách của sự trưởng thành và táo bạo.”\n\u003c/p\u003e\n\u003cp\u003e\n    - Bernard Lehut, RTL\n\u003c/p\u003e\u003cp\u003eGiá sản phẩm trên Tiki đã bao gồm thuế theo luật hiện hành. Bên cạnh đó, tuỳ vào loại sản phẩm, hình thức và địa chỉ giao hàng mà có thể phát sinh thêm chi phí khác như phí vận chuyển, phụ phí hàng cồng kềnh, thuế nhập khẩu (đối với đơn hàng giao từ nước ngoài có giá trị trên 1 triệu đồng).....\u003c/p\u003e","original_price":119000.0,"thumbnail_url":"https://salt.tikicdn.com/cache/280x280/ts/product/60/2d/a1/ea76ddb80e0c39f261188d5622a26d08.jpg","images":[{"base_url":"https://salt.tikicdn.com/ts/product/60/2d/a1/ea76ddb80e0c39f261188d5622a26d08.jpg","dbId":29622}],"authors":[{"id":4414,"name":"Guillaume Musso","dbId":5880}],"specifications":[{"name":"Thông tin chung","attributes":[{"name":"Công ty phát hành","value":"Nhã Nam"},{"name":"Ngày xuất bản","value":"2018-01-01 00:00:00"},{"name":"Dịch Giả","value":"Phúc Chi Nhi"},{"name":"Loại bìa","value":"Bìa mềm"},{"name":"Số trang","value":"480"},{"name":"Phương thức giao hàng Seller Delivery","value":"Nhà bán giao hàng cho khách hàng"},{"code":"PUBLICATION_DATE","name":"Kích thước","value":"14 x 20.5 cm"}]}],"stock_item":{"qty":1000},"all_time_quantity_sold":78,"reviews":[{"id":19063622,"title":"Cực kì hài lòng","content":"Sách đẹp. Mình cứ nghĩ là sách mỏng lắm, ai ngờ là sách dày, mình cảm thấy khá bất ngờ và rất vui. Mua ba cuốn, cuốn nào cũng đẹp. Rất cảm ơn tiki đã đem đến cho đọc giả những cuốn sách hay và đẹp, nền tảng thương mại điện tử của các bạn thật tuyệt vời.","customer_id":27777805,"rating":5,"images":[{"id":4180294,"full_path":"https://salt.tikicdn.com/ts/review/d4/5f/13/9f2ca6f46e74407794155d5a2176126e.jpg"},{"id":4180295,"full_path":"https://salt.tikicdn.com/ts/review/c7/6a/17/40fc03a983e7cf285d3bb8b44aabeb85.jpg"},{"id":4180296,"full_path":"https://salt.tikicdn.com/ts/review/bb/87/7b/39c8cefc61c0ec73a467aacd0f32b8ee.jpg"},{"id":4180297,"full_path":"https://salt.tikicdn.com/ts/review/75/3c/d3/c241775384e4792bee6489eba0333ed8.jpg"}],"created_at":1680852867,"created_by":{"id":27777805,"name":"Lê Phương An ","full_name":"Lê Phương An ","created_time":"2022-07-03 21:32:26","purchased":true,"purchased_at":1680794332},"product_id":1445365,"timeline":{"review_created_date":"2023-04-07 14:34:27","delivery_date":"2023-04-07 14:23:26"}},{"id":19756187,"title":"Cực kì hài lòng","content":"Hình thức: Bìa đẹp, sách thơm\r\nNội dung: trinh thám, không bị kinh dị hay uỷ mị, đúng gu mình. Cốt truyện hay, tuy phân tích chưa sâu nhưng thấy ending hay là okkk\r\nVăn phong: dùng nhiều từ lạ lắm mà chắc do người dịch. Dễ hiểu dễ follow\r\n10 điểm. Khuyên các bạn nên đọc liền mạch kẻo quên tình tiết","customer_id":27337068,"rating":5,"images":[],"created_at":1706810352,"created_by":{"id":27337068,"name":"Thảo Cháy","full_name":"Thảo Cháy","created_time":"2022-04-17 13:17:45","purchased":true,"purchased_at":1702885192},"product_id":1445365,"timeline":{"review_created_date":"2024-02-02 00:59:12","delivery_date":"2023-12-19 12:29:28"}},{"id":13652481,"title":"Cực kì hài lòng","content":"Đừng hỏi tôi là cuốn này có hay bằng cuốn Ngày Mai không. Tất nhiên là KHÔNG. Vì, nó HAY HƠN.\nLà người idol Musso và đang sở hữu bộ sưu tập 17 cuốn sách đã được dịch sang tiếng Việt của tg này, mình tự tin giới thiệu tác phẩm này đến tất cả các bạn.\nMusso ơi là Musso. I Love ❤️ you \u0026 also Love all characters in your stories.\n\nTiki như mọi lần, ship đúng hẹn, sách mới tinh, đóng hộp bìa cẩn thận.","customer_id":24304082,"rating":5,"images":[{"id":3342472,"full_path":"https://salt.tikicdn.com/ts/review/9b/ca/d4/a6ef4d9d98f84e3b890d68b31797c928.jpg"},{"id":3342473,"full_path":"https://salt.tikicdn.com/ts/review/8b/b6/91/cd9d5c39dd5b2f777fc75814c8dbed1e.jpg"},{"id":3342474,"full_path":"https://salt.tikicdn.com/ts/review/50/27/ed/4c683fd05cef202182ae9d103c0a9011.jpg"},{"id":3342475,"full_path":"https://salt.tikicdn.com/ts/review/16/00/8d/45baf63d6df914c54e6e2147adb06292.jpg"},{"id":3342476,"full_path":"https://salt.tikicdn.com/ts/review/c3/df/72/9d7aed6485939d84a2fa0dbee0aa9dc0.jpg"}],"created_at":1638798233,"created_by":{"id":24304082,"name":"Phạm Ngọc Hoàng","full_name":"Phạm Ngọc Hoàng","created_time":"2021-10-20 17:04:58","purchased":true,"purchased_at":1638604602},"product_id":1445365,"timeline":{"review_created_date":"2021-12-06 20:43:53","delivery_date":"2021-12-05 10:08:13"}},{"id":12305767,"title":"Cực kì hài lòng","content":"giao hàng rất nhanh dù đang dịch, nhưng lúc khui hàng thì hết hồn, 3q mình đặt đều không có màng bọc gì hết. nhưng cũng may là cả 3 không có vẻ móp méo quá nghiêm trọng cả vì mình không quá khó tính, cộng thêm mình mua được với giá khá rẻ nên chất lượng có hơi ... 1 chút,  có thể bỏ qua và đánh giá 5 sao nhé! nhưng lần sau khâu đóng gói được chỉn chu hơn thì mình mới thật sự cảm thấy hài lòng khi được trải nghiệm mua hàng trên tiki.\nvề nội dung thì khỏi nói rồi, sách của musso nhận được nhiều ý kiến đánh giá tốt nên nếu ai đắn đo nên mua hay không thì mạnh dạn chốt đơn nhé!","customer_id":18987526,"rating":5,"images":[{"id":2520554,"full_path":"https://salt.tikicdn.com/ts/review/c1/d9/c3/70e39c16d652c3df80992bc696eb44e8.jpg"},{"id":2520555,"full_path":"https://salt.tikicdn.com/ts/review/d3/cc/c7/843574c873f45b516ea2559d82c7bf48.jpg"},{"id":2520556,"full_path":"https://salt.tikicdn.com/ts/review/7b/ff/e7/a062feb784eab0548250b2e8040ec75f.jpg"},{"id":2520557,"full_path":"https://salt.tikicdn.com/ts/review/39/a9/16/168061014446ee2ec0682950d8759516.jpg"},{"id":2520558,"full_path":"https://salt.tikicdn.com/ts/review/ed/a5/15/c0b25ce9945d24c6c24b707234b712ba.jpg"}],"created_at":1632461573,"created_by":{"id":18987526,"name":"Trang Huyền","full_name":"Trang Huyền","created_time":"2020-10-25 09:23:11","purchased":true,"purchased_at":1632196701},"product_id":1445365,"timeline":{"review_created_date":"2021-09-24 12:32:53","delivery_date":"2021-09-24 10:42:23"}},{"id":14581827,"title":"Cực kì hài lòng","content":"Giao nhanh lam luon! Sách đẹp mỗi tội mình nghĩ nên được bọc cẩn thận hơn để tránh việc bị móp khi vận chuyển và bị bẩn. Sách của mình hơi có vết bẩn nhưng chắc do màu trắng nên thông cảm được nhưng mong là lần sau tiki sẽ cẩn thận hơn. Mình rất ấn tượng với quyển cô gái và màn đêm r biết đến Guillaume Musso. Cách viết truyện và nd rất cuốn hút nên mình phải đặt thêm quyển này","customer_id":17921634,"rating":5,"images":[{"id":3055134,"full_path":"https://salt.tikicdn.com/ts/review/d3/a6/7d/ffa220a49b4129af62dde9bb41fd0fe4.jpg"},{"id":3055135,"full_path":"https://salt.tikicdn.com/ts/review/04/d1/bf/b9dc84687ae0578eec305afa8e4b22ff.jpg"},{"id":3055136,"full_path":"https://salt.tikicdn.com/ts/review/d6/98/5d/0440534bec8b6aac7c6b8bc54d4fc3f3.jpg"},{"id":3055137,"full_path":"https://salt.tikicdn.com/ts/review/d6/98/5d/ffe69fd469af4f4fd30112b0837957e7.jpg"}],"created_at":1642651988,"created_by":{"id":17921634,"name":"meowy le ","full_name":"meowy le ","created_time":"2020-07-29 21:06:07","purchased":true,"purchased_at":1642582211},"product_id":1445365,"timeline":{"review_created_date":"2022-01-20 11:13:08","delivery_date":"2022-01-20 09:43:55"}},{"id":19063622,"title":"Cực kì hài lòng","content":"Sách đẹp. Mình cứ nghĩ là sách mỏng lắm, ai ngờ là sách dày, mình cảm thấy khá bất ngờ và rất vui. Mua ba cuốn, cuốn nào cũng đẹp. Rất cảm ơn tiki đã đem đến cho đọc giả những cuốn sách hay và đẹp, nền tảng thương mại điện tử của các bạn thật tuyệt vời.","customer_id":27777805,"rating":5,"images":[{"id":4180294,"full_path":"https://salt.tikicdn.com/ts/review/d4/5f/13/9f2ca6f46e74407794155d5a2176126e.jpg"},{"id":4180295,"full_path":"https://salt.tikicdn.com/ts/review/c7/6a/17/40fc03a983e7cf285d3bb8b44aabeb85.jpg"},{"id":4180296,"full_path":"https://salt.tikicdn.com/ts/review/bb/87/7b/39c8cefc61c0ec73a467aacd0f32b8ee.jpg"},{"id":4180297,"full_path":"https://salt.tikicdn.com/ts/review/75/3c/d3/c241775384e4792bee6489eba0333ed8.jpg"}],"created_at":1680852867,"created_by":{"id":27777805,"name":"Lê Phương An ","full_name":"Lê Phương An ","created_time":"2022-07-03 21:32:26","purchased":true,"purchased_at":1680794332},"product_id":1445365,"timeline":{"review_created_date":"2023-04-07 14:34:27","delivery_date":"2023-04-07 14:23:26"}},{"id":19756187,"title":"Cực kì hài lòng","content":"Hình thức: Bìa đẹp, sách thơm\r\nNội dung: trinh thám, không bị kinh dị hay uỷ mị, đúng gu mình. Cốt truyện hay, tuy phân tích chưa sâu nhưng thấy ending hay là okkk\r\nVăn phong: dùng nhiều từ lạ lắm mà chắc do người dịch. Dễ hiểu dễ follow\r\n10 điểm. Khuyên các bạn nên đọc liền mạch kẻo quên tình tiết","customer_id":27337068,"rating":5,"images":[],"created_at":1706810352,"created_by":{"id":27337068,"name":"Thảo Cháy","full_name":"Thảo Cháy","created_time":"2022-04-17 13:17:45","purchased":true,"purchased_at":1702885192},"product_id":1445365,"timeline":{"review_created_date":"2024-02-02 00:59:12","delivery_date":"2023-12-19 12:29:28"}},{"id":13652481,"title":"Cực kì hài lòng","content":"Đừng hỏi tôi là cuốn này có hay bằng cuốn Ngày Mai không. Tất nhiên là KHÔNG. Vì, nó HAY HƠN.\nLà người idol Musso và đang sở hữu bộ sưu tập 17 cuốn sách đã được dịch sang tiếng Việt của tg này, mình tự tin giới thiệu tác phẩm này đến tất cả các bạn.\nMusso ơi là Musso. I Love ❤️ you \u0026 also Love all characters in your stories.\n\nTiki như mọi lần, ship đúng hẹn, sách mới tinh, đóng hộp bìa cẩn thận.","customer_id":24304082,"rating":5,"images":[{"id":3342472,"full_path":"https://salt.tikicdn.com/ts/review/9b/ca/d4/a6ef4d9d98f84e3b890d68b31797c928.jpg"},{"id":3342473,"full_path":"https://salt.tikicdn.com/ts/review/8b/b6/91/cd9d5c39dd5b2f777fc75814c8dbed1e.jpg"},{"id":3342474,"full_path":"https://salt.tikicdn.com/ts/review/50/27/ed/4c683fd05cef202182ae9d103c0a9011.jpg"},{"id":3342475,"full_path":"https://salt.tikicdn.com/ts/review/16/00/8d/45baf63d6df914c54e6e2147adb06292.jpg"},{"id":3342476,"full_path":"https://salt.tikicdn.com/ts/review/c3/df/72/9d7aed6485939d84a2fa0dbee0aa9dc0.jpg"}],"created_at":1638798233,"created_by":{"id":24304082,"name":"Phạm Ngọc Hoàng","full_name":"Phạm Ngọc Hoàng","created_time":"2021-10-20 17:04:58","purchased":true,"purchased_at":1638604602},"product_id":1445365,"timeline":{"review_created_date":"2021-12-06 20:43:53","delivery_date":"2021-12-05 10:08:13"}},{"id":12305767,"title":"Cực kì hài lòng","content":"giao hàng rất nhanh dù đang dịch, nhưng lúc khui hàng thì hết hồn, 3q mình đặt đều không có màng bọc gì hết. nhưng cũng may là cả 3 không có vẻ móp méo quá nghiêm trọng cả vì mình không quá khó tính, cộng thêm mình mua được với giá khá rẻ nên chất lượng có hơi ... 1 chút,  có thể bỏ qua và đánh giá 5 sao nhé! nhưng lần sau khâu đóng gói được chỉn chu hơn thì mình mới thật sự cảm thấy hài lòng khi được trải nghiệm mua hàng trên tiki.\nvề nội dung thì khỏi nói rồi, sách của musso nhận được nhiều ý kiến đánh giá tốt nên nếu ai đắn đo nên mua hay không thì mạnh dạn chốt đơn nhé!","customer_id":18987526,"rating":5,"images":[{"id":2520554,"full_path":"https://salt.tikicdn.com/ts/review/c1/d9/c3/70e39c16d652c3df80992bc696eb44e8.jpg"},{"id":2520555,"full_path":"https://salt.tikicdn.com/ts/review/d3/cc/c7/843574c873f45b516ea2559d82c7bf48.jpg"},{"id":2520556,"full_path":"https://salt.tikicdn.com/ts/review/7b/ff/e7/a062feb784eab0548250b2e8040ec75f.jpg"},{"id":2520557,"full_path":"https://salt.tikicdn.com/ts/review/39/a9/16/168061014446ee2ec0682950d8759516.jpg"},{"id":2520558,"full_path":"https://salt.tikicdn.com/ts/review/ed/a5/15/c0b25ce9945d24c6c24b707234b712ba.jpg"}],"created_at":1632461573,"created_by":{"id":18987526,"name":"Trang Huyền","full_name":"Trang Huyền","created_time":"2020-10-25 09:23:11","purchased":true,"purchased_at":1632196701},"product_id":1445365,"timeline":{"review_created_date":"2021-09-24 12:32:53","delivery_date":"2021-09-24 10:42:23"}},{"id":14581827,"title":"Cực kì hài lòng","content":"Giao nhanh lam luon! Sách đẹp mỗi tội mình nghĩ nên được bọc cẩn thận hơn để tránh việc bị móp khi vận chuyển và bị bẩn. Sách của mình hơi có vết bẩn nhưng chắc do màu trắng nên thông cảm được nhưng mong là lần sau tiki sẽ cẩn thận hơn. Mình rất ấn tượng với quyển cô gái và màn đêm r biết đến Guillaume Musso. Cách viết truyện và nd rất cuốn hút nên mình phải đặt thêm quyển này","customer_id":17921634,"rating":5,"images":[{"id":3055134,"full_path":"https://salt.tikicdn.com/ts/review/d3/a6/7d/ffa220a49b4129af62dde9bb41fd0fe4.jpg"},{"id":3055135,"full_path":"https://salt.tikicdn.com/ts/review/04/d1/bf/b9dc84687ae0578eec305afa8e4b22ff.jpg"},{"id":3055136,"full_path":"https://salt.tikicdn.com/ts/review/d6/98/5d/0440534bec8b6aac7c6b8bc54d4fc3f3.jpg"},{"id":3055137,"full_path":"https://salt.tikicdn.com/ts/review/d6/98/5d/ffe69fd469af4f4fd30112b0837957e7.jpg"}],"created_at":1642651988,"created_by":{"id":17921634,"name":"meowy le ","full_name":"meowy le ","created_time":"2020-07-29 21:06:07","purchased":true,"purchased_at":1642582211},"product_id":1445365,"timeline":{"review_created_date":"2022-01-20 11:13:08","delivery_date":"2022-01-20 09:43:55"}},{"id":19063622,"title":"Cực kì hài lòng","content":"Sách đẹp. Mình cứ nghĩ là sách mỏng lắm, ai ngờ là sách dày, mình cảm thấy khá bất ngờ và rất vui. Mua ba cuốn, cuốn nào cũng đẹp. Rất cảm ơn tiki đã đem đến cho đọc giả những cuốn sách hay và đẹp, nền tảng thương mại điện tử của các bạn thật tuyệt vời.","customer_id":27777805,"rating":5,"images":[{"id":4180294,"full_path":"https://salt.tikicdn.com/ts/review/d4/5f/13/9f2ca6f46e74407794155d5a2176126e.jpg"},{"id":4180295,"full_path":"https://salt.tikicdn.com/ts/review/c7/6a/17/40fc03a983e7cf285d3bb8b44aabeb85.jpg"},{"id":4180296,"full_path":"https://salt.tikicdn.com/ts/review/bb/87/7b/39c8cefc61c0ec73a467aacd0f32b8ee.jpg"},{"id":4180297,"full_path":"https://salt.tikicdn.com/ts/review/75/3c/d3/c241775384e4792bee6489eba0333ed8.jpg"}],"created_at":1680852867,"created_by":{"id":27777805,"name":"Lê Phương An ","full_name":"Lê Phương An ","created_time":"2022-07-03 21:32:26","purchased":true,"purchased_at":1680794332},"product_id":1445365,"timeline":{"review_created_date":"2023-04-07 14:34:27","delivery_date":"2023-04-07 14:23:26"}},{"id":19756187,"title":"Cực kì hài lòng","content":"Hình thức: Bìa đẹp, sách thơm\r\nNội dung: trinh thám, không bị kinh dị hay uỷ mị, đúng gu mình. Cốt truyện hay, tuy phân tích chưa sâu nhưng thấy ending hay là okkk\r\nVăn phong: dùng nhiều từ lạ lắm mà chắc do người dịch. Dễ hiểu dễ follow\r\n10 điểm. Khuyên các bạn nên đọc liền mạch kẻo quên tình tiết","customer_id":27337068,"rating":5,"images":[],"created_at":1706810352,"created_by":{"id":27337068,"name":"Thảo Cháy","full_name":"Thảo Cháy","created_time":"2022-04-17 13:17:45","purchased":true,"purchased_at":1702885192},"product_id":1445365,"timeline":{"review_created_date":"2024-02-02 00:59:12","delivery_date":"2023-12-19 12:29:28"}},{"id":13652481,"title":"Cực kì hài lòng","content":"Đừng hỏi tôi là cuốn này có hay bằng cuốn Ngày Mai không. Tất nhiên là KHÔNG. Vì, nó HAY HƠN.\nLà người idol Musso và đang sở hữu bộ sưu tập 17 cuốn sách đã được dịch sang tiếng Việt của tg này, mình tự tin giới thiệu tác phẩm này đến tất cả các bạn.\nMusso ơi là Musso. I Love ❤️ you \u0026 also Love all characters in your stories.\n\nTiki như mọi lần, ship đúng hẹn, sách mới tinh, đóng hộp bìa cẩn thận.","customer_id":24304082,"rating":5,"images":[{"id":3342472,"full_path":"https://salt.tikicdn.com/ts/review/9b/ca/d4/a6ef4d9d98f84e3b890d68b31797c928.jpg"},{"id":3342473,"full_path":"https://salt.tikicdn.com/ts/review/8b/b6/91/cd9d5c39dd5b2f777fc75814c8dbed1e.jpg"},{"id":3342474,"full_path":"https://salt.tikicdn.com/ts/review/50/27/ed/4c683fd05cef202182ae9d103c0a9011.jpg"},{"id":3342475,"full_path":"https://salt.tikicdn.com/ts/review/16/00/8d/45baf63d6df914c54e6e2147adb06292.jpg"},{"id":3342476,"full_path":"https://salt.tikicdn.com/ts/review/c3/df/72/9d7aed6485939d84a2fa0dbee0aa9dc0.jpg"}],"created_at":1638798233,"created_by":{"id":24304082,"name":"Phạm Ngọc Hoàng","full_name":"Phạm Ngọc Hoàng","created_time":"2021-10-20 17:04:58","purchased":true,"purchased_at":1638604602},"product_id":1445365,"timeline":{"review_created_date":"2021-12-06 20:43:53","delivery_date":"2021-12-05 10:08:13"}},{"id":12305767,"title":"Cực kì hài lòng","content":"giao hàng rất nhanh dù đang dịch, nhưng lúc khui hàng thì hết hồn, 3q mình đặt đều không có màng bọc gì hết. nhưng cũng may là cả 3 không có vẻ móp méo quá nghiêm trọng cả vì mình không quá khó tính, cộng thêm mình mua được với giá khá rẻ nên chất lượng có hơi ... 1 chút,  có thể bỏ qua và đánh giá 5 sao nhé! nhưng lần sau khâu đóng gói được chỉn chu hơn thì mình mới thật sự cảm thấy hài lòng khi được trải nghiệm mua hàng trên tiki.\nvề nội dung thì khỏi nói rồi, sách của musso nhận được nhiều ý kiến đánh giá tốt nên nếu ai đắn đo nên mua hay không thì mạnh dạn chốt đơn nhé!","customer_id":18987526,"rating":5,"images":[{"id":2520554,"full_path":"https://salt.tikicdn.com/ts/review/c1/d9/c3/70e39c16d652c3df80992bc696eb44e8.jpg"},{"id":2520555,"full_path":"https://salt.tikicdn.com/ts/review/d3/cc/c7/843574c873f45b516ea2559d82c7bf48.jpg"},{"id":2520556,"full_path":"https://salt.tikicdn.com/ts/review/7b/ff/e7/a062feb784eab0548250b2e8040ec75f.jpg"},{"id":2520557,"full_path":"https://salt.tikicdn.com/ts/review/39/a9/16/168061014446ee2ec0682950d8759516.jpg"},{"id":2520558,"full_path":"https://salt.tikicdn.com/ts/review/ed/a5/15/c0b25ce9945d24c6c24b707234b712ba.jpg"}],"created_at":1632461573,"created_by":{"id":18987526,"name":"Trang Huyền","full_name":"Trang Huyền","created_time":"2020-10-25 09:23:11","purchased":true,"purchased_at":1632196701},"product_id":1445365,"timeline":{"review_created_date":"2021-09-24 12:32:53","delivery_date":"2021-09-24 10:42:23"}},{"id":14581827,"title":"Cực kì hài lòng","content":"Giao nhanh lam luon! Sách đẹp mỗi tội mình nghĩ nên được bọc cẩn thận hơn để tránh việc bị móp khi vận chuyển và bị bẩn. Sách của mình hơi có vết bẩn nhưng chắc do màu trắng nên thông cảm được nhưng mong là lần sau tiki sẽ cẩn thận hơn. Mình rất ấn tượng với quyển cô gái và màn đêm r biết đến Guillaume Musso. Cách viết truyện và nd rất cuốn hút nên mình phải đặt thêm quyển này","customer_id":17921634,"rating":5,"images":[{"id":3055134,"full_path":"https://salt.tikicdn.com/ts/review/d3/a6/7d/ffa220a49b4129af62dde9bb41fd0fe4.jpg"},{"id":3055135,"full_path":"https://salt.tikicdn.com/ts/review/04/d1/bf/b9dc84687ae0578eec305afa8e4b22ff.jpg"},{"id":3055136,"full_path":"https://salt.tikicdn.com/ts/review/d6/98/5d/0440534bec8b6aac7c6b8bc54d4fc3f3.jpg"},{"id":3055137,"full_path":"https://salt.tikicdn.com/ts/review/d6/98/5d/ffe69fd469af4f4fd30112b0837957e7.jpg"}],"created_at":1642651988,"created_by":{"id":17921634,"name":"meowy le ","full_name":"meowy le ","created_time":"2020-07-29 21:06:07","purchased":true,"purchased_at":1642582211},"product_id":1445365,"timeline":{"review_created_date":"2022-01-20 11:13:08","delivery_date":"2022-01-20 09:43:55"}},{"id":19063622,"title":"Cực kì hài lòng","content":"Sách đẹp. Mình cứ nghĩ là sách mỏng lắm, ai ngờ là sách dày, mình cảm thấy khá bất ngờ và rất vui. Mua ba cuốn, cuốn nào cũng đẹp. Rất cảm ơn tiki đã đem đến cho đọc giả những cuốn sách hay và đẹp, nền tảng thương mại điện tử của các bạn thật tuyệt vời.","customer_id":27777805,"rating":5,"images":[{"id":4180294,"full_path":"https://salt.tikicdn.com/ts/review/d4/5f/13/9f2ca6f46e74407794155d5a2176126e.jpg"},{"id":4180295,"full_path":"https://salt.tikicdn.com/ts/review/c7/6a/17/40fc03a983e7cf285d3bb8b44aabeb85.jpg"},{"id":4180296,"full_path":"https://salt.tikicdn.com/ts/review/bb/87/7b/39c8cefc61c0ec73a467aacd0f32b8ee.jpg"},{"id":4180297,"full_path":"https://salt.tikicdn.com/ts/review/75/3c/d3/c241775384e4792bee6489eba0333ed8.jpg"}],"created_at":1680852867,"created_by":{"id":27777805,"name":"Lê Phương An ","full_name":"Lê Phương An ","created_time":"2022-07-03 21:32:26","purchased":true,"purchased_at":1680794332},"product_id":1445365,"timeline":{"review_created_date":"2023-04-07 14:34:27","delivery_date":"2023-04-07 14:23:26"}},{"id":19756187,"title":"Cực kì hài lòng","content":"Hình thức: Bìa đẹp, sách thơm\r\nNội dung: trinh thám, không bị kinh dị hay uỷ mị, đúng gu mình. Cốt truyện hay, tuy phân tích chưa sâu nhưng thấy ending hay là okkk\r\nVăn phong: dùng nhiều từ lạ lắm mà chắc do người dịch. Dễ hiểu dễ follow\r\n10 điểm. Khuyên các bạn nên đọc liền mạch kẻo quên tình tiết","customer_id":27337068,"rating":5,"images":[],"created_at":1706810352,"created_by":{"id":27337068,"name":"Thảo Cháy","full_name":"Thảo Cháy","created_time":"2022-04-17 13:17:45","purchased":true,"purchased_at":1702885192},"product_id":1445365,"timeline":{"review_created_date":"2024-02-02 00:59:12","delivery_date":"2023-12-19 12:29:28"}},{"id":13652481,"title":"Cực kì hài lòng","content":"Đừng hỏi tôi là cuốn này có hay bằng cuốn Ngày Mai không. Tất nhiên là KHÔNG. Vì, nó HAY HƠN.\nLà người idol Musso và đang sở hữu bộ sưu tập 17 cuốn sách đã được dịch sang tiếng Việt của tg này, mình tự tin giới thiệu tác phẩm này đến tất cả các bạn.\nMusso ơi là Musso. I Love ❤️ you \u0026 also Love all characters in your stories.\n\nTiki như mọi lần, ship đúng hẹn, sách mới tinh, đóng hộp bìa cẩn thận.","customer_id":24304082,"rating":5,"images":[{"id":3342472,"full_path":"https://salt.tikicdn.com/ts/review/9b/ca/d4/a6ef4d9d98f84e3b890d68b31797c928.jpg"},{"id":3342473,"full_path":"https://salt.tikicdn.com/ts/review/8b/b6/91/cd9d5c39dd5b2f777fc75814c8dbed1e.jpg"},{"id":3342474,"full_path":"https://salt.tikicdn.com/ts/review/50/27/ed/4c683fd05cef202182ae9d103c0a9011.jpg"},{"id":3342475,"full_path":"https://salt.tikicdn.com/ts/review/16/00/8d/45baf63d6df914c54e6e2147adb06292.jpg"},{"id":3342476,"full_path":"https://salt.tikicdn.com/ts/review/c3/df/72/9d7aed6485939d84a2fa0dbee0aa9dc0.jpg"}],"created_at":1638798233,"created_by":{"id":24304082,"name":"Phạm Ngọc Hoàng","full_name":"Phạm Ngọc Hoàng","created_time":"2021-10-20 17:04:58","purchased":true,"purchased_at":1638604602},"product_id":1445365,"timeline":{"review_created_date":"2021-12-06 20:43:53","delivery_date":"2021-12-05 10:08:13"}},{"id":12305767,"title":"Cực kì hài lòng","content":"giao hàng rất nhanh dù đang dịch, nhưng lúc khui hàng thì hết hồn, 3q mình đặt đều không có màng bọc gì hết. nhưng cũng may là cả 3 không có vẻ móp méo quá nghiêm trọng cả vì mình không quá khó tính, cộng thêm mình mua được với giá khá rẻ nên chất lượng có hơi ... 1 chút,  có thể bỏ qua và đánh giá 5 sao nhé! nhưng lần sau khâu đóng gói được chỉn chu hơn thì mình mới thật sự cảm thấy hài lòng khi được trải nghiệm mua hàng trên tiki.\nvề nội dung thì khỏi nói rồi, sách của musso nhận được nhiều ý kiến đánh giá tốt nên nếu ai đắn đo nên mua hay không thì mạnh dạn chốt đơn nhé!","customer_id":18987526,"rating":5,"images":[{"id":2520554,"full_path":"https://salt.tikicdn.com/ts/review/c1/d9/c3/70e39c16d652c3df80992bc696eb44e8.jpg"},{"id":2520555,"full_path":"https://salt.tikicdn.com/ts/review/d3/cc/c7/843574c873f45b516ea2559d82c7bf48.jpg"},{"id":2520556,"full_path":"https://salt.tikicdn.com/ts/review/7b/ff/e7/a062feb784eab0548250b2e8040ec75f.jpg"},{"id":2520557,"full_path":"https://salt.tikicdn.com/ts/review/39/a9/16/168061014446ee2ec0682950d8759516.jpg"},{"id":2520558,"full_path":"https://salt.tikicdn.com/ts/review/ed/a5/15/c0b25ce9945d24c6c24b707234b712ba.jpg"}],"created_at":1632461573,"created_by":{"id":18987526,"name":"Trang Huyền","full_name":"Trang Huyền","created_time":"2020-10-25 09:23:11","purchased":true,"purchased_at":1632196701},"product_id":1445365,"timeline":{"review_created_date":"2021-09-24 12:32:53","delivery_date":"2021-09-24 10:42:23"}},{"id":14581827,"title":"Cực kì hài lòng","content":"Giao nhanh lam luon! Sách đẹp mỗi tội mình nghĩ nên được bọc cẩn thận hơn để tránh việc bị móp khi vận chuyển và bị bẩn. Sách của mình hơi có vết bẩn nhưng chắc do màu trắng nên thông cảm được nhưng mong là lần sau tiki sẽ cẩn thận hơn. Mình rất ấn tượng với quyển cô gái và màn đêm r biết đến Guillaume Musso. Cách viết truyện và nd rất cuốn hút nên mình phải đặt thêm quyển này","customer_id":17921634,"rating":5,"images":[{"id":3055134,"full_path":"https://salt.tikicdn.com/ts/review/d3/a6/7d/ffa220a49b4129af62dde9bb41fd0fe4.jpg"},{"id":3055135,"full_path":"https://salt.tikicdn.com/ts/review/04/d1/bf/b9dc84687ae0578eec305afa8e4b22ff.jpg"},{"id":3055136,"full_path":"https://salt.tikicdn.com/ts/review/d6/98/5d/0440534bec8b6aac7c6b8bc54d4fc3f3.jpg"},{"id":3055137,"full_path":"https://salt.tikicdn.com/ts/review/d6/98/5d/ffe69fd469af4f4fd30112b0837957e7.jpg"}],"created_at":1642651988,"created_by":{"id":17921634,"name":"meowy le ","full_name":"meowy le ","created_time":"2020-07-29 21:06:07","purchased":true,"purchased_at":1642582211},"product_id":1445365,"timeline":{"review_created_date":"2022-01-20 11:13:08","delivery_date":"2022-01-20 09:43:55"}}]}