{"id":145092091,"dbId":10586,"createdAt":1641229200000,"name":"Cổ Học Tinh Hoa (Bìa Cứng) (Tái Bản)","short_description":"“Cổ học tinh hoa” của Ôn Như Nguyễn Văn Ngọc và Tử An Trần Lê Nhân là một công trình biên khảo có giá trị vượt thời gian. Bởi lẽ, đó chính là tinh hoa của nền văn minh Hán học mà “từ trong cái biển ba...","description":"\u003cp\u003e“Cổ học tinh hoa” của Ôn Như Nguyễn Văn Ngọc và Tử An Trần Lê Nhân là một công trình biên khảo có giá trị vượt thời gian. Bởi lẽ, đó chính là tinh hoa của nền văn minh Hán học mà “từ trong cái biển bao la của bách gia chư tử Trung Hoa xưa, hai cụ đã tìm lấy những hạt ngọc của văn chương, triết học và xâu thành một chuỗi ngọc đem hiến cho đời” (Mai Quốc Liên). \u003c/p\u003e\n\u003cp\u003eQua 250 mẩu chuyện nhỏ, vô cùng ngắn gọn và súc tích, “Cổ học tinh hoa” đã đưa chúng ta đến với những tư tưởng lớn của Khổng Tử, Mạnh Tử, Lão Tử, Trang Tử, Mặc Tử, Hàn Phi Tử Chuyện tuy đã xưa, thời đại dù đã đổi khác, nhưng tin rằng tinh thần nhân văn cao đẹp từ hàng nghìn năm trước của cổ nhân thấm đẫm trong từng tích truyện vẫn đủ sức làm rung động bao trái tim của người đọc hôm nay. Bởi lẽ, trước khi những triết lý mà cuốn sách chứa đựng rộng mở tư duy của chúng ta, những đạo lý được gửi gắm trong đó đã âm thầm bồi đắp cho chúng ta một đời sống tình cảm phong phú, vị tha, nhân ái, bao dung.\u003c/p\u003e\n\u003cp\u003eVượt qua mọi thử thách về không gian và thời gian, “Cổ học tinh hoa” đã trở thành cây cầu nối để cái học tinh hoa của ngàn xưa có thể đồng hành cùng sự hoàn thiện, phát triển của mỗi cá nhân nói riêng cũng như cả cộng đồng nói chung trong hôm nay và mai sau. Hiểu được ý nghĩa to lớn đó, chúng tôi trân trọng tái bản cuốn “Cổ học tinh hoa” của hai soạn giả Ôn Như Nguyễn Văn Ngọc và Tử An Trần Lê Nhân, trên cơ sở tham khảo nhiều bản in khác nhau, đồng thời lược bỏ một số nội dung không thật phù hợp với bạn đọc trẻ.\u003c/p\u003e\u003cp\u003eGiá sản phẩm trên Tiki đã bao gồm thuế theo luật hiện hành. Bên cạnh đó, tuỳ vào loại sản phẩm, hình thức và địa chỉ giao hàng mà có thể phát sinh thêm chi phí khác như phí vận chuyển, phụ phí hàng cồng kềnh, thuế nhập khẩu (đối với đơn hàng giao từ nước ngoài có giá trị trên 1 triệu đồng).....\u003c/p\u003e","original_price":135000.0,"thumbnail_url":"https://salt.tikicdn.com/cache/280x280/ts/product/f5/60/a3/5bae4aabd6b1fa3f8dfe89da2b1369e7.jpg","images":[{"base_url":"https://salt.tikicdn.com/ts/product/f5/60/a3/5bae4aabd6b1fa3f8dfe89da2b1369e7.jpg","dbId":28226},{"base_url":"https://salt.tikicdn.com/ts/product/4f/5b/7e/204198629605cf2944d3f73ce5a3358b.jpg","dbId":28227}],"authors":[{"id":50644,"name":"Ôn Như Nguyễn Văn Ngọc","dbId":5579},{"id":271041,"name":"Tử An Trần Lê Nhân","dbId":5580}],"specifications":[{"name":"Thông tin chung","attributes":[{"name":"Phiên bản sách","value":"Phiên bản thường"},{"name":"Công ty phát hành","value":"Nhà sách Minh Thắng"},{"name":"Ngày xuất bản","value":"2021-12-11 00:00:00"},{"name":"Loại bìa","value":"Bìa cứng"},{"name":"Số trang","value":"396"},{"name":"Nhà xuất bản","value":"Nhà Xuất Bản Văn Học"},{"code":"PUBLICATION_DATE","name":"Kích thước","value":"16 x 24 cm"}]}],"stock_item":{"qty":1000},"all_time_quantity_sold":215,"reviews":[{"id":19564335,"title":"Cực kì hài lòng","content":"Sách bìa cứng đẹp, nội dung gồm các câu chuyện của danh nhân trung hoa  kèm lời bàn. Mua về đọc cũng khá thú vị","customer_id":14704573,"rating":5,"images":[],"created_at":1696222751,"created_by":{"id":14704573,"name":"Nguyễn Thảo Linh","full_name":"Nguyễn Thảo Linh","created_time":"2019-10-31 16:16:54","purchased":true,"purchased_at":1696000857},"product_id":145092091,"timeline":{"review_created_date":"2023-10-02 11:59:11","delivery_date":"2023-10-02 11:53:58"}},{"id":16891106,"title":"Cực kì hài lòng","content":"Sách nội dung rất hay, trình bày đẹp, giao hàng nhanh, bao bì gọn gàng, an toàn, chất lượng dịch vụ rất tốt. Sách là một bầu trời tri thức bổ ích. Chấm Tiki 9.5đ","customer_id":5335406,"rating":5,"images":[{"id":3639574,"full_path":"https://salt.tikicdn.com/ts/review/3d/51/24/b626ff8ce465f86561ff911346eefd8c.jpg"}],"created_at":1656566131,"created_by":{"id":5335406,"name":"Duy Anh Phạm","full_name":"Duy Anh Phạm","created_time":"2017-06-01 10:17:24","purchased":true,"purchased_at":1656345201},"product_id":145092091,"timeline":{"review_created_date":"2022-06-30 12:15:31","delivery_date":"2022-06-29 08:48:07"}},{"id":17084327,"title":"Cực kì hài lòng","content":"Một cuốn sách hay, giao nhanh, sách đẹp, mua hàng ở tiki luôn yên tâm về chất lượng, đầu tư cho tri thức luôn là khoản đầu tư đúng đắn. Luôn ủng hộ tiki","customer_id":8599820,"rating":5,"images":[{"id":3691702,"full_path":"https://salt.tikicdn.com/ts/review/a1/0c/3c/0fa969827b2d5f8aa06c58aa3f4a5eae.jpg"}],"created_at":1657937631,"created_by":{"id":8599820,"name":"Quang Trần","full_name":"Quang Trần","created_time":"2018-10-25 08:32:10","purchased":true,"purchased_at":1656997214},"product_id":145092091,"timeline":{"review_created_date":"2022-07-16 09:13:51","delivery_date":"2022-07-06 09:18:12"}},{"id":17032453,"title":"Cực kì hài lòng","content":"Mua hàng của hãng dododios rất sướng. Mua mấy sản phẩm của dododios rồi khá an tâm. Mn nên mua của shop dododios nha","customer_id":19064543,"rating":5,"images":[{"id":3734832,"full_path":"https://salt.tikicdn.com/ts/review/fd/64/ca/576073ac31eeda3abf784d8a1060d14e.jpg"},{"id":3734833,"full_path":"https://salt.tikicdn.com/ts/review/c8/6b/c9/5375cc13691ddeff8297ca6eccb65f34.jpg"}],"created_at":1657554069,"created_by":{"id":19064543,"name":"Nguyễn Tiến Dũng","full_name":"Nguyễn Tiến Dũng","created_time":"2020-11-03 21:59:08","purchased":true,"purchased_at":1657283480},"product_id":145092091,"timeline":{"review_created_date":"2022-07-11 22:41:09","delivery_date":"2022-07-11 15:39:39"}},{"id":19269684,"title":"Cực kì hài lòng","content":"sách đẹp","customer_id":28182745,"rating":5,"images":[{"id":4227960,"full_path":"https://salt.tikicdn.com/ts/review/88/92/08/7d977ced3c2ef207ef5e77377883c695.jpg"},{"id":4227961,"full_path":"https://salt.tikicdn.com/ts/review/35/a1/ff/15f0e8f6d7050ba776273990018b3d33.jpg"}],"created_at":1686126153,"created_by":{"id":28182745,"name":"Trung Doan","full_name":"Trung Doan","created_time":"2022-09-14 21:37:30","purchased":true,"purchased_at":1683186630},"product_id":145092091,"timeline":{"review_created_date":"2023-06-07 15:22:33","delivery_date":"2023-05-06 15:33:12"}},{"id":19564335,"title":"Cực kì hài lòng","content":"Sách bìa cứng đẹp, nội dung gồm các câu chuyện của danh nhân trung hoa  kèm lời bàn. Mua về đọc cũng khá thú vị","customer_id":14704573,"rating":5,"images":[],"created_at":1696222751,"created_by":{"id":14704573,"name":"Nguyễn Thảo Linh","full_name":"Nguyễn Thảo Linh","created_time":"2019-10-31 16:16:54","purchased":true,"purchased_at":1696000857},"product_id":145092091,"timeline":{"review_created_date":"2023-10-02 11:59:11","delivery_date":"2023-10-02 11:53:58"}},{"id":16891106,"title":"Cực kì hài lòng","content":"Sách nội dung rất hay, trình bày đẹp, giao hàng nhanh, bao bì gọn gàng, an toàn, chất lượng dịch vụ rất tốt. Sách là một bầu trời tri thức bổ ích. Chấm Tiki 9.5đ","customer_id":5335406,"rating":5,"images":[{"id":3639574,"full_path":"https://salt.tikicdn.com/ts/review/3d/51/24/b626ff8ce465f86561ff911346eefd8c.jpg"}],"created_at":1656566131,"created_by":{"id":5335406,"name":"Duy Anh Phạm","full_name":"Duy Anh Phạm","created_time":"2017-06-01 10:17:24","purchased":true,"purchased_at":1656345201},"product_id":145092091,"timeline":{"review_created_date":"2022-06-30 12:15:31","delivery_date":"2022-06-29 08:48:07"}},{"id":17084327,"title":"Cực kì hài lòng","content":"Một cuốn sách hay, giao nhanh, sách đẹp, mua hàng ở tiki luôn yên tâm về chất lượng, đầu tư cho tri thức luôn là khoản đầu tư đúng đắn. Luôn ủng hộ tiki","customer_id":8599820,"rating":5,"images":[{"id":3691702,"full_path":"https://salt.tikicdn.com/ts/review/a1/0c/3c/0fa969827b2d5f8aa06c58aa3f4a5eae.jpg"}],"created_at":1657937631,"created_by":{"id":8599820,"name":"Quang Trần","full_name":"Quang Trần","created_time":"2018-10-25 08:32:10","purchased":true,"purchased_at":1656997214},"product_id":145092091,"timeline":{"review_created_date":"2022-07-16 09:13:51","delivery_date":"2022-07-06 09:18:12"}},{"id":17032453,"title":"Cực kì hài lòng","content":"Mua hàng của hãng dododios rất sướng. Mua mấy sản phẩm của dododios rồi khá an tâm. Mn nên mua của shop dododios nha","customer_id":19064543,"rating":5,"images":[{"id":3734832,"full_path":"https://salt.tikicdn.com/ts/review/fd/64/ca/576073ac31eeda3abf784d8a1060d14e.jpg"},{"id":3734833,"full_path":"https://salt.tikicdn.com/ts/review/c8/6b/c9/5375cc13691ddeff8297ca6eccb65f34.jpg"}],"created_at":1657554069,"created_by":{"id":19064543,"name":"Nguyễn Tiến Dũng","full_name":"Nguyễn Tiến Dũng","created_time":"2020-11-03 21:59:08","purchased":true,"purchased_at":1657283480},"product_id":145092091,"timeline":{"review_created_date":"2022-07-11 22:41:09","delivery_date":"2022-07-11 15:39:39"}},{"id":19269684,"title":"Cực kì hài lòng","content":"sách đẹp","customer_id":28182745,"rating":5,"images":[{"id":4227960,"full_path":"https://salt.tikicdn.com/ts/review/88/92/08/7d977ced3c2ef207ef5e77377883c695.jpg"},{"id":4227961,"full_path":"https://salt.tikicdn.com/ts/review/35/a1/ff/15f0e8f6d7050ba776273990018b3d33.jpg"}],"created_at":1686126153,"created_by":{"id":28182745,"name":"Trung Doan","full_name":"Trung Doan","created_time":"2022-09-14 21:37:30","purchased":true,"purchased_at":1683186630},"product_id":145092091,"timeline":{"review_created_date":"2023-06-07 15:22:33","delivery_date":"2023-05-06 15:33:12"}},{"id":19564335,"title":"Cực kì hài lòng","content":"Sách bìa cứng đẹp, nội dung gồm các câu chuyện của danh nhân trung hoa  kèm lời bàn. Mua về đọc cũng khá thú vị","customer_id":14704573,"rating":5,"images":[],"created_at":1696222751,"created_by":{"id":14704573,"name":"Nguyễn Thảo Linh","full_name":"Nguyễn Thảo Linh","created_time":"2019-10-31 16:16:54","purchased":true,"purchased_at":1696000857},"product_id":145092091,"timeline":{"review_created_date":"2023-10-02 11:59:11","delivery_date":"2023-10-02 11:53:58"}},{"id":16891106,"title":"Cực kì hài lòng","content":"Sách nội dung rất hay, trình bày đẹp, giao hàng nhanh, bao bì gọn gàng, an toàn, chất lượng dịch vụ rất tốt. Sách là một bầu trời tri thức bổ ích. Chấm Tiki 9.5đ","customer_id":5335406,"rating":5,"images":[{"id":3639574,"full_path":"https://salt.tikicdn.com/ts/review/3d/51/24/b626ff8ce465f86561ff911346eefd8c.jpg"}],"created_at":1656566131,"created_by":{"id":5335406,"name":"Duy Anh Phạm","full_name":"Duy Anh Phạm","created_time":"2017-06-01 10:17:24","purchased":true,"purchased_at":1656345201},"product_id":145092091,"timeline":{"review_created_date":"2022-06-30 12:15:31","delivery_date":"2022-06-29 08:48:07"}},{"id":17084327,"title":"Cực kì hài lòng","content":"Một cuốn sách hay, giao nhanh, sách đẹp, mua hàng ở tiki luôn yên tâm về chất lượng, đầu tư cho tri thức luôn là khoản đầu tư đúng đắn. Luôn ủng hộ tiki","customer_id":8599820,"rating":5,"images":[{"id":3691702,"full_path":"https://salt.tikicdn.com/ts/review/a1/0c/3c/0fa969827b2d5f8aa06c58aa3f4a5eae.jpg"}],"created_at":1657937631,"created_by":{"id":8599820,"name":"Quang Trần","full_name":"Quang Trần","created_time":"2018-10-25 08:32:10","purchased":true,"purchased_at":1656997214},"product_id":145092091,"timeline":{"review_created_date":"2022-07-16 09:13:51","delivery_date":"2022-07-06 09:18:12"}},{"id":17032453,"title":"Cực kì hài lòng","content":"Mua hàng của hãng dododios rất sướng. Mua mấy sản phẩm của dododios rồi khá an tâm. Mn nên mua của shop dododios nha","customer_id":19064543,"rating":5,"images":[{"id":3734832,"full_path":"https://salt.tikicdn.com/ts/review/fd/64/ca/576073ac31eeda3abf784d8a1060d14e.jpg"},{"id":3734833,"full_path":"https://salt.tikicdn.com/ts/review/c8/6b/c9/5375cc13691ddeff8297ca6eccb65f34.jpg"}],"created_at":1657554069,"created_by":{"id":19064543,"name":"Nguyễn Tiến Dũng","full_name":"Nguyễn Tiến Dũng","created_time":"2020-11-03 21:59:08","purchased":true,"purchased_at":1657283480},"product_id":145092091,"timeline":{"review_created_date":"2022-07-11 22:41:09","delivery_date":"2022-07-11 15:39:39"}},{"id":19269684,"title":"Cực kì hài lòng","content":"sách đẹp","customer_id":28182745,"rating":5,"images":[{"id":4227960,"full_path":"https://salt.tikicdn.com/ts/review/88/92/08/7d977ced3c2ef207ef5e77377883c695.jpg"},{"id":4227961,"full_path":"https://salt.tikicdn.com/ts/review/35/a1/ff/15f0e8f6d7050ba776273990018b3d33.jpg"}],"created_at":1686126153,"created_by":{"id":28182745,"name":"Trung Doan","full_name":"Trung Doan","created_time":"2022-09-14 21:37:30","purchased":true,"purchased_at":1683186630},"product_id":145092091,"timeline":{"review_created_date":"2023-06-07 15:22:33","delivery_date":"2023-05-06 15:33:12"}},{"id":19564335,"title":"Cực kì hài lòng","content":"Sách bìa cứng đẹp, nội dung gồm các câu chuyện của danh nhân trung hoa  kèm lời bàn. Mua về đọc cũng khá thú vị","customer_id":14704573,"rating":5,"images":[],"created_at":1696222751,"created_by":{"id":14704573,"name":"Nguyễn Thảo Linh","full_name":"Nguyễn Thảo Linh","created_time":"2019-10-31 16:16:54","purchased":true,"purchased_at":1696000857},"product_id":145092091,"timeline":{"review_created_date":"2023-10-02 11:59:11","delivery_date":"2023-10-02 11:53:58"}},{"id":16891106,"title":"Cực kì hài lòng","content":"Sách nội dung rất hay, trình bày đẹp, giao hàng nhanh, bao bì gọn gàng, an toàn, chất lượng dịch vụ rất tốt. Sách là một bầu trời tri thức bổ ích. Chấm Tiki 9.5đ","customer_id":5335406,"rating":5,"images":[{"id":3639574,"full_path":"https://salt.tikicdn.com/ts/review/3d/51/24/b626ff8ce465f86561ff911346eefd8c.jpg"}],"created_at":1656566131,"created_by":{"id":5335406,"name":"Duy Anh Phạm","full_name":"Duy Anh Phạm","created_time":"2017-06-01 10:17:24","purchased":true,"purchased_at":1656345201},"product_id":145092091,"timeline":{"review_created_date":"2022-06-30 12:15:31","delivery_date":"2022-06-29 08:48:07"}},{"id":17084327,"title":"Cực kì hài lòng","content":"Một cuốn sách hay, giao nhanh, sách đẹp, mua hàng ở tiki luôn yên tâm về chất lượng, đầu tư cho tri thức luôn là khoản đầu tư đúng đắn. Luôn ủng hộ tiki","customer_id":8599820,"rating":5,"images":[{"id":3691702,"full_path":"https://salt.tikicdn.com/ts/review/a1/0c/3c/0fa969827b2d5f8aa06c58aa3f4a5eae.jpg"}],"created_at":1657937631,"created_by":{"id":8599820,"name":"Quang Trần","full_name":"Quang Trần","created_time":"2018-10-25 08:32:10","purchased":true,"purchased_at":1656997214},"product_id":145092091,"timeline":{"review_created_date":"2022-07-16 09:13:51","delivery_date":"2022-07-06 09:18:12"}},{"id":17032453,"title":"Cực kì hài lòng","content":"Mua hàng của hãng dododios rất sướng. Mua mấy sản phẩm của dododios rồi khá an tâm. Mn nên mua của shop dododios nha","customer_id":19064543,"rating":5,"images":[{"id":3734832,"full_path":"https://salt.tikicdn.com/ts/review/fd/64/ca/576073ac31eeda3abf784d8a1060d14e.jpg"},{"id":3734833,"full_path":"https://salt.tikicdn.com/ts/review/c8/6b/c9/5375cc13691ddeff8297ca6eccb65f34.jpg"}],"created_at":1657554069,"created_by":{"id":19064543,"name":"Nguyễn Tiến Dũng","full_name":"Nguyễn Tiến Dũng","created_time":"2020-11-03 21:59:08","purchased":true,"purchased_at":1657283480},"product_id":145092091,"timeline":{"review_created_date":"2022-07-11 22:41:09","delivery_date":"2022-07-11 15:39:39"}},{"id":19269684,"title":"Cực kì hài lòng","content":"sách đẹp","customer_id":28182745,"rating":5,"images":[{"id":4227960,"full_path":"https://salt.tikicdn.com/ts/review/88/92/08/7d977ced3c2ef207ef5e77377883c695.jpg"},{"id":4227961,"full_path":"https://salt.tikicdn.com/ts/review/35/a1/ff/15f0e8f6d7050ba776273990018b3d33.jpg"}],"created_at":1686126153,"created_by":{"id":28182745,"name":"Trung Doan","full_name":"Trung Doan","created_time":"2022-09-14 21:37:30","purchased":true,"purchased_at":1683186630},"product_id":145092091,"timeline":{"review_created_date":"2023-06-07 15:22:33","delivery_date":"2023-05-06 15:33:12"}}]}