{"id":14512563,"dbId":11943,"createdAt":1554830845000,"name":"Đạo Mộ Truy Tung","short_description":"Đạo Mộ Tuy TungMột ngôi mộ cổ được phát hiện thấy dưới nền đất một nhà máy thép cũ kĩ trong trấn Hổ Phù, tin tức này truyền đi khắp nơi với tốc độ cực nhanh, nó không chỉ khiến giới khảo cổ quan tâm ...","description":"\u003cp\u003e\u003cstrong\u003eĐạo Mộ Tuy Tung\u003c/strong\u003e\u003c/p\u003e\n\u003cp\u003eMột ngôi mộ cổ được phát hiện thấy dưới nền đất một nhà máy thép cũ kĩ trong trấn Hổ Phù, tin tức này truyền đi khắp nơi với tốc độ cực nhanh, nó không chỉ khiến giới khảo cổ quan tâm mà còn khiến giới trộm mộ chú ý. Do vị trí quá vắng vẻ hiểm trở, thiếu hụt lực lượng cảnh sát và nhân viên chuyên nghiệp, sở trưởng Lưu của cục cảnh sát địa phương lệnh cho Đội trưởng Đội bảo vệ từng đạt giải quán quân võ thuật Đạ Nã phụ trách bảo vệ ngôi mộ cổ. Trong thời gian ấy, Thần Trộm và Yên Nhi, cặp đôi trộm mộ công nghệ cao nghe tin tìm đến, các thế lực trộm mộ khác cũng triển khai hành động. Đại Nã vừa phải đối phó với các thế lực đạo tặc và tộc làng Người giữ mộ, vừa phải đề phòng gián điệp Lão Sa. Thị trấn nhỏ dậy sóng, rốt cuộc ai mới có thể vạch trần tất cả bí mật của cổ mộ đây?\u003c/p\u003e\n\u003cp\u003eThông Tin Tác Giả\u003c/p\u003e\n\u003cp\u003eXà Tùng Cách, tên thật Từ Vân Phong, sinh năm 1977 tại huyện Ngũ Gia Cương thành phố Nghi Xương tỉnh Hồ Bắc Trung Quốc. Tháng 4/2010, vì buồn chán mà bắt đầu viết văn trên trang Thiên Nhai. Nay ông là một trong các tác gia truyện trinh thám nổi tiếng nhất Trung Quốc, fan của ông đâu đâu cũng có, độc giả của ông đâu đâu cũng thấy, địa vị của ông trong giới truyện trinh thám Trung Quốc tương đương với Trịnh Uyên Khiết trong giới truyện cổ tích hiện đại. Người người đều yêu, nhà nhà đều thích!\u003c/p\u003e\u003cp\u003eGiá sản phẩm trên Tiki đã bao gồm thuế theo luật hiện hành. Bên cạnh đó, tuỳ vào loại sản phẩm, hình thức và địa chỉ giao hàng mà có thể phát sinh thêm chi phí khác như phí vận chuyển, phụ phí hàng cồng kềnh, thuế nhập khẩu (đối với đơn hàng giao từ nước ngoài có giá trị trên 1 triệu đồng).....\u003c/p\u003e","original_price":175000.0,"thumbnail_url":"https://salt.tikicdn.com/cache/280x280/ts/product/3e/6a/96/aa1f0d3a5fa67e6a7e429b1f4ee877bc.jpg","images":[{"base_url":"https://salt.tikicdn.com/ts/product/3e/6a/96/aa1f0d3a5fa67e6a7e429b1f4ee877bc.jpg","dbId":31735}],"authors":[{"id":372821,"name":"Xà Tùng Cách ","dbId":6261}],"specifications":[{"name":"Thông tin chung","attributes":[{"name":"Công ty phát hành","value":"Owlbooks"},{"name":"Ngày xuất bản","value":"2019-04-01 00:27:25"},{"name":"Dịch Giả","value":"Vân Ca"},{"name":"Loại bìa","value":"Bìa mềm"},{"name":"Số trang","value":"540"},{"name":"Nhà xuất bản","value":"Nhà Xuất Bản Văn Học"},{"code":"PUBLICATION_DATE","name":"Kích thước","value":"16 x 24 cm"}]}],"stock_item":{"qty":1000},"all_time_quantity_sold":2,"reviews":[{"id":9580657,"title":"Cực kì hài lòng","content":"Sách mới đặt mua hôm trước mà hôm sau đã nhận được rồi, chưa có thời gian để đọc quyển Đạo Mộ Truy Tung này, nhưng tôi rất hài lòng khi nhận được sách từ nhân viên giao hàng, anh ta rất nhiệt tình và vui vẻ, sách mới cáu cạnh...Tôi sẽ tiếp tục ủng hộ mua sách của Tiki nhiều hơn nữa...đánh giá 5 sao...?","customer_id":1548524,"rating":5,"images":[{"id":1940324,"full_path":"https://salt.tikicdn.com/ts/review/29/b2/ad/30beb0db13e569fd0bad56645cb9a074.jpg"},{"id":1940325,"full_path":"https://salt.tikicdn.com/ts/review/60/3c/ff/c9c975a9f28210f9245669dbca4fd2e6.jpg"},{"id":1940326,"full_path":"https://salt.tikicdn.com/ts/review/61/bf/fa/c7f4deda7586c0af4246c29870073565.jpg"}],"created_at":1620466834,"created_by":{"id":1548524,"name":"Châu Bá Hiệp","full_name":"Châu Bá Hiệp","created_time":"2016-07-28 23:05:56","purchased":true,"purchased_at":1620230365},"product_id":14512563,"timeline":{"review_created_date":"2021-05-08 16:40:34","delivery_date":"2021-05-06 13:28:12"}},{"id":4998190,"title":"Cực kì hài lòng","content":"chưa bao giờ thất vọng về thời gian giao hàng của tiki cả, đặt hàng hôm trc , hôm sau đã có. mình mua vào đợt sale 80% , nghĩ là chất lượng sẽ không tốt đâu, nhưng ai dè đẹp và ổn không tưởng. giấy đẹp, bìa đẹp, có cả màng co lần này để bảo vệ sách. đóng gói chắc chắn. a shipper thân thiện, sẽ ủng hộ vào đợt tới. giờ thì đi nghiền sách đây!","customer_id":8215940,"rating":5,"images":[{"id":1208865,"full_path":"https://salt.tikicdn.com/ts/review/a5/01/f4/5913f6e6850fd67f89749a87dfde3e44.jpg"},{"id":1208866,"full_path":"https://salt.tikicdn.com/ts/review/49/21/fb/3f263f85f9616216679fe2afb48f171c.jpg"},{"id":1208867,"full_path":"https://salt.tikicdn.com/ts/review/b5/7e/fd/ca484efff2a113cea2c119d4a275c8e0.jpg"}],"created_at":1601175316,"created_by":{"id":8215940,"name":"Lê Hường","full_name":"Lê Hường","created_time":"2018-10-03 12:35:53","purchased":true,"purchased_at":1600959109},"product_id":14512563,"timeline":{"review_created_date":"2020-09-27 09:55:16","delivery_date":"2020-09-27 09:30:07"}},{"id":16627448,"title":"Cực kì hài lòng","content":"Nghe nói sách hay nên mua về\nGặp dịp giá tốt nữa\nNói chung là cảm ơn shop nhiều, cảm ơn tiki\nCảm ơn bố mẹ đã sinh ra con để con săn sale và đọc sách ☺️☺️☺️","customer_id":20057540,"rating":5,"images":[{"id":3557051,"full_path":"https://salt.tikicdn.com/ts/review/d5/99/17/4daf38c5523a8eb6473695b69c8b10e1.jpg"},{"id":3557052,"full_path":"https://salt.tikicdn.com/ts/review/e9/ae/7d/e1be47428e19dc33d732936b8dfeca6f.jpg"}],"created_at":1654687404,"created_by":{"id":20057540,"name":"nguyễn thị tính","full_name":"nguyễn thị tính","created_time":"2021-01-26 19:10:44","purchased":true,"purchased_at":1649124743},"product_id":14512563,"timeline":{"review_created_date":"2022-06-08 18:23:24","delivery_date":"2022-04-08 16:50:30"}},{"id":7255488,"title":"Cực kì hài lòng","content":"Đánh giá về cuốn này: Sách mới, bìa đẹp, giấy thơm, chất lượng bản in tốt, quà tặng phụ kiện tặng kèm đầy đủ, giao hàng nhanh. Mạnh dạn đánh giá max 5 sao. Chia sẻ bên lề: Mình cảm thấy rất may mắn khi chưa bao giờ mua sách trên Tiki mà không như mong đợi cả. Khuyên các bạn nên mua của nhà cung cấp Tiki Trading, vừa được giá tốt, chất lượng lại ok. Nên mua sách lẻ để sử dụng được Bookcare đối với ai cầu toàn hay mua về sưu tầm. Không nên mua combo hay trọn bộ vì chỉ có màng nilong mỏng bọc quanh bộ, nếu quá trình vận chuyển không cẩn thận nó rất dễ bị rách và hư hỏng sách bên trong. Không nên mua sách bìa cứng vận chuyển dễ bị gãy gáy sách, chất liệu giấy thường không tốt và khó bọc. Một lần nữa, Tiki Trading không làm mình thất vọng.","customer_id":2172499,"rating":5,"images":[{"id":3898546,"full_path":"https://salt.tikicdn.com/ts/review/24/a4/60/132d774bdb990c7f76692fa8d81751c2.jpg"}],"created_at":1611631299,"created_by":{"id":2172499,"name":"Ước Phùng","full_name":"Ước Phùng","created_time":"2017-02-15 12:31:45","purchased":true,"purchased_at":1611235114},"product_id":14512563,"timeline":{"review_created_date":"2021-01-26 10:21:39","delivery_date":"2021-01-26 10:06:10"}},{"id":16072010,"title":"Không hài lòng","content":"Truyện dài, nhưng là dài dòng lê thê, viết chưa tới, nhân vật tính cách mờ nhạt, cốt truyện đạo mộ nhưng chưa tới, lỗi chính tả của bên biên tập quá nhiều.","customer_id":52094,"rating":2,"images":[],"created_at":1650805984,"created_by":{"id":52094,"name":"Nguyễn Quốc Huy","full_name":"Nguyễn Quốc Huy","created_time":"2012-08-18 16:15:12","purchased":true,"purchased_at":1647826111},"product_id":14512563,"timeline":{"review_created_date":"2022-04-24 20:13:04","delivery_date":"2022-03-21 10:08:51"}},{"id":9580657,"title":"Cực kì hài lòng","content":"Sách mới đặt mua hôm trước mà hôm sau đã nhận được rồi, chưa có thời gian để đọc quyển Đạo Mộ Truy Tung này, nhưng tôi rất hài lòng khi nhận được sách từ nhân viên giao hàng, anh ta rất nhiệt tình và vui vẻ, sách mới cáu cạnh...Tôi sẽ tiếp tục ủng hộ mua sách của Tiki nhiều hơn nữa...đánh giá 5 sao...?","customer_id":1548524,"rating":5,"images":[{"id":1940324,"full_path":"https://salt.tikicdn.com/ts/review/29/b2/ad/30beb0db13e569fd0bad56645cb9a074.jpg"},{"id":1940325,"full_path":"https://salt.tikicdn.com/ts/review/60/3c/ff/c9c975a9f28210f9245669dbca4fd2e6.jpg"},{"id":1940326,"full_path":"https://salt.tikicdn.com/ts/review/61/bf/fa/c7f4deda7586c0af4246c29870073565.jpg"}],"created_at":1620466834,"created_by":{"id":1548524,"name":"Châu Bá Hiệp","full_name":"Châu Bá Hiệp","created_time":"2016-07-28 23:05:56","purchased":true,"purchased_at":1620230365},"product_id":14512563,"timeline":{"review_created_date":"2021-05-08 16:40:34","delivery_date":"2021-05-06 13:28:12"}},{"id":4998190,"title":"Cực kì hài lòng","content":"chưa bao giờ thất vọng về thời gian giao hàng của tiki cả, đặt hàng hôm trc , hôm sau đã có. mình mua vào đợt sale 80% , nghĩ là chất lượng sẽ không tốt đâu, nhưng ai dè đẹp và ổn không tưởng. giấy đẹp, bìa đẹp, có cả màng co lần này để bảo vệ sách. đóng gói chắc chắn. a shipper thân thiện, sẽ ủng hộ vào đợt tới. giờ thì đi nghiền sách đây!","customer_id":8215940,"rating":5,"images":[{"id":1208865,"full_path":"https://salt.tikicdn.com/ts/review/a5/01/f4/5913f6e6850fd67f89749a87dfde3e44.jpg"},{"id":1208866,"full_path":"https://salt.tikicdn.com/ts/review/49/21/fb/3f263f85f9616216679fe2afb48f171c.jpg"},{"id":1208867,"full_path":"https://salt.tikicdn.com/ts/review/b5/7e/fd/ca484efff2a113cea2c119d4a275c8e0.jpg"}],"created_at":1601175316,"created_by":{"id":8215940,"name":"Lê Hường","full_name":"Lê Hường","created_time":"2018-10-03 12:35:53","purchased":true,"purchased_at":1600959109},"product_id":14512563,"timeline":{"review_created_date":"2020-09-27 09:55:16","delivery_date":"2020-09-27 09:30:07"}},{"id":16627448,"title":"Cực kì hài lòng","content":"Nghe nói sách hay nên mua về\nGặp dịp giá tốt nữa\nNói chung là cảm ơn shop nhiều, cảm ơn tiki\nCảm ơn bố mẹ đã sinh ra con để con săn sale và đọc sách ☺️☺️☺️","customer_id":20057540,"rating":5,"images":[{"id":3557051,"full_path":"https://salt.tikicdn.com/ts/review/d5/99/17/4daf38c5523a8eb6473695b69c8b10e1.jpg"},{"id":3557052,"full_path":"https://salt.tikicdn.com/ts/review/e9/ae/7d/e1be47428e19dc33d732936b8dfeca6f.jpg"}],"created_at":1654687404,"created_by":{"id":20057540,"name":"nguyễn thị tính","full_name":"nguyễn thị tính","created_time":"2021-01-26 19:10:44","purchased":true,"purchased_at":1649124743},"product_id":14512563,"timeline":{"review_created_date":"2022-06-08 18:23:24","delivery_date":"2022-04-08 16:50:30"}},{"id":7255488,"title":"Cực kì hài lòng","content":"Đánh giá về cuốn này: Sách mới, bìa đẹp, giấy thơm, chất lượng bản in tốt, quà tặng phụ kiện tặng kèm đầy đủ, giao hàng nhanh. Mạnh dạn đánh giá max 5 sao. Chia sẻ bên lề: Mình cảm thấy rất may mắn khi chưa bao giờ mua sách trên Tiki mà không như mong đợi cả. Khuyên các bạn nên mua của nhà cung cấp Tiki Trading, vừa được giá tốt, chất lượng lại ok. Nên mua sách lẻ để sử dụng được Bookcare đối với ai cầu toàn hay mua về sưu tầm. Không nên mua combo hay trọn bộ vì chỉ có màng nilong mỏng bọc quanh bộ, nếu quá trình vận chuyển không cẩn thận nó rất dễ bị rách và hư hỏng sách bên trong. Không nên mua sách bìa cứng vận chuyển dễ bị gãy gáy sách, chất liệu giấy thường không tốt và khó bọc. Một lần nữa, Tiki Trading không làm mình thất vọng.","customer_id":2172499,"rating":5,"images":[{"id":3898546,"full_path":"https://salt.tikicdn.com/ts/review/24/a4/60/132d774bdb990c7f76692fa8d81751c2.jpg"}],"created_at":1611631299,"created_by":{"id":2172499,"name":"Ước Phùng","full_name":"Ước Phùng","created_time":"2017-02-15 12:31:45","purchased":true,"purchased_at":1611235114},"product_id":14512563,"timeline":{"review_created_date":"2021-01-26 10:21:39","delivery_date":"2021-01-26 10:06:10"}},{"id":16072010,"title":"Không hài lòng","content":"Truyện dài, nhưng là dài dòng lê thê, viết chưa tới, nhân vật tính cách mờ nhạt, cốt truyện đạo mộ nhưng chưa tới, lỗi chính tả của bên biên tập quá nhiều.","customer_id":52094,"rating":2,"images":[],"created_at":1650805984,"created_by":{"id":52094,"name":"Nguyễn Quốc Huy","full_name":"Nguyễn Quốc Huy","created_time":"2012-08-18 16:15:12","purchased":true,"purchased_at":1647826111},"product_id":14512563,"timeline":{"review_created_date":"2022-04-24 20:13:04","delivery_date":"2022-03-21 10:08:51"}},{"id":9580657,"title":"Cực kì hài lòng","content":"Sách mới đặt mua hôm trước mà hôm sau đã nhận được rồi, chưa có thời gian để đọc quyển Đạo Mộ Truy Tung này, nhưng tôi rất hài lòng khi nhận được sách từ nhân viên giao hàng, anh ta rất nhiệt tình và vui vẻ, sách mới cáu cạnh...Tôi sẽ tiếp tục ủng hộ mua sách của Tiki nhiều hơn nữa...đánh giá 5 sao...?","customer_id":1548524,"rating":5,"images":[{"id":1940324,"full_path":"https://salt.tikicdn.com/ts/review/29/b2/ad/30beb0db13e569fd0bad56645cb9a074.jpg"},{"id":1940325,"full_path":"https://salt.tikicdn.com/ts/review/60/3c/ff/c9c975a9f28210f9245669dbca4fd2e6.jpg"},{"id":1940326,"full_path":"https://salt.tikicdn.com/ts/review/61/bf/fa/c7f4deda7586c0af4246c29870073565.jpg"}],"created_at":1620466834,"created_by":{"id":1548524,"name":"Châu Bá Hiệp","full_name":"Châu Bá Hiệp","created_time":"2016-07-28 23:05:56","purchased":true,"purchased_at":1620230365},"product_id":14512563,"timeline":{"review_created_date":"2021-05-08 16:40:34","delivery_date":"2021-05-06 13:28:12"}},{"id":4998190,"title":"Cực kì hài lòng","content":"chưa bao giờ thất vọng về thời gian giao hàng của tiki cả, đặt hàng hôm trc , hôm sau đã có. mình mua vào đợt sale 80% , nghĩ là chất lượng sẽ không tốt đâu, nhưng ai dè đẹp và ổn không tưởng. giấy đẹp, bìa đẹp, có cả màng co lần này để bảo vệ sách. đóng gói chắc chắn. a shipper thân thiện, sẽ ủng hộ vào đợt tới. giờ thì đi nghiền sách đây!","customer_id":8215940,"rating":5,"images":[{"id":1208865,"full_path":"https://salt.tikicdn.com/ts/review/a5/01/f4/5913f6e6850fd67f89749a87dfde3e44.jpg"},{"id":1208866,"full_path":"https://salt.tikicdn.com/ts/review/49/21/fb/3f263f85f9616216679fe2afb48f171c.jpg"},{"id":1208867,"full_path":"https://salt.tikicdn.com/ts/review/b5/7e/fd/ca484efff2a113cea2c119d4a275c8e0.jpg"}],"created_at":1601175316,"created_by":{"id":8215940,"name":"Lê Hường","full_name":"Lê Hường","created_time":"2018-10-03 12:35:53","purchased":true,"purchased_at":1600959109},"product_id":14512563,"timeline":{"review_created_date":"2020-09-27 09:55:16","delivery_date":"2020-09-27 09:30:07"}},{"id":16627448,"title":"Cực kì hài lòng","content":"Nghe nói sách hay nên mua về\nGặp dịp giá tốt nữa\nNói chung là cảm ơn shop nhiều, cảm ơn tiki\nCảm ơn bố mẹ đã sinh ra con để con săn sale và đọc sách ☺️☺️☺️","customer_id":20057540,"rating":5,"images":[{"id":3557051,"full_path":"https://salt.tikicdn.com/ts/review/d5/99/17/4daf38c5523a8eb6473695b69c8b10e1.jpg"},{"id":3557052,"full_path":"https://salt.tikicdn.com/ts/review/e9/ae/7d/e1be47428e19dc33d732936b8dfeca6f.jpg"}],"created_at":1654687404,"created_by":{"id":20057540,"name":"nguyễn thị tính","full_name":"nguyễn thị tính","created_time":"2021-01-26 19:10:44","purchased":true,"purchased_at":1649124743},"product_id":14512563,"timeline":{"review_created_date":"2022-06-08 18:23:24","delivery_date":"2022-04-08 16:50:30"}},{"id":7255488,"title":"Cực kì hài lòng","content":"Đánh giá về cuốn này: Sách mới, bìa đẹp, giấy thơm, chất lượng bản in tốt, quà tặng phụ kiện tặng kèm đầy đủ, giao hàng nhanh. Mạnh dạn đánh giá max 5 sao. Chia sẻ bên lề: Mình cảm thấy rất may mắn khi chưa bao giờ mua sách trên Tiki mà không như mong đợi cả. Khuyên các bạn nên mua của nhà cung cấp Tiki Trading, vừa được giá tốt, chất lượng lại ok. Nên mua sách lẻ để sử dụng được Bookcare đối với ai cầu toàn hay mua về sưu tầm. Không nên mua combo hay trọn bộ vì chỉ có màng nilong mỏng bọc quanh bộ, nếu quá trình vận chuyển không cẩn thận nó rất dễ bị rách và hư hỏng sách bên trong. Không nên mua sách bìa cứng vận chuyển dễ bị gãy gáy sách, chất liệu giấy thường không tốt và khó bọc. Một lần nữa, Tiki Trading không làm mình thất vọng.","customer_id":2172499,"rating":5,"images":[{"id":3898546,"full_path":"https://salt.tikicdn.com/ts/review/24/a4/60/132d774bdb990c7f76692fa8d81751c2.jpg"}],"created_at":1611631299,"created_by":{"id":2172499,"name":"Ước Phùng","full_name":"Ước Phùng","created_time":"2017-02-15 12:31:45","purchased":true,"purchased_at":1611235114},"product_id":14512563,"timeline":{"review_created_date":"2021-01-26 10:21:39","delivery_date":"2021-01-26 10:06:10"}},{"id":16072010,"title":"Không hài lòng","content":"Truyện dài, nhưng là dài dòng lê thê, viết chưa tới, nhân vật tính cách mờ nhạt, cốt truyện đạo mộ nhưng chưa tới, lỗi chính tả của bên biên tập quá nhiều.","customer_id":52094,"rating":2,"images":[],"created_at":1650805984,"created_by":{"id":52094,"name":"Nguyễn Quốc Huy","full_name":"Nguyễn Quốc Huy","created_time":"2012-08-18 16:15:12","purchased":true,"purchased_at":1647826111},"product_id":14512563,"timeline":{"review_created_date":"2022-04-24 20:13:04","delivery_date":"2022-03-21 10:08:51"}},{"id":9580657,"title":"Cực kì hài lòng","content":"Sách mới đặt mua hôm trước mà hôm sau đã nhận được rồi, chưa có thời gian để đọc quyển Đạo Mộ Truy Tung này, nhưng tôi rất hài lòng khi nhận được sách từ nhân viên giao hàng, anh ta rất nhiệt tình và vui vẻ, sách mới cáu cạnh...Tôi sẽ tiếp tục ủng hộ mua sách của Tiki nhiều hơn nữa...đánh giá 5 sao...?","customer_id":1548524,"rating":5,"images":[{"id":1940324,"full_path":"https://salt.tikicdn.com/ts/review/29/b2/ad/30beb0db13e569fd0bad56645cb9a074.jpg"},{"id":1940325,"full_path":"https://salt.tikicdn.com/ts/review/60/3c/ff/c9c975a9f28210f9245669dbca4fd2e6.jpg"},{"id":1940326,"full_path":"https://salt.tikicdn.com/ts/review/61/bf/fa/c7f4deda7586c0af4246c29870073565.jpg"}],"created_at":1620466834,"created_by":{"id":1548524,"name":"Châu Bá Hiệp","full_name":"Châu Bá Hiệp","created_time":"2016-07-28 23:05:56","purchased":true,"purchased_at":1620230365},"product_id":14512563,"timeline":{"review_created_date":"2021-05-08 16:40:34","delivery_date":"2021-05-06 13:28:12"}},{"id":4998190,"title":"Cực kì hài lòng","content":"chưa bao giờ thất vọng về thời gian giao hàng của tiki cả, đặt hàng hôm trc , hôm sau đã có. mình mua vào đợt sale 80% , nghĩ là chất lượng sẽ không tốt đâu, nhưng ai dè đẹp và ổn không tưởng. giấy đẹp, bìa đẹp, có cả màng co lần này để bảo vệ sách. đóng gói chắc chắn. a shipper thân thiện, sẽ ủng hộ vào đợt tới. giờ thì đi nghiền sách đây!","customer_id":8215940,"rating":5,"images":[{"id":1208865,"full_path":"https://salt.tikicdn.com/ts/review/a5/01/f4/5913f6e6850fd67f89749a87dfde3e44.jpg"},{"id":1208866,"full_path":"https://salt.tikicdn.com/ts/review/49/21/fb/3f263f85f9616216679fe2afb48f171c.jpg"},{"id":1208867,"full_path":"https://salt.tikicdn.com/ts/review/b5/7e/fd/ca484efff2a113cea2c119d4a275c8e0.jpg"}],"created_at":1601175316,"created_by":{"id":8215940,"name":"Lê Hường","full_name":"Lê Hường","created_time":"2018-10-03 12:35:53","purchased":true,"purchased_at":1600959109},"product_id":14512563,"timeline":{"review_created_date":"2020-09-27 09:55:16","delivery_date":"2020-09-27 09:30:07"}},{"id":16627448,"title":"Cực kì hài lòng","content":"Nghe nói sách hay nên mua về\nGặp dịp giá tốt nữa\nNói chung là cảm ơn shop nhiều, cảm ơn tiki\nCảm ơn bố mẹ đã sinh ra con để con săn sale và đọc sách ☺️☺️☺️","customer_id":20057540,"rating":5,"images":[{"id":3557051,"full_path":"https://salt.tikicdn.com/ts/review/d5/99/17/4daf38c5523a8eb6473695b69c8b10e1.jpg"},{"id":3557052,"full_path":"https://salt.tikicdn.com/ts/review/e9/ae/7d/e1be47428e19dc33d732936b8dfeca6f.jpg"}],"created_at":1654687404,"created_by":{"id":20057540,"name":"nguyễn thị tính","full_name":"nguyễn thị tính","created_time":"2021-01-26 19:10:44","purchased":true,"purchased_at":1649124743},"product_id":14512563,"timeline":{"review_created_date":"2022-06-08 18:23:24","delivery_date":"2022-04-08 16:50:30"}},{"id":7255488,"title":"Cực kì hài lòng","content":"Đánh giá về cuốn này: Sách mới, bìa đẹp, giấy thơm, chất lượng bản in tốt, quà tặng phụ kiện tặng kèm đầy đủ, giao hàng nhanh. Mạnh dạn đánh giá max 5 sao. Chia sẻ bên lề: Mình cảm thấy rất may mắn khi chưa bao giờ mua sách trên Tiki mà không như mong đợi cả. Khuyên các bạn nên mua của nhà cung cấp Tiki Trading, vừa được giá tốt, chất lượng lại ok. Nên mua sách lẻ để sử dụng được Bookcare đối với ai cầu toàn hay mua về sưu tầm. Không nên mua combo hay trọn bộ vì chỉ có màng nilong mỏng bọc quanh bộ, nếu quá trình vận chuyển không cẩn thận nó rất dễ bị rách và hư hỏng sách bên trong. Không nên mua sách bìa cứng vận chuyển dễ bị gãy gáy sách, chất liệu giấy thường không tốt và khó bọc. Một lần nữa, Tiki Trading không làm mình thất vọng.","customer_id":2172499,"rating":5,"images":[{"id":3898546,"full_path":"https://salt.tikicdn.com/ts/review/24/a4/60/132d774bdb990c7f76692fa8d81751c2.jpg"}],"created_at":1611631299,"created_by":{"id":2172499,"name":"Ước Phùng","full_name":"Ước Phùng","created_time":"2017-02-15 12:31:45","purchased":true,"purchased_at":1611235114},"product_id":14512563,"timeline":{"review_created_date":"2021-01-26 10:21:39","delivery_date":"2021-01-26 10:06:10"}},{"id":16072010,"title":"Không hài lòng","content":"Truyện dài, nhưng là dài dòng lê thê, viết chưa tới, nhân vật tính cách mờ nhạt, cốt truyện đạo mộ nhưng chưa tới, lỗi chính tả của bên biên tập quá nhiều.","customer_id":52094,"rating":2,"images":[],"created_at":1650805984,"created_by":{"id":52094,"name":"Nguyễn Quốc Huy","full_name":"Nguyễn Quốc Huy","created_time":"2012-08-18 16:15:12","purchased":true,"purchased_at":1647826111},"product_id":14512563,"timeline":{"review_created_date":"2022-04-24 20:13:04","delivery_date":"2022-03-21 10:08:51"}}]}