{"id":145898395,"dbId":10536,"createdAt":1640538000000,"name":"Hoàng Tử Thiên Tài - Hành Trình Gây Dựng Lại Đất Nước Đang Lâm Nguy (Tập 2) ","short_description":"Hoàng Tử Thiên Tài - Hành Trình Gây Dựng Lại Đất Nước Đang Lâm Nguy (Tập 2)Sau khi giành chiến thắng trong cuộc chiến với nước láng giềng chỉ bằng một lực lượng binh lực ít ỏi và khiến cho danh tiếng...","description":"\u003cp style\u003d\"text-align: justify;\"\u003e\u003cstrong\u003eHoàng Tử Thiên Tài - Hành Trình Gây Dựng Lại Đất Nước Đang Lâm Nguy (Tập 2)\u003c/strong\u003e\u003c/p\u003e\n\u003cp style\u003d\"text-align: justify;\"\u003eSau khi giành chiến thắng trong cuộc chiến với nước láng giềng chỉ bằng một lực lượng binh lực ít ỏi và khiến cho danh tiếng của mình vang xa, công chúa Lowermina của đế quốc Earthwold – người đang gặp phải sóng gió trong cuộc chiến tranh giành ngôi vị đã đột ngột đến gặp Wayne để bàn về chuyện hôn nhân!? Mặc dù đã cảnh giác không để mọi chuyện diễn ra “quá suôn sẻ”, nhưng anh lại không thể ngăn nổi sự ồn ào đến từ những người xung quanh khi mối quan hệ giữa Wayne và đế quốc ngày càng trở nên sâu sắc hơn. Thêm vào đó, lời cầu hôn đến từ vị công chúa đang chuẩn bị tham dự buổi “mai mối không chính thức” này cũng ẩn chứa rất nhiều tham vọng đằng sau.\u003c/p\u003e\n\u003cp style\u003d\"text-align: justify;\"\u003e“Thật sự muốn từ chối màaaaaaaaa!”\u003c/p\u003e\n\u003cp style\u003d\"text-align: justify;\"\u003eChương tiếp theo về vị hoàng tử trên con đường gây dựng lại đất nước đang lâm nguy của mình xin được chính thức mở ra tại đây.\u003c/p\u003e\u003cp\u003eGiá sản phẩm trên Tiki đã bao gồm thuế theo luật hiện hành. Bên cạnh đó, tuỳ vào loại sản phẩm, hình thức và địa chỉ giao hàng mà có thể phát sinh thêm chi phí khác như phí vận chuyển, phụ phí hàng cồng kềnh, thuế nhập khẩu (đối với đơn hàng giao từ nước ngoài có giá trị trên 1 triệu đồng).....\u003c/p\u003e","original_price":159000.0,"thumbnail_url":"https://salt.tikicdn.com/cache/280x280/ts/product/7c/75/0c/0722d4a9c2a228e948dcb3a2dbeead46.jpg","images":[{"base_url":"https://salt.tikicdn.com/ts/product/7c/75/0c/0722d4a9c2a228e948dcb3a2dbeead46.jpg","dbId":28108},{"base_url":"https://salt.tikicdn.com/ts/product/47/8b/20/e69c9bb263c8d58d4643855b779d8d08.jpg","dbId":28109}],"authors":[{"id":4674913,"name":"Toru Toba","dbId":5519}],"specifications":[{"name":"Thông tin chung","attributes":[{"name":"Phiên bản sách","value":"Phiên bản thường"},{"name":"Công ty phát hành","value":"Tsuki LightNovel"},{"name":"Ngày xuất bản","value":"2021-12-12 00:00:00"},{"name":"Dịch Giả","value":"Ngọc Huyền"},{"name":"Loại bìa","value":"Bìa mềm"},{"name":"Số trang","value":"486"},{"name":"Nhà xuất bản","value":"Nhà Xuất Bản Thế Giới"},{"code":"PUBLICATION_DATE","name":"Kích thước","value":"13 x 18 cm"}]}],"stock_item":{"qty":1000},"all_time_quantity_sold":778,"reviews":[{"id":18059149,"title":"Cực kì hài lòng","content":"“Quả nhiên là Điện hạ! Nhắm đến cả điều này!”\r\n\r\n“Thần sẽ theo ngài đến bất cứ nơi đâu!”\r\n\r\n(Tại sao mọi việc lại thành ra như thế này rồi!?)\r\ngiao hàng nhanh nhưng mà chống sốc đúng kiểu pháp sư luôn","customer_id":15746569,"rating":5,"images":[{"id":3968219,"full_path":"https://salt.tikicdn.com/ts/review/c3/23/d9/ac98b0bdf86efba8f768b66583db9d6e.jpg"}],"created_at":1666840804,"created_by":{"id":15746569,"name":"Nguyễn Thanh Nhả","full_name":"Nguyễn Thanh Nhả","created_time":"2019-12-30 20:47:07","purchased":true,"purchased_at":1666594804},"product_id":145898395,"timeline":{"review_created_date":"2022-10-27 10:20:04","delivery_date":"2022-10-25 09:08:17"}},{"id":14847188,"title":"Cực kì hài lòng","content":"giao hàng nhanh, chất lượng sản phẩm rất tốt nhưng tiki nên có thêm lớp chống sốc để bảo vệ sách tốt hơn, tình tiết truyện thú vị, đáng để mong chờ tập sau.","customer_id":18649091,"rating":5,"images":[{"id":3106939,"full_path":"https://salt.tikicdn.com/ts/review/a0/44/2e/13850f2f3e4b14ad27e73eaf81420131.jpg"},{"id":3106940,"full_path":"https://salt.tikicdn.com/ts/review/c8/7d/40/65c2ca8476b108c8bc98f5a52a029999.jpg"},{"id":3106941,"full_path":"https://salt.tikicdn.com/ts/review/83/22/98/5375f6bae182176c1462835da160a4a4.jpg"},{"id":3106942,"full_path":"https://salt.tikicdn.com/ts/review/68/3d/53/6419bf5930f2810593e1cd7d48d0d176.jpg"}],"created_at":1644316859,"created_by":{"id":18649091,"name":"Vũ Minh Hải","full_name":"Vũ Minh Hải","created_time":"2020-10-02 19:40:58","purchased":true,"purchased_at":1643863749},"product_id":145898395,"timeline":{"review_created_date":"2022-02-08 17:40:59","delivery_date":"2022-02-06 08:44:15"}},{"id":14958479,"title":"Cực kì hài lòng","content":"giao hàng nhanh, sách đẹp, bao bị rách nhìu chỗ:(((, đầy đủ phụ kiện, hơi nhăn và méo vài chỗ","customer_id":17959813,"rating":5,"images":[{"id":3130611,"full_path":"https://salt.tikicdn.com/ts/review/c3/c1/7b/3de84c72a614169bb2d336a75b6b3a3f.jpg"},{"id":3130612,"full_path":"https://salt.tikicdn.com/ts/review/f7/e2/c6/2991c8096107f92fa9672369e7a6482c.jpg"},{"id":3130613,"full_path":"https://salt.tikicdn.com/ts/review/73/72/cd/4d8aca540ef909516d18f83a934c4235.jpg"},{"id":3130614,"full_path":"https://salt.tikicdn.com/ts/review/28/3f/03/98a212bff89efe2aeaad73bcbc4270bb.jpg"},{"id":3130615,"full_path":"https://salt.tikicdn.com/ts/review/e5/bd/1e/016ef996733bf109cce4b0df1da83aa7.jpg"}],"created_at":1644842742,"created_by":{"id":17959813,"name":"Bảo Trânn","full_name":"Bảo Trânn","created_time":"2020-08-02 14:42:59","purchased":true,"purchased_at":1644577868},"product_id":145898395,"timeline":{"review_created_date":"2022-02-14 19:45:42","delivery_date":"2022-02-14 15:02:17"}},{"id":13975769,"title":"Rất không hài lòng","content":"Nhà bảo vệ môi trường Tiki với chiếc hộp rỗng. Người mua nhiều lần phàn nàn Tiki đóng gói sách sơ sài, còn Tiki thì coi như không nghe thấy và vẫn nhất quyết bảo vệ môi trường. Thế nên là móp hết sách.","customer_id":19570521,"rating":1,"images":[{"id":2921313,"full_path":"https://salt.tikicdn.com/ts/review/b7/03/b3/a30970edca45e5d8902ac4790bbe2875.jpg"},{"id":2921314,"full_path":"https://salt.tikicdn.com/ts/review/cb/ed/15/cac20d4079a384fb083e0d048177c266.jpg"}],"created_at":1640075381,"created_by":{"id":19570521,"name":"Mạnh Nguyễn","full_name":"Mạnh Nguyễn","created_time":"2020-12-17 13:01:03","purchased":true,"purchased_at":1639934295},"product_id":145898395,"timeline":{"review_created_date":"2021-12-21 15:29:41","delivery_date":"2021-12-21 14:26:09"}},{"id":14114651,"title":"Cực kì hài lòng","content":"bị delay nhưng tiki đã rút kinh nghiệm là thông báo được thời gian cụ thể và sách lần này được vận chuyển tốt không bị hư hại gì, về hình thức là sách khá dày so với tập 1 và chiếc lót ly đẹp mà to hơn mình nghĩ nhiều, cứng cáp dày dặn. Nói chung là nên mua bộ này vì nội dung rất cuốn hút và quà tặng cũng chất lượng nữa. Có mỗi cái là mình mua hôm hội sách nhưng không được hưởng ck 50% cả quyển này và otome (mình chưa thấy có cách xử lý gì hết hoặc đã cho qua luôn r)","customer_id":22805782,"rating":5,"images":[],"created_at":1640657357,"created_by":{"id":22805782,"name":"Huy Hoàng","full_name":"Huy Hoàng","created_time":"2021-07-29 12:09:30","purchased":true,"purchased_at":1639977345},"product_id":145898395,"timeline":{"review_created_date":"2021-12-28 09:09:17","delivery_date":"2021-12-28 08:55:13"}},{"id":18059149,"title":"Cực kì hài lòng","content":"“Quả nhiên là Điện hạ! Nhắm đến cả điều này!”\r\n\r\n“Thần sẽ theo ngài đến bất cứ nơi đâu!”\r\n\r\n(Tại sao mọi việc lại thành ra như thế này rồi!?)\r\ngiao hàng nhanh nhưng mà chống sốc đúng kiểu pháp sư luôn","customer_id":15746569,"rating":5,"images":[{"id":3968219,"full_path":"https://salt.tikicdn.com/ts/review/c3/23/d9/ac98b0bdf86efba8f768b66583db9d6e.jpg"}],"created_at":1666840804,"created_by":{"id":15746569,"name":"Nguyễn Thanh Nhả","full_name":"Nguyễn Thanh Nhả","created_time":"2019-12-30 20:47:07","purchased":true,"purchased_at":1666594804},"product_id":145898395,"timeline":{"review_created_date":"2022-10-27 10:20:04","delivery_date":"2022-10-25 09:08:17"}},{"id":14847188,"title":"Cực kì hài lòng","content":"giao hàng nhanh, chất lượng sản phẩm rất tốt nhưng tiki nên có thêm lớp chống sốc để bảo vệ sách tốt hơn, tình tiết truyện thú vị, đáng để mong chờ tập sau.","customer_id":18649091,"rating":5,"images":[{"id":3106939,"full_path":"https://salt.tikicdn.com/ts/review/a0/44/2e/13850f2f3e4b14ad27e73eaf81420131.jpg"},{"id":3106940,"full_path":"https://salt.tikicdn.com/ts/review/c8/7d/40/65c2ca8476b108c8bc98f5a52a029999.jpg"},{"id":3106941,"full_path":"https://salt.tikicdn.com/ts/review/83/22/98/5375f6bae182176c1462835da160a4a4.jpg"},{"id":3106942,"full_path":"https://salt.tikicdn.com/ts/review/68/3d/53/6419bf5930f2810593e1cd7d48d0d176.jpg"}],"created_at":1644316859,"created_by":{"id":18649091,"name":"Vũ Minh Hải","full_name":"Vũ Minh Hải","created_time":"2020-10-02 19:40:58","purchased":true,"purchased_at":1643863749},"product_id":145898395,"timeline":{"review_created_date":"2022-02-08 17:40:59","delivery_date":"2022-02-06 08:44:15"}},{"id":14958479,"title":"Cực kì hài lòng","content":"giao hàng nhanh, sách đẹp, bao bị rách nhìu chỗ:(((, đầy đủ phụ kiện, hơi nhăn và méo vài chỗ","customer_id":17959813,"rating":5,"images":[{"id":3130611,"full_path":"https://salt.tikicdn.com/ts/review/c3/c1/7b/3de84c72a614169bb2d336a75b6b3a3f.jpg"},{"id":3130612,"full_path":"https://salt.tikicdn.com/ts/review/f7/e2/c6/2991c8096107f92fa9672369e7a6482c.jpg"},{"id":3130613,"full_path":"https://salt.tikicdn.com/ts/review/73/72/cd/4d8aca540ef909516d18f83a934c4235.jpg"},{"id":3130614,"full_path":"https://salt.tikicdn.com/ts/review/28/3f/03/98a212bff89efe2aeaad73bcbc4270bb.jpg"},{"id":3130615,"full_path":"https://salt.tikicdn.com/ts/review/e5/bd/1e/016ef996733bf109cce4b0df1da83aa7.jpg"}],"created_at":1644842742,"created_by":{"id":17959813,"name":"Bảo Trânn","full_name":"Bảo Trânn","created_time":"2020-08-02 14:42:59","purchased":true,"purchased_at":1644577868},"product_id":145898395,"timeline":{"review_created_date":"2022-02-14 19:45:42","delivery_date":"2022-02-14 15:02:17"}},{"id":13975769,"title":"Rất không hài lòng","content":"Nhà bảo vệ môi trường Tiki với chiếc hộp rỗng. Người mua nhiều lần phàn nàn Tiki đóng gói sách sơ sài, còn Tiki thì coi như không nghe thấy và vẫn nhất quyết bảo vệ môi trường. Thế nên là móp hết sách.","customer_id":19570521,"rating":1,"images":[{"id":2921313,"full_path":"https://salt.tikicdn.com/ts/review/b7/03/b3/a30970edca45e5d8902ac4790bbe2875.jpg"},{"id":2921314,"full_path":"https://salt.tikicdn.com/ts/review/cb/ed/15/cac20d4079a384fb083e0d048177c266.jpg"}],"created_at":1640075381,"created_by":{"id":19570521,"name":"Mạnh Nguyễn","full_name":"Mạnh Nguyễn","created_time":"2020-12-17 13:01:03","purchased":true,"purchased_at":1639934295},"product_id":145898395,"timeline":{"review_created_date":"2021-12-21 15:29:41","delivery_date":"2021-12-21 14:26:09"}},{"id":14114651,"title":"Cực kì hài lòng","content":"bị delay nhưng tiki đã rút kinh nghiệm là thông báo được thời gian cụ thể và sách lần này được vận chuyển tốt không bị hư hại gì, về hình thức là sách khá dày so với tập 1 và chiếc lót ly đẹp mà to hơn mình nghĩ nhiều, cứng cáp dày dặn. Nói chung là nên mua bộ này vì nội dung rất cuốn hút và quà tặng cũng chất lượng nữa. Có mỗi cái là mình mua hôm hội sách nhưng không được hưởng ck 50% cả quyển này và otome (mình chưa thấy có cách xử lý gì hết hoặc đã cho qua luôn r)","customer_id":22805782,"rating":5,"images":[],"created_at":1640657357,"created_by":{"id":22805782,"name":"Huy Hoàng","full_name":"Huy Hoàng","created_time":"2021-07-29 12:09:30","purchased":true,"purchased_at":1639977345},"product_id":145898395,"timeline":{"review_created_date":"2021-12-28 09:09:17","delivery_date":"2021-12-28 08:55:13"}},{"id":18059149,"title":"Cực kì hài lòng","content":"“Quả nhiên là Điện hạ! Nhắm đến cả điều này!”\r\n\r\n“Thần sẽ theo ngài đến bất cứ nơi đâu!”\r\n\r\n(Tại sao mọi việc lại thành ra như thế này rồi!?)\r\ngiao hàng nhanh nhưng mà chống sốc đúng kiểu pháp sư luôn","customer_id":15746569,"rating":5,"images":[{"id":3968219,"full_path":"https://salt.tikicdn.com/ts/review/c3/23/d9/ac98b0bdf86efba8f768b66583db9d6e.jpg"}],"created_at":1666840804,"created_by":{"id":15746569,"name":"Nguyễn Thanh Nhả","full_name":"Nguyễn Thanh Nhả","created_time":"2019-12-30 20:47:07","purchased":true,"purchased_at":1666594804},"product_id":145898395,"timeline":{"review_created_date":"2022-10-27 10:20:04","delivery_date":"2022-10-25 09:08:17"}},{"id":14847188,"title":"Cực kì hài lòng","content":"giao hàng nhanh, chất lượng sản phẩm rất tốt nhưng tiki nên có thêm lớp chống sốc để bảo vệ sách tốt hơn, tình tiết truyện thú vị, đáng để mong chờ tập sau.","customer_id":18649091,"rating":5,"images":[{"id":3106939,"full_path":"https://salt.tikicdn.com/ts/review/a0/44/2e/13850f2f3e4b14ad27e73eaf81420131.jpg"},{"id":3106940,"full_path":"https://salt.tikicdn.com/ts/review/c8/7d/40/65c2ca8476b108c8bc98f5a52a029999.jpg"},{"id":3106941,"full_path":"https://salt.tikicdn.com/ts/review/83/22/98/5375f6bae182176c1462835da160a4a4.jpg"},{"id":3106942,"full_path":"https://salt.tikicdn.com/ts/review/68/3d/53/6419bf5930f2810593e1cd7d48d0d176.jpg"}],"created_at":1644316859,"created_by":{"id":18649091,"name":"Vũ Minh Hải","full_name":"Vũ Minh Hải","created_time":"2020-10-02 19:40:58","purchased":true,"purchased_at":1643863749},"product_id":145898395,"timeline":{"review_created_date":"2022-02-08 17:40:59","delivery_date":"2022-02-06 08:44:15"}},{"id":14958479,"title":"Cực kì hài lòng","content":"giao hàng nhanh, sách đẹp, bao bị rách nhìu chỗ:(((, đầy đủ phụ kiện, hơi nhăn và méo vài chỗ","customer_id":17959813,"rating":5,"images":[{"id":3130611,"full_path":"https://salt.tikicdn.com/ts/review/c3/c1/7b/3de84c72a614169bb2d336a75b6b3a3f.jpg"},{"id":3130612,"full_path":"https://salt.tikicdn.com/ts/review/f7/e2/c6/2991c8096107f92fa9672369e7a6482c.jpg"},{"id":3130613,"full_path":"https://salt.tikicdn.com/ts/review/73/72/cd/4d8aca540ef909516d18f83a934c4235.jpg"},{"id":3130614,"full_path":"https://salt.tikicdn.com/ts/review/28/3f/03/98a212bff89efe2aeaad73bcbc4270bb.jpg"},{"id":3130615,"full_path":"https://salt.tikicdn.com/ts/review/e5/bd/1e/016ef996733bf109cce4b0df1da83aa7.jpg"}],"created_at":1644842742,"created_by":{"id":17959813,"name":"Bảo Trânn","full_name":"Bảo Trânn","created_time":"2020-08-02 14:42:59","purchased":true,"purchased_at":1644577868},"product_id":145898395,"timeline":{"review_created_date":"2022-02-14 19:45:42","delivery_date":"2022-02-14 15:02:17"}},{"id":13975769,"title":"Rất không hài lòng","content":"Nhà bảo vệ môi trường Tiki với chiếc hộp rỗng. Người mua nhiều lần phàn nàn Tiki đóng gói sách sơ sài, còn Tiki thì coi như không nghe thấy và vẫn nhất quyết bảo vệ môi trường. Thế nên là móp hết sách.","customer_id":19570521,"rating":1,"images":[{"id":2921313,"full_path":"https://salt.tikicdn.com/ts/review/b7/03/b3/a30970edca45e5d8902ac4790bbe2875.jpg"},{"id":2921314,"full_path":"https://salt.tikicdn.com/ts/review/cb/ed/15/cac20d4079a384fb083e0d048177c266.jpg"}],"created_at":1640075381,"created_by":{"id":19570521,"name":"Mạnh Nguyễn","full_name":"Mạnh Nguyễn","created_time":"2020-12-17 13:01:03","purchased":true,"purchased_at":1639934295},"product_id":145898395,"timeline":{"review_created_date":"2021-12-21 15:29:41","delivery_date":"2021-12-21 14:26:09"}},{"id":14114651,"title":"Cực kì hài lòng","content":"bị delay nhưng tiki đã rút kinh nghiệm là thông báo được thời gian cụ thể và sách lần này được vận chuyển tốt không bị hư hại gì, về hình thức là sách khá dày so với tập 1 và chiếc lót ly đẹp mà to hơn mình nghĩ nhiều, cứng cáp dày dặn. Nói chung là nên mua bộ này vì nội dung rất cuốn hút và quà tặng cũng chất lượng nữa. Có mỗi cái là mình mua hôm hội sách nhưng không được hưởng ck 50% cả quyển này và otome (mình chưa thấy có cách xử lý gì hết hoặc đã cho qua luôn r)","customer_id":22805782,"rating":5,"images":[],"created_at":1640657357,"created_by":{"id":22805782,"name":"Huy Hoàng","full_name":"Huy Hoàng","created_time":"2021-07-29 12:09:30","purchased":true,"purchased_at":1639977345},"product_id":145898395,"timeline":{"review_created_date":"2021-12-28 09:09:17","delivery_date":"2021-12-28 08:55:13"}},{"id":18059149,"title":"Cực kì hài lòng","content":"“Quả nhiên là Điện hạ! Nhắm đến cả điều này!”\r\n\r\n“Thần sẽ theo ngài đến bất cứ nơi đâu!”\r\n\r\n(Tại sao mọi việc lại thành ra như thế này rồi!?)\r\ngiao hàng nhanh nhưng mà chống sốc đúng kiểu pháp sư luôn","customer_id":15746569,"rating":5,"images":[{"id":3968219,"full_path":"https://salt.tikicdn.com/ts/review/c3/23/d9/ac98b0bdf86efba8f768b66583db9d6e.jpg"}],"created_at":1666840804,"created_by":{"id":15746569,"name":"Nguyễn Thanh Nhả","full_name":"Nguyễn Thanh Nhả","created_time":"2019-12-30 20:47:07","purchased":true,"purchased_at":1666594804},"product_id":145898395,"timeline":{"review_created_date":"2022-10-27 10:20:04","delivery_date":"2022-10-25 09:08:17"}},{"id":14847188,"title":"Cực kì hài lòng","content":"giao hàng nhanh, chất lượng sản phẩm rất tốt nhưng tiki nên có thêm lớp chống sốc để bảo vệ sách tốt hơn, tình tiết truyện thú vị, đáng để mong chờ tập sau.","customer_id":18649091,"rating":5,"images":[{"id":3106939,"full_path":"https://salt.tikicdn.com/ts/review/a0/44/2e/13850f2f3e4b14ad27e73eaf81420131.jpg"},{"id":3106940,"full_path":"https://salt.tikicdn.com/ts/review/c8/7d/40/65c2ca8476b108c8bc98f5a52a029999.jpg"},{"id":3106941,"full_path":"https://salt.tikicdn.com/ts/review/83/22/98/5375f6bae182176c1462835da160a4a4.jpg"},{"id":3106942,"full_path":"https://salt.tikicdn.com/ts/review/68/3d/53/6419bf5930f2810593e1cd7d48d0d176.jpg"}],"created_at":1644316859,"created_by":{"id":18649091,"name":"Vũ Minh Hải","full_name":"Vũ Minh Hải","created_time":"2020-10-02 19:40:58","purchased":true,"purchased_at":1643863749},"product_id":145898395,"timeline":{"review_created_date":"2022-02-08 17:40:59","delivery_date":"2022-02-06 08:44:15"}},{"id":14958479,"title":"Cực kì hài lòng","content":"giao hàng nhanh, sách đẹp, bao bị rách nhìu chỗ:(((, đầy đủ phụ kiện, hơi nhăn và méo vài chỗ","customer_id":17959813,"rating":5,"images":[{"id":3130611,"full_path":"https://salt.tikicdn.com/ts/review/c3/c1/7b/3de84c72a614169bb2d336a75b6b3a3f.jpg"},{"id":3130612,"full_path":"https://salt.tikicdn.com/ts/review/f7/e2/c6/2991c8096107f92fa9672369e7a6482c.jpg"},{"id":3130613,"full_path":"https://salt.tikicdn.com/ts/review/73/72/cd/4d8aca540ef909516d18f83a934c4235.jpg"},{"id":3130614,"full_path":"https://salt.tikicdn.com/ts/review/28/3f/03/98a212bff89efe2aeaad73bcbc4270bb.jpg"},{"id":3130615,"full_path":"https://salt.tikicdn.com/ts/review/e5/bd/1e/016ef996733bf109cce4b0df1da83aa7.jpg"}],"created_at":1644842742,"created_by":{"id":17959813,"name":"Bảo Trânn","full_name":"Bảo Trânn","created_time":"2020-08-02 14:42:59","purchased":true,"purchased_at":1644577868},"product_id":145898395,"timeline":{"review_created_date":"2022-02-14 19:45:42","delivery_date":"2022-02-14 15:02:17"}},{"id":13975769,"title":"Rất không hài lòng","content":"Nhà bảo vệ môi trường Tiki với chiếc hộp rỗng. Người mua nhiều lần phàn nàn Tiki đóng gói sách sơ sài, còn Tiki thì coi như không nghe thấy và vẫn nhất quyết bảo vệ môi trường. Thế nên là móp hết sách.","customer_id":19570521,"rating":1,"images":[{"id":2921313,"full_path":"https://salt.tikicdn.com/ts/review/b7/03/b3/a30970edca45e5d8902ac4790bbe2875.jpg"},{"id":2921314,"full_path":"https://salt.tikicdn.com/ts/review/cb/ed/15/cac20d4079a384fb083e0d048177c266.jpg"}],"created_at":1640075381,"created_by":{"id":19570521,"name":"Mạnh Nguyễn","full_name":"Mạnh Nguyễn","created_time":"2020-12-17 13:01:03","purchased":true,"purchased_at":1639934295},"product_id":145898395,"timeline":{"review_created_date":"2021-12-21 15:29:41","delivery_date":"2021-12-21 14:26:09"}},{"id":14114651,"title":"Cực kì hài lòng","content":"bị delay nhưng tiki đã rút kinh nghiệm là thông báo được thời gian cụ thể và sách lần này được vận chuyển tốt không bị hư hại gì, về hình thức là sách khá dày so với tập 1 và chiếc lót ly đẹp mà to hơn mình nghĩ nhiều, cứng cáp dày dặn. Nói chung là nên mua bộ này vì nội dung rất cuốn hút và quà tặng cũng chất lượng nữa. Có mỗi cái là mình mua hôm hội sách nhưng không được hưởng ck 50% cả quyển này và otome (mình chưa thấy có cách xử lý gì hết hoặc đã cho qua luôn r)","customer_id":22805782,"rating":5,"images":[],"created_at":1640657357,"created_by":{"id":22805782,"name":"Huy Hoàng","full_name":"Huy Hoàng","created_time":"2021-07-29 12:09:30","purchased":true,"purchased_at":1639977345},"product_id":145898395,"timeline":{"review_created_date":"2021-12-28 09:09:17","delivery_date":"2021-12-28 08:55:13"}}]}