{"id":14616763,"dbId":11036,"createdAt":1546880400000,"name":"Từ Dụ Thái Hậu - Quyển Thượng","short_description":"Từ Dụ Thái Hậu - Quyển ThượngTừ Dụ thái hậu là một trường thiên tiểu thuyết gồm 69 chương, có thể xem là tiểu thuyết lịch sử dạng “cung đấu” hiếm hoi của văn học đương đại, viết về thời nhà Nguyễn, t...","description":"\u003cp\u003e\u003cstrong\u003eTừ Dụ Thái Hậu - Quyển Thượng\u003c/strong\u003e\u003c/p\u003e\n\u003cp\u003eTừ Dụ thái hậu là một trường thiên tiểu thuyết gồm 69 chương, có thể xem là tiểu thuyết lịch sử dạng “cung đấu” hiếm hoi của văn học đương đại, viết về thời nhà Nguyễn, triều đại cuối cùng trong lịch sử phong kiến Việt Nam. Tác phẩm là cuốn tiểu thuyết tâm huyết của nữ nhà văn nổi tiếng xứ Huế Trần Thùy Mai, với văn phong thuần Việt và cốt truyện đậm chất điện ảnh, sinh động cuốn hút từ đầu đến cuối.\u003c/p\u003e\n\u003cp\u003eTác giả chọn hậu cung làm nền để kể câu chuyện dài về cuộc đời một trong những bà hoàng lừng danh trong sử Việt, đó là bà Phạm Thị Hằng, chánh thất của hoàng đế Thiệu Trị, sau trở thành hoàng thái hậu Từ Dụ nổi tiếng hiền đức. Thời gian của tác phẩm trải dài 30 năm, qua 3 triều vua Nguyễn: Gia Long, Minh Mạng, Thiệu Trị; từ lúc cô thiếu nữ 13 tuổi Phạm Thị Hằng theo cha từ vùng đất phương Nam trù phú về kinh đô, chịu bao thăng trầm dâu bể rồi trở thành người đứng đầu hậu cung nhà Nguyễn. Cô tiểu thư họ Phạm xinhđẹp, thông minh và nhân hậu đã chứng kiến rất nhiều phận đời sau bức tường thành cung cấm, những bi kịch chốn cung đình, và rồi bản thân nàng cũng trở thành một thân phận điển hình. Những mưu mô thủ đoạn tàn độc đầy rẫy ở hậu cung đôi lúc làm khuynh đảo cả triều chính, gây ra những cái chết tức tưởi, những án oan dậy trời tiếng nhơ khó rửa, đến mức hậu thế phải tốn nhiều bút mực tranh luận.\u003c/p\u003e\n\u003cp\u003eGiữa nơi cung cấm xa hoa đầy bí hiểm đó, mối tình của Phạm tiểu thư và hoàng trưởng tử Miên Tông (vua Thiệu Trị sau này), nổi lên trong trẻo, lãng mạn và chung thủy, dẫu gặp 2 không ít trắc trở éo le. Bên cạnh đó còn có bóng dáng thầm lặng mà trung thành trước sau như nhất của Trương Đăng Quế, đệ nhất công thần nhà Nguyễn, người mang mối ẩn tình với nàng bao năm (mối tình này đã trở thành một “đại nghi án” gây tranh cãi của triều Nguyễn). Cuộc chiến cam go bảo vệ tình yêu, danh phận; bênh vực giúp đỡ người ngay và lẽ phải ở nơi quyền quý thực sự gay cấn và đầy hiểm nguy, nhất là khi tranh tối tranh sáng thiện ác khôn lường.\u003c/p\u003e\n\u003cp\u003eNgoài trục chính với các nhân vật trung tâm kể trên, tác phẩm còn là xoay quanh các mối quan hệ quân thần, huynh đệ, những âm mưu thủ đoạn trong hoàng thất khi quyền lực luôn luôn bị nhòm ngó tranh giành. Nhẹ nhàng, tinh tế, không lên gân, tác giả lồng ghép mọi ý tưởng, suy nghĩ, lý giải của mình về chính trường nhà Nguyễn, từ thời Gia Long khởi lập đến lúc vua Tự Đức lên ngôi, bằng cách kể chuyện mạch lạc và cuốn hút, đầy sức thuyết phục. Những đại án thời nhà Nguyễn - vẫn còn gây tranh cãi sôi nổi trong hậu thế - được tái hiện sinh động và hấp dẫn, gay cấn: vụ án quật mồ đại công thần Lê Văn Duyệt do loạn Lê Văn Khôi; đại nghi án con hoàng tử Cảnh thông dâm với mẹ ruột; loạn Hồng Nhậm do vua Thiệu Trị phế trưởng lập thứ; nghi vấn nhức nhối vua Tự Đức có phải là con của đại thần Trương Đăng Quế và thái hậu Từ Dụ?... Tác giả đưa ra những lý giải thuyết phục về các sự kiện lịch sử, thể hiện sự am hiểu sâu rộng cổ sử và tầm nhìn hợp tình hợp lý. Đồng thời, Trần Thùy Mai trổ hết tài khéo của một người viết nữ, tinh tế và miêu tả tâm lý nhân vật cực tài tình. Các nhân vật hấp dẫn và gây ấn tượng trong tiểu thuyết này có rất nhiều:\u003c/p\u003e\n\u003cp\u003eLong thâm trầm khôn khéo, Minh Mạng thông minh quyết đoán và nam tính, Thiệu Trị giàu tình cảm, cả nể, Tam phi Ngọc Bình “con vua mà lại hai lần vợ vua”, Nhị phi Trần Thị Đang cơ mưu xảo quyệt, Trương Đăng Quế điềm đạm nhu cương chu toàn, và Phạm Thị Hằng dịu dàng thông minh, luôn lấy lòng nhân đối đầu cường bạo...\u003cbr /\u003eCó thể nói, “Chỉ thông qua các chuyện trong hậu cung, chính trường nhà Nguyễn qua ba triều vua hiện lên một cách sinh động dưới ngòi bút sắc sảo của nữ nhà văn Trần Thùy\u003cbr /\u003eMai. Mặt khác, văn hóa phong tục được gói trong các lễ nghi giao tiếp, trong các sinh hoạt cung đình và dân dã được mô tả rất tinh tế, rất Huế. Từ Dụ thái hậu là một cuốn tiểu\u003cbr /\u003ethuyết lịch sử hấp dẫn và trung thực lạ lùng.” (Hoàng Quốc Hải)\u003c/p\u003e\u003cp\u003eGiá sản phẩm trên Tiki đã bao gồm thuế theo luật hiện hành. Bên cạnh đó, tuỳ vào loại sản phẩm, hình thức và địa chỉ giao hàng mà có thể phát sinh thêm chi phí khác như phí vận chuyển, phụ phí hàng cồng kềnh, thuế nhập khẩu (đối với đơn hàng giao từ nước ngoài có giá trị trên 1 triệu đồng).....\u003c/p\u003e","original_price":185000.0,"thumbnail_url":"https://salt.tikicdn.com/cache/280x280/ts/product/85/e3/fd/52811b77335e27d2b72f64fbc4f2e46a.jpg","images":[{"base_url":"https://salt.tikicdn.com/ts/product/85/e3/fd/52811b77335e27d2b72f64fbc4f2e46a.jpg","dbId":29465}],"authors":[{"id":4333,"name":"Trần Thùy Mai","dbId":5821}],"specifications":[{"name":"Thông tin chung","attributes":[{"name":"Công ty phát hành","value":"NXB Phụ Nữ Việt Nam"},{"name":"Ngày xuất bản","value":"2019-01-04 00:00:00"},{"name":"Loại bìa","value":"Bìa mềm"},{"name":"Số trang","value":"444"},{"name":"Phương thức giao hàng Seller Delivery","value":"Nhà bán giao hàng cho khách hàng"},{"code":"PUBLICATION_DATE","name":"Kích thước","value":"15.5 x 23.5 cm"}]}],"stock_item":{"qty":1000},"all_time_quantity_sold":45,"reviews":[{"id":17155257,"title":"Hài lòng","content":"Nghe giới thiệu đến tác phẩm này đã lâu nhưng chưa rước em ấy về. Nay nhân dịp hội sale mình quyết tâm mua ngay. Nếu ai còn phân vân thì nên tìm đọc bài giới thiệu về tác phẩm \u0026 tác giả để có thêm niềm tin vào tiểu thuyết lịch sử nước nhà.","customer_id":5808184,"rating":5,"images":[{"id":3714198,"full_path":"https://salt.tikicdn.com/ts/review/0d/2f/28/f43f9e4c233b65b03eecf2c6e859e995.jpg"},{"id":3714199,"full_path":"https://salt.tikicdn.com/ts/review/22/64/d4/abbc4b6f6743f7d6ad3834d3734a4169.jpg"}],"created_at":1658413578,"created_by":{"id":5808184,"name":"","full_name":"","created_time":"2017-09-23 14:35:02","purchased":true,"purchased_at":1658123512},"product_id":14616763,"timeline":{"review_created_date":"2022-07-21 21:26:18","delivery_date":"2022-07-20 10:57:21"}},{"id":12382419,"title":"Cực kì hài lòng","content":"Bộ Tiểu thuyết lịch sử Từ Dụ Thái Hậu vừa sống động vừa sâu lắng, kể về cuộc đời cô bé Phạm Thị Hằng xinh xắn, thông minh và nhân hậu. Tiến cung năm 14 tuổi với thân phận là Phủ thiếp của Miên Tông  - con trai trưởng của vua Minh Mạng cho đến lúc trở thành Từ Dụ thái hậu quyền uy, tột đỉnh danh vọng, trải qua biết bao sóng gió nơi cung cấm, bà vẫn giữ được tấm lòng độ lượng, bao dung với trái tim đầy yêu thương và cao thượng. \nBộ tiểu thuyết đã được #Nxbphunu đầu tư xứng đáng với sự biên tập cẩn thận, chỉn chu, bộ bìa sách tinh tế và đẹp mắt, là một bộ sách mà những người yêu thích Tiểu thuyết lịch sử không nên bỏ qua.\nHồng Khánh","customer_id":274247,"rating":5,"images":[],"created_at":1632993962,"created_by":{"id":274247,"name":"Võ Thị Thu Hiền","full_name":"Võ Thị Thu Hiền","created_time":"2014-01-18 22:54:30","purchased":true,"purchased_at":1628387432},"product_id":14616763,"timeline":{"review_created_date":"2021-09-30 16:26:02","delivery_date":"2021-09-29 18:08:05"}},{"id":19133504,"title":"Không hài lòng","content":"Tôi đặt mua quyển Thượng mà lại giao cho Quyển Hạ. Sao lại có sự nhầm lẫn lạ lùng thế. Vui lòng đổi hàng gấp dùm","customer_id":11481197,"rating":2,"images":[],"created_at":1682483562,"created_by":{"id":11481197,"name":"Nga Phan","full_name":"Nga Phan","created_time":"2019-03-25 11:05:01","purchased":true,"purchased_at":1682061318},"product_id":14616763,"timeline":{"review_created_date":"2023-04-26 11:32:42","delivery_date":"2023-04-24 13:57:24"}},{"id":17848897,"title":"Cực kì hài lòng","content":"bìa sách đẹp, có 2 lớp, ndung chưa đọc sẽ đánh giá sau","customer_id":13780372,"rating":5,"images":[{"id":3908889,"full_path":"https://salt.tikicdn.com/ts/review/10/59/e2/7dc95b73d9e8171b312d278e112237b7.jpg"},{"id":3908890,"full_path":"https://salt.tikicdn.com/ts/review/e2/6c/f0/40e0660cc8ff8a63d7b03ffa24a468be.jpg"},{"id":3908891,"full_path":"https://salt.tikicdn.com/ts/review/17/ea/61/5d34cc6e9cde451f28461100d341d37d.jpg"}],"created_at":1664682987,"created_by":{"id":13780372,"name":"Anh Thi","full_name":"Anh Thi","created_time":"2019-09-02 14:10:19","purchased":true,"purchased_at":1664468588},"product_id":14616763,"timeline":{"review_created_date":"2022-10-02 10:56:27","delivery_date":"2022-10-01 12:44:27"}},{"id":17150411,"title":"Cực kì hài lòng","content":"tác phẩm quá hay, đi vào từng ngóch ngách trong nội cung triều Nguyễn, còn hơn là xem phim cung đấu nữa. mình đọc 2 ngày là gần hết cuốn sách.","customer_id":276877,"rating":5,"images":[{"id":3712667,"full_path":"https://salt.tikicdn.com/ts/review/c4/9a/37/cde5e035741c253377b020c83de441ca.jpg"}],"created_at":1658389769,"created_by":{"id":276877,"name":"Nguyễn Linh","full_name":"Nguyễn Linh","created_time":"2014-01-24 15:34:03","purchased":true,"purchased_at":1654999354},"product_id":14616763,"timeline":{"review_created_date":"2022-07-21 14:49:29","delivery_date":"2022-06-13 11:53:08"}},{"id":17155257,"title":"Hài lòng","content":"Nghe giới thiệu đến tác phẩm này đã lâu nhưng chưa rước em ấy về. Nay nhân dịp hội sale mình quyết tâm mua ngay. Nếu ai còn phân vân thì nên tìm đọc bài giới thiệu về tác phẩm \u0026 tác giả để có thêm niềm tin vào tiểu thuyết lịch sử nước nhà.","customer_id":5808184,"rating":5,"images":[{"id":3714198,"full_path":"https://salt.tikicdn.com/ts/review/0d/2f/28/f43f9e4c233b65b03eecf2c6e859e995.jpg"},{"id":3714199,"full_path":"https://salt.tikicdn.com/ts/review/22/64/d4/abbc4b6f6743f7d6ad3834d3734a4169.jpg"}],"created_at":1658413578,"created_by":{"id":5808184,"name":"","full_name":"","created_time":"2017-09-23 14:35:02","purchased":true,"purchased_at":1658123512},"product_id":14616763,"timeline":{"review_created_date":"2022-07-21 21:26:18","delivery_date":"2022-07-20 10:57:21"}},{"id":12382419,"title":"Cực kì hài lòng","content":"Bộ Tiểu thuyết lịch sử Từ Dụ Thái Hậu vừa sống động vừa sâu lắng, kể về cuộc đời cô bé Phạm Thị Hằng xinh xắn, thông minh và nhân hậu. Tiến cung năm 14 tuổi với thân phận là Phủ thiếp của Miên Tông  - con trai trưởng của vua Minh Mạng cho đến lúc trở thành Từ Dụ thái hậu quyền uy, tột đỉnh danh vọng, trải qua biết bao sóng gió nơi cung cấm, bà vẫn giữ được tấm lòng độ lượng, bao dung với trái tim đầy yêu thương và cao thượng. \nBộ tiểu thuyết đã được #Nxbphunu đầu tư xứng đáng với sự biên tập cẩn thận, chỉn chu, bộ bìa sách tinh tế và đẹp mắt, là một bộ sách mà những người yêu thích Tiểu thuyết lịch sử không nên bỏ qua.\nHồng Khánh","customer_id":274247,"rating":5,"images":[],"created_at":1632993962,"created_by":{"id":274247,"name":"Võ Thị Thu Hiền","full_name":"Võ Thị Thu Hiền","created_time":"2014-01-18 22:54:30","purchased":true,"purchased_at":1628387432},"product_id":14616763,"timeline":{"review_created_date":"2021-09-30 16:26:02","delivery_date":"2021-09-29 18:08:05"}},{"id":19133504,"title":"Không hài lòng","content":"Tôi đặt mua quyển Thượng mà lại giao cho Quyển Hạ. Sao lại có sự nhầm lẫn lạ lùng thế. Vui lòng đổi hàng gấp dùm","customer_id":11481197,"rating":2,"images":[],"created_at":1682483562,"created_by":{"id":11481197,"name":"Nga Phan","full_name":"Nga Phan","created_time":"2019-03-25 11:05:01","purchased":true,"purchased_at":1682061318},"product_id":14616763,"timeline":{"review_created_date":"2023-04-26 11:32:42","delivery_date":"2023-04-24 13:57:24"}},{"id":17848897,"title":"Cực kì hài lòng","content":"bìa sách đẹp, có 2 lớp, ndung chưa đọc sẽ đánh giá sau","customer_id":13780372,"rating":5,"images":[{"id":3908889,"full_path":"https://salt.tikicdn.com/ts/review/10/59/e2/7dc95b73d9e8171b312d278e112237b7.jpg"},{"id":3908890,"full_path":"https://salt.tikicdn.com/ts/review/e2/6c/f0/40e0660cc8ff8a63d7b03ffa24a468be.jpg"},{"id":3908891,"full_path":"https://salt.tikicdn.com/ts/review/17/ea/61/5d34cc6e9cde451f28461100d341d37d.jpg"}],"created_at":1664682987,"created_by":{"id":13780372,"name":"Anh Thi","full_name":"Anh Thi","created_time":"2019-09-02 14:10:19","purchased":true,"purchased_at":1664468588},"product_id":14616763,"timeline":{"review_created_date":"2022-10-02 10:56:27","delivery_date":"2022-10-01 12:44:27"}},{"id":17150411,"title":"Cực kì hài lòng","content":"tác phẩm quá hay, đi vào từng ngóch ngách trong nội cung triều Nguyễn, còn hơn là xem phim cung đấu nữa. mình đọc 2 ngày là gần hết cuốn sách.","customer_id":276877,"rating":5,"images":[{"id":3712667,"full_path":"https://salt.tikicdn.com/ts/review/c4/9a/37/cde5e035741c253377b020c83de441ca.jpg"}],"created_at":1658389769,"created_by":{"id":276877,"name":"Nguyễn Linh","full_name":"Nguyễn Linh","created_time":"2014-01-24 15:34:03","purchased":true,"purchased_at":1654999354},"product_id":14616763,"timeline":{"review_created_date":"2022-07-21 14:49:29","delivery_date":"2022-06-13 11:53:08"}},{"id":17155257,"title":"Hài lòng","content":"Nghe giới thiệu đến tác phẩm này đã lâu nhưng chưa rước em ấy về. Nay nhân dịp hội sale mình quyết tâm mua ngay. Nếu ai còn phân vân thì nên tìm đọc bài giới thiệu về tác phẩm \u0026 tác giả để có thêm niềm tin vào tiểu thuyết lịch sử nước nhà.","customer_id":5808184,"rating":5,"images":[{"id":3714198,"full_path":"https://salt.tikicdn.com/ts/review/0d/2f/28/f43f9e4c233b65b03eecf2c6e859e995.jpg"},{"id":3714199,"full_path":"https://salt.tikicdn.com/ts/review/22/64/d4/abbc4b6f6743f7d6ad3834d3734a4169.jpg"}],"created_at":1658413578,"created_by":{"id":5808184,"name":"","full_name":"","created_time":"2017-09-23 14:35:02","purchased":true,"purchased_at":1658123512},"product_id":14616763,"timeline":{"review_created_date":"2022-07-21 21:26:18","delivery_date":"2022-07-20 10:57:21"}},{"id":12382419,"title":"Cực kì hài lòng","content":"Bộ Tiểu thuyết lịch sử Từ Dụ Thái Hậu vừa sống động vừa sâu lắng, kể về cuộc đời cô bé Phạm Thị Hằng xinh xắn, thông minh và nhân hậu. Tiến cung năm 14 tuổi với thân phận là Phủ thiếp của Miên Tông  - con trai trưởng của vua Minh Mạng cho đến lúc trở thành Từ Dụ thái hậu quyền uy, tột đỉnh danh vọng, trải qua biết bao sóng gió nơi cung cấm, bà vẫn giữ được tấm lòng độ lượng, bao dung với trái tim đầy yêu thương và cao thượng. \nBộ tiểu thuyết đã được #Nxbphunu đầu tư xứng đáng với sự biên tập cẩn thận, chỉn chu, bộ bìa sách tinh tế và đẹp mắt, là một bộ sách mà những người yêu thích Tiểu thuyết lịch sử không nên bỏ qua.\nHồng Khánh","customer_id":274247,"rating":5,"images":[],"created_at":1632993962,"created_by":{"id":274247,"name":"Võ Thị Thu Hiền","full_name":"Võ Thị Thu Hiền","created_time":"2014-01-18 22:54:30","purchased":true,"purchased_at":1628387432},"product_id":14616763,"timeline":{"review_created_date":"2021-09-30 16:26:02","delivery_date":"2021-09-29 18:08:05"}},{"id":19133504,"title":"Không hài lòng","content":"Tôi đặt mua quyển Thượng mà lại giao cho Quyển Hạ. Sao lại có sự nhầm lẫn lạ lùng thế. Vui lòng đổi hàng gấp dùm","customer_id":11481197,"rating":2,"images":[],"created_at":1682483562,"created_by":{"id":11481197,"name":"Nga Phan","full_name":"Nga Phan","created_time":"2019-03-25 11:05:01","purchased":true,"purchased_at":1682061318},"product_id":14616763,"timeline":{"review_created_date":"2023-04-26 11:32:42","delivery_date":"2023-04-24 13:57:24"}},{"id":17848897,"title":"Cực kì hài lòng","content":"bìa sách đẹp, có 2 lớp, ndung chưa đọc sẽ đánh giá sau","customer_id":13780372,"rating":5,"images":[{"id":3908889,"full_path":"https://salt.tikicdn.com/ts/review/10/59/e2/7dc95b73d9e8171b312d278e112237b7.jpg"},{"id":3908890,"full_path":"https://salt.tikicdn.com/ts/review/e2/6c/f0/40e0660cc8ff8a63d7b03ffa24a468be.jpg"},{"id":3908891,"full_path":"https://salt.tikicdn.com/ts/review/17/ea/61/5d34cc6e9cde451f28461100d341d37d.jpg"}],"created_at":1664682987,"created_by":{"id":13780372,"name":"Anh Thi","full_name":"Anh Thi","created_time":"2019-09-02 14:10:19","purchased":true,"purchased_at":1664468588},"product_id":14616763,"timeline":{"review_created_date":"2022-10-02 10:56:27","delivery_date":"2022-10-01 12:44:27"}},{"id":17150411,"title":"Cực kì hài lòng","content":"tác phẩm quá hay, đi vào từng ngóch ngách trong nội cung triều Nguyễn, còn hơn là xem phim cung đấu nữa. mình đọc 2 ngày là gần hết cuốn sách.","customer_id":276877,"rating":5,"images":[{"id":3712667,"full_path":"https://salt.tikicdn.com/ts/review/c4/9a/37/cde5e035741c253377b020c83de441ca.jpg"}],"created_at":1658389769,"created_by":{"id":276877,"name":"Nguyễn Linh","full_name":"Nguyễn Linh","created_time":"2014-01-24 15:34:03","purchased":true,"purchased_at":1654999354},"product_id":14616763,"timeline":{"review_created_date":"2022-07-21 14:49:29","delivery_date":"2022-06-13 11:53:08"}},{"id":17155257,"title":"Hài lòng","content":"Nghe giới thiệu đến tác phẩm này đã lâu nhưng chưa rước em ấy về. Nay nhân dịp hội sale mình quyết tâm mua ngay. Nếu ai còn phân vân thì nên tìm đọc bài giới thiệu về tác phẩm \u0026 tác giả để có thêm niềm tin vào tiểu thuyết lịch sử nước nhà.","customer_id":5808184,"rating":5,"images":[{"id":3714198,"full_path":"https://salt.tikicdn.com/ts/review/0d/2f/28/f43f9e4c233b65b03eecf2c6e859e995.jpg"},{"id":3714199,"full_path":"https://salt.tikicdn.com/ts/review/22/64/d4/abbc4b6f6743f7d6ad3834d3734a4169.jpg"}],"created_at":1658413578,"created_by":{"id":5808184,"name":"","full_name":"","created_time":"2017-09-23 14:35:02","purchased":true,"purchased_at":1658123512},"product_id":14616763,"timeline":{"review_created_date":"2022-07-21 21:26:18","delivery_date":"2022-07-20 10:57:21"}},{"id":12382419,"title":"Cực kì hài lòng","content":"Bộ Tiểu thuyết lịch sử Từ Dụ Thái Hậu vừa sống động vừa sâu lắng, kể về cuộc đời cô bé Phạm Thị Hằng xinh xắn, thông minh và nhân hậu. Tiến cung năm 14 tuổi với thân phận là Phủ thiếp của Miên Tông  - con trai trưởng của vua Minh Mạng cho đến lúc trở thành Từ Dụ thái hậu quyền uy, tột đỉnh danh vọng, trải qua biết bao sóng gió nơi cung cấm, bà vẫn giữ được tấm lòng độ lượng, bao dung với trái tim đầy yêu thương và cao thượng. \nBộ tiểu thuyết đã được #Nxbphunu đầu tư xứng đáng với sự biên tập cẩn thận, chỉn chu, bộ bìa sách tinh tế và đẹp mắt, là một bộ sách mà những người yêu thích Tiểu thuyết lịch sử không nên bỏ qua.\nHồng Khánh","customer_id":274247,"rating":5,"images":[],"created_at":1632993962,"created_by":{"id":274247,"name":"Võ Thị Thu Hiền","full_name":"Võ Thị Thu Hiền","created_time":"2014-01-18 22:54:30","purchased":true,"purchased_at":1628387432},"product_id":14616763,"timeline":{"review_created_date":"2021-09-30 16:26:02","delivery_date":"2021-09-29 18:08:05"}},{"id":19133504,"title":"Không hài lòng","content":"Tôi đặt mua quyển Thượng mà lại giao cho Quyển Hạ. Sao lại có sự nhầm lẫn lạ lùng thế. Vui lòng đổi hàng gấp dùm","customer_id":11481197,"rating":2,"images":[],"created_at":1682483562,"created_by":{"id":11481197,"name":"Nga Phan","full_name":"Nga Phan","created_time":"2019-03-25 11:05:01","purchased":true,"purchased_at":1682061318},"product_id":14616763,"timeline":{"review_created_date":"2023-04-26 11:32:42","delivery_date":"2023-04-24 13:57:24"}},{"id":17848897,"title":"Cực kì hài lòng","content":"bìa sách đẹp, có 2 lớp, ndung chưa đọc sẽ đánh giá sau","customer_id":13780372,"rating":5,"images":[{"id":3908889,"full_path":"https://salt.tikicdn.com/ts/review/10/59/e2/7dc95b73d9e8171b312d278e112237b7.jpg"},{"id":3908890,"full_path":"https://salt.tikicdn.com/ts/review/e2/6c/f0/40e0660cc8ff8a63d7b03ffa24a468be.jpg"},{"id":3908891,"full_path":"https://salt.tikicdn.com/ts/review/17/ea/61/5d34cc6e9cde451f28461100d341d37d.jpg"}],"created_at":1664682987,"created_by":{"id":13780372,"name":"Anh Thi","full_name":"Anh Thi","created_time":"2019-09-02 14:10:19","purchased":true,"purchased_at":1664468588},"product_id":14616763,"timeline":{"review_created_date":"2022-10-02 10:56:27","delivery_date":"2022-10-01 12:44:27"}},{"id":17150411,"title":"Cực kì hài lòng","content":"tác phẩm quá hay, đi vào từng ngóch ngách trong nội cung triều Nguyễn, còn hơn là xem phim cung đấu nữa. mình đọc 2 ngày là gần hết cuốn sách.","customer_id":276877,"rating":5,"images":[{"id":3712667,"full_path":"https://salt.tikicdn.com/ts/review/c4/9a/37/cde5e035741c253377b020c83de441ca.jpg"}],"created_at":1658389769,"created_by":{"id":276877,"name":"Nguyễn Linh","full_name":"Nguyễn Linh","created_time":"2014-01-24 15:34:03","purchased":true,"purchased_at":1654999354},"product_id":14616763,"timeline":{"review_created_date":"2022-07-21 14:49:29","delivery_date":"2022-06-13 11:53:08"}}]}