{"id":14616761,"dbId":11037,"createdAt":1548176400000,"name":"Từ Dụ Thái Hậu - Quyển Hạ","short_description":"Từ Dụ Thái Hậu - Quyển ThượngTừ Dụ thái hậu là một trường thiên tiểu thuyết gồm 69 chương, có thể xem là tiểu thuyết lịch sử dạng “cung đấu” hiếm hoi của văn học đương đại, viết về thời nhà Nguyễn, t...","description":"\u003cp\u003e\u003cstrong\u003eTừ Dụ Thái Hậu - Quyển Thượng\u003c/strong\u003e\u003c/p\u003e\n\u003cp\u003eTừ Dụ thái hậu là một trường thiên tiểu thuyết gồm 69 chương, có thể xem là tiểu thuyết lịch sử dạng “cung đấu” hiếm hoi của văn học đương đại, viết về thời nhà Nguyễn, triều đại cuối cùng trong lịch sử phong kiến Việt Nam. Tác phẩm là cuốn tiểu thuyết tâm huyết của nữ nhà văn nổi tiếng xứ Huế Trần Thùy Mai, với văn phong thuần Việt và cốt truyện đậm chất điện ảnh, sinh động cuốn hút từ đầu đến cuối.\u003c/p\u003e\n\u003cp\u003eTác giả chọn hậu cung làm nền để kể câu chuyện dài về cuộc đời một trong những bà hoàng lừng danh trong sử Việt, đó là bà Phạm Thị Hằng, chánh thất của hoàng đế Thiệu Trị, sau trở thành hoàng thái hậu Từ Dụ nổi tiếng hiền đức. Thời gian của tác phẩm trải dài 30 năm, qua 3 triều vua Nguyễn: Gia Long, Minh Mạng, Thiệu Trị; từ lúc cô thiếu nữ 13 tuổi Phạm Thị Hằng theo cha từ vùng đất phương Nam trù phú về kinh đô, chịu bao thăng trầm dâu bể rồi trở thành người đứng đầu hậu cung nhà Nguyễn. Cô tiểu thư họ Phạm xinhđẹp, thông minh và nhân hậu đã chứng kiến rất nhiều phận đời sau bức tường thành cung cấm, những bi kịch chốn cung đình, và rồi bản thân nàng cũng trở thành một thân phận điển hình. Những mưu mô thủ đoạn tàn độc đầy rẫy ở hậu cung đôi lúc làm khuynh đảo cả triều chính, gây ra những cái chết tức tưởi, những án oan dậy trời tiếng nhơ khó rửa, đến mức hậu thế phải tốn nhiều bút mực tranh luận.\u003c/p\u003e\n\u003cp\u003eGiữa nơi cung cấm xa hoa đầy bí hiểm đó, mối tình của Phạm tiểu thư và hoàng trưởng tử Miên Tông (vua Thiệu Trị sau này), nổi lên trong trẻo, lãng mạn và chung thủy, dẫu gặp\u003cbr /\u003e2 không ít trắc trở éo le. Bên cạnh đó còn có bóng dáng thầm lặng mà trung thành trước sau như nhất của Trương Đăng Quế, đệ nhất công thần nhà Nguyễn, người mang mối ẩn tình với nàng bao năm (mối tình này đã trở thành một “đại nghi án” gây tranh cãi của triều Nguyễn).\u003c/p\u003e\n\u003cp\u003eCuộc chiến cam go bảo vệ tình yêu, danh phận; bênh vực giúp đỡ người ngay và lẽ phải ở nơi quyền quý thực sự gay cấn và đầy hiểm nguy, nhất là khi tranh tối tranh sáng thiện ác khôn lường.\u003c/p\u003e\n\u003cp\u003eNgoài trục chính với các nhân vật trung tâm kể trên, tác phẩm còn là xoay quanh các mối quan hệ quân thần, huynh đệ, những âm mưu thủ đoạn trong hoàng thất khi quyền lực luôn luôn bị nhòm ngó tranh giành. Nhẹ nhàng, tinh tế, không lên gân, tác giả lồng ghép mọi ý tưởng, suy nghĩ, lý giải của mình về chính trường nhà Nguyễn, từ thời Gia Long khởi lập đến lúc vua Tự Đức lên ngôi, bằng cách kể chuyện mạch lạc và cuốn hút, đầy sức thuyết phục. Những đại án thời nhà Nguyễn - vẫn còn gây tranh cãi sôi nổi trong hậu thế - được tái hiện sinh động và hấp dẫn, gay cấn: vụ án quật mồ đại công thần Lê Văn Duyệt do loạn Lê Văn Khôi; đại nghi án con hoàng tử Cảnh thông dâm với mẹ ruột; loạn Hồng Nhậm do vua Thiệu Trị phế trưởng lập thứ; nghi vấn nhức nhối vua Tự Đức có phải là con của đại thần Trương Đăng Quế và thái hậu Từ Dụ?... Tác giả đưa ra những lý giải thuyết phục về các sự kiện lịch sử, thể hiện sự am hiểu sâu rộng cổ sử và tầm nhìn hợp tình hợp lý. Đồng thời, Trần Thùy Mai trổ hết tài khéo của một người viết nữ, tinh tế và miêu tả tâm lý nhân vật cực tài tình. Các nhân vật hấp dẫn và gây ấn tượng trong tiểu thuyết này có rất nhiều:\u003c/p\u003e\n\u003cp\u003eGia Long thâm trầm khôn khéo, Minh Mạng thông minh quyết đoán và nam tính, Thiệu Trị giàu tình cảm, cả nể, Tam phi Ngọc Bình “con vua mà lại hai lần vợ vua”, Nhị phi Trần Thị Đang cơ mưu xảo quyệt, Trương Đăng Quế điềm đạm nhu cương chu toàn, và Phạm Thị Hằng dịu dàng thông minh, luôn lấy lòng nhân đối đầu cường bạo...\u003cbr /\u003eCó thể nói, “Chỉ thông qua các chuyện trong hậu cung, chính trường nhà Nguyễn qua ba triều vua hiện lên một cách sinh động dưới ngòi bút sắc sảo của nữ nhà văn Trần Thùy\u003cbr /\u003eMai. Mặt khác, văn hóa phong tục được gói trong các lễ nghi giao tiếp, trong các sinh hoạt cung đình và dân dã được mô tả rất tinh tế, rất Huế. Từ Dụ thái hậu là một cuốn tiểu\u003cbr /\u003ethuyết lịch sử hấp dẫn và trung thực lạ lùng.” (Hoàng Quốc Hải)\u003c/p\u003e\u003cp\u003eGiá sản phẩm trên Tiki đã bao gồm thuế theo luật hiện hành. Bên cạnh đó, tuỳ vào loại sản phẩm, hình thức và địa chỉ giao hàng mà có thể phát sinh thêm chi phí khác như phí vận chuyển, phụ phí hàng cồng kềnh, thuế nhập khẩu (đối với đơn hàng giao từ nước ngoài có giá trị trên 1 triệu đồng).....\u003c/p\u003e","original_price":190000.0,"thumbnail_url":"https://salt.tikicdn.com/cache/280x280/ts/product/ea/14/a0/3a9e4374dceeea53b256c631891dfe5a.jpg","images":[{"base_url":"https://salt.tikicdn.com/ts/product/ea/14/a0/3a9e4374dceeea53b256c631891dfe5a.jpg","dbId":29466},{"base_url":"https://salt.tikicdn.com/ts/product/11/65/80/30a41bcdc28c4c07eedc6deb8e66734e.jpg","dbId":29467},{"base_url":"https://salt.tikicdn.com/ts/product/8d/7d/40/5f6cffa2e8c7b2591538be87b22e209c.jpg","dbId":29468}],"authors":[{"id":4333,"name":"Trần Thùy Mai","dbId":5821}],"specifications":[{"name":"Thông tin chung","attributes":[{"name":"Phiên bản sách","value":"Phiên bản thường"},{"name":"Công ty phát hành","value":"NXB Phụ Nữ Việt Nam"},{"name":"Ngày xuất bản","value":"2019-01-04 00:00:00"},{"name":"Loại bìa","value":"Bìa mềm"},{"name":"Số trang","value":"464"},{"name":"Nhà xuất bản","value":"Nhà Xuất Bản Phụ Nữ Việt Nam"},{"code":"PUBLICATION_DATE","name":"Kích thước","value":"15.5 x 23.5 cm"}]}],"stock_item":{"qty":1000},"all_time_quantity_sold":742,"reviews":[{"id":17155231,"title":"Cực kì hài lòng","content":"Nghe giới thiệu đến tác phẩm này đã lâu nhưng chưa rước em ấy về. Nay nhân dịp hội sale mình quyết tâm mua ngay. Nếu ai còn phân vân thì nên tìm đọc bài giới thiệu về tác phẩm \u0026 tác giả để có thêm niềm tin vào tiểu thuyết lịch sử nước nhà.","customer_id":5808184,"rating":5,"images":[{"id":3714196,"full_path":"https://salt.tikicdn.com/ts/review/0d/2f/28/b5983f501629cae52665cb6862b36580.jpg"},{"id":3714197,"full_path":"https://salt.tikicdn.com/ts/review/22/64/d4/21e60e15ae9d009b7c10826cc51301f9.jpg"}],"created_at":1658413445,"created_by":{"id":5808184,"name":"","full_name":"","created_time":"2017-09-23 14:35:02","purchased":true,"purchased_at":1658123512},"product_id":14616761,"timeline":{"review_created_date":"2022-07-21 21:24:05","delivery_date":"2022-07-20 10:57:21"}},{"id":17150409,"title":"Cực kì hài lòng","content":"tác phẩm quá hay, đi vào từng ngóch ngách trong nội cung triều Nguyễn, còn hơn là xem phim cung đấu nữa. mình đọc 2 ngày là gần hết cuốn sách.","customer_id":276877,"rating":5,"images":[{"id":3712666,"full_path":"https://salt.tikicdn.com/ts/review/c4/9a/37/8e2d290e2471a12dbf826a3ca1dcab2e.jpg"}],"created_at":1658389754,"created_by":{"id":276877,"name":"Nguyễn Linh","full_name":"Nguyễn Linh","created_time":"2014-01-24 15:34:03","purchased":true,"purchased_at":1658106718},"product_id":14616761,"timeline":{"review_created_date":"2022-07-21 14:49:14","delivery_date":"2022-07-19 10:25:54"}},{"id":17115380,"title":"Cực kì hài lòng","content":"Sách mới còn nguyên màng co. Giao hàng nhanh. Giấy đẹp chất lượng. Mua sale nên hài lòng về sản phẩm","customer_id":16487105,"rating":5,"images":[{"id":3700666,"full_path":"https://salt.tikicdn.com/ts/review/8c/ef/ca/d768ae267f959b99310d5a3559ac0aef.jpg"},{"id":3700667,"full_path":"https://salt.tikicdn.com/ts/review/3a/43/28/3864d821aae8e92f37f14e72c2421100.jpg"}],"created_at":1658155423,"created_by":{"id":16487105,"name":"Đỗ Thị Huệ","full_name":"Đỗ Thị Huệ","created_time":"2020-02-19 08:20:34","purchased":true,"purchased_at":1657969919},"product_id":14616761,"timeline":{"review_created_date":"2022-07-18 21:43:43","delivery_date":"2022-07-18 10:08:17"}},{"id":5070746,"title":"Tác phẩm lịch sử cuốn hút nhất mà mình từng xem","content":"Nhờ lối viết dễ hiểu và kịch tích mà mình đọc 2 quyển trong vòng 2 ngày. Tuy nhiên, phần kể về thái hậu Từ Dụ sau khi đăng quang Hoàng Quý Phi mình thấy có vẻ hơi nhanh, kết truyện là thái hậu lui về hậu cung ko tham gia triều chính nữa, mình hơi tò mò giai đoạn sau bà sống như thế nào vì bà sống tới năm 1902 lận, nghĩa là còn sống qua nhiều đời vua sau Tự Đức nữa. Nói chung, 1 tác phẩm rất đáng đọc mà ko 1 chút nhàm chán.","customer_id":590798,"rating":5,"images":[],"created_at":1601740125,"created_by":{"id":590798,"name":"Huỳnh Tiến","full_name":"Huỳnh Tiến","purchased":true,"purchased_at":1601283202},"product_id":14616761,"timeline":{"review_created_date":"2020-10-03 22:48:45","delivery_date":"2020-09-29 12:11:02"}},{"id":15125924,"title":"Bình thường","content":"Tiki gói hàng tệ hết chỗ nói, không bọc chống sốc gì cả mà cứ thế thả vô hộp. Sách mình đến nơi thì bị cong mép, quá sức thất vọng dv gói hàng của tiki","customer_id":86106,"rating":3,"images":[],"created_at":1645702901,"created_by":{"id":86106,"name":"Kha Linh","full_name":"Kha Linh","created_time":"2013-01-11 14:12:07","purchased":true,"purchased_at":1645380570},"product_id":14616761,"timeline":{"review_created_date":"2022-02-24 18:41:41","delivery_date":"2022-02-24 12:00:02"}},{"id":17155231,"title":"Cực kì hài lòng","content":"Nghe giới thiệu đến tác phẩm này đã lâu nhưng chưa rước em ấy về. Nay nhân dịp hội sale mình quyết tâm mua ngay. Nếu ai còn phân vân thì nên tìm đọc bài giới thiệu về tác phẩm \u0026 tác giả để có thêm niềm tin vào tiểu thuyết lịch sử nước nhà.","customer_id":5808184,"rating":5,"images":[{"id":3714196,"full_path":"https://salt.tikicdn.com/ts/review/0d/2f/28/b5983f501629cae52665cb6862b36580.jpg"},{"id":3714197,"full_path":"https://salt.tikicdn.com/ts/review/22/64/d4/21e60e15ae9d009b7c10826cc51301f9.jpg"}],"created_at":1658413445,"created_by":{"id":5808184,"name":"","full_name":"","created_time":"2017-09-23 14:35:02","purchased":true,"purchased_at":1658123512},"product_id":14616761,"timeline":{"review_created_date":"2022-07-21 21:24:05","delivery_date":"2022-07-20 10:57:21"}},{"id":17150409,"title":"Cực kì hài lòng","content":"tác phẩm quá hay, đi vào từng ngóch ngách trong nội cung triều Nguyễn, còn hơn là xem phim cung đấu nữa. mình đọc 2 ngày là gần hết cuốn sách.","customer_id":276877,"rating":5,"images":[{"id":3712666,"full_path":"https://salt.tikicdn.com/ts/review/c4/9a/37/8e2d290e2471a12dbf826a3ca1dcab2e.jpg"}],"created_at":1658389754,"created_by":{"id":276877,"name":"Nguyễn Linh","full_name":"Nguyễn Linh","created_time":"2014-01-24 15:34:03","purchased":true,"purchased_at":1658106718},"product_id":14616761,"timeline":{"review_created_date":"2022-07-21 14:49:14","delivery_date":"2022-07-19 10:25:54"}},{"id":17115380,"title":"Cực kì hài lòng","content":"Sách mới còn nguyên màng co. Giao hàng nhanh. Giấy đẹp chất lượng. Mua sale nên hài lòng về sản phẩm","customer_id":16487105,"rating":5,"images":[{"id":3700666,"full_path":"https://salt.tikicdn.com/ts/review/8c/ef/ca/d768ae267f959b99310d5a3559ac0aef.jpg"},{"id":3700667,"full_path":"https://salt.tikicdn.com/ts/review/3a/43/28/3864d821aae8e92f37f14e72c2421100.jpg"}],"created_at":1658155423,"created_by":{"id":16487105,"name":"Đỗ Thị Huệ","full_name":"Đỗ Thị Huệ","created_time":"2020-02-19 08:20:34","purchased":true,"purchased_at":1657969919},"product_id":14616761,"timeline":{"review_created_date":"2022-07-18 21:43:43","delivery_date":"2022-07-18 10:08:17"}},{"id":5070746,"title":"Tác phẩm lịch sử cuốn hút nhất mà mình từng xem","content":"Nhờ lối viết dễ hiểu và kịch tích mà mình đọc 2 quyển trong vòng 2 ngày. Tuy nhiên, phần kể về thái hậu Từ Dụ sau khi đăng quang Hoàng Quý Phi mình thấy có vẻ hơi nhanh, kết truyện là thái hậu lui về hậu cung ko tham gia triều chính nữa, mình hơi tò mò giai đoạn sau bà sống như thế nào vì bà sống tới năm 1902 lận, nghĩa là còn sống qua nhiều đời vua sau Tự Đức nữa. Nói chung, 1 tác phẩm rất đáng đọc mà ko 1 chút nhàm chán.","customer_id":590798,"rating":5,"images":[],"created_at":1601740125,"created_by":{"id":590798,"name":"Huỳnh Tiến","full_name":"Huỳnh Tiến","purchased":true,"purchased_at":1601283202},"product_id":14616761,"timeline":{"review_created_date":"2020-10-03 22:48:45","delivery_date":"2020-09-29 12:11:02"}},{"id":15125924,"title":"Bình thường","content":"Tiki gói hàng tệ hết chỗ nói, không bọc chống sốc gì cả mà cứ thế thả vô hộp. Sách mình đến nơi thì bị cong mép, quá sức thất vọng dv gói hàng của tiki","customer_id":86106,"rating":3,"images":[],"created_at":1645702901,"created_by":{"id":86106,"name":"Kha Linh","full_name":"Kha Linh","created_time":"2013-01-11 14:12:07","purchased":true,"purchased_at":1645380570},"product_id":14616761,"timeline":{"review_created_date":"2022-02-24 18:41:41","delivery_date":"2022-02-24 12:00:02"}},{"id":17155231,"title":"Cực kì hài lòng","content":"Nghe giới thiệu đến tác phẩm này đã lâu nhưng chưa rước em ấy về. Nay nhân dịp hội sale mình quyết tâm mua ngay. Nếu ai còn phân vân thì nên tìm đọc bài giới thiệu về tác phẩm \u0026 tác giả để có thêm niềm tin vào tiểu thuyết lịch sử nước nhà.","customer_id":5808184,"rating":5,"images":[{"id":3714196,"full_path":"https://salt.tikicdn.com/ts/review/0d/2f/28/b5983f501629cae52665cb6862b36580.jpg"},{"id":3714197,"full_path":"https://salt.tikicdn.com/ts/review/22/64/d4/21e60e15ae9d009b7c10826cc51301f9.jpg"}],"created_at":1658413445,"created_by":{"id":5808184,"name":"","full_name":"","created_time":"2017-09-23 14:35:02","purchased":true,"purchased_at":1658123512},"product_id":14616761,"timeline":{"review_created_date":"2022-07-21 21:24:05","delivery_date":"2022-07-20 10:57:21"}},{"id":17150409,"title":"Cực kì hài lòng","content":"tác phẩm quá hay, đi vào từng ngóch ngách trong nội cung triều Nguyễn, còn hơn là xem phim cung đấu nữa. mình đọc 2 ngày là gần hết cuốn sách.","customer_id":276877,"rating":5,"images":[{"id":3712666,"full_path":"https://salt.tikicdn.com/ts/review/c4/9a/37/8e2d290e2471a12dbf826a3ca1dcab2e.jpg"}],"created_at":1658389754,"created_by":{"id":276877,"name":"Nguyễn Linh","full_name":"Nguyễn Linh","created_time":"2014-01-24 15:34:03","purchased":true,"purchased_at":1658106718},"product_id":14616761,"timeline":{"review_created_date":"2022-07-21 14:49:14","delivery_date":"2022-07-19 10:25:54"}},{"id":17115380,"title":"Cực kì hài lòng","content":"Sách mới còn nguyên màng co. Giao hàng nhanh. Giấy đẹp chất lượng. Mua sale nên hài lòng về sản phẩm","customer_id":16487105,"rating":5,"images":[{"id":3700666,"full_path":"https://salt.tikicdn.com/ts/review/8c/ef/ca/d768ae267f959b99310d5a3559ac0aef.jpg"},{"id":3700667,"full_path":"https://salt.tikicdn.com/ts/review/3a/43/28/3864d821aae8e92f37f14e72c2421100.jpg"}],"created_at":1658155423,"created_by":{"id":16487105,"name":"Đỗ Thị Huệ","full_name":"Đỗ Thị Huệ","created_time":"2020-02-19 08:20:34","purchased":true,"purchased_at":1657969919},"product_id":14616761,"timeline":{"review_created_date":"2022-07-18 21:43:43","delivery_date":"2022-07-18 10:08:17"}},{"id":5070746,"title":"Tác phẩm lịch sử cuốn hút nhất mà mình từng xem","content":"Nhờ lối viết dễ hiểu và kịch tích mà mình đọc 2 quyển trong vòng 2 ngày. Tuy nhiên, phần kể về thái hậu Từ Dụ sau khi đăng quang Hoàng Quý Phi mình thấy có vẻ hơi nhanh, kết truyện là thái hậu lui về hậu cung ko tham gia triều chính nữa, mình hơi tò mò giai đoạn sau bà sống như thế nào vì bà sống tới năm 1902 lận, nghĩa là còn sống qua nhiều đời vua sau Tự Đức nữa. Nói chung, 1 tác phẩm rất đáng đọc mà ko 1 chút nhàm chán.","customer_id":590798,"rating":5,"images":[],"created_at":1601740125,"created_by":{"id":590798,"name":"Huỳnh Tiến","full_name":"Huỳnh Tiến","purchased":true,"purchased_at":1601283202},"product_id":14616761,"timeline":{"review_created_date":"2020-10-03 22:48:45","delivery_date":"2020-09-29 12:11:02"}},{"id":15125924,"title":"Bình thường","content":"Tiki gói hàng tệ hết chỗ nói, không bọc chống sốc gì cả mà cứ thế thả vô hộp. Sách mình đến nơi thì bị cong mép, quá sức thất vọng dv gói hàng của tiki","customer_id":86106,"rating":3,"images":[],"created_at":1645702901,"created_by":{"id":86106,"name":"Kha Linh","full_name":"Kha Linh","created_time":"2013-01-11 14:12:07","purchased":true,"purchased_at":1645380570},"product_id":14616761,"timeline":{"review_created_date":"2022-02-24 18:41:41","delivery_date":"2022-02-24 12:00:02"}},{"id":17155231,"title":"Cực kì hài lòng","content":"Nghe giới thiệu đến tác phẩm này đã lâu nhưng chưa rước em ấy về. Nay nhân dịp hội sale mình quyết tâm mua ngay. Nếu ai còn phân vân thì nên tìm đọc bài giới thiệu về tác phẩm \u0026 tác giả để có thêm niềm tin vào tiểu thuyết lịch sử nước nhà.","customer_id":5808184,"rating":5,"images":[{"id":3714196,"full_path":"https://salt.tikicdn.com/ts/review/0d/2f/28/b5983f501629cae52665cb6862b36580.jpg"},{"id":3714197,"full_path":"https://salt.tikicdn.com/ts/review/22/64/d4/21e60e15ae9d009b7c10826cc51301f9.jpg"}],"created_at":1658413445,"created_by":{"id":5808184,"name":"","full_name":"","created_time":"2017-09-23 14:35:02","purchased":true,"purchased_at":1658123512},"product_id":14616761,"timeline":{"review_created_date":"2022-07-21 21:24:05","delivery_date":"2022-07-20 10:57:21"}},{"id":17150409,"title":"Cực kì hài lòng","content":"tác phẩm quá hay, đi vào từng ngóch ngách trong nội cung triều Nguyễn, còn hơn là xem phim cung đấu nữa. mình đọc 2 ngày là gần hết cuốn sách.","customer_id":276877,"rating":5,"images":[{"id":3712666,"full_path":"https://salt.tikicdn.com/ts/review/c4/9a/37/8e2d290e2471a12dbf826a3ca1dcab2e.jpg"}],"created_at":1658389754,"created_by":{"id":276877,"name":"Nguyễn Linh","full_name":"Nguyễn Linh","created_time":"2014-01-24 15:34:03","purchased":true,"purchased_at":1658106718},"product_id":14616761,"timeline":{"review_created_date":"2022-07-21 14:49:14","delivery_date":"2022-07-19 10:25:54"}},{"id":17115380,"title":"Cực kì hài lòng","content":"Sách mới còn nguyên màng co. Giao hàng nhanh. Giấy đẹp chất lượng. Mua sale nên hài lòng về sản phẩm","customer_id":16487105,"rating":5,"images":[{"id":3700666,"full_path":"https://salt.tikicdn.com/ts/review/8c/ef/ca/d768ae267f959b99310d5a3559ac0aef.jpg"},{"id":3700667,"full_path":"https://salt.tikicdn.com/ts/review/3a/43/28/3864d821aae8e92f37f14e72c2421100.jpg"}],"created_at":1658155423,"created_by":{"id":16487105,"name":"Đỗ Thị Huệ","full_name":"Đỗ Thị Huệ","created_time":"2020-02-19 08:20:34","purchased":true,"purchased_at":1657969919},"product_id":14616761,"timeline":{"review_created_date":"2022-07-18 21:43:43","delivery_date":"2022-07-18 10:08:17"}},{"id":5070746,"title":"Tác phẩm lịch sử cuốn hút nhất mà mình từng xem","content":"Nhờ lối viết dễ hiểu và kịch tích mà mình đọc 2 quyển trong vòng 2 ngày. Tuy nhiên, phần kể về thái hậu Từ Dụ sau khi đăng quang Hoàng Quý Phi mình thấy có vẻ hơi nhanh, kết truyện là thái hậu lui về hậu cung ko tham gia triều chính nữa, mình hơi tò mò giai đoạn sau bà sống như thế nào vì bà sống tới năm 1902 lận, nghĩa là còn sống qua nhiều đời vua sau Tự Đức nữa. Nói chung, 1 tác phẩm rất đáng đọc mà ko 1 chút nhàm chán.","customer_id":590798,"rating":5,"images":[],"created_at":1601740125,"created_by":{"id":590798,"name":"Huỳnh Tiến","full_name":"Huỳnh Tiến","purchased":true,"purchased_at":1601283202},"product_id":14616761,"timeline":{"review_created_date":"2020-10-03 22:48:45","delivery_date":"2020-09-29 12:11:02"}},{"id":15125924,"title":"Bình thường","content":"Tiki gói hàng tệ hết chỗ nói, không bọc chống sốc gì cả mà cứ thế thả vô hộp. Sách mình đến nơi thì bị cong mép, quá sức thất vọng dv gói hàng của tiki","customer_id":86106,"rating":3,"images":[],"created_at":1645702901,"created_by":{"id":86106,"name":"Kha Linh","full_name":"Kha Linh","created_time":"2013-01-11 14:12:07","purchased":true,"purchased_at":1645380570},"product_id":14616761,"timeline":{"review_created_date":"2022-02-24 18:41:41","delivery_date":"2022-02-24 12:00:02"}}]}