{"id":14660324,"dbId":10388,"createdAt":1554310800000,"name":"Ở Lại Với Ngàn Sao (Du Ký)","short_description":"Chúng tôi lơ lửng trên bầu trời Thổ Nhĩ Kỳ. Như mộng du. Vật thể bay ấy trôi rất êm, rất chậm. Vừa bay còn vừa tự xoay quanh trục của mình khe khẽ, để khách lãng du có thể nhìn ba bề bốn bên các dãy n...","description":"\u003cp\u003eChúng tôi lơ lửng trên bầu trời Thổ Nhĩ Kỳ. Như mộng du. Vật thể bay ấy trôi rất êm, rất chậm. Vừa bay còn vừa tự xoay quanh trục của mình khe khẽ, để khách lãng du có thể nhìn ba bề bốn bên các dãy núi, các đô thị, các kiến trúc đá mê hoặc hồn người của miền cao nguyên, hoang mạc núi mềm Cappadochia - đô thành tạo tác từ đá, vùng dân cư di sản văn hóa thế giới với phong tục gọt núi đào hang, sinh sống trong bụng đất sâu, trong lòng núi cao.\u003c/p\u003e\n\u003cp\u003eBấm ngón tay, tôi đã đón bình minh gần mười sáu nghìn lần, suốt chừng bốn mươi ba năm làm người vừa qua. Đúng là, quả bóng bay to lớn nhờ đốt bằng khí nóng đã cho tôi một ngày không giống mọi ngày. Trong một ban mai thoát ra khỏi mặt đất, từ trên tầng cao, nhín thấy quả địa cầu tròn tròn, rồi cứ thế trôi chầm chậm theo lối của một loài đại bàng núi lượn lờ ngắm giang sơn gấm vóc của mình. Không ù ì lì lợm dưới mặt đất như tàu hỏa, cũng chẳng vun vút nghìn cây số mỗi giờ trên trời như Boeing hay Airbus, nó chính là khinh khí cầu. Vô cùng quyến rũ và tuyệt đối mê hoặc...\u003c/p\u003e\u003cp\u003eGiá sản phẩm trên Tiki đã bao gồm thuế theo luật hiện hành. Bên cạnh đó, tuỳ vào loại sản phẩm, hình thức và địa chỉ giao hàng mà có thể phát sinh thêm chi phí khác như phí vận chuyển, phụ phí hàng cồng kềnh, thuế nhập khẩu (đối với đơn hàng giao từ nước ngoài có giá trị trên 1 triệu đồng).....\u003c/p\u003e","original_price":200000.0,"thumbnail_url":"https://salt.tikicdn.com/cache/280x280/ts/product/2f/cb/b5/f7b4b66d67a939488f5b226a875e4a50.jpg","images":[{"base_url":"https://salt.tikicdn.com/ts/product/2f/cb/b5/f7b4b66d67a939488f5b226a875e4a50.jpg","dbId":27696},{"base_url":"https://salt.tikicdn.com/ts/product/e6/46/79/dbcced6e05af071ea10b928d514202ee.jpg","dbId":27697}],"authors":[{"id":13072,"name":"Đỗ Doãn Hoàng","dbId":5459}],"specifications":[{"name":"Thông tin chung","attributes":[{"name":"Công ty phát hành","value":"Liên Việt"},{"name":"Ngày xuất bản","value":"2019-04-01 00:00:00"},{"name":"Loại bìa","value":"Bìa mềm"},{"name":"Phương thức giao hàng Seller Delivery","value":"Nhà bán giao hàng cho khách hàng"},{"code":"PUBLICATION_DATE","name":"Kích thước","value":"15.5 x 23.5 cm"}]}],"stock_item":{"qty":1000},"all_time_quantity_sold":24,"reviews":[{"id":18011889,"title":"Cực kì hài lòng","content":"","customer_id":20429407,"rating":5,"images":[],"created_at":1666335011,"created_by":{"id":20429407,"name":"Đoàn thảo","full_name":"Đoàn thảo","created_time":"2021-02-22 23:07:10","purchased":true,"purchased_at":1662298859},"product_id":14660324,"timeline":{"review_created_date":"2022-10-21 13:50:11","delivery_date":"2022-09-07 09:27:43"}},{"id":15989290,"title":"Hài lòng","content":"Nội dung sách có nhiều phần trùng lập.","customer_id":22741441,"rating":4,"images":[],"created_at":1650334142,"created_by":{"id":22741441,"name":"Nguyễn Hiếu","full_name":"Nguyễn Hiếu","created_time":"2021-07-23 14:23:06","purchased":true,"purchased_at":1647478912},"product_id":14660324,"timeline":{"review_created_date":"2022-04-19 09:09:02","delivery_date":"2022-03-21 12:30:34"}},{"id":3724288,"title":"Không hài lòng","content":"lúc giao đến hộp rách nát, còn bị thủng lỗ?\nsách bị bẩn (mốc?) đôi chút","customer_id":2135830,"rating":2,"images":[{"id":1035063,"full_path":"https://salt.tikicdn.com/ts/review/35/10/b4/8b3f10283bc2c663dd43b8ddc836c144.jpg"},{"id":1035064,"full_path":"https://salt.tikicdn.com/ts/review/b9/51/84/daf598e002970542969e03baf5c18cdc.jpg"},{"id":1035065,"full_path":"https://salt.tikicdn.com/ts/review/db/30/c9/344f1d631f9d437ade9cc53e22202fbc.jpg"}],"created_at":1591345624,"created_by":{"id":2135830,"name":"Nguyen Fuon","full_name":"Nguyen Fuon","created_time":"2017-02-06 19:21:08","purchased":true,"purchased_at":1590822533},"product_id":14660324,"timeline":{"review_created_date":"2020-06-05 15:27:04","delivery_date":"2020-06-05 15:03:32"}},{"id":15326513,"title":"Cực kì hài lòng","content":"","customer_id":9640440,"rating":5,"images":[],"created_at":1646792428,"created_by":{"id":9640440,"name":"Nguyễn Thu Cúc","full_name":"Nguyễn Thu Cúc","created_time":"2018-12-01 12:17:26","purchased":true,"purchased_at":1641910277},"product_id":14660324,"timeline":{"review_created_date":"2022-03-09 09:20:28","delivery_date":"2022-01-13 16:52:48"}},{"id":8085691,"title":"Cực kì hài lòng","content":"Sách mới, đẹp và có phần minh họa bằng ảnh màu nhìn rất cuốn hút.","customer_id":336122,"rating":5,"images":[],"created_at":1614592526,"created_by":{"id":336122,"name":"Trần Trâm","full_name":"Trần Trâm","created_time":"2014-04-23 11:57:18","purchased":true,"purchased_at":1612243642},"product_id":14660324,"timeline":{"review_created_date":"2021-03-01 16:55:26","delivery_date":"2021-02-06 12:45:47"}},{"id":18011889,"title":"Cực kì hài lòng","content":"","customer_id":20429407,"rating":5,"images":[],"created_at":1666335011,"created_by":{"id":20429407,"name":"Đoàn thảo","full_name":"Đoàn thảo","created_time":"2021-02-22 23:07:10","purchased":true,"purchased_at":1662298859},"product_id":14660324,"timeline":{"review_created_date":"2022-10-21 13:50:11","delivery_date":"2022-09-07 09:27:43"}},{"id":15989290,"title":"Hài lòng","content":"Nội dung sách có nhiều phần trùng lập.","customer_id":22741441,"rating":4,"images":[],"created_at":1650334142,"created_by":{"id":22741441,"name":"Nguyễn Hiếu","full_name":"Nguyễn Hiếu","created_time":"2021-07-23 14:23:06","purchased":true,"purchased_at":1647478912},"product_id":14660324,"timeline":{"review_created_date":"2022-04-19 09:09:02","delivery_date":"2022-03-21 12:30:34"}},{"id":3724288,"title":"Không hài lòng","content":"lúc giao đến hộp rách nát, còn bị thủng lỗ?\nsách bị bẩn (mốc?) đôi chút","customer_id":2135830,"rating":2,"images":[{"id":1035063,"full_path":"https://salt.tikicdn.com/ts/review/35/10/b4/8b3f10283bc2c663dd43b8ddc836c144.jpg"},{"id":1035064,"full_path":"https://salt.tikicdn.com/ts/review/b9/51/84/daf598e002970542969e03baf5c18cdc.jpg"},{"id":1035065,"full_path":"https://salt.tikicdn.com/ts/review/db/30/c9/344f1d631f9d437ade9cc53e22202fbc.jpg"}],"created_at":1591345624,"created_by":{"id":2135830,"name":"Nguyen Fuon","full_name":"Nguyen Fuon","created_time":"2017-02-06 19:21:08","purchased":true,"purchased_at":1590822533},"product_id":14660324,"timeline":{"review_created_date":"2020-06-05 15:27:04","delivery_date":"2020-06-05 15:03:32"}},{"id":15326513,"title":"Cực kì hài lòng","content":"","customer_id":9640440,"rating":5,"images":[],"created_at":1646792428,"created_by":{"id":9640440,"name":"Nguyễn Thu Cúc","full_name":"Nguyễn Thu Cúc","created_time":"2018-12-01 12:17:26","purchased":true,"purchased_at":1641910277},"product_id":14660324,"timeline":{"review_created_date":"2022-03-09 09:20:28","delivery_date":"2022-01-13 16:52:48"}},{"id":8085691,"title":"Cực kì hài lòng","content":"Sách mới, đẹp và có phần minh họa bằng ảnh màu nhìn rất cuốn hút.","customer_id":336122,"rating":5,"images":[],"created_at":1614592526,"created_by":{"id":336122,"name":"Trần Trâm","full_name":"Trần Trâm","created_time":"2014-04-23 11:57:18","purchased":true,"purchased_at":1612243642},"product_id":14660324,"timeline":{"review_created_date":"2021-03-01 16:55:26","delivery_date":"2021-02-06 12:45:47"}}]}