{"id":14684956,"dbId":10393,"createdAt":1554829200000,"name":"Sáu Người Đi Khắp Thế Gian (Tập 2) ( Tái Bản 2019 )","short_description":"Ngày mười bốn tháng Bảy không khí Pamplona náo nhiệt đến tột đỉnh. Suốt đêm hàng nghìn người Pháp rầm rập vượt qua biên giới để “regarder les taureaux[1]”. Họ là những con người đẹp đẽ, quần trắng giả...","description":"\u003cp\u003eNgày mười bốn tháng Bảy không khí Pamplona náo nhiệt đến tột đỉnh. Suốt đêm hàng nghìn người Pháp rầm rập vượt qua biên giới để “regarder les taureaux[1]”. Họ là những con người đẹp đẽ, quần trắng giản dị và áo dệt cộc tay gọn gàng thêu hình cá sấu trên ngực trái. Nhiều người đội mũ nồi và ai cũng cười nói ầm ĩ.\u003cbr /\u003eNăm giờ rưỡi các ban nhạc tập trung tại Bar Vasca, và vì đó là buổi sáng cuối cùng được đánh thức thành phố dậy nên họ chơi hoàn toàn thoải mái, tiếng trống ầm ầm như pháo bắn. Holt nhảy ra khỏi giường, cạo râu bằng nước lạnh, và sau đó, vẫn ăn mặc như thường lệ, đến gõ cửa một vài phòng. Khoảng sáu giờ, một nhóm thanh niên nam nữ mỗi người mỗi vẻ đã tề tựu trong phòng anh, kể cả hai cô gái Mỹ rất xinh học ở trường Wellesley mà đêm trước Joe thấy đang loay hoay tìm chỗ ngủ ở quảng trường.\u003cbr /\u003eHolt phân công Clive giữ chỗ cho các cô gái ở cạnh rào chắn dẫn vào phố Estafeta: “Bây giờ đi ngay thì hơn. Đến sáu giờ thì mọi vị trí thuận lợi sẽ bị chiếm hết đấy.”\u003cbr /\u003eKhi chỉ còn lại bốn người chúng tôi, anh dặn, “Cà phê xong rồi chúng ta lên tòa thị chính. Chúng ta phải giành được chỗ an toàn ở góc đó cho ông Fairbanks.”\u003cbr /\u003eTrên đường lên đồi, anh mua cho mỗi người một tờ báo, và trong lúc cuộn tròn tờ của mình lại, anh nhắc chúng tôi về chiến thuật của chúng tôi và nói thêm, “Không được hành động khinh suất,khi các bạn nghĩ đàn bò đã chạy qua an toàn. Bởi vì chúng có thể quay lại bất thình lình và loại các bạn khỏi cuộc chơi đấy.”\u003c/p\u003e\u003cp\u003eGiá sản phẩm trên Tiki đã bao gồm thuế theo luật hiện hành. Bên cạnh đó, tuỳ vào loại sản phẩm, hình thức và địa chỉ giao hàng mà có thể phát sinh thêm chi phí khác như phí vận chuyển, phụ phí hàng cồng kềnh, thuế nhập khẩu (đối với đơn hàng giao từ nước ngoài có giá trị trên 1 triệu đồng).....\u003c/p\u003e","original_price":165000.0,"thumbnail_url":"https://salt.tikicdn.com/cache/280x280/ts/product/5c/47/0d/3f1a1c7c6f6ab339b1acd2892ee7282e.jpg","images":[{"base_url":"https://salt.tikicdn.com/ts/product/5c/47/0d/3f1a1c7c6f6ab339b1acd2892ee7282e.jpg","dbId":27706}],"authors":[{"id":13647,"name":"James Albert Michener","dbId":5462}],"specifications":[{"name":"Thông tin chung","attributes":[{"name":"Công ty phát hành","value":"Nhã Nam"},{"name":"Ngày xuất bản","value":"2019-04-01 00:00:00"},{"name":"Loại bìa","value":"Bìa mềm"},{"name":"Số trang","value":"564"},{"name":"Nhà xuất bản","value":"Nhà Xuất Bản Hội Nhà Văn"},{"code":"PUBLICATION_DATE","name":"Kích thước","value":"16 x 24 cm"}]}],"stock_item":{"qty":1000},"all_time_quantity_sold":1,"reviews":[{"id":17492352,"title":"Cực kì hài lòng","content":"Sách khổ to, có hơi bẩn 1 chút do k có màng bọc nilon bên ngoài nhưng không sao, nội dung rất phù hợp với những bạn trẻ đang ở lứa tuổi thanh niên\r\nMình mua 2 quyển với giá 145k\r\nTiki nay đã cẩn thận hơn trong khâu đóng hàng, có giấy chèn cẩn thận, k còn tình trạng sách bị lọc xọc trong hộp nữa","customer_id":21903872,"rating":5,"images":[{"id":3820148,"full_path":"https://salt.tikicdn.com/ts/review/08/9f/f1/ffe8eca4757859b969c0c02d89aa1312.jpg"}],"created_at":1661168773,"created_by":{"id":21903872,"name":"Doan Quang Huy","full_name":"Doan Quang Huy","created_time":"2021-05-25 07:10:57","purchased":true,"purchased_at":1660671187},"product_id":14684956,"timeline":{"review_created_date":"2022-08-22 18:46:13","delivery_date":"2022-08-22 11:46:12"}},{"id":9534340,"title":"Cực kì hài lòng","content":"Sách chất lượng ngang mua tại nhà sách nha mn, đọc cuốn 1 rồi nêb mình quyết tâm mua cuốn 2, các bạn trẻ đam mê đọc sách nên mua luôn combo 2 cuốn cho rẻ nhé!","customer_id":10494479,"rating":5,"images":[{"id":1929937,"full_path":"https://salt.tikicdn.com/ts/review/35/de/3d/892fbfc4b7261dd2afff3f42f4b6c017.jpg"}],"created_at":1620288312,"created_by":{"id":10494479,"name":"Naruto vs battles","full_name":"Naruto vs battles","created_time":"2019-01-22 15:29:04","purchased":true,"purchased_at":1620095138},"product_id":14684956,"timeline":{"review_created_date":"2021-05-06 15:05:12","delivery_date":"2021-05-05 16:40:08"}},{"id":7359230,"title":"Cực kì hài lòng","content":"Mình đã có cuốn 1 nên khi thấy tiki sale mạnh là phải mua ngay. Tuy mua với giá cực rẻ nhưng sách lại rất mới và chất lượng nên mình cực kỳ hài lòng","customer_id":164344,"rating":5,"images":[{"id":1534010,"full_path":"https://salt.tikicdn.com/ts/review/c3/e3/2c/48e252ba6b14c40d8ec4126599e9959d.jpg"}],"created_at":1611930864,"created_by":{"id":164344,"name":"Giang Trương","full_name":"Giang Trương","created_time":"2013-08-26 09:01:20","purchased":true,"purchased_at":1603509510},"product_id":14684956,"timeline":{"review_created_date":"2021-01-29 21:34:24","delivery_date":"2020-10-26 17:26:06"}},{"id":2700741,"title":"Không hài lòng","content":"Tôi mua hàng rất nhiều trên Tiki, nhưng lần này giao hàng, bảo quản không tốt, hàng dính dầu mỡ rất bẩn, đề nghị đổi mới","customer_id":1268566,"rating":2,"images":[{"id":688855,"full_path":"https://salt.tikicdn.com/ts/review/17/e3/c8/704fc57636287953e0a145bfd03b2af1.jpg"},{"id":688856,"full_path":"https://salt.tikicdn.com/ts/review/f9/ea/98/3c61d42534c4177ff014a547d10826cb.jpg"},{"id":688857,"full_path":"https://salt.tikicdn.com/ts/review/d6/9b/67/edde0e40f503470c77ebd8fb9f3a4105.jpg"},{"id":688858,"full_path":"https://salt.tikicdn.com/ts/review/0d/46/ac/a85e8f75ab517de59a5bc654a25fb9b2.jpg"}],"created_at":1575382447,"created_by":{"id":1268566,"name":"Ngo Le Hoang","full_name":"Ngo Le Hoang","created_time":"2016-03-28 13:25:07","purchased":true,"purchased_at":1575259038},"product_id":14684956,"timeline":{"review_created_date":"2019-12-03 21:14:07","delivery_date":"2019-12-03 12:58:12"}},{"id":16231766,"title":"Cực kì hài lòng","content":"sách hay, đẹp, giao nhanh, cám ơn Tiki","customer_id":10929901,"rating":5,"images":[{"id":3448834,"full_path":"https://salt.tikicdn.com/ts/review/16/60/83/f230f959bfc212f1203032529526c8b4.jpg"}],"created_at":1651910831,"created_by":{"id":10929901,"name":"Thi","full_name":"Thi","created_time":"2019-02-18 20:58:24","purchased":true,"purchased_at":1649947594},"product_id":14684956,"timeline":{"review_created_date":"2022-05-07 15:07:11","delivery_date":"2022-04-15 13:12:33"}},{"id":17492352,"title":"Cực kì hài lòng","content":"Sách khổ to, có hơi bẩn 1 chút do k có màng bọc nilon bên ngoài nhưng không sao, nội dung rất phù hợp với những bạn trẻ đang ở lứa tuổi thanh niên\r\nMình mua 2 quyển với giá 145k\r\nTiki nay đã cẩn thận hơn trong khâu đóng hàng, có giấy chèn cẩn thận, k còn tình trạng sách bị lọc xọc trong hộp nữa","customer_id":21903872,"rating":5,"images":[{"id":3820148,"full_path":"https://salt.tikicdn.com/ts/review/08/9f/f1/ffe8eca4757859b969c0c02d89aa1312.jpg"}],"created_at":1661168773,"created_by":{"id":21903872,"name":"Doan Quang Huy","full_name":"Doan Quang Huy","created_time":"2021-05-25 07:10:57","purchased":true,"purchased_at":1660671187},"product_id":14684956,"timeline":{"review_created_date":"2022-08-22 18:46:13","delivery_date":"2022-08-22 11:46:12"}},{"id":9534340,"title":"Cực kì hài lòng","content":"Sách chất lượng ngang mua tại nhà sách nha mn, đọc cuốn 1 rồi nêb mình quyết tâm mua cuốn 2, các bạn trẻ đam mê đọc sách nên mua luôn combo 2 cuốn cho rẻ nhé!","customer_id":10494479,"rating":5,"images":[{"id":1929937,"full_path":"https://salt.tikicdn.com/ts/review/35/de/3d/892fbfc4b7261dd2afff3f42f4b6c017.jpg"}],"created_at":1620288312,"created_by":{"id":10494479,"name":"Naruto vs battles","full_name":"Naruto vs battles","created_time":"2019-01-22 15:29:04","purchased":true,"purchased_at":1620095138},"product_id":14684956,"timeline":{"review_created_date":"2021-05-06 15:05:12","delivery_date":"2021-05-05 16:40:08"}},{"id":7359230,"title":"Cực kì hài lòng","content":"Mình đã có cuốn 1 nên khi thấy tiki sale mạnh là phải mua ngay. Tuy mua với giá cực rẻ nhưng sách lại rất mới và chất lượng nên mình cực kỳ hài lòng","customer_id":164344,"rating":5,"images":[{"id":1534010,"full_path":"https://salt.tikicdn.com/ts/review/c3/e3/2c/48e252ba6b14c40d8ec4126599e9959d.jpg"}],"created_at":1611930864,"created_by":{"id":164344,"name":"Giang Trương","full_name":"Giang Trương","created_time":"2013-08-26 09:01:20","purchased":true,"purchased_at":1603509510},"product_id":14684956,"timeline":{"review_created_date":"2021-01-29 21:34:24","delivery_date":"2020-10-26 17:26:06"}},{"id":2700741,"title":"Không hài lòng","content":"Tôi mua hàng rất nhiều trên Tiki, nhưng lần này giao hàng, bảo quản không tốt, hàng dính dầu mỡ rất bẩn, đề nghị đổi mới","customer_id":1268566,"rating":2,"images":[{"id":688855,"full_path":"https://salt.tikicdn.com/ts/review/17/e3/c8/704fc57636287953e0a145bfd03b2af1.jpg"},{"id":688856,"full_path":"https://salt.tikicdn.com/ts/review/f9/ea/98/3c61d42534c4177ff014a547d10826cb.jpg"},{"id":688857,"full_path":"https://salt.tikicdn.com/ts/review/d6/9b/67/edde0e40f503470c77ebd8fb9f3a4105.jpg"},{"id":688858,"full_path":"https://salt.tikicdn.com/ts/review/0d/46/ac/a85e8f75ab517de59a5bc654a25fb9b2.jpg"}],"created_at":1575382447,"created_by":{"id":1268566,"name":"Ngo Le Hoang","full_name":"Ngo Le Hoang","created_time":"2016-03-28 13:25:07","purchased":true,"purchased_at":1575259038},"product_id":14684956,"timeline":{"review_created_date":"2019-12-03 21:14:07","delivery_date":"2019-12-03 12:58:12"}},{"id":16231766,"title":"Cực kì hài lòng","content":"sách hay, đẹp, giao nhanh, cám ơn Tiki","customer_id":10929901,"rating":5,"images":[{"id":3448834,"full_path":"https://salt.tikicdn.com/ts/review/16/60/83/f230f959bfc212f1203032529526c8b4.jpg"}],"created_at":1651910831,"created_by":{"id":10929901,"name":"Thi","full_name":"Thi","created_time":"2019-02-18 20:58:24","purchased":true,"purchased_at":1649947594},"product_id":14684956,"timeline":{"review_created_date":"2022-05-07 15:07:11","delivery_date":"2022-04-15 13:12:33"}},{"id":17492352,"title":"Cực kì hài lòng","content":"Sách khổ to, có hơi bẩn 1 chút do k có màng bọc nilon bên ngoài nhưng không sao, nội dung rất phù hợp với những bạn trẻ đang ở lứa tuổi thanh niên\r\nMình mua 2 quyển với giá 145k\r\nTiki nay đã cẩn thận hơn trong khâu đóng hàng, có giấy chèn cẩn thận, k còn tình trạng sách bị lọc xọc trong hộp nữa","customer_id":21903872,"rating":5,"images":[{"id":3820148,"full_path":"https://salt.tikicdn.com/ts/review/08/9f/f1/ffe8eca4757859b969c0c02d89aa1312.jpg"}],"created_at":1661168773,"created_by":{"id":21903872,"name":"Doan Quang Huy","full_name":"Doan Quang Huy","created_time":"2021-05-25 07:10:57","purchased":true,"purchased_at":1660671187},"product_id":14684956,"timeline":{"review_created_date":"2022-08-22 18:46:13","delivery_date":"2022-08-22 11:46:12"}},{"id":9534340,"title":"Cực kì hài lòng","content":"Sách chất lượng ngang mua tại nhà sách nha mn, đọc cuốn 1 rồi nêb mình quyết tâm mua cuốn 2, các bạn trẻ đam mê đọc sách nên mua luôn combo 2 cuốn cho rẻ nhé!","customer_id":10494479,"rating":5,"images":[{"id":1929937,"full_path":"https://salt.tikicdn.com/ts/review/35/de/3d/892fbfc4b7261dd2afff3f42f4b6c017.jpg"}],"created_at":1620288312,"created_by":{"id":10494479,"name":"Naruto vs battles","full_name":"Naruto vs battles","created_time":"2019-01-22 15:29:04","purchased":true,"purchased_at":1620095138},"product_id":14684956,"timeline":{"review_created_date":"2021-05-06 15:05:12","delivery_date":"2021-05-05 16:40:08"}},{"id":7359230,"title":"Cực kì hài lòng","content":"Mình đã có cuốn 1 nên khi thấy tiki sale mạnh là phải mua ngay. Tuy mua với giá cực rẻ nhưng sách lại rất mới và chất lượng nên mình cực kỳ hài lòng","customer_id":164344,"rating":5,"images":[{"id":1534010,"full_path":"https://salt.tikicdn.com/ts/review/c3/e3/2c/48e252ba6b14c40d8ec4126599e9959d.jpg"}],"created_at":1611930864,"created_by":{"id":164344,"name":"Giang Trương","full_name":"Giang Trương","created_time":"2013-08-26 09:01:20","purchased":true,"purchased_at":1603509510},"product_id":14684956,"timeline":{"review_created_date":"2021-01-29 21:34:24","delivery_date":"2020-10-26 17:26:06"}},{"id":2700741,"title":"Không hài lòng","content":"Tôi mua hàng rất nhiều trên Tiki, nhưng lần này giao hàng, bảo quản không tốt, hàng dính dầu mỡ rất bẩn, đề nghị đổi mới","customer_id":1268566,"rating":2,"images":[{"id":688855,"full_path":"https://salt.tikicdn.com/ts/review/17/e3/c8/704fc57636287953e0a145bfd03b2af1.jpg"},{"id":688856,"full_path":"https://salt.tikicdn.com/ts/review/f9/ea/98/3c61d42534c4177ff014a547d10826cb.jpg"},{"id":688857,"full_path":"https://salt.tikicdn.com/ts/review/d6/9b/67/edde0e40f503470c77ebd8fb9f3a4105.jpg"},{"id":688858,"full_path":"https://salt.tikicdn.com/ts/review/0d/46/ac/a85e8f75ab517de59a5bc654a25fb9b2.jpg"}],"created_at":1575382447,"created_by":{"id":1268566,"name":"Ngo Le Hoang","full_name":"Ngo Le Hoang","created_time":"2016-03-28 13:25:07","purchased":true,"purchased_at":1575259038},"product_id":14684956,"timeline":{"review_created_date":"2019-12-03 21:14:07","delivery_date":"2019-12-03 12:58:12"}},{"id":16231766,"title":"Cực kì hài lòng","content":"sách hay, đẹp, giao nhanh, cám ơn Tiki","customer_id":10929901,"rating":5,"images":[{"id":3448834,"full_path":"https://salt.tikicdn.com/ts/review/16/60/83/f230f959bfc212f1203032529526c8b4.jpg"}],"created_at":1651910831,"created_by":{"id":10929901,"name":"Thi","full_name":"Thi","created_time":"2019-02-18 20:58:24","purchased":true,"purchased_at":1649947594},"product_id":14684956,"timeline":{"review_created_date":"2022-05-07 15:07:11","delivery_date":"2022-04-15 13:12:33"}},{"id":17492352,"title":"Cực kì hài lòng","content":"Sách khổ to, có hơi bẩn 1 chút do k có màng bọc nilon bên ngoài nhưng không sao, nội dung rất phù hợp với những bạn trẻ đang ở lứa tuổi thanh niên\r\nMình mua 2 quyển với giá 145k\r\nTiki nay đã cẩn thận hơn trong khâu đóng hàng, có giấy chèn cẩn thận, k còn tình trạng sách bị lọc xọc trong hộp nữa","customer_id":21903872,"rating":5,"images":[{"id":3820148,"full_path":"https://salt.tikicdn.com/ts/review/08/9f/f1/ffe8eca4757859b969c0c02d89aa1312.jpg"}],"created_at":1661168773,"created_by":{"id":21903872,"name":"Doan Quang Huy","full_name":"Doan Quang Huy","created_time":"2021-05-25 07:10:57","purchased":true,"purchased_at":1660671187},"product_id":14684956,"timeline":{"review_created_date":"2022-08-22 18:46:13","delivery_date":"2022-08-22 11:46:12"}},{"id":9534340,"title":"Cực kì hài lòng","content":"Sách chất lượng ngang mua tại nhà sách nha mn, đọc cuốn 1 rồi nêb mình quyết tâm mua cuốn 2, các bạn trẻ đam mê đọc sách nên mua luôn combo 2 cuốn cho rẻ nhé!","customer_id":10494479,"rating":5,"images":[{"id":1929937,"full_path":"https://salt.tikicdn.com/ts/review/35/de/3d/892fbfc4b7261dd2afff3f42f4b6c017.jpg"}],"created_at":1620288312,"created_by":{"id":10494479,"name":"Naruto vs battles","full_name":"Naruto vs battles","created_time":"2019-01-22 15:29:04","purchased":true,"purchased_at":1620095138},"product_id":14684956,"timeline":{"review_created_date":"2021-05-06 15:05:12","delivery_date":"2021-05-05 16:40:08"}},{"id":7359230,"title":"Cực kì hài lòng","content":"Mình đã có cuốn 1 nên khi thấy tiki sale mạnh là phải mua ngay. Tuy mua với giá cực rẻ nhưng sách lại rất mới và chất lượng nên mình cực kỳ hài lòng","customer_id":164344,"rating":5,"images":[{"id":1534010,"full_path":"https://salt.tikicdn.com/ts/review/c3/e3/2c/48e252ba6b14c40d8ec4126599e9959d.jpg"}],"created_at":1611930864,"created_by":{"id":164344,"name":"Giang Trương","full_name":"Giang Trương","created_time":"2013-08-26 09:01:20","purchased":true,"purchased_at":1603509510},"product_id":14684956,"timeline":{"review_created_date":"2021-01-29 21:34:24","delivery_date":"2020-10-26 17:26:06"}},{"id":2700741,"title":"Không hài lòng","content":"Tôi mua hàng rất nhiều trên Tiki, nhưng lần này giao hàng, bảo quản không tốt, hàng dính dầu mỡ rất bẩn, đề nghị đổi mới","customer_id":1268566,"rating":2,"images":[{"id":688855,"full_path":"https://salt.tikicdn.com/ts/review/17/e3/c8/704fc57636287953e0a145bfd03b2af1.jpg"},{"id":688856,"full_path":"https://salt.tikicdn.com/ts/review/f9/ea/98/3c61d42534c4177ff014a547d10826cb.jpg"},{"id":688857,"full_path":"https://salt.tikicdn.com/ts/review/d6/9b/67/edde0e40f503470c77ebd8fb9f3a4105.jpg"},{"id":688858,"full_path":"https://salt.tikicdn.com/ts/review/0d/46/ac/a85e8f75ab517de59a5bc654a25fb9b2.jpg"}],"created_at":1575382447,"created_by":{"id":1268566,"name":"Ngo Le Hoang","full_name":"Ngo Le Hoang","created_time":"2016-03-28 13:25:07","purchased":true,"purchased_at":1575259038},"product_id":14684956,"timeline":{"review_created_date":"2019-12-03 21:14:07","delivery_date":"2019-12-03 12:58:12"}},{"id":16231766,"title":"Cực kì hài lòng","content":"sách hay, đẹp, giao nhanh, cám ơn Tiki","customer_id":10929901,"rating":5,"images":[{"id":3448834,"full_path":"https://salt.tikicdn.com/ts/review/16/60/83/f230f959bfc212f1203032529526c8b4.jpg"}],"created_at":1651910831,"created_by":{"id":10929901,"name":"Thi","full_name":"Thi","created_time":"2019-02-18 20:58:24","purchased":true,"purchased_at":1649947594},"product_id":14684956,"timeline":{"review_created_date":"2022-05-07 15:07:11","delivery_date":"2022-04-15 13:12:33"}}]}