{"id":147341592,"dbId":10941,"createdAt":1684901555000,"name":"Nhật Ký Trong Tù (Tái Bản)","short_description":"    Nhật Ký Trong Tù (Tái Bản) ...","description":"\u003chtml\u003e\n \u003chead\u003e\u003c/head\u003e\n \u003cbody\u003e\n  Nhật Ký Trong Tù (Tái Bản)\n \u003c/body\u003e\n\u003c/html\u003e\u003cp\u003eGiá sản phẩm trên Tiki đã bao gồm thuế theo luật hiện hành. Bên cạnh đó, tuỳ vào loại sản phẩm, hình thức và địa chỉ giao hàng mà có thể phát sinh thêm chi phí khác như phí vận chuyển, phụ phí hàng cồng kềnh, thuế nhập khẩu (đối với đơn hàng giao từ nước ngoài có giá trị trên 1 triệu đồng).....\u003c/p\u003e","original_price":48000.0,"thumbnail_url":"https://salt.tikicdn.com/cache/280x280/ts/product/a3/3a/af/f9da3bc1a134f31ba356338263ef5c23.jpg","images":[{"base_url":"https://salt.tikicdn.com/ts/product/a3/3a/af/f9da3bc1a134f31ba356338263ef5c23.jpg","dbId":29213}],"authors":[{"id":10429,"name":"Hồ Chí Minh","dbId":5602}],"specifications":[{"name":"Thông tin chung","attributes":[{"name":"Công ty phát hành","value":"Huy Hoàng Bookstore"},{"name":"Phương thức giao hàng Seller Delivery","value":"Nhà bán giao hàng cho khách hàng"},{"name":"Nhà xuất bản","value":"Nhà Xuất Bản Văn Học"},{"code":"PUBLICATION_DATE","name":"Ngày xuất bản","value":"Sun May 14 11:12:35 ICT 2023"}]}],"stock_item":{"qty":1000},"all_time_quantity_sold":36,"reviews":[{"id":19376033,"title":"Cực kì hài lòng","content":"","customer_id":26357288,"rating":5,"images":[],"created_at":1689244303,"created_by":{"id":26357288,"name":"Phạm Ái Nhân","full_name":"Phạm Ái Nhân","created_time":"2022-01-05 14:28:54","purchased":true,"purchased_at":1682693077},"product_id":147341592,"timeline":{"review_created_date":"2023-07-13 17:31:43","delivery_date":"2023-05-04 18:10:14"}},{"id":19205887,"title":"Cực kì hài lòng","content":"","customer_id":17073373,"rating":5,"images":[],"created_at":1684383155,"created_by":{"id":17073373,"name":"nguyen tuan anh ","full_name":"nguyen tuan anh ","created_time":"2020-04-09 20:30:04","purchased":true,"purchased_at":1684217099},"product_id":147341592,"timeline":{"review_created_date":"2023-05-18 11:12:35","delivery_date":"2023-05-18 11:10:25"}}]}