{"id":147564411,"dbId":11418,"createdAt":1644810820000,"name":"Điệp Viên Không Không Thấy Và Đại Văn Mỗ","short_description":"    Điệp Viên Không Không Thấy Và Đại Văn Mỗ ...","description":"\u003chtml\u003e\n \u003chead\u003e\u003c/head\u003e\n \u003cbody\u003e\n  Điệp Viên Không Không Thấy Và Đại Văn Mỗ\n \u003c/body\u003e\n\u003c/html\u003e\u003cp\u003eGiá sản phẩm trên Tiki đã bao gồm thuế theo luật hiện hành. Bên cạnh đó, tuỳ vào loại sản phẩm, hình thức và địa chỉ giao hàng mà có thể phát sinh thêm chi phí khác như phí vận chuyển, phụ phí hàng cồng kềnh, thuế nhập khẩu (đối với đơn hàng giao từ nước ngoài có giá trị trên 1 triệu đồng).....\u003c/p\u003e","original_price":85000.0,"thumbnail_url":"https://salt.tikicdn.com/cache/280x280/ts/product/9a/eb/e7/e3777c48d0ae93e893e055c6431fe40c.jpg","images":[{"base_url":"https://salt.tikicdn.com/ts/product/9a/eb/e7/e3777c48d0ae93e893e055c6431fe40c.jpg","dbId":30386}],"authors":[{"id":4317,"name":"Lê Văn Nghĩa","dbId":5842}],"specifications":[{"name":"Thông tin chung","attributes":[{"name":"Công ty phát hành","value":"NXB Tổng Hợp TPHCM"},{"name":"Phương thức giao hàng Seller Delivery","value":"Nhà bán giao hàng cho khách hàng"},{"name":"Nhà xuất bản","value":"Nhà Xuất Bản Tổng hợp TP.HCM"},{"code":"PUBLICATION_DATE","name":"Ngày xuất bản","value":"Wed Jan 19 10:53:40 ICT 2022"}]}],"stock_item":{"qty":1000},"all_time_quantity_sold":3,"reviews":[{"id":17600052,"title":"Hài lòng","content":"Giao nhanh, đóng gói cẩn thận. Sách in tốt.","customer_id":6199149,"rating":4,"images":[{"id":3849375,"full_path":"https://salt.tikicdn.com/ts/review/62/d0/1c/d0fcc84dd685f979b88828a684a83e86.jpg"}],"created_at":1662338926,"created_by":{"id":6199149,"name":"trần an khương","full_name":"trần an khương","created_time":"2017-12-12 16:12:29","purchased":true,"purchased_at":1659071259},"product_id":147564411,"timeline":{"review_created_date":"2022-09-05 07:48:46","delivery_date":"2022-08-01 17:10:26"}},{"id":14698166,"title":"Cực kì hài lòng","content":"","customer_id":1664029,"rating":5,"images":[],"created_at":1643169220,"created_by":{"id":1664029,"name":"Nguyễn Hoàng Bảo Khanh","full_name":"Nguyễn Hoàng Bảo Khanh","created_time":"2016-09-03 11:53:33","purchased":true,"purchased_at":1639203895},"product_id":147564411,"timeline":{"review_created_date":"2022-01-26 10:53:40","delivery_date":"2021-12-12 19:25:56"}}]}