{"id":148802212,"dbId":11155,"createdAt":1640192400000,"name":"Phong Ma Yến Tước Tập 1 - Nuối Tiếc Giang Hồ","short_description":"Bốn môn phái lừa đảo lớn trên giang hồ, đó là Phong Ma Yến Tước.Cả đám ùa đến như ong vỡ tổ, bắt tay nhau đi lừa, sức như gió lớn quét qua, tốc chiến tốc thắng; hay lại đơn thương độc mã đi lừa; hay ...","description":"\u003cp\u003eBốn môn phái lừa đảo lớn trên giang hồ, đó là Phong Ma Yến Tước.\u003c/p\u003e\n\u003cp\u003eCả đám ùa đến như ong vỡ tổ, bắt tay nhau đi lừa, sức như gió lớn quét qua, tốc chiến tốc thắng; hay lại đơn thương độc mã đi lừa; hay lại viện tới nữ sắc làm mồi; hay còn bỏ tiền mua chức quan khuyết trống để làm bệ đỡ\u003c/p\u003e\n\u003cp\u003eMạnh Tiểu Lục vốn là một gã học việc thông minh tháo vát ở một tiệm cầm đồ. Ngờ đâu tai bay vạ gió, gia đình mắc phải bẫy của bọn lừa đảo, nhà tan cửa nát. Lòng đầy căm phẫn, gã thề tìm cho ra bọn chúng để trả thù. Nhờ cơ duyên với một hòa thượng tình cờ cứu được trước kia, Mạnh Tiểu Lục từng bước dấn thân vào giang hồ, vớí Phong Ma Yến Tước và các thế lực giăng mắc rối ren, hễ sơ sảy là tán gia bại sản hay mất mạng.\u003c/p\u003e\n\u003cp\u003eTheo chân gã thiếu niên Mạnh Tiểu Lục, người đọc sẽ từng bước bị cuốn vào một thế giới đầy mới mẻ, nhiều kịch tính song cũng không ít phần hung hiểm, với những cuộc đấu trí đấu dũng ngạt thở. Để rồi sau tất cả các mánh mung lừa lọc ấy, ta lại tìm thấy những tình cảm chân thành.\u003c/p\u003e\n\u003cp\u003eVề tác giả:\u003c/p\u003e\n\u003cp\u003eThái Chí Hạo, tác giả nổi tiếng trên các trang mạng tianya, qidian, được xưng tụng là “quỷ tài”. Sở trường về tiểu thuyết lịch sử, trinh thám và kinh dị. Phong Ma Yến Tước là cuốn tiểu thuyết mới xuất bản gần đây nhất của ông.\u003c/p\u003e\n\u003cp\u003eCác tác phẩm tiêu biểu:\u003c/p\u003e\n\u003cp\u003e- Phong Ma Yến Tước\u003c/p\u003e\n\u003cp\u003e- Ngô sư lục\u003c/p\u003e\n\u003cp\u003e- Mật Thập Tam\u003c/p\u003e\n\u003cp\u003e- Đại cẩm y\u003c/p\u003e\u003cp\u003eGiá sản phẩm trên Tiki đã bao gồm thuế theo luật hiện hành. Bên cạnh đó, tuỳ vào loại sản phẩm, hình thức và địa chỉ giao hàng mà có thể phát sinh thêm chi phí khác như phí vận chuyển, phụ phí hàng cồng kềnh, thuế nhập khẩu (đối với đơn hàng giao từ nước ngoài có giá trị trên 1 triệu đồng).....\u003c/p\u003e","original_price":215000.0,"thumbnail_url":"https://salt.tikicdn.com/cache/280x280/ts/product/16/81/6c/1b98c1c0065dd467f536e9ae1eb466fc.jpg","images":[{"base_url":"https://salt.tikicdn.com/ts/product/16/81/6c/1b98c1c0065dd467f536e9ae1eb466fc.jpg","dbId":29727},{"base_url":"https://salt.tikicdn.com/ts/product/07/85/d7/6ffda215b0cda85f13ac6fa46faad2c5.png","dbId":29728},{"base_url":"https://salt.tikicdn.com/ts/product/a4/34/28/7d9626b201034678c34fa5b87df20b43.png","dbId":29729}],"authors":[{"id":5314029,"name":"Thái Chí Hạo","dbId":5924}],"specifications":[{"name":"Thông tin chung","attributes":[{"name":"Phiên bản sách","value":"Phiên bản thường"},{"name":"Công ty phát hành","value":"Nhã Nam"},{"name":"Ngày xuất bản","value":"2021-12-01 00:00:00"},{"name":"Dịch Giả","value":"Lục Hương"},{"name":"Loại bìa","value":"Bìa mềm"},{"name":"Số trang","value":"460"},{"name":"Nhà xuất bản","value":"Nhà Xuất Bản Hà Nội"},{"code":"PUBLICATION_DATE","name":"Kích thước","value":"15.5 x 24 cm"}]}],"stock_item":{"qty":1000},"all_time_quantity_sold":509,"reviews":[{"id":14649936,"title":"Cực kì hài lòng","content":"Ai mê tiểu thuyết phiêu lưu mang hơi hướng kiếm hiệp như Danh Gia Cổ Vật, Trâm, Bảy Thanh Hung Giản…thì đây là combo 2 tập sách rất hay. Sách cuốn vãi chưởng, cầm sách lên là khỏi buông. Thêm plus, dịch giả Lục Hương, người từng dịch siêu phẩm Mật Mã Tây Tạng làm mưa làm gió hàng chục năm trước là người dịch 2 tập Phong Ma Yến Tước. Đọc cực sướng.\nMua ngay thưởng thức kẻo hết hàng các bạn ơi.","customer_id":24304082,"rating":5,"images":[{"id":3068859,"full_path":"https://salt.tikicdn.com/ts/review/2c/11/d1/79f5f7e7f7ca08cabd99ed59c4dbe5bb.jpg"},{"id":3068860,"full_path":"https://salt.tikicdn.com/ts/review/80/88/90/57cc31a6c681901ba84f80bf119f8d8d.jpg"}],"created_at":1642936146,"created_by":{"id":24304082,"name":"Phạm Ngọc Hoàng","full_name":"Phạm Ngọc Hoàng","created_time":"2021-10-20 17:04:58","purchased":true,"purchased_at":1640843476},"product_id":148802212,"timeline":{"review_created_date":"2022-01-23 18:09:06","delivery_date":"2022-01-14 10:30:07"}},{"id":15012603,"title":"Cực kì hài lòng","content":"Sách dày và đẹp lắm mọi người ạ. Nội dung nghe review thì hay và cuốn hơn cả Danh Gia Cổ Vật nổi tiếng nữa. Chỉ là giá còn cao,mua cả bộ này lúc dọn kho online cỡ 240-260k sau khi áp mã các kiểu con đà điểu.","customer_id":19763709,"rating":5,"images":[{"id":3142365,"full_path":"https://salt.tikicdn.com/ts/review/24/1e/4a/f506452f96377b0617f66e9f3f576896.jpg"},{"id":3142366,"full_path":"https://salt.tikicdn.com/ts/review/89/18/03/61238dde7bd84b22041b8740d5eb0ce0.jpg"},{"id":3142367,"full_path":"https://salt.tikicdn.com/ts/review/be/a6/bc/79dc04ef5c4dc05163a6502b820ca52f.jpg"}],"created_at":1645115836,"created_by":{"id":19763709,"name":"Hoàng Văn Hiền","full_name":"Hoàng Văn Hiền","created_time":"2021-01-03 08:28:08","purchased":true,"purchased_at":1644934643},"product_id":148802212,"timeline":{"review_created_date":"2022-02-17 23:37:16","delivery_date":"2022-02-16 13:54:28"}},{"id":14489657,"title":"Cực kì hài lòng","content":"Cốt Truyện và nhân vật rất hấp dẫn nha mọi người. Giang hồ trong truyện thực ra có thể áp dụng vào xã hội hiện đại với những “mánh khoé” hợp thời. Đã đọc xong cả 2 tập và rất đón chờ tập tiếp theo nha. Các bạn nào thích thể loại phiêu lưu ly kỳ cực kỳ nên mua nhé.","customer_id":198745,"rating":5,"images":[{"id":3034076,"full_path":"https://salt.tikicdn.com/ts/review/9e/52/15/f19a489bd39182990f8c32b5a58afb08.jpg"}],"created_at":1642305859,"created_by":{"id":198745,"name":"Nguyễn Minh Phương","full_name":"Nguyễn Minh Phương","created_time":"2013-11-09 18:12:56","purchased":true,"purchased_at":1640007625},"product_id":148802212,"timeline":{"review_created_date":"2022-01-16 11:04:19","delivery_date":"2021-12-21 10:53:11"}},{"id":14054287,"title":"Cực kì hài lòng","content":"[ PHONG MA YẾN TƯỚC ]\n- Nội dung xoay quanh 4 môn phái lừa đảo lớn: Phong, Mã, Yến, Tước và hành trình của Tiểu Lục tìm kiếm những kẻ lừa đảo đã làm hại gia đình mình. Vẫn lấy thời điểm lúc TQ loạn lạc, có cả người Nhật và Tây.\n- Kiến thức phong phú, nội dung sắc sảo, phong cách kể chuyện rất lôi cuốn, đọc xong cũng biết sơ sơ cách thức, ý tưởng,... của những cú lừa. Cũng phải dày công nghiên cứu, tìm tòi, lập kế hoạch kỹ càng chứ không qua loa được.\n- Nếu bạn nào thích kiểu phiêu lưu, trinh thám, giang hồ... thì đây là một bộ cựu kỳ xuất sắc\n---------\nĐọc xong bộ này, mình liên tưởng ngay đến \"Danh Gia Cổ vật\", cả hai đều hay, \"mỗi người mỗi vẻ, mười phân vẹn mười\". Tuy nhiên, mình vẫn thích bộ Phong Ma Yên Tước này hơn, vì nhiều lý do (nội dung thì không bàn nhé, quá hay rồi)\n- Hình tượng nhân vật chính: Tiểu Lục trong PMTT thông minh, nhanh nhạy, đúng kiểu main chính. Còn Hứa Nguyện trong DGCV thì không bằng\n- Cách xây dựng mạch truyện: có thể so PMYT và DVCG giống như 2 lối hành văn của Kim Dung và Cổ Long. PMYT giống Kim Dung, nhân vật chính từ nhỏ, xảy ra biến cố như té núi ch⁸ẳng hạn, lượm được tuyệt thế võ công và tu thành chánh quả. Còn DVCV lại theo Cổ Long, nhân vật bắt đầu lúc đã thành tài chứ k xây dựng mạch truyện từ lúc đầu\n---------\n- Mình đặt ngay lúc sách vừa lên kệ, và ngay trong HSO nên việc ship hơi lâu là điều đã dự phòng từ trước, tuy nhiên chỉ mất 4 ngày từ DN vào SG, mình thấy khá nhanh. Lần này Tiki chọn hộp giấy vừa in 2 quyển sách nên đóng gói chuẩn chỉnh nè\n- In bìa siêu đẹp, giấy tốt, rõ ràng, tuy nhiên nếu mà có thêm bookmark thì tuyệt vời luôn\n------\nĐánh giá tổng quan 9,5/10\n(Trừ 0,5 là do không có bookmark nha)\nChứ Nhã Nam săn ngay HSO được giảm 40% quá ngon rồi","customer_id":97367,"rating":5,"images":[{"id":2951604,"full_path":"https://salt.tikicdn.com/ts/review/bb/2f/69/ca7f84e703246640a7bab512f724776b.jpg"}],"created_at":1640396397,"created_by":{"id":97367,"name":"Trần Ngọc Tuấn","full_name":"Trần Ngọc Tuấn","created_time":"2013-02-25 13:45:04","purchased":true,"purchased_at":1639983639},"product_id":148802212,"timeline":{"review_created_date":"2021-12-25 08:39:57","delivery_date":"2021-12-23 09:11:52"}},{"id":13988649,"title":"Rất không hài lòng","content":"Sách thì mới xuất bản mà đã bị đọc r gấp đánh dấu cả trang lại như này, tiki giao hàng không bọc gì đâu cho vào cái hộp k à giao nhanh do chọn gói thôi , nếu nhã nam xuất bản sách có bọc thì may ra mới zin 100%, mua mùa sale onl đành chịu chứ đi hội sách off sách được giữ xịn hơn","customer_id":1487481,"rating":1,"images":[{"id":2924053,"full_path":"https://salt.tikicdn.com/ts/review/bd/4c/31/287dfd6ee93b738cf9409c6bbbec7dd0.jpg"}],"created_at":1640135447,"created_by":{"id":1487481,"name":"Tahi Chan","full_name":"Tahi Chan","created_time":"2016-07-06 14:48:22","purchased":true,"purchased_at":1640009033},"product_id":148802212,"timeline":{"review_created_date":"2021-12-22 08:10:47","delivery_date":"2021-12-21 11:12:35"}},{"id":14649936,"title":"Cực kì hài lòng","content":"Ai mê tiểu thuyết phiêu lưu mang hơi hướng kiếm hiệp như Danh Gia Cổ Vật, Trâm, Bảy Thanh Hung Giản…thì đây là combo 2 tập sách rất hay. Sách cuốn vãi chưởng, cầm sách lên là khỏi buông. Thêm plus, dịch giả Lục Hương, người từng dịch siêu phẩm Mật Mã Tây Tạng làm mưa làm gió hàng chục năm trước là người dịch 2 tập Phong Ma Yến Tước. Đọc cực sướng.\nMua ngay thưởng thức kẻo hết hàng các bạn ơi.","customer_id":24304082,"rating":5,"images":[{"id":3068859,"full_path":"https://salt.tikicdn.com/ts/review/2c/11/d1/79f5f7e7f7ca08cabd99ed59c4dbe5bb.jpg"},{"id":3068860,"full_path":"https://salt.tikicdn.com/ts/review/80/88/90/57cc31a6c681901ba84f80bf119f8d8d.jpg"}],"created_at":1642936146,"created_by":{"id":24304082,"name":"Phạm Ngọc Hoàng","full_name":"Phạm Ngọc Hoàng","created_time":"2021-10-20 17:04:58","purchased":true,"purchased_at":1640843476},"product_id":148802212,"timeline":{"review_created_date":"2022-01-23 18:09:06","delivery_date":"2022-01-14 10:30:07"}},{"id":15012603,"title":"Cực kì hài lòng","content":"Sách dày và đẹp lắm mọi người ạ. Nội dung nghe review thì hay và cuốn hơn cả Danh Gia Cổ Vật nổi tiếng nữa. Chỉ là giá còn cao,mua cả bộ này lúc dọn kho online cỡ 240-260k sau khi áp mã các kiểu con đà điểu.","customer_id":19763709,"rating":5,"images":[{"id":3142365,"full_path":"https://salt.tikicdn.com/ts/review/24/1e/4a/f506452f96377b0617f66e9f3f576896.jpg"},{"id":3142366,"full_path":"https://salt.tikicdn.com/ts/review/89/18/03/61238dde7bd84b22041b8740d5eb0ce0.jpg"},{"id":3142367,"full_path":"https://salt.tikicdn.com/ts/review/be/a6/bc/79dc04ef5c4dc05163a6502b820ca52f.jpg"}],"created_at":1645115836,"created_by":{"id":19763709,"name":"Hoàng Văn Hiền","full_name":"Hoàng Văn Hiền","created_time":"2021-01-03 08:28:08","purchased":true,"purchased_at":1644934643},"product_id":148802212,"timeline":{"review_created_date":"2022-02-17 23:37:16","delivery_date":"2022-02-16 13:54:28"}},{"id":14489657,"title":"Cực kì hài lòng","content":"Cốt Truyện và nhân vật rất hấp dẫn nha mọi người. Giang hồ trong truyện thực ra có thể áp dụng vào xã hội hiện đại với những “mánh khoé” hợp thời. Đã đọc xong cả 2 tập và rất đón chờ tập tiếp theo nha. Các bạn nào thích thể loại phiêu lưu ly kỳ cực kỳ nên mua nhé.","customer_id":198745,"rating":5,"images":[{"id":3034076,"full_path":"https://salt.tikicdn.com/ts/review/9e/52/15/f19a489bd39182990f8c32b5a58afb08.jpg"}],"created_at":1642305859,"created_by":{"id":198745,"name":"Nguyễn Minh Phương","full_name":"Nguyễn Minh Phương","created_time":"2013-11-09 18:12:56","purchased":true,"purchased_at":1640007625},"product_id":148802212,"timeline":{"review_created_date":"2022-01-16 11:04:19","delivery_date":"2021-12-21 10:53:11"}},{"id":14054287,"title":"Cực kì hài lòng","content":"[ PHONG MA YẾN TƯỚC ]\n- Nội dung xoay quanh 4 môn phái lừa đảo lớn: Phong, Mã, Yến, Tước và hành trình của Tiểu Lục tìm kiếm những kẻ lừa đảo đã làm hại gia đình mình. Vẫn lấy thời điểm lúc TQ loạn lạc, có cả người Nhật và Tây.\n- Kiến thức phong phú, nội dung sắc sảo, phong cách kể chuyện rất lôi cuốn, đọc xong cũng biết sơ sơ cách thức, ý tưởng,... của những cú lừa. Cũng phải dày công nghiên cứu, tìm tòi, lập kế hoạch kỹ càng chứ không qua loa được.\n- Nếu bạn nào thích kiểu phiêu lưu, trinh thám, giang hồ... thì đây là một bộ cựu kỳ xuất sắc\n---------\nĐọc xong bộ này, mình liên tưởng ngay đến \"Danh Gia Cổ vật\", cả hai đều hay, \"mỗi người mỗi vẻ, mười phân vẹn mười\". Tuy nhiên, mình vẫn thích bộ Phong Ma Yên Tước này hơn, vì nhiều lý do (nội dung thì không bàn nhé, quá hay rồi)\n- Hình tượng nhân vật chính: Tiểu Lục trong PMTT thông minh, nhanh nhạy, đúng kiểu main chính. Còn Hứa Nguyện trong DGCV thì không bằng\n- Cách xây dựng mạch truyện: có thể so PMYT và DVCG giống như 2 lối hành văn của Kim Dung và Cổ Long. PMYT giống Kim Dung, nhân vật chính từ nhỏ, xảy ra biến cố như té núi ch⁸ẳng hạn, lượm được tuyệt thế võ công và tu thành chánh quả. Còn DVCV lại theo Cổ Long, nhân vật bắt đầu lúc đã thành tài chứ k xây dựng mạch truyện từ lúc đầu\n---------\n- Mình đặt ngay lúc sách vừa lên kệ, và ngay trong HSO nên việc ship hơi lâu là điều đã dự phòng từ trước, tuy nhiên chỉ mất 4 ngày từ DN vào SG, mình thấy khá nhanh. Lần này Tiki chọn hộp giấy vừa in 2 quyển sách nên đóng gói chuẩn chỉnh nè\n- In bìa siêu đẹp, giấy tốt, rõ ràng, tuy nhiên nếu mà có thêm bookmark thì tuyệt vời luôn\n------\nĐánh giá tổng quan 9,5/10\n(Trừ 0,5 là do không có bookmark nha)\nChứ Nhã Nam săn ngay HSO được giảm 40% quá ngon rồi","customer_id":97367,"rating":5,"images":[{"id":2951604,"full_path":"https://salt.tikicdn.com/ts/review/bb/2f/69/ca7f84e703246640a7bab512f724776b.jpg"}],"created_at":1640396397,"created_by":{"id":97367,"name":"Trần Ngọc Tuấn","full_name":"Trần Ngọc Tuấn","created_time":"2013-02-25 13:45:04","purchased":true,"purchased_at":1639983639},"product_id":148802212,"timeline":{"review_created_date":"2021-12-25 08:39:57","delivery_date":"2021-12-23 09:11:52"}},{"id":13988649,"title":"Rất không hài lòng","content":"Sách thì mới xuất bản mà đã bị đọc r gấp đánh dấu cả trang lại như này, tiki giao hàng không bọc gì đâu cho vào cái hộp k à giao nhanh do chọn gói thôi , nếu nhã nam xuất bản sách có bọc thì may ra mới zin 100%, mua mùa sale onl đành chịu chứ đi hội sách off sách được giữ xịn hơn","customer_id":1487481,"rating":1,"images":[{"id":2924053,"full_path":"https://salt.tikicdn.com/ts/review/bd/4c/31/287dfd6ee93b738cf9409c6bbbec7dd0.jpg"}],"created_at":1640135447,"created_by":{"id":1487481,"name":"Tahi Chan","full_name":"Tahi Chan","created_time":"2016-07-06 14:48:22","purchased":true,"purchased_at":1640009033},"product_id":148802212,"timeline":{"review_created_date":"2021-12-22 08:10:47","delivery_date":"2021-12-21 11:12:35"}},{"id":14649936,"title":"Cực kì hài lòng","content":"Ai mê tiểu thuyết phiêu lưu mang hơi hướng kiếm hiệp như Danh Gia Cổ Vật, Trâm, Bảy Thanh Hung Giản…thì đây là combo 2 tập sách rất hay. Sách cuốn vãi chưởng, cầm sách lên là khỏi buông. Thêm plus, dịch giả Lục Hương, người từng dịch siêu phẩm Mật Mã Tây Tạng làm mưa làm gió hàng chục năm trước là người dịch 2 tập Phong Ma Yến Tước. Đọc cực sướng.\nMua ngay thưởng thức kẻo hết hàng các bạn ơi.","customer_id":24304082,"rating":5,"images":[{"id":3068859,"full_path":"https://salt.tikicdn.com/ts/review/2c/11/d1/79f5f7e7f7ca08cabd99ed59c4dbe5bb.jpg"},{"id":3068860,"full_path":"https://salt.tikicdn.com/ts/review/80/88/90/57cc31a6c681901ba84f80bf119f8d8d.jpg"}],"created_at":1642936146,"created_by":{"id":24304082,"name":"Phạm Ngọc Hoàng","full_name":"Phạm Ngọc Hoàng","created_time":"2021-10-20 17:04:58","purchased":true,"purchased_at":1640843476},"product_id":148802212,"timeline":{"review_created_date":"2022-01-23 18:09:06","delivery_date":"2022-01-14 10:30:07"}},{"id":15012603,"title":"Cực kì hài lòng","content":"Sách dày và đẹp lắm mọi người ạ. Nội dung nghe review thì hay và cuốn hơn cả Danh Gia Cổ Vật nổi tiếng nữa. Chỉ là giá còn cao,mua cả bộ này lúc dọn kho online cỡ 240-260k sau khi áp mã các kiểu con đà điểu.","customer_id":19763709,"rating":5,"images":[{"id":3142365,"full_path":"https://salt.tikicdn.com/ts/review/24/1e/4a/f506452f96377b0617f66e9f3f576896.jpg"},{"id":3142366,"full_path":"https://salt.tikicdn.com/ts/review/89/18/03/61238dde7bd84b22041b8740d5eb0ce0.jpg"},{"id":3142367,"full_path":"https://salt.tikicdn.com/ts/review/be/a6/bc/79dc04ef5c4dc05163a6502b820ca52f.jpg"}],"created_at":1645115836,"created_by":{"id":19763709,"name":"Hoàng Văn Hiền","full_name":"Hoàng Văn Hiền","created_time":"2021-01-03 08:28:08","purchased":true,"purchased_at":1644934643},"product_id":148802212,"timeline":{"review_created_date":"2022-02-17 23:37:16","delivery_date":"2022-02-16 13:54:28"}},{"id":14489657,"title":"Cực kì hài lòng","content":"Cốt Truyện và nhân vật rất hấp dẫn nha mọi người. Giang hồ trong truyện thực ra có thể áp dụng vào xã hội hiện đại với những “mánh khoé” hợp thời. Đã đọc xong cả 2 tập và rất đón chờ tập tiếp theo nha. Các bạn nào thích thể loại phiêu lưu ly kỳ cực kỳ nên mua nhé.","customer_id":198745,"rating":5,"images":[{"id":3034076,"full_path":"https://salt.tikicdn.com/ts/review/9e/52/15/f19a489bd39182990f8c32b5a58afb08.jpg"}],"created_at":1642305859,"created_by":{"id":198745,"name":"Nguyễn Minh Phương","full_name":"Nguyễn Minh Phương","created_time":"2013-11-09 18:12:56","purchased":true,"purchased_at":1640007625},"product_id":148802212,"timeline":{"review_created_date":"2022-01-16 11:04:19","delivery_date":"2021-12-21 10:53:11"}},{"id":14054287,"title":"Cực kì hài lòng","content":"[ PHONG MA YẾN TƯỚC ]\n- Nội dung xoay quanh 4 môn phái lừa đảo lớn: Phong, Mã, Yến, Tước và hành trình của Tiểu Lục tìm kiếm những kẻ lừa đảo đã làm hại gia đình mình. Vẫn lấy thời điểm lúc TQ loạn lạc, có cả người Nhật và Tây.\n- Kiến thức phong phú, nội dung sắc sảo, phong cách kể chuyện rất lôi cuốn, đọc xong cũng biết sơ sơ cách thức, ý tưởng,... của những cú lừa. Cũng phải dày công nghiên cứu, tìm tòi, lập kế hoạch kỹ càng chứ không qua loa được.\n- Nếu bạn nào thích kiểu phiêu lưu, trinh thám, giang hồ... thì đây là một bộ cựu kỳ xuất sắc\n---------\nĐọc xong bộ này, mình liên tưởng ngay đến \"Danh Gia Cổ vật\", cả hai đều hay, \"mỗi người mỗi vẻ, mười phân vẹn mười\". Tuy nhiên, mình vẫn thích bộ Phong Ma Yên Tước này hơn, vì nhiều lý do (nội dung thì không bàn nhé, quá hay rồi)\n- Hình tượng nhân vật chính: Tiểu Lục trong PMTT thông minh, nhanh nhạy, đúng kiểu main chính. Còn Hứa Nguyện trong DGCV thì không bằng\n- Cách xây dựng mạch truyện: có thể so PMYT và DVCG giống như 2 lối hành văn của Kim Dung và Cổ Long. PMYT giống Kim Dung, nhân vật chính từ nhỏ, xảy ra biến cố như té núi ch⁸ẳng hạn, lượm được tuyệt thế võ công và tu thành chánh quả. Còn DVCV lại theo Cổ Long, nhân vật bắt đầu lúc đã thành tài chứ k xây dựng mạch truyện từ lúc đầu\n---------\n- Mình đặt ngay lúc sách vừa lên kệ, và ngay trong HSO nên việc ship hơi lâu là điều đã dự phòng từ trước, tuy nhiên chỉ mất 4 ngày từ DN vào SG, mình thấy khá nhanh. Lần này Tiki chọn hộp giấy vừa in 2 quyển sách nên đóng gói chuẩn chỉnh nè\n- In bìa siêu đẹp, giấy tốt, rõ ràng, tuy nhiên nếu mà có thêm bookmark thì tuyệt vời luôn\n------\nĐánh giá tổng quan 9,5/10\n(Trừ 0,5 là do không có bookmark nha)\nChứ Nhã Nam săn ngay HSO được giảm 40% quá ngon rồi","customer_id":97367,"rating":5,"images":[{"id":2951604,"full_path":"https://salt.tikicdn.com/ts/review/bb/2f/69/ca7f84e703246640a7bab512f724776b.jpg"}],"created_at":1640396397,"created_by":{"id":97367,"name":"Trần Ngọc Tuấn","full_name":"Trần Ngọc Tuấn","created_time":"2013-02-25 13:45:04","purchased":true,"purchased_at":1639983639},"product_id":148802212,"timeline":{"review_created_date":"2021-12-25 08:39:57","delivery_date":"2021-12-23 09:11:52"}},{"id":13988649,"title":"Rất không hài lòng","content":"Sách thì mới xuất bản mà đã bị đọc r gấp đánh dấu cả trang lại như này, tiki giao hàng không bọc gì đâu cho vào cái hộp k à giao nhanh do chọn gói thôi , nếu nhã nam xuất bản sách có bọc thì may ra mới zin 100%, mua mùa sale onl đành chịu chứ đi hội sách off sách được giữ xịn hơn","customer_id":1487481,"rating":1,"images":[{"id":2924053,"full_path":"https://salt.tikicdn.com/ts/review/bd/4c/31/287dfd6ee93b738cf9409c6bbbec7dd0.jpg"}],"created_at":1640135447,"created_by":{"id":1487481,"name":"Tahi Chan","full_name":"Tahi Chan","created_time":"2016-07-06 14:48:22","purchased":true,"purchased_at":1640009033},"product_id":148802212,"timeline":{"review_created_date":"2021-12-22 08:10:47","delivery_date":"2021-12-21 11:12:35"}},{"id":14649936,"title":"Cực kì hài lòng","content":"Ai mê tiểu thuyết phiêu lưu mang hơi hướng kiếm hiệp như Danh Gia Cổ Vật, Trâm, Bảy Thanh Hung Giản…thì đây là combo 2 tập sách rất hay. Sách cuốn vãi chưởng, cầm sách lên là khỏi buông. Thêm plus, dịch giả Lục Hương, người từng dịch siêu phẩm Mật Mã Tây Tạng làm mưa làm gió hàng chục năm trước là người dịch 2 tập Phong Ma Yến Tước. Đọc cực sướng.\nMua ngay thưởng thức kẻo hết hàng các bạn ơi.","customer_id":24304082,"rating":5,"images":[{"id":3068859,"full_path":"https://salt.tikicdn.com/ts/review/2c/11/d1/79f5f7e7f7ca08cabd99ed59c4dbe5bb.jpg"},{"id":3068860,"full_path":"https://salt.tikicdn.com/ts/review/80/88/90/57cc31a6c681901ba84f80bf119f8d8d.jpg"}],"created_at":1642936146,"created_by":{"id":24304082,"name":"Phạm Ngọc Hoàng","full_name":"Phạm Ngọc Hoàng","created_time":"2021-10-20 17:04:58","purchased":true,"purchased_at":1640843476},"product_id":148802212,"timeline":{"review_created_date":"2022-01-23 18:09:06","delivery_date":"2022-01-14 10:30:07"}},{"id":15012603,"title":"Cực kì hài lòng","content":"Sách dày và đẹp lắm mọi người ạ. Nội dung nghe review thì hay và cuốn hơn cả Danh Gia Cổ Vật nổi tiếng nữa. Chỉ là giá còn cao,mua cả bộ này lúc dọn kho online cỡ 240-260k sau khi áp mã các kiểu con đà điểu.","customer_id":19763709,"rating":5,"images":[{"id":3142365,"full_path":"https://salt.tikicdn.com/ts/review/24/1e/4a/f506452f96377b0617f66e9f3f576896.jpg"},{"id":3142366,"full_path":"https://salt.tikicdn.com/ts/review/89/18/03/61238dde7bd84b22041b8740d5eb0ce0.jpg"},{"id":3142367,"full_path":"https://salt.tikicdn.com/ts/review/be/a6/bc/79dc04ef5c4dc05163a6502b820ca52f.jpg"}],"created_at":1645115836,"created_by":{"id":19763709,"name":"Hoàng Văn Hiền","full_name":"Hoàng Văn Hiền","created_time":"2021-01-03 08:28:08","purchased":true,"purchased_at":1644934643},"product_id":148802212,"timeline":{"review_created_date":"2022-02-17 23:37:16","delivery_date":"2022-02-16 13:54:28"}},{"id":14489657,"title":"Cực kì hài lòng","content":"Cốt Truyện và nhân vật rất hấp dẫn nha mọi người. Giang hồ trong truyện thực ra có thể áp dụng vào xã hội hiện đại với những “mánh khoé” hợp thời. Đã đọc xong cả 2 tập và rất đón chờ tập tiếp theo nha. Các bạn nào thích thể loại phiêu lưu ly kỳ cực kỳ nên mua nhé.","customer_id":198745,"rating":5,"images":[{"id":3034076,"full_path":"https://salt.tikicdn.com/ts/review/9e/52/15/f19a489bd39182990f8c32b5a58afb08.jpg"}],"created_at":1642305859,"created_by":{"id":198745,"name":"Nguyễn Minh Phương","full_name":"Nguyễn Minh Phương","created_time":"2013-11-09 18:12:56","purchased":true,"purchased_at":1640007625},"product_id":148802212,"timeline":{"review_created_date":"2022-01-16 11:04:19","delivery_date":"2021-12-21 10:53:11"}},{"id":14054287,"title":"Cực kì hài lòng","content":"[ PHONG MA YẾN TƯỚC ]\n- Nội dung xoay quanh 4 môn phái lừa đảo lớn: Phong, Mã, Yến, Tước và hành trình của Tiểu Lục tìm kiếm những kẻ lừa đảo đã làm hại gia đình mình. Vẫn lấy thời điểm lúc TQ loạn lạc, có cả người Nhật và Tây.\n- Kiến thức phong phú, nội dung sắc sảo, phong cách kể chuyện rất lôi cuốn, đọc xong cũng biết sơ sơ cách thức, ý tưởng,... của những cú lừa. Cũng phải dày công nghiên cứu, tìm tòi, lập kế hoạch kỹ càng chứ không qua loa được.\n- Nếu bạn nào thích kiểu phiêu lưu, trinh thám, giang hồ... thì đây là một bộ cựu kỳ xuất sắc\n---------\nĐọc xong bộ này, mình liên tưởng ngay đến \"Danh Gia Cổ vật\", cả hai đều hay, \"mỗi người mỗi vẻ, mười phân vẹn mười\". Tuy nhiên, mình vẫn thích bộ Phong Ma Yên Tước này hơn, vì nhiều lý do (nội dung thì không bàn nhé, quá hay rồi)\n- Hình tượng nhân vật chính: Tiểu Lục trong PMTT thông minh, nhanh nhạy, đúng kiểu main chính. Còn Hứa Nguyện trong DGCV thì không bằng\n- Cách xây dựng mạch truyện: có thể so PMYT và DVCG giống như 2 lối hành văn của Kim Dung và Cổ Long. PMYT giống Kim Dung, nhân vật chính từ nhỏ, xảy ra biến cố như té núi ch⁸ẳng hạn, lượm được tuyệt thế võ công và tu thành chánh quả. Còn DVCV lại theo Cổ Long, nhân vật bắt đầu lúc đã thành tài chứ k xây dựng mạch truyện từ lúc đầu\n---------\n- Mình đặt ngay lúc sách vừa lên kệ, và ngay trong HSO nên việc ship hơi lâu là điều đã dự phòng từ trước, tuy nhiên chỉ mất 4 ngày từ DN vào SG, mình thấy khá nhanh. Lần này Tiki chọn hộp giấy vừa in 2 quyển sách nên đóng gói chuẩn chỉnh nè\n- In bìa siêu đẹp, giấy tốt, rõ ràng, tuy nhiên nếu mà có thêm bookmark thì tuyệt vời luôn\n------\nĐánh giá tổng quan 9,5/10\n(Trừ 0,5 là do không có bookmark nha)\nChứ Nhã Nam săn ngay HSO được giảm 40% quá ngon rồi","customer_id":97367,"rating":5,"images":[{"id":2951604,"full_path":"https://salt.tikicdn.com/ts/review/bb/2f/69/ca7f84e703246640a7bab512f724776b.jpg"}],"created_at":1640396397,"created_by":{"id":97367,"name":"Trần Ngọc Tuấn","full_name":"Trần Ngọc Tuấn","created_time":"2013-02-25 13:45:04","purchased":true,"purchased_at":1639983639},"product_id":148802212,"timeline":{"review_created_date":"2021-12-25 08:39:57","delivery_date":"2021-12-23 09:11:52"}},{"id":13988649,"title":"Rất không hài lòng","content":"Sách thì mới xuất bản mà đã bị đọc r gấp đánh dấu cả trang lại như này, tiki giao hàng không bọc gì đâu cho vào cái hộp k à giao nhanh do chọn gói thôi , nếu nhã nam xuất bản sách có bọc thì may ra mới zin 100%, mua mùa sale onl đành chịu chứ đi hội sách off sách được giữ xịn hơn","customer_id":1487481,"rating":1,"images":[{"id":2924053,"full_path":"https://salt.tikicdn.com/ts/review/bd/4c/31/287dfd6ee93b738cf9409c6bbbec7dd0.jpg"}],"created_at":1640135447,"created_by":{"id":1487481,"name":"Tahi Chan","full_name":"Tahi Chan","created_time":"2016-07-06 14:48:22","purchased":true,"purchased_at":1640009033},"product_id":148802212,"timeline":{"review_created_date":"2021-12-22 08:10:47","delivery_date":"2021-12-21 11:12:35"}}]}