{"id":148937782,"dbId":11706,"createdAt":1641488400000,"name":"Học Viện Ma Thuật Scholomance","short_description":"Học viện Scholomance là một ngôi trường ma thuật không giống bất kỳ ngôi trường nào bạn từng gặp. Không có giáo viên, không có ngày nghỉ, tình bạn chỉ rặt sự tính toán và tỷ lệ sống – chết không bao g...","description":"\u003cp\u003eHọc viện Scholomance là một ngôi trường ma thuật không giống bất kỳ ngôi trường nào bạn từng gặp. Không có giáo viên, không có ngày nghỉ, tình bạn chỉ rặt sự tính toán và tỷ lệ sống – chết không bao giờ bằng nhau. \u003c/p\u003e\n\u003cp\u003eMột khi đã bước chân vào Scholomance, chỉ có hai cách để thoát ra: tốt nghiệp hoặc chết. \u003c/p\u003e\n\u003cp\u003eHọc viện ma thuật Scholomance là câu chuyện về El - một nữ phù thủy hắc ám bất đắc dĩ có sứ mệnh viết lại các quy tắc phép thuật. Cô nàng không có bạn bè nhưng lại sở hữu một sức mạnh hắc ám đủ lớn để san bằng các ngọn núi và quét sạch hàng triệu người. Ngoại trừ việc có thể vô tình giết chết các học sinh khác. Cô nàng luôn cố gắng không sử dụng sức mạnh của mình, trừ phi không còn sự lựa chọn nào khác. \u003c/p\u003e\n\u003cp\u003eHãy luôn nhớ rằng, ở Scholomance, đừng bao giờ đi một mình trong hành lang, cũng như phải luôn cảnh giác lũ quái vật ẩn nấp rình rập khắp nơi …\u003c/p\u003e\u003cp\u003eGiá sản phẩm trên Tiki đã bao gồm thuế theo luật hiện hành. Bên cạnh đó, tuỳ vào loại sản phẩm, hình thức và địa chỉ giao hàng mà có thể phát sinh thêm chi phí khác như phí vận chuyển, phụ phí hàng cồng kềnh, thuế nhập khẩu (đối với đơn hàng giao từ nước ngoài có giá trị trên 1 triệu đồng).....\u003c/p\u003e","original_price":189000.0,"thumbnail_url":"https://salt.tikicdn.com/cache/280x280/ts/product/ed/da/b9/ef4a17114d4a47399f0027a5693b8ee9.jpg","images":[{"base_url":"https://salt.tikicdn.com/ts/product/ed/da/b9/ef4a17114d4a47399f0027a5693b8ee9.jpg","dbId":31203},{"base_url":"https://salt.tikicdn.com/ts/product/bc/bd/59/718e207e1e720bafe86c832afc2257b1.jpg","dbId":31204},{"base_url":"https://salt.tikicdn.com/ts/product/6a/5a/c0/9bbb97b6ecf18e2b4e2511700c72f96f.jpg","dbId":31205},{"base_url":"https://salt.tikicdn.com/ts/product/bb/ef/93/c37551f331ad9bb8b26000212999d176.jpg","dbId":31206}],"authors":[{"id":527153,"name":"Naomi Novik","dbId":6164}],"specifications":[{"name":"Thông tin chung","attributes":[{"name":"Phiên bản sách","value":"Phiên bản thường"},{"name":"Công ty phát hành","value":"1980 Books"},{"name":"Ngày xuất bản","value":"2021-12-12 00:00:00"},{"name":"Dịch Giả","value":"Lâm Đức Duy"},{"name":"Loại bìa","value":"Bìa mềm"},{"name":"Số trang","value":"400"},{"name":"Nhà xuất bản","value":"Nhà Xuất Bản Thanh Niên"},{"code":"PUBLICATION_DATE","name":"Kích thước","value":"14.5 x 20.5 cm"}]}],"stock_item":{"qty":1000},"all_time_quantity_sold":210,"reviews":[{"id":18911037,"title":"Rất không hài lòng","content":"Đọc chưa đến 1/3 đã phải bỏ ngang không nuốt nổi.\r\n\r\nSách dịch tệ thật sự mà cũng xuất bản được?! Bảo do Google dịch mình cũng tin, dịch theo kiểu word by word từ bản gốc tiếng Anh và không buồn chỉnh sửa, không buồn đọc lại những gì mình viết, không buồn đặt mình vào tâm thế của một người đọc sách. \r\nNội dung có hay đến đâu mà dịch thế này thì cũng chịu không tài nào đọc nổi.","customer_id":400663,"rating":1,"images":[{"id":4143524,"full_path":"https://salt.tikicdn.com/ts/review/e0/53/f7/502e3a9e3ceca660b88a3d56e6066710.jpg"}],"created_at":1678034955,"created_by":{"id":400663,"name":"Tran Tran","full_name":"Tran Tran","created_time":"2014-08-15 20:57:14","purchased":true,"purchased_at":1677636148},"product_id":148937782,"timeline":{"review_created_date":"2023-03-05 23:49:15","delivery_date":"2023-03-01 11:34:03"}},{"id":17442125,"title":"Cực kì hài lòng","content":"Sách giao về mặc dù bị nhăn nhưng mà sau khi để vào kệ sách để mấy cuốn sách kia ép lại nên may ra nó được thẳng như mới. Sách đẹp và thiết kế sách bên trong mang lại cảm giác được đắm chìm vào thế giới phép thuật. Mình sẽ đọc để xem xem quyển này sẽ là một thế giới phép thuật như thế nào so với các quyển Harry Potter :)))","customer_id":24612501,"rating":5,"images":[{"id":3804242,"full_path":"https://salt.tikicdn.com/ts/review/02/c4/de/f50706109e4d271302c13ef570cad24f.jpg"}],"created_at":1660725755,"created_by":{"id":24612501,"name":"Thư Hoàng","full_name":"Thư Hoàng","created_time":"2021-10-31 16:28:07","purchased":true,"purchased_at":1657118714},"product_id":148937782,"timeline":{"review_created_date":"2022-08-17 15:42:35","delivery_date":"2022-07-07 11:47:58"}},{"id":18008765,"title":"Cực kì hài lòng","content":"Tên sách ánh vàng rất ấn tượng. \r\n\r\nNội dung hơi thất vọng chút, nhưng vấn đề nằm ở dịch thuật. Khi đọc tựa tiếng Việt, mình đã kỳ vọng sẽ thấy được vẻ gì đó là fantastic một chút, nhưng không, dịch từ Dark Academic mang màu sắc đen tối thành một cái tựa tiếng Việt đánh lừa như thế làm mất đi cái chất ban đầu. Tuy vậy, nhìn chung nội dung lôi cuốn, hấp dẫn.","customer_id":6346857,"rating":5,"images":[],"created_at":1666310533,"created_by":{"id":6346857,"name":"Lê Bảo Luân","full_name":"Lê Bảo Luân","created_time":"2018-01-13 11:39:05","purchased":true,"purchased_at":1663299498},"product_id":148937782,"timeline":{"review_created_date":"2022-10-21 07:02:13","delivery_date":"2022-09-19 09:24:25"}},{"id":17334060,"title":"Cực kì hài lòng","content":"Ban đầu cứ tưởng nội dung sách sẽ na ná Harry Potter. Nhưng không, đọc được vài trang đầu tiên đã khiến mình thấy thích thú vì trí tưởng tượng của tác giả. Phải nói là quá hay, cuốn từ đầu đến cuối cuộc phiêu lưu của nữ chính. Sách phù hợp từ trẻ nhỏ đến người lớn nha","customer_id":11969718,"rating":5,"images":[],"created_at":1659892754,"created_by":{"id":11969718,"name":"Tuấn Nguyễn","full_name":"Tuấn Nguyễn","created_time":"2019-05-05 09:36:56","purchased":true,"purchased_at":1652934963},"product_id":148937782,"timeline":{"review_created_date":"2022-08-08 00:19:14","delivery_date":"2022-05-20 09:11:21"}},{"id":17085970,"title":"Cực kì hài lòng","content":"Sách đến tay mình đẹp, lành lặn, giá giảm sâu. Mình mua 3 quyển thì có mỗi quyển này là bọc thêm nilon. Mình rất ưng ý chất lượng sách lần này","customer_id":10997140,"rating":5,"images":[{"id":3692304,"full_path":"https://salt.tikicdn.com/ts/review/57/56/33/efb339612f6b57d85d3fc0fb19dabfa1.jpg"},{"id":3692305,"full_path":"https://salt.tikicdn.com/ts/review/a9/28/6f/1a4901391d7a014b619b11108752ee65.jpg"},{"id":3692306,"full_path":"https://salt.tikicdn.com/ts/review/94/8d/35/7d5329faa8a90c8b1ea59c79aebbd32f.jpg"}],"created_at":1657945617,"created_by":{"id":10997140,"name":"Phương Anh Lê","full_name":"Phương Anh Lê","created_time":"2019-02-22 18:35:21","purchased":true,"purchased_at":1657866222},"product_id":148937782,"timeline":{"review_created_date":"2022-07-16 11:26:57","delivery_date":"2022-07-16 09:12:25"}},{"id":18911037,"title":"Rất không hài lòng","content":"Đọc chưa đến 1/3 đã phải bỏ ngang không nuốt nổi.\r\n\r\nSách dịch tệ thật sự mà cũng xuất bản được?! Bảo do Google dịch mình cũng tin, dịch theo kiểu word by word từ bản gốc tiếng Anh và không buồn chỉnh sửa, không buồn đọc lại những gì mình viết, không buồn đặt mình vào tâm thế của một người đọc sách. \r\nNội dung có hay đến đâu mà dịch thế này thì cũng chịu không tài nào đọc nổi.","customer_id":400663,"rating":1,"images":[{"id":4143524,"full_path":"https://salt.tikicdn.com/ts/review/e0/53/f7/502e3a9e3ceca660b88a3d56e6066710.jpg"}],"created_at":1678034955,"created_by":{"id":400663,"name":"Tran Tran","full_name":"Tran Tran","created_time":"2014-08-15 20:57:14","purchased":true,"purchased_at":1677636148},"product_id":148937782,"timeline":{"review_created_date":"2023-03-05 23:49:15","delivery_date":"2023-03-01 11:34:03"}},{"id":17442125,"title":"Cực kì hài lòng","content":"Sách giao về mặc dù bị nhăn nhưng mà sau khi để vào kệ sách để mấy cuốn sách kia ép lại nên may ra nó được thẳng như mới. Sách đẹp và thiết kế sách bên trong mang lại cảm giác được đắm chìm vào thế giới phép thuật. Mình sẽ đọc để xem xem quyển này sẽ là một thế giới phép thuật như thế nào so với các quyển Harry Potter :)))","customer_id":24612501,"rating":5,"images":[{"id":3804242,"full_path":"https://salt.tikicdn.com/ts/review/02/c4/de/f50706109e4d271302c13ef570cad24f.jpg"}],"created_at":1660725755,"created_by":{"id":24612501,"name":"Thư Hoàng","full_name":"Thư Hoàng","created_time":"2021-10-31 16:28:07","purchased":true,"purchased_at":1657118714},"product_id":148937782,"timeline":{"review_created_date":"2022-08-17 15:42:35","delivery_date":"2022-07-07 11:47:58"}},{"id":18008765,"title":"Cực kì hài lòng","content":"Tên sách ánh vàng rất ấn tượng. \r\n\r\nNội dung hơi thất vọng chút, nhưng vấn đề nằm ở dịch thuật. Khi đọc tựa tiếng Việt, mình đã kỳ vọng sẽ thấy được vẻ gì đó là fantastic một chút, nhưng không, dịch từ Dark Academic mang màu sắc đen tối thành một cái tựa tiếng Việt đánh lừa như thế làm mất đi cái chất ban đầu. Tuy vậy, nhìn chung nội dung lôi cuốn, hấp dẫn.","customer_id":6346857,"rating":5,"images":[],"created_at":1666310533,"created_by":{"id":6346857,"name":"Lê Bảo Luân","full_name":"Lê Bảo Luân","created_time":"2018-01-13 11:39:05","purchased":true,"purchased_at":1663299498},"product_id":148937782,"timeline":{"review_created_date":"2022-10-21 07:02:13","delivery_date":"2022-09-19 09:24:25"}},{"id":17334060,"title":"Cực kì hài lòng","content":"Ban đầu cứ tưởng nội dung sách sẽ na ná Harry Potter. Nhưng không, đọc được vài trang đầu tiên đã khiến mình thấy thích thú vì trí tưởng tượng của tác giả. Phải nói là quá hay, cuốn từ đầu đến cuối cuộc phiêu lưu của nữ chính. Sách phù hợp từ trẻ nhỏ đến người lớn nha","customer_id":11969718,"rating":5,"images":[],"created_at":1659892754,"created_by":{"id":11969718,"name":"Tuấn Nguyễn","full_name":"Tuấn Nguyễn","created_time":"2019-05-05 09:36:56","purchased":true,"purchased_at":1652934963},"product_id":148937782,"timeline":{"review_created_date":"2022-08-08 00:19:14","delivery_date":"2022-05-20 09:11:21"}},{"id":17085970,"title":"Cực kì hài lòng","content":"Sách đến tay mình đẹp, lành lặn, giá giảm sâu. Mình mua 3 quyển thì có mỗi quyển này là bọc thêm nilon. Mình rất ưng ý chất lượng sách lần này","customer_id":10997140,"rating":5,"images":[{"id":3692304,"full_path":"https://salt.tikicdn.com/ts/review/57/56/33/efb339612f6b57d85d3fc0fb19dabfa1.jpg"},{"id":3692305,"full_path":"https://salt.tikicdn.com/ts/review/a9/28/6f/1a4901391d7a014b619b11108752ee65.jpg"},{"id":3692306,"full_path":"https://salt.tikicdn.com/ts/review/94/8d/35/7d5329faa8a90c8b1ea59c79aebbd32f.jpg"}],"created_at":1657945617,"created_by":{"id":10997140,"name":"Phương Anh Lê","full_name":"Phương Anh Lê","created_time":"2019-02-22 18:35:21","purchased":true,"purchased_at":1657866222},"product_id":148937782,"timeline":{"review_created_date":"2022-07-16 11:26:57","delivery_date":"2022-07-16 09:12:25"}},{"id":18911037,"title":"Rất không hài lòng","content":"Đọc chưa đến 1/3 đã phải bỏ ngang không nuốt nổi.\r\n\r\nSách dịch tệ thật sự mà cũng xuất bản được?! Bảo do Google dịch mình cũng tin, dịch theo kiểu word by word từ bản gốc tiếng Anh và không buồn chỉnh sửa, không buồn đọc lại những gì mình viết, không buồn đặt mình vào tâm thế của một người đọc sách. \r\nNội dung có hay đến đâu mà dịch thế này thì cũng chịu không tài nào đọc nổi.","customer_id":400663,"rating":1,"images":[{"id":4143524,"full_path":"https://salt.tikicdn.com/ts/review/e0/53/f7/502e3a9e3ceca660b88a3d56e6066710.jpg"}],"created_at":1678034955,"created_by":{"id":400663,"name":"Tran Tran","full_name":"Tran Tran","created_time":"2014-08-15 20:57:14","purchased":true,"purchased_at":1677636148},"product_id":148937782,"timeline":{"review_created_date":"2023-03-05 23:49:15","delivery_date":"2023-03-01 11:34:03"}},{"id":17442125,"title":"Cực kì hài lòng","content":"Sách giao về mặc dù bị nhăn nhưng mà sau khi để vào kệ sách để mấy cuốn sách kia ép lại nên may ra nó được thẳng như mới. Sách đẹp và thiết kế sách bên trong mang lại cảm giác được đắm chìm vào thế giới phép thuật. Mình sẽ đọc để xem xem quyển này sẽ là một thế giới phép thuật như thế nào so với các quyển Harry Potter :)))","customer_id":24612501,"rating":5,"images":[{"id":3804242,"full_path":"https://salt.tikicdn.com/ts/review/02/c4/de/f50706109e4d271302c13ef570cad24f.jpg"}],"created_at":1660725755,"created_by":{"id":24612501,"name":"Thư Hoàng","full_name":"Thư Hoàng","created_time":"2021-10-31 16:28:07","purchased":true,"purchased_at":1657118714},"product_id":148937782,"timeline":{"review_created_date":"2022-08-17 15:42:35","delivery_date":"2022-07-07 11:47:58"}},{"id":18008765,"title":"Cực kì hài lòng","content":"Tên sách ánh vàng rất ấn tượng. \r\n\r\nNội dung hơi thất vọng chút, nhưng vấn đề nằm ở dịch thuật. Khi đọc tựa tiếng Việt, mình đã kỳ vọng sẽ thấy được vẻ gì đó là fantastic một chút, nhưng không, dịch từ Dark Academic mang màu sắc đen tối thành một cái tựa tiếng Việt đánh lừa như thế làm mất đi cái chất ban đầu. Tuy vậy, nhìn chung nội dung lôi cuốn, hấp dẫn.","customer_id":6346857,"rating":5,"images":[],"created_at":1666310533,"created_by":{"id":6346857,"name":"Lê Bảo Luân","full_name":"Lê Bảo Luân","created_time":"2018-01-13 11:39:05","purchased":true,"purchased_at":1663299498},"product_id":148937782,"timeline":{"review_created_date":"2022-10-21 07:02:13","delivery_date":"2022-09-19 09:24:25"}},{"id":17334060,"title":"Cực kì hài lòng","content":"Ban đầu cứ tưởng nội dung sách sẽ na ná Harry Potter. Nhưng không, đọc được vài trang đầu tiên đã khiến mình thấy thích thú vì trí tưởng tượng của tác giả. Phải nói là quá hay, cuốn từ đầu đến cuối cuộc phiêu lưu của nữ chính. Sách phù hợp từ trẻ nhỏ đến người lớn nha","customer_id":11969718,"rating":5,"images":[],"created_at":1659892754,"created_by":{"id":11969718,"name":"Tuấn Nguyễn","full_name":"Tuấn Nguyễn","created_time":"2019-05-05 09:36:56","purchased":true,"purchased_at":1652934963},"product_id":148937782,"timeline":{"review_created_date":"2022-08-08 00:19:14","delivery_date":"2022-05-20 09:11:21"}},{"id":17085970,"title":"Cực kì hài lòng","content":"Sách đến tay mình đẹp, lành lặn, giá giảm sâu. Mình mua 3 quyển thì có mỗi quyển này là bọc thêm nilon. Mình rất ưng ý chất lượng sách lần này","customer_id":10997140,"rating":5,"images":[{"id":3692304,"full_path":"https://salt.tikicdn.com/ts/review/57/56/33/efb339612f6b57d85d3fc0fb19dabfa1.jpg"},{"id":3692305,"full_path":"https://salt.tikicdn.com/ts/review/a9/28/6f/1a4901391d7a014b619b11108752ee65.jpg"},{"id":3692306,"full_path":"https://salt.tikicdn.com/ts/review/94/8d/35/7d5329faa8a90c8b1ea59c79aebbd32f.jpg"}],"created_at":1657945617,"created_by":{"id":10997140,"name":"Phương Anh Lê","full_name":"Phương Anh Lê","created_time":"2019-02-22 18:35:21","purchased":true,"purchased_at":1657866222},"product_id":148937782,"timeline":{"review_created_date":"2022-07-16 11:26:57","delivery_date":"2022-07-16 09:12:25"}},{"id":18911037,"title":"Rất không hài lòng","content":"Đọc chưa đến 1/3 đã phải bỏ ngang không nuốt nổi.\r\n\r\nSách dịch tệ thật sự mà cũng xuất bản được?! Bảo do Google dịch mình cũng tin, dịch theo kiểu word by word từ bản gốc tiếng Anh và không buồn chỉnh sửa, không buồn đọc lại những gì mình viết, không buồn đặt mình vào tâm thế của một người đọc sách. \r\nNội dung có hay đến đâu mà dịch thế này thì cũng chịu không tài nào đọc nổi.","customer_id":400663,"rating":1,"images":[{"id":4143524,"full_path":"https://salt.tikicdn.com/ts/review/e0/53/f7/502e3a9e3ceca660b88a3d56e6066710.jpg"}],"created_at":1678034955,"created_by":{"id":400663,"name":"Tran Tran","full_name":"Tran Tran","created_time":"2014-08-15 20:57:14","purchased":true,"purchased_at":1677636148},"product_id":148937782,"timeline":{"review_created_date":"2023-03-05 23:49:15","delivery_date":"2023-03-01 11:34:03"}},{"id":17442125,"title":"Cực kì hài lòng","content":"Sách giao về mặc dù bị nhăn nhưng mà sau khi để vào kệ sách để mấy cuốn sách kia ép lại nên may ra nó được thẳng như mới. Sách đẹp và thiết kế sách bên trong mang lại cảm giác được đắm chìm vào thế giới phép thuật. Mình sẽ đọc để xem xem quyển này sẽ là một thế giới phép thuật như thế nào so với các quyển Harry Potter :)))","customer_id":24612501,"rating":5,"images":[{"id":3804242,"full_path":"https://salt.tikicdn.com/ts/review/02/c4/de/f50706109e4d271302c13ef570cad24f.jpg"}],"created_at":1660725755,"created_by":{"id":24612501,"name":"Thư Hoàng","full_name":"Thư Hoàng","created_time":"2021-10-31 16:28:07","purchased":true,"purchased_at":1657118714},"product_id":148937782,"timeline":{"review_created_date":"2022-08-17 15:42:35","delivery_date":"2022-07-07 11:47:58"}},{"id":18008765,"title":"Cực kì hài lòng","content":"Tên sách ánh vàng rất ấn tượng. \r\n\r\nNội dung hơi thất vọng chút, nhưng vấn đề nằm ở dịch thuật. Khi đọc tựa tiếng Việt, mình đã kỳ vọng sẽ thấy được vẻ gì đó là fantastic một chút, nhưng không, dịch từ Dark Academic mang màu sắc đen tối thành một cái tựa tiếng Việt đánh lừa như thế làm mất đi cái chất ban đầu. Tuy vậy, nhìn chung nội dung lôi cuốn, hấp dẫn.","customer_id":6346857,"rating":5,"images":[],"created_at":1666310533,"created_by":{"id":6346857,"name":"Lê Bảo Luân","full_name":"Lê Bảo Luân","created_time":"2018-01-13 11:39:05","purchased":true,"purchased_at":1663299498},"product_id":148937782,"timeline":{"review_created_date":"2022-10-21 07:02:13","delivery_date":"2022-09-19 09:24:25"}},{"id":17334060,"title":"Cực kì hài lòng","content":"Ban đầu cứ tưởng nội dung sách sẽ na ná Harry Potter. Nhưng không, đọc được vài trang đầu tiên đã khiến mình thấy thích thú vì trí tưởng tượng của tác giả. Phải nói là quá hay, cuốn từ đầu đến cuối cuộc phiêu lưu của nữ chính. Sách phù hợp từ trẻ nhỏ đến người lớn nha","customer_id":11969718,"rating":5,"images":[],"created_at":1659892754,"created_by":{"id":11969718,"name":"Tuấn Nguyễn","full_name":"Tuấn Nguyễn","created_time":"2019-05-05 09:36:56","purchased":true,"purchased_at":1652934963},"product_id":148937782,"timeline":{"review_created_date":"2022-08-08 00:19:14","delivery_date":"2022-05-20 09:11:21"}},{"id":17085970,"title":"Cực kì hài lòng","content":"Sách đến tay mình đẹp, lành lặn, giá giảm sâu. Mình mua 3 quyển thì có mỗi quyển này là bọc thêm nilon. Mình rất ưng ý chất lượng sách lần này","customer_id":10997140,"rating":5,"images":[{"id":3692304,"full_path":"https://salt.tikicdn.com/ts/review/57/56/33/efb339612f6b57d85d3fc0fb19dabfa1.jpg"},{"id":3692305,"full_path":"https://salt.tikicdn.com/ts/review/a9/28/6f/1a4901391d7a014b619b11108752ee65.jpg"},{"id":3692306,"full_path":"https://salt.tikicdn.com/ts/review/94/8d/35/7d5329faa8a90c8b1ea59c79aebbd32f.jpg"}],"created_at":1657945617,"created_by":{"id":10997140,"name":"Phương Anh Lê","full_name":"Phương Anh Lê","created_time":"2019-02-22 18:35:21","purchased":true,"purchased_at":1657866222},"product_id":148937782,"timeline":{"review_created_date":"2022-07-16 11:26:57","delivery_date":"2022-07-16 09:12:25"}}]}