{"id":151757142,"dbId":11899,"createdAt":1643253055000,"name":"Sách - Combo Khách sạn mặt nạ (02 tập)","short_description":"       Tác giả: Higashino Keigo   Dịch giả: Lam Ngọc   Nhà xuất bản: Hà Nội   Số trang: 460 + 310   Kích thước: 14x20,5 cm   Ngày phát hành: 12-2021   Tập 1:   Một vụ giết người hàng loạt b...","description":"\u003chtml\u003e\n \u003chead\u003e\u003c/head\u003e\n \u003cbody\u003e\n  \u003cul\u003e\n   \u003cp\u003eTác giả: Higashino Keigo\u003c/p\u003e\n   \u003cp\u003eDịch giả: Lam Ngọc\u003c/p\u003e\n   \u003cp\u003eNhà xuất bản: Hà Nội\u003c/p\u003e\n   \u003cp\u003eSố trang: 460 + 310\u003c/p\u003e\n   \u003cp\u003eKích thước: 14x20,5 cm\u003c/p\u003e\n   \u003cp\u003eNgày phát hành: 12-2021\u003c/p\u003e\n   \u003cp\u003eTập 1:\u003c/p\u003e\n   \u003cp\u003eMột vụ giết người hàng loạt bí ẩn ở Tokyo. Hiện chưa rõ nghi phạm và mục tiêu tiếp theo. Điều duy nhất từ mật mã hung thủ để lại ám chỉ nơi sẽ diễn ra tội ác là khách sạn hạng nhất Cortesia Tokyo. Nitta Kousuke, viên cảnh sát hình sự trẻ tuổi, nhận lệnh cải trang làm nhân viên khách sạn để nằm vùng điều tra. Hướng dẫn nghiệp vụ cho anh là Yamagishi Naomi, một nữ lễ tân thông minh có óc quan sát sắc sảo. Liệu cả hai có thể lần ra chân tướng vụ án, trong khi những vị khách đáng ngờ cứ lần lượt ghé thăm!?\u003c/p\u003e\n   \u003cp\u003eTập 2:\u003c/p\u003e\n   \u003cp\u003eYamagishi Naomi được điều đến đào tạo lễ tân cho khách sạn Cortesia Osaka mới khai trương, cô luôn có thói quen chú ý đến tấm mặt nạ của một vài vị khách. Trong khi đó, Nitta Kousuke đang điều tra một người đàn ông liên quan đến vụ án giết người xảy ra ở Tokyo, kẻ tuyên bố đã đến Osaka vào đêm xảy ra vụ án, nhưng nhất định không nói tên khách sạn. Điều gì buộc anh ta giữ kín ngay cả khi bị tình nghi giết người? Nếu công việc của Naomi là bảo vệ mặt nạ của khách hàng, thì nhiệm vụ của Nitta là lột bỏ mặt nạ của tội phạm. Khách sạn mặt nạ – Đêm trước lễ hội hóa trang là những câu chuyện thú vị được kể trước thời điểm hai con người ấy gặp nhau.\u003c/p\u003e\n   \u003cp\u003eTÁC GIẢ:\u003c/p\u003e\n   \u003cp\u003eHigashino Keigo sinh năm 1958 tại Osaka, là nhà văn trinh thám hàng đầu hiện nay tại Nhật Bản. Năm 1985, Higashino Keigo giành được giải Edogawa Rampo lần thứ 31 cho tác phẩm trinh thám hay nhất với tiểu thuyết Giờ tan học.\u003c/p\u003e\n   \u003cp\u003eCác năm sau đó, Higashino Keigo liên tục được đề cử vô số giải thưởng văn học lớn. Năm 1999, ông đoạt giải Mystery Writers of Japan Inc với tiểu thuyết Bí mật của Naoko, và năm 2006, là giải Naoki lần thứ 134 cho Phía sau nghi can X.\u003c/p\u003e\n   \u003cp\u003eKhách sạn mặt nạ được nhà xuất bản Shueisha xuất bản lần đầu năm 2011, và được chuyển thể thành phim điện ảnh và công chiếu vào năm 2019.\u003c/p\u003e\n   \u003cp\u003eKhách sạn mặt nạ – Đêm trước lễ hội hóa trang được nhà xuất bản Shueisha xuất bản năm 2014.\u003c/p\u003e\n   \u003cp\u003eCác tác phẩm của Higashino Keigo đã được Nhã Nam phát hành:\u003c/p\u003e\n   \u003cp\u003e- Phía sau nghi can X\u003c/p\u003e\n   \u003cp\u003e- Bí mật của Naoko\u003c/p\u003e\n   \u003cp\u003e- Bạch dạ hành\u003c/p\u003e\n   \u003cp\u003e- Điều kỳ diệu ở tiệm tạp hóa Namiya\u003c/p\u003e\n   \u003cp\u003e- Hoa mộng ảo\u003c/p\u003e\n   \u003cp\u003e- Ảo dạ\u003c/p\u003e\n   \u003cp\u003e- Ma nữ của Laplace\u003c/p\u003e\n   \u003cp\u003e- Phương trình hạ chí\u003c/p\u003e\n   \u003cp\u003e- Sự cứu rỗi của Thánh nữ\u003c/p\u003e\n   \u003cp\u003e- Ma thuật bị cấm\u003c/p\u003e\n   \u003cp\u003e- Án mạng mười một chữ\u003c/p\u003e\n   \u003cp\u003e- Vụ án mạng ở lữ quán Kairotei\u003c/p\u003e\n   \u003cp\u003e- Trái tim của Brutus\u003c/p\u003e\n   \u003cp\u003e- Vụ án mạng ở nhà khách núi Hakuba\u003c/p\u003e\n   \u003cp\u003e- Hung khí hoàn mỹ\u003c/p\u003e\n   \u003cp\u003e- Nhà ảo thuật đen và vụ án mạng tại thị trấn không tên\u003c/p\u003e\n   \u003cp\u003e- Khách sạn mặt nạ 1+2\u003c/p\u003e\n  \u003c/ul\u003e\n \u003c/body\u003e\n\u003c/html\u003e\u003cp\u003eGiá sản phẩm trên Tiki đã bao gồm thuế theo luật hiện hành. Bên cạnh đó, tuỳ vào loại sản phẩm, hình thức và địa chỉ giao hàng mà có thể phát sinh thêm chi phí khác như phí vận chuyển, phụ phí hàng cồng kềnh, thuế nhập khẩu (đối với đơn hàng giao từ nước ngoài có giá trị trên 1 triệu đồng).....\u003c/p\u003e","original_price":300000.0,"thumbnail_url":"https://salt.tikicdn.com/cache/280x280/ts/product/8b/e3/ca/89ea6ac483dd49b419523cf79df9eb0c.jpg","images":[{"base_url":"https://salt.tikicdn.com/ts/product/8b/e3/ca/89ea6ac483dd49b419523cf79df9eb0c.jpg","dbId":31634}],"specifications":[{"name":"Thông tin chung","attributes":[{"name":"Công ty phát hành","value":"Nhã Nam"},{"name":"Nhà xuất bản","value":"Nhà Xuất Bản Hà Nội"},{"code":"PUBLICATION_DATE","name":"Ngày xuất bản","value":"Thu Jan 06 10:10:55 ICT 2022"}]}],"stock_item":{"qty":1000},"all_time_quantity_sold":2,"reviews":[{"id":17366725,"title":"Cực kì hài lòng","content":"Sách hay lắm luôn mn ơi","customer_id":22200286,"rating":5,"images":[],"created_at":1660117961,"created_by":{"id":22200286,"name":"Hảo Nguyễn","full_name":"Hảo Nguyễn","created_time":"2021-06-16 22:08:32","purchased":true,"purchased_at":1655285144},"product_id":151757142,"timeline":{"review_created_date":"2022-08-10 14:52:41","delivery_date":"2022-06-20 11:52:27"}},{"id":14357279,"title":"Cực kì hài lòng","content":"","customer_id":852216,"rating":5,"images":[],"created_at":1641784255,"created_by":{"id":852216,"name":"Dương Tiến Vũ Bình","full_name":"Dương Tiến Vũ Bình","created_time":"2015-10-01 09:52:14","purchased":true,"purchased_at":1641442760},"product_id":151757142,"timeline":{"review_created_date":"2022-01-10 10:10:55","delivery_date":"2022-01-10 09:58:07"}}]}