{"id":1519257,"dbId":11364,"createdAt":1516122000000,"name":"Những Chuyện Bựa Thời Sinh Viên","short_description":"Những chuyện bựa thời sinh viên\"Tác phẩm này được viết lại từ chuyện đời của tôi, hay nói một cách hình ảnh, nó là vô vàn những lát cắt cuộc sống của một kẻ vẫn hay bị coi là lập dị và đầy mâu thuẫn....","description":"\u003cp\u003e\u003cstrong\u003eNhững chuyện bựa thời sinh viên\u003c/strong\u003e\u003c/p\u003e\n\u003cp\u003e\"Tác phẩm này được viết lại từ chuyện đời của tôi, hay nói một cách hình ảnh, nó là vô vàn những lát cắt cuộc sống của một kẻ vẫn hay bị coi là lập dị và đầy mâu thuẫn. Những con người đã gặp, đã từng yêu, những ân oán quá khứ... tưởng đã khép lại trong lòng, nhưng một mai thức dậy, tất cả chợt ùa về như những món nợ để đời...\"\u003c/p\u003e\n\u003cp\u003eThời sinh viên, có ai nhớ lại mà không thấy bồi hồi, xao xuyến? Có ai lại dám khẳng định mình chẳng có chút nuối tiếc nào mỗi khi nhớ về những ký ức của một thời trẻ trung sôi nổi? Song Hà, người tự nhận ký ức đó như “những món nợ để đời”, đã viết “Những chuyện bựa thời sinh viên” như chiếu lại một thước phim quay chậm về quãng cuộc đời vui buồn lẫn lộn, rất nhiều xúc cảm ấy. Nếu đã yêu mến Song Hà với lối viết hài hước mà trầm lắng, rất đời của anh, thì cuốn sách này sẽ khiến bạn không thôi nghĩ về nó, kể cả khi bạn đã gập lại trang sách cuối cùng.\u003c/p\u003e\n\u003cp\u003e“Những chuyện bựa thời sinh viên” bao gồm hai phần: \u003c/p\u003e\n\u003cp\u003ePhần một – “Những chuyện bựa thời sinh viên”: Kể về những trải nghiệm có thật của tác giả nơi giảng đường đại học, với bầu không khí náo nhiệt, hồn nhiên và đầy sức sống của những chàng trai đôi mươi cùng nhau sống và trưởng thành trong ký túc xá.\u003c/p\u003e\n\u003cp\u003ePhần hai – “Ký sự đòi nợ”: Trái ngược với sự sôi động ở phần một, câu chuyện ở phần hai lắng đọng hơn; với hình ảnh của một chàng trai cá tính, lãng tử, khảng khái trong những mối tình với các cô gái đã từng đi qua cuộc đời. \u003c/p\u003e\n\u003cp\u003e \u003c/p\u003e\u003cp\u003eGiá sản phẩm trên Tiki đã bao gồm thuế theo luật hiện hành. Bên cạnh đó, tuỳ vào loại sản phẩm, hình thức và địa chỉ giao hàng mà có thể phát sinh thêm chi phí khác như phí vận chuyển, phụ phí hàng cồng kềnh, thuế nhập khẩu (đối với đơn hàng giao từ nước ngoài có giá trị trên 1 triệu đồng).....\u003c/p\u003e","original_price":150000.0,"thumbnail_url":"https://salt.tikicdn.com/cache/280x280/ts/product/50/5f/e9/0715b06ae1f871642f9c163f1a8a6d95.jpg","images":[{"base_url":"https://salt.tikicdn.com/ts/product/50/5f/e9/0715b06ae1f871642f9c163f1a8a6d95.jpg","dbId":30270}],"authors":[{"id":33660,"name":"Song Hà","dbId":6017}],"specifications":[{"name":"Thông tin chung","attributes":[{"name":"Công ty phát hành","value":"1980 Books"},{"name":"Ngày xuất bản","value":"2018-01-02 00:00:00"},{"name":"Loại bìa","value":"Bìa mềm"},{"name":"Số trang","value":"400"},{"name":"Phương thức giao hàng Seller Delivery","value":"Nhà bán giao hàng cho khách hàng"},{"code":"PUBLICATION_DATE","name":"Kích thước","value":"13 x 20 cm"}]}],"stock_item":{"qty":1000},"all_time_quantity_sold":10,"reviews":[{"id":19773618,"title":"Cực kì hài lòng","content":"","customer_id":8711898,"rating":5,"images":[],"created_at":1708316837,"created_by":{"id":8711898,"name":"Củ Khoai","full_name":"Củ Khoai","created_time":"2018-11-01 13:07:42","purchased":true,"purchased_at":1707914001},"product_id":1519257,"timeline":{"review_created_date":"2024-02-19 11:27:17","delivery_date":"2024-02-19 11:18:24"}},{"id":19673372,"title":"Cực kì hài lòng","content":"","customer_id":10356814,"rating":5,"images":[],"created_at":1701842304,"created_by":{"id":10356814,"name":"Lê Sĩ Hiển","full_name":"Lê Sĩ Hiển","created_time":"2019-01-13 17:40:31","purchased":true,"purchased_at":1701351361},"product_id":1519257,"timeline":{"review_created_date":"2023-12-06 12:58:24","delivery_date":"2023-12-01 14:11:01"}},{"id":3222599,"title":"Bình thường","content":"Sách đặt tên là chuyện bựa thời sinh viên mà chuyện thời sinh viên chiếm chưa đến 1/5 nội dung cuốn sách. Những mẩu chuyện khi ở ktx thực sự rất tếu táo, hài hước, còn phần kí sự đòi nợ quá nhạt nhẽo. Đặt tên sách như thế này dễ gây hiểu nhầm cho người mua. Nếu biết trước mình đã không mua quyển này.","customer_id":269890,"rating":3,"images":[],"created_at":1584811669,"created_by":{"id":269890,"name":"Hường Phạm","full_name":"Hường Phạm","created_time":"2014-01-12 11:05:37","purchased":true,"purchased_at":1584503512},"product_id":1519257,"timeline":{"review_created_date":"2020-03-22 00:27:49","delivery_date":"2020-03-20 09:13:20"}},{"id":19338874,"title":"Cực kì hài lòng","content":"","customer_id":11040892,"rating":5,"images":[],"created_at":1688116715,"created_by":{"id":11040892,"name":"ma văn hiếu","full_name":"ma văn hiếu","created_time":"2019-02-25 15:39:08","purchased":true,"purchased_at":1675413785},"product_id":1519257,"timeline":{"review_created_date":"2023-06-30 16:18:35","delivery_date":"2023-02-07 09:44:54"}},{"id":16367782,"title":"Cực kì hài lòng","content":"rất tốt","customer_id":2426,"rating":5,"images":[{"id":3488048,"full_path":"https://salt.tikicdn.com/ts/review/d1/d0/b5/c1dfa4a6e5d328d94f2c1b6f0aa9ebf1.jpg"},{"id":3488049,"full_path":"https://salt.tikicdn.com/ts/review/1f/b4/a0/1a2fe20571f24dbc0eeacb97b241cc42.jpg"}],"created_at":1652839176,"created_by":{"id":2426,"name":"Nguyễn Đạt Thắng","full_name":"Nguyễn Đạt Thắng","created_time":"2011-01-06 10:39:03","purchased":true,"purchased_at":1652657884},"product_id":1519257,"timeline":{"review_created_date":"2022-05-18 08:59:36","delivery_date":"2022-05-18 08:53:08"}},{"id":19773618,"title":"Cực kì hài lòng","content":"","customer_id":8711898,"rating":5,"images":[],"created_at":1708316837,"created_by":{"id":8711898,"name":"Củ Khoai","full_name":"Củ Khoai","created_time":"2018-11-01 13:07:42","purchased":true,"purchased_at":1707914001},"product_id":1519257,"timeline":{"review_created_date":"2024-02-19 11:27:17","delivery_date":"2024-02-19 11:18:24"}},{"id":19673372,"title":"Cực kì hài lòng","content":"","customer_id":10356814,"rating":5,"images":[],"created_at":1701842304,"created_by":{"id":10356814,"name":"Lê Sĩ Hiển","full_name":"Lê Sĩ Hiển","created_time":"2019-01-13 17:40:31","purchased":true,"purchased_at":1701351361},"product_id":1519257,"timeline":{"review_created_date":"2023-12-06 12:58:24","delivery_date":"2023-12-01 14:11:01"}},{"id":3222599,"title":"Bình thường","content":"Sách đặt tên là chuyện bựa thời sinh viên mà chuyện thời sinh viên chiếm chưa đến 1/5 nội dung cuốn sách. Những mẩu chuyện khi ở ktx thực sự rất tếu táo, hài hước, còn phần kí sự đòi nợ quá nhạt nhẽo. Đặt tên sách như thế này dễ gây hiểu nhầm cho người mua. Nếu biết trước mình đã không mua quyển này.","customer_id":269890,"rating":3,"images":[],"created_at":1584811669,"created_by":{"id":269890,"name":"Hường Phạm","full_name":"Hường Phạm","created_time":"2014-01-12 11:05:37","purchased":true,"purchased_at":1584503512},"product_id":1519257,"timeline":{"review_created_date":"2020-03-22 00:27:49","delivery_date":"2020-03-20 09:13:20"}},{"id":19338874,"title":"Cực kì hài lòng","content":"","customer_id":11040892,"rating":5,"images":[],"created_at":1688116715,"created_by":{"id":11040892,"name":"ma văn hiếu","full_name":"ma văn hiếu","created_time":"2019-02-25 15:39:08","purchased":true,"purchased_at":1675413785},"product_id":1519257,"timeline":{"review_created_date":"2023-06-30 16:18:35","delivery_date":"2023-02-07 09:44:54"}},{"id":16367782,"title":"Cực kì hài lòng","content":"rất tốt","customer_id":2426,"rating":5,"images":[{"id":3488048,"full_path":"https://salt.tikicdn.com/ts/review/d1/d0/b5/c1dfa4a6e5d328d94f2c1b6f0aa9ebf1.jpg"},{"id":3488049,"full_path":"https://salt.tikicdn.com/ts/review/1f/b4/a0/1a2fe20571f24dbc0eeacb97b241cc42.jpg"}],"created_at":1652839176,"created_by":{"id":2426,"name":"Nguyễn Đạt Thắng","full_name":"Nguyễn Đạt Thắng","created_time":"2011-01-06 10:39:03","purchased":true,"purchased_at":1652657884},"product_id":1519257,"timeline":{"review_created_date":"2022-05-18 08:59:36","delivery_date":"2022-05-18 08:53:08"}},{"id":19773618,"title":"Cực kì hài lòng","content":"","customer_id":8711898,"rating":5,"images":[],"created_at":1708316837,"created_by":{"id":8711898,"name":"Củ Khoai","full_name":"Củ Khoai","created_time":"2018-11-01 13:07:42","purchased":true,"purchased_at":1707914001},"product_id":1519257,"timeline":{"review_created_date":"2024-02-19 11:27:17","delivery_date":"2024-02-19 11:18:24"}},{"id":19673372,"title":"Cực kì hài lòng","content":"","customer_id":10356814,"rating":5,"images":[],"created_at":1701842304,"created_by":{"id":10356814,"name":"Lê Sĩ Hiển","full_name":"Lê Sĩ Hiển","created_time":"2019-01-13 17:40:31","purchased":true,"purchased_at":1701351361},"product_id":1519257,"timeline":{"review_created_date":"2023-12-06 12:58:24","delivery_date":"2023-12-01 14:11:01"}},{"id":3222599,"title":"Bình thường","content":"Sách đặt tên là chuyện bựa thời sinh viên mà chuyện thời sinh viên chiếm chưa đến 1/5 nội dung cuốn sách. Những mẩu chuyện khi ở ktx thực sự rất tếu táo, hài hước, còn phần kí sự đòi nợ quá nhạt nhẽo. Đặt tên sách như thế này dễ gây hiểu nhầm cho người mua. Nếu biết trước mình đã không mua quyển này.","customer_id":269890,"rating":3,"images":[],"created_at":1584811669,"created_by":{"id":269890,"name":"Hường Phạm","full_name":"Hường Phạm","created_time":"2014-01-12 11:05:37","purchased":true,"purchased_at":1584503512},"product_id":1519257,"timeline":{"review_created_date":"2020-03-22 00:27:49","delivery_date":"2020-03-20 09:13:20"}},{"id":19338874,"title":"Cực kì hài lòng","content":"","customer_id":11040892,"rating":5,"images":[],"created_at":1688116715,"created_by":{"id":11040892,"name":"ma văn hiếu","full_name":"ma văn hiếu","created_time":"2019-02-25 15:39:08","purchased":true,"purchased_at":1675413785},"product_id":1519257,"timeline":{"review_created_date":"2023-06-30 16:18:35","delivery_date":"2023-02-07 09:44:54"}},{"id":16367782,"title":"Cực kì hài lòng","content":"rất tốt","customer_id":2426,"rating":5,"images":[{"id":3488048,"full_path":"https://salt.tikicdn.com/ts/review/d1/d0/b5/c1dfa4a6e5d328d94f2c1b6f0aa9ebf1.jpg"},{"id":3488049,"full_path":"https://salt.tikicdn.com/ts/review/1f/b4/a0/1a2fe20571f24dbc0eeacb97b241cc42.jpg"}],"created_at":1652839176,"created_by":{"id":2426,"name":"Nguyễn Đạt Thắng","full_name":"Nguyễn Đạt Thắng","created_time":"2011-01-06 10:39:03","purchased":true,"purchased_at":1652657884},"product_id":1519257,"timeline":{"review_created_date":"2022-05-18 08:59:36","delivery_date":"2022-05-18 08:53:08"}},{"id":19773618,"title":"Cực kì hài lòng","content":"","customer_id":8711898,"rating":5,"images":[],"created_at":1708316837,"created_by":{"id":8711898,"name":"Củ Khoai","full_name":"Củ Khoai","created_time":"2018-11-01 13:07:42","purchased":true,"purchased_at":1707914001},"product_id":1519257,"timeline":{"review_created_date":"2024-02-19 11:27:17","delivery_date":"2024-02-19 11:18:24"}},{"id":19673372,"title":"Cực kì hài lòng","content":"","customer_id":10356814,"rating":5,"images":[],"created_at":1701842304,"created_by":{"id":10356814,"name":"Lê Sĩ Hiển","full_name":"Lê Sĩ Hiển","created_time":"2019-01-13 17:40:31","purchased":true,"purchased_at":1701351361},"product_id":1519257,"timeline":{"review_created_date":"2023-12-06 12:58:24","delivery_date":"2023-12-01 14:11:01"}},{"id":3222599,"title":"Bình thường","content":"Sách đặt tên là chuyện bựa thời sinh viên mà chuyện thời sinh viên chiếm chưa đến 1/5 nội dung cuốn sách. Những mẩu chuyện khi ở ktx thực sự rất tếu táo, hài hước, còn phần kí sự đòi nợ quá nhạt nhẽo. Đặt tên sách như thế này dễ gây hiểu nhầm cho người mua. Nếu biết trước mình đã không mua quyển này.","customer_id":269890,"rating":3,"images":[],"created_at":1584811669,"created_by":{"id":269890,"name":"Hường Phạm","full_name":"Hường Phạm","created_time":"2014-01-12 11:05:37","purchased":true,"purchased_at":1584503512},"product_id":1519257,"timeline":{"review_created_date":"2020-03-22 00:27:49","delivery_date":"2020-03-20 09:13:20"}},{"id":19338874,"title":"Cực kì hài lòng","content":"","customer_id":11040892,"rating":5,"images":[],"created_at":1688116715,"created_by":{"id":11040892,"name":"ma văn hiếu","full_name":"ma văn hiếu","created_time":"2019-02-25 15:39:08","purchased":true,"purchased_at":1675413785},"product_id":1519257,"timeline":{"review_created_date":"2023-06-30 16:18:35","delivery_date":"2023-02-07 09:44:54"}},{"id":16367782,"title":"Cực kì hài lòng","content":"rất tốt","customer_id":2426,"rating":5,"images":[{"id":3488048,"full_path":"https://salt.tikicdn.com/ts/review/d1/d0/b5/c1dfa4a6e5d328d94f2c1b6f0aa9ebf1.jpg"},{"id":3488049,"full_path":"https://salt.tikicdn.com/ts/review/1f/b4/a0/1a2fe20571f24dbc0eeacb97b241cc42.jpg"}],"created_at":1652839176,"created_by":{"id":2426,"name":"Nguyễn Đạt Thắng","full_name":"Nguyễn Đạt Thắng","created_time":"2011-01-06 10:39:03","purchased":true,"purchased_at":1652657884},"product_id":1519257,"timeline":{"review_created_date":"2022-05-18 08:59:36","delivery_date":"2022-05-18 08:53:08"}}]}