{"id":153518797,"dbId":10980,"createdAt":1640710800000,"name":"Tôi Đi Học - Nguyễn Ngọc Ký (Tái Bản)","short_description":"Tôi Đi Học (Tái Bản) - tự truyện đầu tiên của Nhà giáo Ưu tú Nguyễn Ngọc Ký - đã trở thành cuốn sách nâng đỡ tinh thần cho nhiều thế hệ bạn đọc những lúc gặp khó khăn, nghịch cảnh trong cuộc sống. Khô...","description":"Tôi Đi Học (Tái Bản) - tự truyện đầu tiên của Nhà giáo Ưu tú Nguyễn Ngọc Ký - đã trở thành cuốn sách nâng đỡ tinh thần cho nhiều thế hệ bạn đọc những lúc gặp khó khăn, nghịch cảnh trong cuộc sống. Không đơn thuần là một cuốn tự truyện, Tôi đi học đã trở thành tác phẩm văn học và là cuốn sách mang ý nghĩa xã hội sâu sắc, tác động mạnh mẽ tới nhận thức, suy nghĩ của hàng triệu bạn đọc cả nước.\u003cp\u003eGiá sản phẩm trên Tiki đã bao gồm thuế theo luật hiện hành. Bên cạnh đó, tuỳ vào loại sản phẩm, hình thức và địa chỉ giao hàng mà có thể phát sinh thêm chi phí khác như phí vận chuyển, phụ phí hàng cồng kềnh, thuế nhập khẩu (đối với đơn hàng giao từ nước ngoài có giá trị trên 1 triệu đồng).....\u003c/p\u003e","original_price":76000.0,"thumbnail_url":"https://salt.tikicdn.com/cache/280x280/ts/product/56/84/39/3c32e0fbaf3549d835d58b13e185349d.jpg","images":[{"base_url":"https://salt.tikicdn.com/ts/product/56/84/39/3c32e0fbaf3549d835d58b13e185349d.jpg","dbId":29312},{"base_url":"https://salt.tikicdn.com/ts/product/98/3b/a9/3786afc188283d2488808685b4613bfa.png","dbId":29313},{"base_url":"https://salt.tikicdn.com/ts/product/5a/b7/f5/697e1cc0f6d016840027033b05447854.jpg","dbId":29314}],"authors":[{"id":14640,"name":"Nguyễn Ngọc Ký","dbId":5816}],"specifications":[{"name":"Thông tin chung","attributes":[{"name":"Phiên bản sách","value":"Phiên bản thường"},{"name":"Công ty phát hành","value":"First News - Trí Việt"},{"name":"Ngày xuất bản","value":"2021-12-12 00:00:00"},{"name":"Loại bìa","value":"Bìa mềm"},{"name":"Số trang","value":"176"},{"name":"Nhà xuất bản","value":"Nhà Xuất Bản Tổng hợp TP.HCM"},{"code":"PUBLICATION_DATE","name":"Kích thước","value":"14.5 x 20.5 cm"}]}],"stock_item":{"qty":1000},"all_time_quantity_sold":263,"reviews":[{"id":19733146,"title":"Cực kì hài lòng","content":"","customer_id":1297766,"rating":5,"images":[],"created_at":1705559361,"created_by":{"id":1297766,"name":"Nguyen Bang","full_name":"Nguyen Bang","created_time":"2016-04-12 09:14:09","purchased":true,"purchased_at":1705070196},"product_id":153518797,"timeline":{"review_created_date":"2024-01-18 13:29:21","delivery_date":"2024-01-13 09:42:15"}},{"id":16944833,"title":"Cực kì hài lòng","content":"Sản phẩm tốt, giao hành nhanh chóng, nội dung đúng yêu cầu. Nhưng đóng gói không tốt, sơ sài. Mong đóng gói tốt hơn","customer_id":22474913,"rating":5,"images":[],"created_at":1656994121,"created_by":{"id":22474913,"name":"Hiển Trần","full_name":"Hiển Trần","created_time":"2021-07-03 01:27:58","purchased":true,"purchased_at":1652519050},"product_id":153518797,"timeline":{"review_created_date":"2022-07-05 11:08:41","delivery_date":"2022-05-16 11:38:02"}},{"id":19660269,"title":"Cực kì hài lòng","content":"","customer_id":8561941,"rating":5,"images":[],"created_at":1700798964,"created_by":{"id":8561941,"name":"Lê Bảo Trúc","full_name":"Lê Bảo Trúc","created_time":"2018-10-22 13:14:37","purchased":true,"purchased_at":1700701272},"product_id":153518797,"timeline":{"review_created_date":"2023-11-24 11:09:24","delivery_date":"2023-11-24 10:19:33"}},{"id":17217052,"title":"Cực kì hài lòng","content":"Sách đóng gói đẹp giao cực nhanh vì mình đặt hoả tốc nhé ship rẻ. Chật luongjw ok","customer_id":10836600,"rating":5,"images":[],"created_at":1658899476,"created_by":{"id":10836600,"name":"Đỗ Phương Thúy Thúy","full_name":"Đỗ Phương Thúy Thúy","created_time":"2019-02-13 22:42:09","purchased":true,"purchased_at":1658847600},"product_id":153518797,"timeline":{"review_created_date":"2022-07-27 12:24:36","delivery_date":"2022-07-27 10:52:16"}},{"id":19200455,"title":"Cực kì hài lòng","content":"","customer_id":11003453,"rating":5,"images":[],"created_at":1684232852,"created_by":{"id":11003453,"name":"Lương Minh Yến","full_name":"Lương Minh Yến","created_time":"2019-02-23 03:48:20","purchased":true,"purchased_at":1682173504},"product_id":153518797,"timeline":{"review_created_date":"2023-05-16 17:27:32","delivery_date":"2023-04-24 10:38:06"}},{"id":19733146,"title":"Cực kì hài lòng","content":"","customer_id":1297766,"rating":5,"images":[],"created_at":1705559361,"created_by":{"id":1297766,"name":"Nguyen Bang","full_name":"Nguyen Bang","created_time":"2016-04-12 09:14:09","purchased":true,"purchased_at":1705070196},"product_id":153518797,"timeline":{"review_created_date":"2024-01-18 13:29:21","delivery_date":"2024-01-13 09:42:15"}},{"id":16944833,"title":"Cực kì hài lòng","content":"Sản phẩm tốt, giao hành nhanh chóng, nội dung đúng yêu cầu. Nhưng đóng gói không tốt, sơ sài. Mong đóng gói tốt hơn","customer_id":22474913,"rating":5,"images":[],"created_at":1656994121,"created_by":{"id":22474913,"name":"Hiển Trần","full_name":"Hiển Trần","created_time":"2021-07-03 01:27:58","purchased":true,"purchased_at":1652519050},"product_id":153518797,"timeline":{"review_created_date":"2022-07-05 11:08:41","delivery_date":"2022-05-16 11:38:02"}},{"id":19660269,"title":"Cực kì hài lòng","content":"","customer_id":8561941,"rating":5,"images":[],"created_at":1700798964,"created_by":{"id":8561941,"name":"Lê Bảo Trúc","full_name":"Lê Bảo Trúc","created_time":"2018-10-22 13:14:37","purchased":true,"purchased_at":1700701272},"product_id":153518797,"timeline":{"review_created_date":"2023-11-24 11:09:24","delivery_date":"2023-11-24 10:19:33"}},{"id":17217052,"title":"Cực kì hài lòng","content":"Sách đóng gói đẹp giao cực nhanh vì mình đặt hoả tốc nhé ship rẻ. Chật luongjw ok","customer_id":10836600,"rating":5,"images":[],"created_at":1658899476,"created_by":{"id":10836600,"name":"Đỗ Phương Thúy Thúy","full_name":"Đỗ Phương Thúy Thúy","created_time":"2019-02-13 22:42:09","purchased":true,"purchased_at":1658847600},"product_id":153518797,"timeline":{"review_created_date":"2022-07-27 12:24:36","delivery_date":"2022-07-27 10:52:16"}},{"id":19200455,"title":"Cực kì hài lòng","content":"","customer_id":11003453,"rating":5,"images":[],"created_at":1684232852,"created_by":{"id":11003453,"name":"Lương Minh Yến","full_name":"Lương Minh Yến","created_time":"2019-02-23 03:48:20","purchased":true,"purchased_at":1682173504},"product_id":153518797,"timeline":{"review_created_date":"2023-05-16 17:27:32","delivery_date":"2023-04-24 10:38:06"}},{"id":19733146,"title":"Cực kì hài lòng","content":"","customer_id":1297766,"rating":5,"images":[],"created_at":1705559361,"created_by":{"id":1297766,"name":"Nguyen Bang","full_name":"Nguyen Bang","created_time":"2016-04-12 09:14:09","purchased":true,"purchased_at":1705070196},"product_id":153518797,"timeline":{"review_created_date":"2024-01-18 13:29:21","delivery_date":"2024-01-13 09:42:15"}},{"id":16944833,"title":"Cực kì hài lòng","content":"Sản phẩm tốt, giao hành nhanh chóng, nội dung đúng yêu cầu. Nhưng đóng gói không tốt, sơ sài. Mong đóng gói tốt hơn","customer_id":22474913,"rating":5,"images":[],"created_at":1656994121,"created_by":{"id":22474913,"name":"Hiển Trần","full_name":"Hiển Trần","created_time":"2021-07-03 01:27:58","purchased":true,"purchased_at":1652519050},"product_id":153518797,"timeline":{"review_created_date":"2022-07-05 11:08:41","delivery_date":"2022-05-16 11:38:02"}},{"id":19660269,"title":"Cực kì hài lòng","content":"","customer_id":8561941,"rating":5,"images":[],"created_at":1700798964,"created_by":{"id":8561941,"name":"Lê Bảo Trúc","full_name":"Lê Bảo Trúc","created_time":"2018-10-22 13:14:37","purchased":true,"purchased_at":1700701272},"product_id":153518797,"timeline":{"review_created_date":"2023-11-24 11:09:24","delivery_date":"2023-11-24 10:19:33"}},{"id":17217052,"title":"Cực kì hài lòng","content":"Sách đóng gói đẹp giao cực nhanh vì mình đặt hoả tốc nhé ship rẻ. Chật luongjw ok","customer_id":10836600,"rating":5,"images":[],"created_at":1658899476,"created_by":{"id":10836600,"name":"Đỗ Phương Thúy Thúy","full_name":"Đỗ Phương Thúy Thúy","created_time":"2019-02-13 22:42:09","purchased":true,"purchased_at":1658847600},"product_id":153518797,"timeline":{"review_created_date":"2022-07-27 12:24:36","delivery_date":"2022-07-27 10:52:16"}},{"id":19200455,"title":"Cực kì hài lòng","content":"","customer_id":11003453,"rating":5,"images":[],"created_at":1684232852,"created_by":{"id":11003453,"name":"Lương Minh Yến","full_name":"Lương Minh Yến","created_time":"2019-02-23 03:48:20","purchased":true,"purchased_at":1682173504},"product_id":153518797,"timeline":{"review_created_date":"2023-05-16 17:27:32","delivery_date":"2023-04-24 10:38:06"}},{"id":19733146,"title":"Cực kì hài lòng","content":"","customer_id":1297766,"rating":5,"images":[],"created_at":1705559361,"created_by":{"id":1297766,"name":"Nguyen Bang","full_name":"Nguyen Bang","created_time":"2016-04-12 09:14:09","purchased":true,"purchased_at":1705070196},"product_id":153518797,"timeline":{"review_created_date":"2024-01-18 13:29:21","delivery_date":"2024-01-13 09:42:15"}},{"id":16944833,"title":"Cực kì hài lòng","content":"Sản phẩm tốt, giao hành nhanh chóng, nội dung đúng yêu cầu. Nhưng đóng gói không tốt, sơ sài. Mong đóng gói tốt hơn","customer_id":22474913,"rating":5,"images":[],"created_at":1656994121,"created_by":{"id":22474913,"name":"Hiển Trần","full_name":"Hiển Trần","created_time":"2021-07-03 01:27:58","purchased":true,"purchased_at":1652519050},"product_id":153518797,"timeline":{"review_created_date":"2022-07-05 11:08:41","delivery_date":"2022-05-16 11:38:02"}},{"id":19660269,"title":"Cực kì hài lòng","content":"","customer_id":8561941,"rating":5,"images":[],"created_at":1700798964,"created_by":{"id":8561941,"name":"Lê Bảo Trúc","full_name":"Lê Bảo Trúc","created_time":"2018-10-22 13:14:37","purchased":true,"purchased_at":1700701272},"product_id":153518797,"timeline":{"review_created_date":"2023-11-24 11:09:24","delivery_date":"2023-11-24 10:19:33"}},{"id":17217052,"title":"Cực kì hài lòng","content":"Sách đóng gói đẹp giao cực nhanh vì mình đặt hoả tốc nhé ship rẻ. Chật luongjw ok","customer_id":10836600,"rating":5,"images":[],"created_at":1658899476,"created_by":{"id":10836600,"name":"Đỗ Phương Thúy Thúy","full_name":"Đỗ Phương Thúy Thúy","created_time":"2019-02-13 22:42:09","purchased":true,"purchased_at":1658847600},"product_id":153518797,"timeline":{"review_created_date":"2022-07-27 12:24:36","delivery_date":"2022-07-27 10:52:16"}},{"id":19200455,"title":"Cực kì hài lòng","content":"","customer_id":11003453,"rating":5,"images":[],"created_at":1684232852,"created_by":{"id":11003453,"name":"Lương Minh Yến","full_name":"Lương Minh Yến","created_time":"2019-02-23 03:48:20","purchased":true,"purchased_at":1682173504},"product_id":153518797,"timeline":{"review_created_date":"2023-05-16 17:27:32","delivery_date":"2023-04-24 10:38:06"}}]}