{"id":153521874,"dbId":10994,"createdAt":1639933200000,"name":"Sự Lựa Chọn - Nơi Ngục Tối Không Thể Ngăn Hi Vọng Nở Hoa","short_description":"Sự lựa chọn – Nơi ngục tối không thể ngăn hi vọng nở hoa là một cuốn hồi kí, hay nói đúng hơn là một lời hướng dẫn chữa lành tổn thương từ một người sống sót trở về từ trại tử thần Auschwitz – Tiến sĩ...","description":"Sự lựa chọn – Nơi ngục tối không thể ngăn hi vọng nở hoa là một cuốn hồi kí, hay nói đúng hơn là một lời hướng dẫn chữa lành tổn thương từ một người sống sót trở về từ trại tử thần Auschwitz – Tiến sĩ Edith Eva Eger.\n\u003cp\u003e Nếu như nói về người sống sót khỏi thảm họa diệt chủng Holocaust viết lại cuộc sống tối tăm nơi trại tử thần Auschwitz và đưa ra những lời khuyên chữa lành, thì Edith Eger không phải là người đầu tiên. Mà đó chính là nhà thần kinh học kiêm bác sĩ tâm thần người Áo Viktor Frankl, với cuốn sách bán chạy nổi tiếng Đi tìm lẽ sống. Ông đồng thời cũng là một người bạn, người cố vấn và là ngọn hải đăng dẫn lối, truyền cảm hứng giúp Edith thoát khỏi tù ngục trong tâm trí của chính mình.\u003c/p\u003e\n\u003cp\u003e Cuốn sách Sự lựa chọn được chia thành bốn phần chính: Nhà tù, Trốn chạy, Tự do và Chữa lành. Trong hai phần đầu, Edith Eger đưa chúng ta quay trở về những năm 40 của thế kỉ XX, khi thảm họa diệt chủng Holocaust diễn ra và cũng là quãng thời thơ ấu khó quên của bà. Sinh ra trong một gia đình người Do Thái ở Hungary bà phải chịu nhiều bất công và đau khổ, từ việc bị loại khỏi đội thi Olympic vì chủ nghĩa bài Do Thái, cha mẹ bị ép đến phòng khí độc và ngạt hơi cho đến chết, đến chịu sự ghê tởm và sợ hãi của người khác sau khi được trả tự do, hay cuộc trốn chạy kịch tính cùng chồng đến vùng đất tự do,…\u003c/p\u003e\u003cp\u003eGiá sản phẩm trên Tiki đã bao gồm thuế theo luật hiện hành. Bên cạnh đó, tuỳ vào loại sản phẩm, hình thức và địa chỉ giao hàng mà có thể phát sinh thêm chi phí khác như phí vận chuyển, phụ phí hàng cồng kềnh, thuế nhập khẩu (đối với đơn hàng giao từ nước ngoài có giá trị trên 1 triệu đồng).....\u003c/p\u003e","original_price":179000.0,"thumbnail_url":"https://salt.tikicdn.com/cache/280x280/ts/product/a4/d1/93/dfb3e4375524a683f66622b6a678566e.jpg","images":[{"base_url":"https://salt.tikicdn.com/ts/product/a4/d1/93/dfb3e4375524a683f66622b6a678566e.jpg","dbId":29358},{"base_url":"https://salt.tikicdn.com/ts/product/ef/ec/db/bebeb5ca221cc00cb054aadfa677269a.png","dbId":29359},{"base_url":"https://salt.tikicdn.com/ts/product/a6/fd/b2/a360eb38ae44fdb995bdfc0a9ce6d65d.png","dbId":29360}],"authors":[{"id":172959,"name":"Dr Edith Eva Eger","dbId":5826}],"specifications":[{"name":"Thông tin chung","attributes":[{"name":"Phiên bản sách","value":"Phiên bản thường"},{"name":"Công ty phát hành","value":"Tân Việt"},{"name":"Ngày xuất bản","value":"2021-12-01 00:00:00"},{"name":"Dịch Giả","value":"Minh Thùy (dịch)"},{"name":"Loại bìa","value":"Bìa mềm"},{"name":"Số trang","value":"423"},{"name":"Nhà xuất bản","value":"Nhà Xuất Bản Mỹ Thuật"},{"code":"PUBLICATION_DATE","name":"Kích thước","value":"15 x 23 cm"}]}],"stock_item":{"qty":1000},"all_time_quantity_sold":454,"reviews":[{"id":19599634,"title":"Rất không hài lòng","content":"Lần đầu Tiki giao sách có bọc chống sốc nhưng sách đến tay lại ko hài lòng. Mặc dù mình mua với giá sale, thế mà nhận được sách lại có nhiều vết hằn, xướt màu vàng, màu đen, giống như sách cũ để bụi lâu trong kho vậy\r\nTrải nghiệm không hài lòng","customer_id":7602642,"rating":1,"images":[{"id":4300452,"full_path":"https://salt.tikicdn.com/ts/review/52/00/f6/dd8feb657970927fe1e65c9bce31803b.jpg"},{"id":4300453,"full_path":"https://salt.tikicdn.com/ts/review/0f/fa/4b/bee90d35f7d465daf0a0bc29b4f4fcb2.jpg"},{"id":4300454,"full_path":"https://salt.tikicdn.com/ts/review/2d/52/bc/cb249379663e2bdbd55a46a0429f5aeb.jpg"},{"id":4300455,"full_path":"https://salt.tikicdn.com/ts/review/92/0c/d3/6a54b0e0b93e94ba1e1a90556451f92c.jpg"},{"id":4300456,"full_path":"https://salt.tikicdn.com/ts/review/b3/0d/87/99240dbfd16c7f1aa042ebaac5e308ea.jpg"}],"created_at":1697699176,"created_by":{"id":7602642,"name":"Na Thái","full_name":"Na Thái","created_time":"2018-09-04 22:13:42","purchased":true,"purchased_at":1697620578},"product_id":153521874,"timeline":{"review_created_date":"2023-10-19 14:06:16","delivery_date":"2023-10-19 10:41:54"}},{"id":17012726,"title":"Cực kì hài lòng","content":"Mình đặt giao hàng siêu tốc thì được giao trong buổi sáng luôn. Tiki đóng gói sách cẩn thận lắm, không bị cong mép hay xây xước chút nào. Mà không ngờ sách dày vậy luôn, gần 450 trang lận. Mình rất thích cuốn Đi tìm lẽ sống cùng viết về chủ đề Holocaust, nghĩ cuốn này mỏng mỏng thui mà không ngờ dày thế, cầm lên chắc tay siêu thích luôn mn.\nVề nội dung, đây là cuốn sách mình đọc qua review ở đâu đó, cứ đắn đo mua mãi mà h ms có thời gian rảnh để đọc. Ban đầu, mình cứ nghĩ cuốn sách sẽ tập trung kể về tội ác man rợ ở Auschwitz, nhưng hóa ra đó chỉ là một phần ở đầu sách. 3/4 dung lượng còn lại kể về hành trình mà tác giả tự chữa lành bản thân và làm việc trên cương vị bác sĩ tâm lý để giúp người khác chữa lành những tổn thương trong cuộc đời. Có lẽ vì mình mau nước mắt nên đọc đến chương Bậc thang tử thần hay Chọn lấy ngọn cỏ, mình đã sụt sùi mấy lần. Những tội ác được nêu ra trong sách làm mình không lý giải nổi \u003d((( tại sao con người lại có thể đối xử với nhau như thế nhỉ? Nhưng điều làm mình ấn tượng nhất là những chiêm nghiệm của tác giả trên hành trình chữa lành vết thương tâm lý từ những trại tập trung cơ. Buồn cười là, càng đọc, mình có lúc lại bắt gặp chính mình trên những trang sách. Có những tổn thương nhỏ nhặt từ thời bé để lại, những nỗi bất an, khó chịu vẩn vơ trong bản thân mà mình chưa bao h mình nghĩ tới, và vô tình, mình cũng tìm thấy đâu đó câu trả lời cho chính những vấn đề của bản thân. Sách còn lồng ghép cả những ca bệnh mà tác giả có cơ hội điều trị: một cô bé bị chứng biếng ăn, một người đàn ông bị vợ phản bội, một người phụ nữ trẻ bị lạm dụng tình dục khi còn bé, cặp bố mẹ có con tự sát... Mỗi câu chuyện đều rất cuốn, giúp mình nhận ra ai cũng mang theo tổn thương và làm cách nào để chữa lành những tổn thương đó. Bài học quan trọng nhất mà mình rút ra đc chính là Sự lựa chọn, như chính tiêu đề của cuốn sách (cũng chính là tên gọi của liệu pháp trị liệu mà tác giả đúc rút được): Để hạnh phúc con người cần đưa ra sự lựa chọn, hoặc tiếp tục nỗi đau hay là dừng lại nỗi đau - chính ta phải lãnh nhận lấy trách nhiệm để thay đổi cuộc đời mình mà không phải bất kỳ ai khác. \nTúm lại là, highly recommend mọi người đọc cuốn này nhé, đặc biệt là những bạn nào thích tìm hiểu về tâm lý, hoặc những ai mang trong lòng những vết thương cần đc chữa lành.\nPs. Sách có nhiều đoạn mà mình rất thích, đặc biệt là khi tg cùng chồng trở lại Auschwitz, chụp vội vài trang nè.","customer_id":11448649,"rating":5,"images":[{"id":3672049,"full_path":"https://salt.tikicdn.com/ts/review/82/05/af/d9b5d54908e96ba3fe276a26776ca142.jpg"},{"id":3672050,"full_path":"https://salt.tikicdn.com/ts/review/f1/f4/35/f18edfed602207b50a35c02793f2b174.jpg"},{"id":3672051,"full_path":"https://salt.tikicdn.com/ts/review/47/29/51/90d2bf57e4102a6eec1ba8d1ee0e7160.jpg"},{"id":3672052,"full_path":"https://salt.tikicdn.com/ts/review/d4/82/1b/5f1b5a398283cdff28736b5760cb96bd.jpg"},{"id":3672053,"full_path":"https://salt.tikicdn.com/ts/review/28/f6/a1/fe40895fe5d9e192595deeab5d59fbed.jpg"}],"created_at":1657436164,"created_by":{"id":11448649,"name":"Thanh Thủy","full_name":"Thanh Thủy","created_time":"2019-03-22 21:38:13","purchased":true,"purchased_at":1657408787},"product_id":153521874,"timeline":{"review_created_date":"2022-07-10 13:56:04","delivery_date":"2022-07-10 08:55:40"}},{"id":19418193,"title":"Cực kì hài lòng","content":"Đây là 1 quyển sách buồn, nhưng rất đẹp, với sự soi sáng cho những ai từng cầm tù bản thân, từng mong mỏi khát khao mà mãi không thể thực hiện, và cũng giúp mình có những hướng suy nghĩ tích cực hơn trong các mối quan hệ hiện đang toxic với người thân. Đây là 1 quyển sách chữa lành, nhưng chưa phải là quyển sách chuyên để điều trị - ta không thể tìm được những cách thức lớp lang để tự do, nhưng quyển sách có thể sẽ đem lại nhiều suy nghĩ mới, cách nhìn mới.","customer_id":26945061,"rating":5,"images":[{"id":4262556,"full_path":"https://salt.tikicdn.com/ts/review/40/07/49/4157d023473f219ee5cec935bd1332a4.jpg"}],"created_at":1690617796,"created_by":{"id":26945061,"name":"Trung Nguyên","full_name":"Trung Nguyên","created_time":"2022-02-28 17:55:20","purchased":true,"purchased_at":1686120140},"product_id":153521874,"timeline":{"review_created_date":"2023-07-29 15:03:16","delivery_date":"2023-06-08 11:33:19"}},{"id":19769439,"title":"Cực kì hài lòng","content":"Sách dc khen và dc giới thiệu bởi kênh vuilen là rất hay ạ.\r\nSách là hồi kí của tiến sĩ Eger đã sống sót trong chế độ phát xít Đức. Sách chữa lành rất tốt ạ.","customer_id":476845,"rating":5,"images":[],"created_at":1708068223,"created_by":{"id":476845,"name":"Son Hoan Hao","full_name":"Son Hoan Hao","created_time":"2014-11-10 08:42:45","purchased":true,"purchased_at":1707878374},"product_id":153521874,"timeline":{"review_created_date":"2024-02-16 14:23:43","delivery_date":"2024-02-15 10:13:41"}},{"id":18689766,"title":"Cực kì hài lòng","content":"Những trải nghiệm tồi tệ nhất cả về thể chất lẫn tinh thần trong cuộc chiến tranh, nhưng tác giả đã may mắn sống sót và vượt qua. Nỗi đau thể chất theo thời gian có thể nguôi ngoai nhưng nỗi đau tinh thần thì còn mãi. \r\n\r\nMỗi ngày được sống là mỗi ngày đáng để sống vì ngục tối và bẩn thỉu nhất đã kinh qua, thì hà cớ gì ta cho phép mình sống đời ko đáng. \r\n\r\nMột cuốn sách tâm lý chữa lành tuyệt vời để giúp chính chúng ta vượt qua mọi khó khăn, chấp nhận và phải bước tiếp về tương lai.\r\n\r\nNếu thang điểm cao nhất là 10, mình chấm cuốn này 10 điểm. Thật sự rất đáng đọc.","customer_id":11576446,"rating":5,"images":[],"created_at":1674878537,"created_by":{"id":11576446,"name":"Niva","full_name":"Niva","created_time":"2019-03-31 22:25:09","purchased":true,"purchased_at":1671361917},"product_id":153521874,"timeline":{"review_created_date":"2023-01-28 11:02:17","delivery_date":"2022-12-20 16:24:45"}},{"id":19599634,"title":"Rất không hài lòng","content":"Lần đầu Tiki giao sách có bọc chống sốc nhưng sách đến tay lại ko hài lòng. Mặc dù mình mua với giá sale, thế mà nhận được sách lại có nhiều vết hằn, xướt màu vàng, màu đen, giống như sách cũ để bụi lâu trong kho vậy\r\nTrải nghiệm không hài lòng","customer_id":7602642,"rating":1,"images":[{"id":4300452,"full_path":"https://salt.tikicdn.com/ts/review/52/00/f6/dd8feb657970927fe1e65c9bce31803b.jpg"},{"id":4300453,"full_path":"https://salt.tikicdn.com/ts/review/0f/fa/4b/bee90d35f7d465daf0a0bc29b4f4fcb2.jpg"},{"id":4300454,"full_path":"https://salt.tikicdn.com/ts/review/2d/52/bc/cb249379663e2bdbd55a46a0429f5aeb.jpg"},{"id":4300455,"full_path":"https://salt.tikicdn.com/ts/review/92/0c/d3/6a54b0e0b93e94ba1e1a90556451f92c.jpg"},{"id":4300456,"full_path":"https://salt.tikicdn.com/ts/review/b3/0d/87/99240dbfd16c7f1aa042ebaac5e308ea.jpg"}],"created_at":1697699176,"created_by":{"id":7602642,"name":"Na Thái","full_name":"Na Thái","created_time":"2018-09-04 22:13:42","purchased":true,"purchased_at":1697620578},"product_id":153521874,"timeline":{"review_created_date":"2023-10-19 14:06:16","delivery_date":"2023-10-19 10:41:54"}},{"id":17012726,"title":"Cực kì hài lòng","content":"Mình đặt giao hàng siêu tốc thì được giao trong buổi sáng luôn. Tiki đóng gói sách cẩn thận lắm, không bị cong mép hay xây xước chút nào. Mà không ngờ sách dày vậy luôn, gần 450 trang lận. Mình rất thích cuốn Đi tìm lẽ sống cùng viết về chủ đề Holocaust, nghĩ cuốn này mỏng mỏng thui mà không ngờ dày thế, cầm lên chắc tay siêu thích luôn mn.\nVề nội dung, đây là cuốn sách mình đọc qua review ở đâu đó, cứ đắn đo mua mãi mà h ms có thời gian rảnh để đọc. Ban đầu, mình cứ nghĩ cuốn sách sẽ tập trung kể về tội ác man rợ ở Auschwitz, nhưng hóa ra đó chỉ là một phần ở đầu sách. 3/4 dung lượng còn lại kể về hành trình mà tác giả tự chữa lành bản thân và làm việc trên cương vị bác sĩ tâm lý để giúp người khác chữa lành những tổn thương trong cuộc đời. Có lẽ vì mình mau nước mắt nên đọc đến chương Bậc thang tử thần hay Chọn lấy ngọn cỏ, mình đã sụt sùi mấy lần. Những tội ác được nêu ra trong sách làm mình không lý giải nổi \u003d((( tại sao con người lại có thể đối xử với nhau như thế nhỉ? Nhưng điều làm mình ấn tượng nhất là những chiêm nghiệm của tác giả trên hành trình chữa lành vết thương tâm lý từ những trại tập trung cơ. Buồn cười là, càng đọc, mình có lúc lại bắt gặp chính mình trên những trang sách. Có những tổn thương nhỏ nhặt từ thời bé để lại, những nỗi bất an, khó chịu vẩn vơ trong bản thân mà mình chưa bao h mình nghĩ tới, và vô tình, mình cũng tìm thấy đâu đó câu trả lời cho chính những vấn đề của bản thân. Sách còn lồng ghép cả những ca bệnh mà tác giả có cơ hội điều trị: một cô bé bị chứng biếng ăn, một người đàn ông bị vợ phản bội, một người phụ nữ trẻ bị lạm dụng tình dục khi còn bé, cặp bố mẹ có con tự sát... Mỗi câu chuyện đều rất cuốn, giúp mình nhận ra ai cũng mang theo tổn thương và làm cách nào để chữa lành những tổn thương đó. Bài học quan trọng nhất mà mình rút ra đc chính là Sự lựa chọn, như chính tiêu đề của cuốn sách (cũng chính là tên gọi của liệu pháp trị liệu mà tác giả đúc rút được): Để hạnh phúc con người cần đưa ra sự lựa chọn, hoặc tiếp tục nỗi đau hay là dừng lại nỗi đau - chính ta phải lãnh nhận lấy trách nhiệm để thay đổi cuộc đời mình mà không phải bất kỳ ai khác. \nTúm lại là, highly recommend mọi người đọc cuốn này nhé, đặc biệt là những bạn nào thích tìm hiểu về tâm lý, hoặc những ai mang trong lòng những vết thương cần đc chữa lành.\nPs. Sách có nhiều đoạn mà mình rất thích, đặc biệt là khi tg cùng chồng trở lại Auschwitz, chụp vội vài trang nè.","customer_id":11448649,"rating":5,"images":[{"id":3672049,"full_path":"https://salt.tikicdn.com/ts/review/82/05/af/d9b5d54908e96ba3fe276a26776ca142.jpg"},{"id":3672050,"full_path":"https://salt.tikicdn.com/ts/review/f1/f4/35/f18edfed602207b50a35c02793f2b174.jpg"},{"id":3672051,"full_path":"https://salt.tikicdn.com/ts/review/47/29/51/90d2bf57e4102a6eec1ba8d1ee0e7160.jpg"},{"id":3672052,"full_path":"https://salt.tikicdn.com/ts/review/d4/82/1b/5f1b5a398283cdff28736b5760cb96bd.jpg"},{"id":3672053,"full_path":"https://salt.tikicdn.com/ts/review/28/f6/a1/fe40895fe5d9e192595deeab5d59fbed.jpg"}],"created_at":1657436164,"created_by":{"id":11448649,"name":"Thanh Thủy","full_name":"Thanh Thủy","created_time":"2019-03-22 21:38:13","purchased":true,"purchased_at":1657408787},"product_id":153521874,"timeline":{"review_created_date":"2022-07-10 13:56:04","delivery_date":"2022-07-10 08:55:40"}},{"id":19418193,"title":"Cực kì hài lòng","content":"Đây là 1 quyển sách buồn, nhưng rất đẹp, với sự soi sáng cho những ai từng cầm tù bản thân, từng mong mỏi khát khao mà mãi không thể thực hiện, và cũng giúp mình có những hướng suy nghĩ tích cực hơn trong các mối quan hệ hiện đang toxic với người thân. Đây là 1 quyển sách chữa lành, nhưng chưa phải là quyển sách chuyên để điều trị - ta không thể tìm được những cách thức lớp lang để tự do, nhưng quyển sách có thể sẽ đem lại nhiều suy nghĩ mới, cách nhìn mới.","customer_id":26945061,"rating":5,"images":[{"id":4262556,"full_path":"https://salt.tikicdn.com/ts/review/40/07/49/4157d023473f219ee5cec935bd1332a4.jpg"}],"created_at":1690617796,"created_by":{"id":26945061,"name":"Trung Nguyên","full_name":"Trung Nguyên","created_time":"2022-02-28 17:55:20","purchased":true,"purchased_at":1686120140},"product_id":153521874,"timeline":{"review_created_date":"2023-07-29 15:03:16","delivery_date":"2023-06-08 11:33:19"}},{"id":19769439,"title":"Cực kì hài lòng","content":"Sách dc khen và dc giới thiệu bởi kênh vuilen là rất hay ạ.\r\nSách là hồi kí của tiến sĩ Eger đã sống sót trong chế độ phát xít Đức. Sách chữa lành rất tốt ạ.","customer_id":476845,"rating":5,"images":[],"created_at":1708068223,"created_by":{"id":476845,"name":"Son Hoan Hao","full_name":"Son Hoan Hao","created_time":"2014-11-10 08:42:45","purchased":true,"purchased_at":1707878374},"product_id":153521874,"timeline":{"review_created_date":"2024-02-16 14:23:43","delivery_date":"2024-02-15 10:13:41"}},{"id":18689766,"title":"Cực kì hài lòng","content":"Những trải nghiệm tồi tệ nhất cả về thể chất lẫn tinh thần trong cuộc chiến tranh, nhưng tác giả đã may mắn sống sót và vượt qua. Nỗi đau thể chất theo thời gian có thể nguôi ngoai nhưng nỗi đau tinh thần thì còn mãi. \r\n\r\nMỗi ngày được sống là mỗi ngày đáng để sống vì ngục tối và bẩn thỉu nhất đã kinh qua, thì hà cớ gì ta cho phép mình sống đời ko đáng. \r\n\r\nMột cuốn sách tâm lý chữa lành tuyệt vời để giúp chính chúng ta vượt qua mọi khó khăn, chấp nhận và phải bước tiếp về tương lai.\r\n\r\nNếu thang điểm cao nhất là 10, mình chấm cuốn này 10 điểm. Thật sự rất đáng đọc.","customer_id":11576446,"rating":5,"images":[],"created_at":1674878537,"created_by":{"id":11576446,"name":"Niva","full_name":"Niva","created_time":"2019-03-31 22:25:09","purchased":true,"purchased_at":1671361917},"product_id":153521874,"timeline":{"review_created_date":"2023-01-28 11:02:17","delivery_date":"2022-12-20 16:24:45"}},{"id":19599634,"title":"Rất không hài lòng","content":"Lần đầu Tiki giao sách có bọc chống sốc nhưng sách đến tay lại ko hài lòng. Mặc dù mình mua với giá sale, thế mà nhận được sách lại có nhiều vết hằn, xướt màu vàng, màu đen, giống như sách cũ để bụi lâu trong kho vậy\r\nTrải nghiệm không hài lòng","customer_id":7602642,"rating":1,"images":[{"id":4300452,"full_path":"https://salt.tikicdn.com/ts/review/52/00/f6/dd8feb657970927fe1e65c9bce31803b.jpg"},{"id":4300453,"full_path":"https://salt.tikicdn.com/ts/review/0f/fa/4b/bee90d35f7d465daf0a0bc29b4f4fcb2.jpg"},{"id":4300454,"full_path":"https://salt.tikicdn.com/ts/review/2d/52/bc/cb249379663e2bdbd55a46a0429f5aeb.jpg"},{"id":4300455,"full_path":"https://salt.tikicdn.com/ts/review/92/0c/d3/6a54b0e0b93e94ba1e1a90556451f92c.jpg"},{"id":4300456,"full_path":"https://salt.tikicdn.com/ts/review/b3/0d/87/99240dbfd16c7f1aa042ebaac5e308ea.jpg"}],"created_at":1697699176,"created_by":{"id":7602642,"name":"Na Thái","full_name":"Na Thái","created_time":"2018-09-04 22:13:42","purchased":true,"purchased_at":1697620578},"product_id":153521874,"timeline":{"review_created_date":"2023-10-19 14:06:16","delivery_date":"2023-10-19 10:41:54"}},{"id":17012726,"title":"Cực kì hài lòng","content":"Mình đặt giao hàng siêu tốc thì được giao trong buổi sáng luôn. Tiki đóng gói sách cẩn thận lắm, không bị cong mép hay xây xước chút nào. Mà không ngờ sách dày vậy luôn, gần 450 trang lận. Mình rất thích cuốn Đi tìm lẽ sống cùng viết về chủ đề Holocaust, nghĩ cuốn này mỏng mỏng thui mà không ngờ dày thế, cầm lên chắc tay siêu thích luôn mn.\nVề nội dung, đây là cuốn sách mình đọc qua review ở đâu đó, cứ đắn đo mua mãi mà h ms có thời gian rảnh để đọc. Ban đầu, mình cứ nghĩ cuốn sách sẽ tập trung kể về tội ác man rợ ở Auschwitz, nhưng hóa ra đó chỉ là một phần ở đầu sách. 3/4 dung lượng còn lại kể về hành trình mà tác giả tự chữa lành bản thân và làm việc trên cương vị bác sĩ tâm lý để giúp người khác chữa lành những tổn thương trong cuộc đời. Có lẽ vì mình mau nước mắt nên đọc đến chương Bậc thang tử thần hay Chọn lấy ngọn cỏ, mình đã sụt sùi mấy lần. Những tội ác được nêu ra trong sách làm mình không lý giải nổi \u003d((( tại sao con người lại có thể đối xử với nhau như thế nhỉ? Nhưng điều làm mình ấn tượng nhất là những chiêm nghiệm của tác giả trên hành trình chữa lành vết thương tâm lý từ những trại tập trung cơ. Buồn cười là, càng đọc, mình có lúc lại bắt gặp chính mình trên những trang sách. Có những tổn thương nhỏ nhặt từ thời bé để lại, những nỗi bất an, khó chịu vẩn vơ trong bản thân mà mình chưa bao h mình nghĩ tới, và vô tình, mình cũng tìm thấy đâu đó câu trả lời cho chính những vấn đề của bản thân. Sách còn lồng ghép cả những ca bệnh mà tác giả có cơ hội điều trị: một cô bé bị chứng biếng ăn, một người đàn ông bị vợ phản bội, một người phụ nữ trẻ bị lạm dụng tình dục khi còn bé, cặp bố mẹ có con tự sát... Mỗi câu chuyện đều rất cuốn, giúp mình nhận ra ai cũng mang theo tổn thương và làm cách nào để chữa lành những tổn thương đó. Bài học quan trọng nhất mà mình rút ra đc chính là Sự lựa chọn, như chính tiêu đề của cuốn sách (cũng chính là tên gọi của liệu pháp trị liệu mà tác giả đúc rút được): Để hạnh phúc con người cần đưa ra sự lựa chọn, hoặc tiếp tục nỗi đau hay là dừng lại nỗi đau - chính ta phải lãnh nhận lấy trách nhiệm để thay đổi cuộc đời mình mà không phải bất kỳ ai khác. \nTúm lại là, highly recommend mọi người đọc cuốn này nhé, đặc biệt là những bạn nào thích tìm hiểu về tâm lý, hoặc những ai mang trong lòng những vết thương cần đc chữa lành.\nPs. Sách có nhiều đoạn mà mình rất thích, đặc biệt là khi tg cùng chồng trở lại Auschwitz, chụp vội vài trang nè.","customer_id":11448649,"rating":5,"images":[{"id":3672049,"full_path":"https://salt.tikicdn.com/ts/review/82/05/af/d9b5d54908e96ba3fe276a26776ca142.jpg"},{"id":3672050,"full_path":"https://salt.tikicdn.com/ts/review/f1/f4/35/f18edfed602207b50a35c02793f2b174.jpg"},{"id":3672051,"full_path":"https://salt.tikicdn.com/ts/review/47/29/51/90d2bf57e4102a6eec1ba8d1ee0e7160.jpg"},{"id":3672052,"full_path":"https://salt.tikicdn.com/ts/review/d4/82/1b/5f1b5a398283cdff28736b5760cb96bd.jpg"},{"id":3672053,"full_path":"https://salt.tikicdn.com/ts/review/28/f6/a1/fe40895fe5d9e192595deeab5d59fbed.jpg"}],"created_at":1657436164,"created_by":{"id":11448649,"name":"Thanh Thủy","full_name":"Thanh Thủy","created_time":"2019-03-22 21:38:13","purchased":true,"purchased_at":1657408787},"product_id":153521874,"timeline":{"review_created_date":"2022-07-10 13:56:04","delivery_date":"2022-07-10 08:55:40"}},{"id":19418193,"title":"Cực kì hài lòng","content":"Đây là 1 quyển sách buồn, nhưng rất đẹp, với sự soi sáng cho những ai từng cầm tù bản thân, từng mong mỏi khát khao mà mãi không thể thực hiện, và cũng giúp mình có những hướng suy nghĩ tích cực hơn trong các mối quan hệ hiện đang toxic với người thân. Đây là 1 quyển sách chữa lành, nhưng chưa phải là quyển sách chuyên để điều trị - ta không thể tìm được những cách thức lớp lang để tự do, nhưng quyển sách có thể sẽ đem lại nhiều suy nghĩ mới, cách nhìn mới.","customer_id":26945061,"rating":5,"images":[{"id":4262556,"full_path":"https://salt.tikicdn.com/ts/review/40/07/49/4157d023473f219ee5cec935bd1332a4.jpg"}],"created_at":1690617796,"created_by":{"id":26945061,"name":"Trung Nguyên","full_name":"Trung Nguyên","created_time":"2022-02-28 17:55:20","purchased":true,"purchased_at":1686120140},"product_id":153521874,"timeline":{"review_created_date":"2023-07-29 15:03:16","delivery_date":"2023-06-08 11:33:19"}},{"id":19769439,"title":"Cực kì hài lòng","content":"Sách dc khen và dc giới thiệu bởi kênh vuilen là rất hay ạ.\r\nSách là hồi kí của tiến sĩ Eger đã sống sót trong chế độ phát xít Đức. Sách chữa lành rất tốt ạ.","customer_id":476845,"rating":5,"images":[],"created_at":1708068223,"created_by":{"id":476845,"name":"Son Hoan Hao","full_name":"Son Hoan Hao","created_time":"2014-11-10 08:42:45","purchased":true,"purchased_at":1707878374},"product_id":153521874,"timeline":{"review_created_date":"2024-02-16 14:23:43","delivery_date":"2024-02-15 10:13:41"}},{"id":18689766,"title":"Cực kì hài lòng","content":"Những trải nghiệm tồi tệ nhất cả về thể chất lẫn tinh thần trong cuộc chiến tranh, nhưng tác giả đã may mắn sống sót và vượt qua. Nỗi đau thể chất theo thời gian có thể nguôi ngoai nhưng nỗi đau tinh thần thì còn mãi. \r\n\r\nMỗi ngày được sống là mỗi ngày đáng để sống vì ngục tối và bẩn thỉu nhất đã kinh qua, thì hà cớ gì ta cho phép mình sống đời ko đáng. \r\n\r\nMột cuốn sách tâm lý chữa lành tuyệt vời để giúp chính chúng ta vượt qua mọi khó khăn, chấp nhận và phải bước tiếp về tương lai.\r\n\r\nNếu thang điểm cao nhất là 10, mình chấm cuốn này 10 điểm. Thật sự rất đáng đọc.","customer_id":11576446,"rating":5,"images":[],"created_at":1674878537,"created_by":{"id":11576446,"name":"Niva","full_name":"Niva","created_time":"2019-03-31 22:25:09","purchased":true,"purchased_at":1671361917},"product_id":153521874,"timeline":{"review_created_date":"2023-01-28 11:02:17","delivery_date":"2022-12-20 16:24:45"}},{"id":19599634,"title":"Rất không hài lòng","content":"Lần đầu Tiki giao sách có bọc chống sốc nhưng sách đến tay lại ko hài lòng. Mặc dù mình mua với giá sale, thế mà nhận được sách lại có nhiều vết hằn, xướt màu vàng, màu đen, giống như sách cũ để bụi lâu trong kho vậy\r\nTrải nghiệm không hài lòng","customer_id":7602642,"rating":1,"images":[{"id":4300452,"full_path":"https://salt.tikicdn.com/ts/review/52/00/f6/dd8feb657970927fe1e65c9bce31803b.jpg"},{"id":4300453,"full_path":"https://salt.tikicdn.com/ts/review/0f/fa/4b/bee90d35f7d465daf0a0bc29b4f4fcb2.jpg"},{"id":4300454,"full_path":"https://salt.tikicdn.com/ts/review/2d/52/bc/cb249379663e2bdbd55a46a0429f5aeb.jpg"},{"id":4300455,"full_path":"https://salt.tikicdn.com/ts/review/92/0c/d3/6a54b0e0b93e94ba1e1a90556451f92c.jpg"},{"id":4300456,"full_path":"https://salt.tikicdn.com/ts/review/b3/0d/87/99240dbfd16c7f1aa042ebaac5e308ea.jpg"}],"created_at":1697699176,"created_by":{"id":7602642,"name":"Na Thái","full_name":"Na Thái","created_time":"2018-09-04 22:13:42","purchased":true,"purchased_at":1697620578},"product_id":153521874,"timeline":{"review_created_date":"2023-10-19 14:06:16","delivery_date":"2023-10-19 10:41:54"}},{"id":17012726,"title":"Cực kì hài lòng","content":"Mình đặt giao hàng siêu tốc thì được giao trong buổi sáng luôn. Tiki đóng gói sách cẩn thận lắm, không bị cong mép hay xây xước chút nào. Mà không ngờ sách dày vậy luôn, gần 450 trang lận. Mình rất thích cuốn Đi tìm lẽ sống cùng viết về chủ đề Holocaust, nghĩ cuốn này mỏng mỏng thui mà không ngờ dày thế, cầm lên chắc tay siêu thích luôn mn.\nVề nội dung, đây là cuốn sách mình đọc qua review ở đâu đó, cứ đắn đo mua mãi mà h ms có thời gian rảnh để đọc. Ban đầu, mình cứ nghĩ cuốn sách sẽ tập trung kể về tội ác man rợ ở Auschwitz, nhưng hóa ra đó chỉ là một phần ở đầu sách. 3/4 dung lượng còn lại kể về hành trình mà tác giả tự chữa lành bản thân và làm việc trên cương vị bác sĩ tâm lý để giúp người khác chữa lành những tổn thương trong cuộc đời. Có lẽ vì mình mau nước mắt nên đọc đến chương Bậc thang tử thần hay Chọn lấy ngọn cỏ, mình đã sụt sùi mấy lần. Những tội ác được nêu ra trong sách làm mình không lý giải nổi \u003d((( tại sao con người lại có thể đối xử với nhau như thế nhỉ? Nhưng điều làm mình ấn tượng nhất là những chiêm nghiệm của tác giả trên hành trình chữa lành vết thương tâm lý từ những trại tập trung cơ. Buồn cười là, càng đọc, mình có lúc lại bắt gặp chính mình trên những trang sách. Có những tổn thương nhỏ nhặt từ thời bé để lại, những nỗi bất an, khó chịu vẩn vơ trong bản thân mà mình chưa bao h mình nghĩ tới, và vô tình, mình cũng tìm thấy đâu đó câu trả lời cho chính những vấn đề của bản thân. Sách còn lồng ghép cả những ca bệnh mà tác giả có cơ hội điều trị: một cô bé bị chứng biếng ăn, một người đàn ông bị vợ phản bội, một người phụ nữ trẻ bị lạm dụng tình dục khi còn bé, cặp bố mẹ có con tự sát... Mỗi câu chuyện đều rất cuốn, giúp mình nhận ra ai cũng mang theo tổn thương và làm cách nào để chữa lành những tổn thương đó. Bài học quan trọng nhất mà mình rút ra đc chính là Sự lựa chọn, như chính tiêu đề của cuốn sách (cũng chính là tên gọi của liệu pháp trị liệu mà tác giả đúc rút được): Để hạnh phúc con người cần đưa ra sự lựa chọn, hoặc tiếp tục nỗi đau hay là dừng lại nỗi đau - chính ta phải lãnh nhận lấy trách nhiệm để thay đổi cuộc đời mình mà không phải bất kỳ ai khác. \nTúm lại là, highly recommend mọi người đọc cuốn này nhé, đặc biệt là những bạn nào thích tìm hiểu về tâm lý, hoặc những ai mang trong lòng những vết thương cần đc chữa lành.\nPs. Sách có nhiều đoạn mà mình rất thích, đặc biệt là khi tg cùng chồng trở lại Auschwitz, chụp vội vài trang nè.","customer_id":11448649,"rating":5,"images":[{"id":3672049,"full_path":"https://salt.tikicdn.com/ts/review/82/05/af/d9b5d54908e96ba3fe276a26776ca142.jpg"},{"id":3672050,"full_path":"https://salt.tikicdn.com/ts/review/f1/f4/35/f18edfed602207b50a35c02793f2b174.jpg"},{"id":3672051,"full_path":"https://salt.tikicdn.com/ts/review/47/29/51/90d2bf57e4102a6eec1ba8d1ee0e7160.jpg"},{"id":3672052,"full_path":"https://salt.tikicdn.com/ts/review/d4/82/1b/5f1b5a398283cdff28736b5760cb96bd.jpg"},{"id":3672053,"full_path":"https://salt.tikicdn.com/ts/review/28/f6/a1/fe40895fe5d9e192595deeab5d59fbed.jpg"}],"created_at":1657436164,"created_by":{"id":11448649,"name":"Thanh Thủy","full_name":"Thanh Thủy","created_time":"2019-03-22 21:38:13","purchased":true,"purchased_at":1657408787},"product_id":153521874,"timeline":{"review_created_date":"2022-07-10 13:56:04","delivery_date":"2022-07-10 08:55:40"}},{"id":19418193,"title":"Cực kì hài lòng","content":"Đây là 1 quyển sách buồn, nhưng rất đẹp, với sự soi sáng cho những ai từng cầm tù bản thân, từng mong mỏi khát khao mà mãi không thể thực hiện, và cũng giúp mình có những hướng suy nghĩ tích cực hơn trong các mối quan hệ hiện đang toxic với người thân. Đây là 1 quyển sách chữa lành, nhưng chưa phải là quyển sách chuyên để điều trị - ta không thể tìm được những cách thức lớp lang để tự do, nhưng quyển sách có thể sẽ đem lại nhiều suy nghĩ mới, cách nhìn mới.","customer_id":26945061,"rating":5,"images":[{"id":4262556,"full_path":"https://salt.tikicdn.com/ts/review/40/07/49/4157d023473f219ee5cec935bd1332a4.jpg"}],"created_at":1690617796,"created_by":{"id":26945061,"name":"Trung Nguyên","full_name":"Trung Nguyên","created_time":"2022-02-28 17:55:20","purchased":true,"purchased_at":1686120140},"product_id":153521874,"timeline":{"review_created_date":"2023-07-29 15:03:16","delivery_date":"2023-06-08 11:33:19"}},{"id":19769439,"title":"Cực kì hài lòng","content":"Sách dc khen và dc giới thiệu bởi kênh vuilen là rất hay ạ.\r\nSách là hồi kí của tiến sĩ Eger đã sống sót trong chế độ phát xít Đức. Sách chữa lành rất tốt ạ.","customer_id":476845,"rating":5,"images":[],"created_at":1708068223,"created_by":{"id":476845,"name":"Son Hoan Hao","full_name":"Son Hoan Hao","created_time":"2014-11-10 08:42:45","purchased":true,"purchased_at":1707878374},"product_id":153521874,"timeline":{"review_created_date":"2024-02-16 14:23:43","delivery_date":"2024-02-15 10:13:41"}},{"id":18689766,"title":"Cực kì hài lòng","content":"Những trải nghiệm tồi tệ nhất cả về thể chất lẫn tinh thần trong cuộc chiến tranh, nhưng tác giả đã may mắn sống sót và vượt qua. Nỗi đau thể chất theo thời gian có thể nguôi ngoai nhưng nỗi đau tinh thần thì còn mãi. \r\n\r\nMỗi ngày được sống là mỗi ngày đáng để sống vì ngục tối và bẩn thỉu nhất đã kinh qua, thì hà cớ gì ta cho phép mình sống đời ko đáng. \r\n\r\nMột cuốn sách tâm lý chữa lành tuyệt vời để giúp chính chúng ta vượt qua mọi khó khăn, chấp nhận và phải bước tiếp về tương lai.\r\n\r\nNếu thang điểm cao nhất là 10, mình chấm cuốn này 10 điểm. Thật sự rất đáng đọc.","customer_id":11576446,"rating":5,"images":[],"created_at":1674878537,"created_by":{"id":11576446,"name":"Niva","full_name":"Niva","created_time":"2019-03-31 22:25:09","purchased":true,"purchased_at":1671361917},"product_id":153521874,"timeline":{"review_created_date":"2023-01-28 11:02:17","delivery_date":"2022-12-20 16:24:45"}}]}