{"id":154160976,"dbId":11264,"createdAt":1640278800000,"name":"Ngụ Ngôn La Fontaine (Ấn Bản Kỷ Niệm 400 Năm Ngày Sinh Tác Giả)","short_description":"Nhà ngôn ngữ học, Nam tước Silvestre de Sacy đã nhận xét: “Ngụ ngôn La Fontaine mang đến niềm hứng khởi cho ba lứa độc giả khác nhau: các em nhỏ hân hoan với sự tươi mới và sinh động của câu chuyện, c...","description":"Nhà ngôn ngữ học, Nam tước Silvestre de Sacy đã nhận xét: “Ngụ ngôn La Fontaine mang đến niềm hứng khởi cho ba lứa độc giả khác nhau: các em nhỏ hân hoan với sự tươi mới và sinh động của câu chuyện, các sinh viên khoa văn háo hức với nghệ thuật thơ tuyệt diệu, còn người từng trải chìm đắm trong mạch chiêm nghiệm sâu sắc về tính cách và cuộc sống mà ngụ ngôn truyền tải.” Mượn điển tích từ thần thoại Hy Lạp, La Mã và ngụ ngôn của hai nhà hiền triết Ésope và Pilpay, đặt lời thơ vào miệng của những loài vật gần gũi, bằng giọng thơ hóm hỉnh, đôi khi pha chút giọng điệu châm biếm và khéo léo lồng ghép những bài học luân lý, ngụ ngôn La Fontaine đã trở thành món ăn tinh thần cho nhiều thế hệ độc giả. \n\u003cbr /\u003e\u003cbr /\u003eTại Việt Nam, ngay từ đầu thế kỷ XX, khi chữ quốc ngữ mới được phổ biến, độc giả đã được thưởng thức ngụ ngôn La Fontaine qua các bản dịch thơ của học giả Nguyễn Văn Vĩnh được đăng báo từ năm 1907 và in thành sách lần đầu vào năm 1916. Từ đó về sau, có không ít các tuyển tập thơ dịch ngụ ngôn La Fontaine ra đời nhờ công chuyển ngữ của nhiều dịch giả. Tuy nhiên, trải qua hơn một thế kỷ, bạn đọc trong nước vẫn chưa được tiếp cận bản dịch toàn tập ngụ ngôn La Fontaine, gồm 12 quyển với 240 ngụ ngôn, với cơ man kiến thức, giá trị nghệ thuật và luân lý được gói ghém trong những vần thơ tinh tế và trang nhã.\n\u003cbr /\u003e\u003cbr /\u003eNhân dịp kỷ niệm 400 năm ngày sinh của thi hào Pháp, Đông A trân trọng giới thiệu đến bạn đọc ấn bản ngụ ngôn La Fontaine đầy đủ nhất từ trước đến nay. Ấn bản mới được thực hiện theo bản in năm 1868 của nhà Hachette, gồm 12 quyển với 240 ngụ ngôn từng được xuất bản trong sinh thời của La Fontaine và lời nói đầu của chính tác giả, kèm bài khảo cứu chi tiết về tiểu sử nhà thơ của Géruzez, với các bức minh họa sống động của họa sĩ bậc thầy Gustave Doré. Trong ấn bản này, Doré thực hiện 85 bức minh họa khổ lớn và gần 500 minh họa nhỏ, với hàng trăm hình tượng con người, thần thánh và các loài vật. Trong mỗi bức minh họa, người họa sĩ bậc thầy mở ra một không gian hữu hình và lôi cuốn độc giả bước vào thế giới ngụ ngôn sống động của La Fontaine.\n\u003cbr /\u003e\u003cbr /\u003eVề bản dịch thơ, bên cạnh các bài dịch quen thuộc của các dịch giả kỳ cựu như Nguyễn Văn Vĩnh, Tú Mỡ, Huỳnh Lý, Nguyễn Đình, bạn đọc sẽ được làm quen với các bản dịch của các cây bút mới. Sự hòa thanh của các dịch giả đời trước và các dịch giả đời nay trong ấn bản toàn tập La Fontaine đầu tiên ở Việt Nam sẽ phần nào mở ngỏ cho thấy sự phát triển của ngôn ngữ tiếng Việt trong suốt một thế kỷ qua.\n\u003cp\u003eThông tin tác giả: Jean de La Fontaine (1621–1695) chào đời tại Château-Thierry, miền Champagne, nước Pháp. Cha của La Fontaine vốn là một người quản lý rừng, nên từ thuở bé nhà ngụ ngôn tương lai đã sớm làm quen với cảnh núi rừng thiên nhiên và các loài sinh vật hoang dã. Năm 1641, lúc 20 tuổi, La Fontaine gia nhập chủng viện Saint-Magloire, nhưng nhanh chóng rời bỏ đời tu vào năm 1642. Sau đó, ông có thời gian theo học ngành luật, nhưng cuối cùng văn chương lại trở thành sự nghiệp vững chắc của La Fontaine. Tác phẩm đầu tay của ông trên văn đàn là một vở hài kịch, phỏng theo nội dung vở Eunuchus của nhà viết kịch La Mã Térence, ra mắt vào năm 1654. Vở kịch tuy chưa thực sự tạo nên tiếng vang lớn nhưng đủ tiếp thêm động lực để La Fontaine dấn sâu hơn vào văn nghiệp và tiếp tục sáng tác các vở Giấc mộng ở Vaux, Khúc bi ca của các nữ thủy thần Vaux, truyện luân lý Joconde, tiểu thuyết Psyché và nổi tiếng nhất là tập Ngụ ngôn La Fontaine. Từ đó, tên tuổi La Fontaine dần đứng vào hàng các văn sĩ Pháp tài danh bậc nhất ở thế kỷ XVII, bên cạnh Molière và Racine.\u003c/p\u003e\n\u003cp\u003eNăm 1683, La Fontaine trở thành viện sĩ Viện Hàn lâm Pháp.\u003c/p\u003e\n\u003cp\u003eThông tin hoạ sĩ: Gustave Doré (1832–1883) chào đời vào một ngày đầu xuân năm 1832 tại thành phố cổ Strasbourg, quê hương của bản La Marseillaise huyền thoại. Khi mới 5 tuổi, Doré đã bộc lộ tài năng cùng niềm đam mê hội họa, và vẽ ra những bức tranh tuyệt đẹp. Bảy năm sau, người họa sĩ tương lai bắt đầu mày mò học điêu khắc đá. Năm 15 tuổi, trong một lần đến Paris, Doré có cuộc gặp gỡ với họa sĩ, chủ tòa soạn Charles Philipon và ký hợp đồng minh họa đầu tiên trong đời. Cùng năm đó, Doré hoàn thành cuốn sách minh họa đầu tay là tập truyện tranh Những kỳ công của Hercule. Năm 1853, ông được mời minh họa cho tác phẩm của nhà thơ lãng mạn người Anh Lord Byron và tham gia dự án minh họa cho một ấn bản Kinh Thánh mới. Từ thập niên 1860, với kỹ thuật khắc gỗ điêu luyện, danh tiếng Doré ngày càng lan xa và đem về cho ông hàng loạt hợp đồng minh họa cho các tác giả và tác phẩm nổi tiếng thế giới, trong đó có Dông tố của Shakespeare, Don Quixote của Cervantes, Thần khúc của Dante và tập ngụ ngôn của La Fontaine. Những bức minh họa khắc gỗ của Doré sống động và tuyệt vời đến nỗi về sau được nhiều danh họa thế giới chuyển thể thành tranh màu nước hoặc tranh sơn dầu.\u003c/p\u003e\n\u003cp\u003eNăm 1861, Doré được chính phủ Pháp trao tặng huân chương Bắc Đẩu Bội tinh, bậc Hiệp sĩ.\u003c/p\u003e\u003cp\u003eGiá sản phẩm trên Tiki đã bao gồm thuế theo luật hiện hành. Bên cạnh đó, tuỳ vào loại sản phẩm, hình thức và địa chỉ giao hàng mà có thể phát sinh thêm chi phí khác như phí vận chuyển, phụ phí hàng cồng kềnh, thuế nhập khẩu (đối với đơn hàng giao từ nước ngoài có giá trị trên 1 triệu đồng).....\u003c/p\u003e","original_price":1100000.0,"thumbnail_url":"https://salt.tikicdn.com/cache/280x280/media/catalog/producttmp/77/83/12/d363362d824175ab6d1fac23967c4391.jpg","images":[{"base_url":"https://salt.tikicdn.com/media/catalog/producttmp/77/83/12/d363362d824175ab6d1fac23967c4391.jpg","dbId":30038},{"base_url":"https://salt.tikicdn.com/ts/product/38/07/82/3b16849489a2565496da9726c85973dc.jpg","dbId":30039},{"base_url":"https://salt.tikicdn.com/ts/product/c0/17/a2/1b181c5da8207c8c7c785f318359c332.jpg","dbId":30040},{"base_url":"https://salt.tikicdn.com/ts/product/ba/c2/de/e6c88d75b22ca38540e78b26584ac711.jpg","dbId":30041},{"base_url":"https://salt.tikicdn.com/ts/product/e2/90/c2/2255780969d8d5b2c57fc83b8a8d5e7d.jpg","dbId":30042},{"base_url":"https://salt.tikicdn.com/ts/product/4b/6b/a8/dd38ae653809e041bd4b9400da39d5c8.jpg","dbId":30043},{"base_url":"https://salt.tikicdn.com/ts/product/96/fc/09/1a3fa0c2cc47d708c8d642e08a18fea1.jpg","dbId":30044},{"base_url":"https://salt.tikicdn.com/ts/product/b2/34/08/3a55055f0df9a8bf0383c794f6026bcc.jpg","dbId":30045},{"base_url":"https://salt.tikicdn.com/ts/product/d1/1d/9e/8ea29fe8bf6a461cc9946f05121903f9.jpg","dbId":30046},{"base_url":"https://salt.tikicdn.com/ts/product/9a/2c/05/244c43cfe9c6c5c8f2a811e83a239797.jpg","dbId":30047},{"base_url":"https://salt.tikicdn.com/ts/product/e5/d0/b4/9a5c65b795b2c6b24f52052e0c1019a8.jpg","dbId":30048},{"base_url":"https://salt.tikicdn.com/ts/product/b4/c8/8e/5339bc7c7d3af6dae9ac9190bf31b746.jpg","dbId":30049},{"base_url":"https://salt.tikicdn.com/ts/product/57/49/d4/b5cd6d66b5d1e27335348363d4258bf4.jpg","dbId":30050},{"base_url":"https://salt.tikicdn.com/ts/product/b1/ef/da/ead68804dc1c6d056e2ff52ca3f0f89d.jpg","dbId":30051}],"authors":[{"id":10481,"name":"La Fontaine","dbId":5780}],"specifications":[{"name":"Thông tin chung","attributes":[{"name":"Phiên bản sách","value":"Phiên bản thường"},{"name":"Công ty phát hành","value":"Công Ty Cổ Phần Văn Hóa Đông A"},{"name":"Ngày xuất bản","value":"2021-12-01 00:00:00"},{"name":"Dịch Giả","value":"Minh hoạ: Gustave Doré"},{"name":"Loại bìa","value":"Bìa cứng"},{"name":"Số trang","value":"828"},{"name":"Nhà xuất bản","value":"Nhà Xuất Bản Văn Học"},{"code":"PUBLICATION_DATE","name":"Kích thước","value":"25 x 30 cm"}]}],"stock_item":{"qty":1000},"all_time_quantity_sold":281,"reviews":[{"id":19445772,"title":"Cực kì hài lòng","content":"Nội dung thì mình không đánh giá vì chưa đọc, nhưng cuốn này cũng nổi tiếng quá rồi. Sách nguyên seal, có nhiều chỗ bị rách seal nhưng không ảnh hưởng tới sách.\r\n\r\nĐơn mua 4 cuốn đều giá trị cao mà, được mỗi cuốn này còn nguyên vẹn nhất, khá buồn về khâu đóng gói của Tiki.\r\n\r\nTiki tiếp nhận đơn nhanh, đóng gói và bàn giao cho bên vận chuyển nhanh. Shipper giao hàng nhiệt tịn vui vẻ.","customer_id":12167668,"rating":5,"images":[{"id":4267858,"full_path":"https://salt.tikicdn.com/ts/review/d2/f1/f3/b307ed99f1df0396a4c79b7912761f3f.jpg"}],"created_at":1691574243,"created_by":{"id":12167668,"name":"Hoa Nguyen","full_name":"Hoa Nguyen","created_time":"2019-05-20 18:30:08","purchased":true,"purchased_at":1691501232},"product_id":154160976,"timeline":{"review_created_date":"2023-08-09 16:44:03","delivery_date":"2023-08-09 10:05:27"}},{"id":16644155,"title":"Hài lòng","content":"Sách đẹp, nhưng chữ nhỏ quá, không tương thích, khoảng trống nhiều. Nếu có kèm thêm bản dịch văn xuôi thì hay hơn, cho trẻ em có thể đọc và tập kể chuyện được, vì dù sao thơ cũng cô đọng, hàm súc quá, khó lĩnh hội với trẻ em. Nói chung giá trị chưa xứng với giá tiền.","customer_id":20194944,"rating":4,"images":[{"id":3568923,"full_path":"https://salt.tikicdn.com/ts/review/3a/3f/4a/c5344b481bf06c337f792687320a256f.jpg"},{"id":3568924,"full_path":"https://salt.tikicdn.com/ts/review/8d/a1/71/377bb4abc663e90495ca3f82d2c6fd5e.jpg"},{"id":3568925,"full_path":"https://salt.tikicdn.com/ts/review/63/8b/1c/59969c2fe682e42cc318f9abe403ee57.jpg"}],"created_at":1654749320,"created_by":{"id":20194944,"name":"Phạm Minh Quang Vũ","full_name":"Phạm Minh Quang Vũ","created_time":"2021-02-04 08:18:15","purchased":true,"purchased_at":1654666837},"product_id":154160976,"timeline":{"review_created_date":"2022-06-09 11:35:20","delivery_date":"2022-06-09 08:43:15"}},{"id":16641748,"title":"Cực kì hài lòng","content":"1113 lượt xem | Lenovo Tai Nghe Bluetooth QT81 TWS Tai Nghe Không Dây Chống Nước Thể Thao Màn Hình LED Hiển Thị Nguồn Hộp Sạc 1200MAh | https://s.lazada.vn/s.cnTXL","customer_id":19085623,"rating":5,"images":[{"id":3568259,"full_path":"https://salt.tikicdn.com/ts/review/13/62/2c/9e2920c347c93f10116865f8d4e20cd8.jpg"},{"id":3568260,"full_path":"https://salt.tikicdn.com/ts/review/90/05/06/a25e493011a6d7d329b27274ab3c3147.jpg"},{"id":3568261,"full_path":"https://salt.tikicdn.com/ts/review/39/78/8d/cf96ff46460c4a69f7e0fa5b997098e0.jpg"},{"id":3568262,"full_path":"https://salt.tikicdn.com/ts/review/6f/98/66/f4f4d278707c6569ad908e0c2b2108dc.jpg"},{"id":3568263,"full_path":"https://salt.tikicdn.com/ts/review/94/32/4a/9cff5aa7a586e26f8b5d0297e3fc6a54.jpg"}],"created_at":1654739021,"created_by":{"id":19085623,"name":"Nguyễn Văn Minh Quang","full_name":"Nguyễn Văn Minh Quang","created_time":"2020-11-06 10:40:11","purchased":true,"purchased_at":1654530250},"product_id":154160976,"timeline":{"review_created_date":"2022-06-09 08:43:41","delivery_date":"2022-06-08 10:20:41"}},{"id":19457735,"title":"Hài lòng","content":"Mua sách trên tiki trading rẻ thì có rẻ nhưng đóng gói ất ơ quá, lần nào mua mấy cuốn sách giá trị cao khui hàng cũng hồi hộp, thường xuyên bị móp méo do thùng hàng đóng gói xọc xạch, mút giảm sốc quá ít!","customer_id":743227,"rating":4,"images":[],"created_at":1691995256,"created_by":{"id":743227,"name":"Nguyễn Văn Trung","full_name":"Nguyễn Văn Trung","created_time":"2015-08-08 20:48:02","purchased":true,"purchased_at":1691463099},"product_id":154160976,"timeline":{"review_created_date":"2023-08-14 13:40:56","delivery_date":"2023-08-09 14:35:56"}},{"id":15640424,"title":"Cực kì hài lòng","content":"Hồi còn nhỏ, mình đã được bố mẹ kể truyện ngụ ngôn Lafonetaine, sau đó nhớ mãi lời răn dạy qua từng câu truyện như “chuyện thỏ và rùa”, “con cáo và chùm nho”, “thằng bé chăn cừu” hay “hai con dê qua cầu”. Nay lại được thưởng thức một lần nữa các ngụ ý răn dạy qua lời thơ. Thơ có ưu điểm gieo vần nên dễ đi vào lòng người nhưng với riêng mình thì sẽ khó cảm khái, nắm bắt được nội dung như văn xuôi. Phải là người từng đọc qua truyện thì đọc thơ mới thấy thú vị. Riêng về chất lượng sách và dịch vụ thì mình rất hài lòng. Cám ơn tiki!","customer_id":6799764,"rating":5,"images":[{"id":3283848,"full_path":"https://salt.tikicdn.com/ts/review/50/7e/6c/85c5fa32807461f7cc3504b43d0870fd.jpg"}],"created_at":1648442008,"created_by":{"id":6799764,"name":"Le Khac Quan","full_name":"Le Khac Quan","created_time":"2018-03-26 18:34:27","purchased":true,"purchased_at":1648377930},"product_id":154160976,"timeline":{"review_created_date":"2022-03-28 11:33:28","delivery_date":"2022-03-28 11:21:44"}},{"id":19445772,"title":"Cực kì hài lòng","content":"Nội dung thì mình không đánh giá vì chưa đọc, nhưng cuốn này cũng nổi tiếng quá rồi. Sách nguyên seal, có nhiều chỗ bị rách seal nhưng không ảnh hưởng tới sách.\r\n\r\nĐơn mua 4 cuốn đều giá trị cao mà, được mỗi cuốn này còn nguyên vẹn nhất, khá buồn về khâu đóng gói của Tiki.\r\n\r\nTiki tiếp nhận đơn nhanh, đóng gói và bàn giao cho bên vận chuyển nhanh. Shipper giao hàng nhiệt tịn vui vẻ.","customer_id":12167668,"rating":5,"images":[{"id":4267858,"full_path":"https://salt.tikicdn.com/ts/review/d2/f1/f3/b307ed99f1df0396a4c79b7912761f3f.jpg"}],"created_at":1691574243,"created_by":{"id":12167668,"name":"Hoa Nguyen","full_name":"Hoa Nguyen","created_time":"2019-05-20 18:30:08","purchased":true,"purchased_at":1691501232},"product_id":154160976,"timeline":{"review_created_date":"2023-08-09 16:44:03","delivery_date":"2023-08-09 10:05:27"}},{"id":16644155,"title":"Hài lòng","content":"Sách đẹp, nhưng chữ nhỏ quá, không tương thích, khoảng trống nhiều. Nếu có kèm thêm bản dịch văn xuôi thì hay hơn, cho trẻ em có thể đọc và tập kể chuyện được, vì dù sao thơ cũng cô đọng, hàm súc quá, khó lĩnh hội với trẻ em. Nói chung giá trị chưa xứng với giá tiền.","customer_id":20194944,"rating":4,"images":[{"id":3568923,"full_path":"https://salt.tikicdn.com/ts/review/3a/3f/4a/c5344b481bf06c337f792687320a256f.jpg"},{"id":3568924,"full_path":"https://salt.tikicdn.com/ts/review/8d/a1/71/377bb4abc663e90495ca3f82d2c6fd5e.jpg"},{"id":3568925,"full_path":"https://salt.tikicdn.com/ts/review/63/8b/1c/59969c2fe682e42cc318f9abe403ee57.jpg"}],"created_at":1654749320,"created_by":{"id":20194944,"name":"Phạm Minh Quang Vũ","full_name":"Phạm Minh Quang Vũ","created_time":"2021-02-04 08:18:15","purchased":true,"purchased_at":1654666837},"product_id":154160976,"timeline":{"review_created_date":"2022-06-09 11:35:20","delivery_date":"2022-06-09 08:43:15"}},{"id":16641748,"title":"Cực kì hài lòng","content":"1113 lượt xem | Lenovo Tai Nghe Bluetooth QT81 TWS Tai Nghe Không Dây Chống Nước Thể Thao Màn Hình LED Hiển Thị Nguồn Hộp Sạc 1200MAh | https://s.lazada.vn/s.cnTXL","customer_id":19085623,"rating":5,"images":[{"id":3568259,"full_path":"https://salt.tikicdn.com/ts/review/13/62/2c/9e2920c347c93f10116865f8d4e20cd8.jpg"},{"id":3568260,"full_path":"https://salt.tikicdn.com/ts/review/90/05/06/a25e493011a6d7d329b27274ab3c3147.jpg"},{"id":3568261,"full_path":"https://salt.tikicdn.com/ts/review/39/78/8d/cf96ff46460c4a69f7e0fa5b997098e0.jpg"},{"id":3568262,"full_path":"https://salt.tikicdn.com/ts/review/6f/98/66/f4f4d278707c6569ad908e0c2b2108dc.jpg"},{"id":3568263,"full_path":"https://salt.tikicdn.com/ts/review/94/32/4a/9cff5aa7a586e26f8b5d0297e3fc6a54.jpg"}],"created_at":1654739021,"created_by":{"id":19085623,"name":"Nguyễn Văn Minh Quang","full_name":"Nguyễn Văn Minh Quang","created_time":"2020-11-06 10:40:11","purchased":true,"purchased_at":1654530250},"product_id":154160976,"timeline":{"review_created_date":"2022-06-09 08:43:41","delivery_date":"2022-06-08 10:20:41"}},{"id":19457735,"title":"Hài lòng","content":"Mua sách trên tiki trading rẻ thì có rẻ nhưng đóng gói ất ơ quá, lần nào mua mấy cuốn sách giá trị cao khui hàng cũng hồi hộp, thường xuyên bị móp méo do thùng hàng đóng gói xọc xạch, mút giảm sốc quá ít!","customer_id":743227,"rating":4,"images":[],"created_at":1691995256,"created_by":{"id":743227,"name":"Nguyễn Văn Trung","full_name":"Nguyễn Văn Trung","created_time":"2015-08-08 20:48:02","purchased":true,"purchased_at":1691463099},"product_id":154160976,"timeline":{"review_created_date":"2023-08-14 13:40:56","delivery_date":"2023-08-09 14:35:56"}},{"id":15640424,"title":"Cực kì hài lòng","content":"Hồi còn nhỏ, mình đã được bố mẹ kể truyện ngụ ngôn Lafonetaine, sau đó nhớ mãi lời răn dạy qua từng câu truyện như “chuyện thỏ và rùa”, “con cáo và chùm nho”, “thằng bé chăn cừu” hay “hai con dê qua cầu”. Nay lại được thưởng thức một lần nữa các ngụ ý răn dạy qua lời thơ. Thơ có ưu điểm gieo vần nên dễ đi vào lòng người nhưng với riêng mình thì sẽ khó cảm khái, nắm bắt được nội dung như văn xuôi. Phải là người từng đọc qua truyện thì đọc thơ mới thấy thú vị. Riêng về chất lượng sách và dịch vụ thì mình rất hài lòng. Cám ơn tiki!","customer_id":6799764,"rating":5,"images":[{"id":3283848,"full_path":"https://salt.tikicdn.com/ts/review/50/7e/6c/85c5fa32807461f7cc3504b43d0870fd.jpg"}],"created_at":1648442008,"created_by":{"id":6799764,"name":"Le Khac Quan","full_name":"Le Khac Quan","created_time":"2018-03-26 18:34:27","purchased":true,"purchased_at":1648377930},"product_id":154160976,"timeline":{"review_created_date":"2022-03-28 11:33:28","delivery_date":"2022-03-28 11:21:44"}},{"id":19445772,"title":"Cực kì hài lòng","content":"Nội dung thì mình không đánh giá vì chưa đọc, nhưng cuốn này cũng nổi tiếng quá rồi. Sách nguyên seal, có nhiều chỗ bị rách seal nhưng không ảnh hưởng tới sách.\r\n\r\nĐơn mua 4 cuốn đều giá trị cao mà, được mỗi cuốn này còn nguyên vẹn nhất, khá buồn về khâu đóng gói của Tiki.\r\n\r\nTiki tiếp nhận đơn nhanh, đóng gói và bàn giao cho bên vận chuyển nhanh. Shipper giao hàng nhiệt tịn vui vẻ.","customer_id":12167668,"rating":5,"images":[{"id":4267858,"full_path":"https://salt.tikicdn.com/ts/review/d2/f1/f3/b307ed99f1df0396a4c79b7912761f3f.jpg"}],"created_at":1691574243,"created_by":{"id":12167668,"name":"Hoa Nguyen","full_name":"Hoa Nguyen","created_time":"2019-05-20 18:30:08","purchased":true,"purchased_at":1691501232},"product_id":154160976,"timeline":{"review_created_date":"2023-08-09 16:44:03","delivery_date":"2023-08-09 10:05:27"}},{"id":16644155,"title":"Hài lòng","content":"Sách đẹp, nhưng chữ nhỏ quá, không tương thích, khoảng trống nhiều. Nếu có kèm thêm bản dịch văn xuôi thì hay hơn, cho trẻ em có thể đọc và tập kể chuyện được, vì dù sao thơ cũng cô đọng, hàm súc quá, khó lĩnh hội với trẻ em. Nói chung giá trị chưa xứng với giá tiền.","customer_id":20194944,"rating":4,"images":[{"id":3568923,"full_path":"https://salt.tikicdn.com/ts/review/3a/3f/4a/c5344b481bf06c337f792687320a256f.jpg"},{"id":3568924,"full_path":"https://salt.tikicdn.com/ts/review/8d/a1/71/377bb4abc663e90495ca3f82d2c6fd5e.jpg"},{"id":3568925,"full_path":"https://salt.tikicdn.com/ts/review/63/8b/1c/59969c2fe682e42cc318f9abe403ee57.jpg"}],"created_at":1654749320,"created_by":{"id":20194944,"name":"Phạm Minh Quang Vũ","full_name":"Phạm Minh Quang Vũ","created_time":"2021-02-04 08:18:15","purchased":true,"purchased_at":1654666837},"product_id":154160976,"timeline":{"review_created_date":"2022-06-09 11:35:20","delivery_date":"2022-06-09 08:43:15"}},{"id":16641748,"title":"Cực kì hài lòng","content":"1113 lượt xem | Lenovo Tai Nghe Bluetooth QT81 TWS Tai Nghe Không Dây Chống Nước Thể Thao Màn Hình LED Hiển Thị Nguồn Hộp Sạc 1200MAh | https://s.lazada.vn/s.cnTXL","customer_id":19085623,"rating":5,"images":[{"id":3568259,"full_path":"https://salt.tikicdn.com/ts/review/13/62/2c/9e2920c347c93f10116865f8d4e20cd8.jpg"},{"id":3568260,"full_path":"https://salt.tikicdn.com/ts/review/90/05/06/a25e493011a6d7d329b27274ab3c3147.jpg"},{"id":3568261,"full_path":"https://salt.tikicdn.com/ts/review/39/78/8d/cf96ff46460c4a69f7e0fa5b997098e0.jpg"},{"id":3568262,"full_path":"https://salt.tikicdn.com/ts/review/6f/98/66/f4f4d278707c6569ad908e0c2b2108dc.jpg"},{"id":3568263,"full_path":"https://salt.tikicdn.com/ts/review/94/32/4a/9cff5aa7a586e26f8b5d0297e3fc6a54.jpg"}],"created_at":1654739021,"created_by":{"id":19085623,"name":"Nguyễn Văn Minh Quang","full_name":"Nguyễn Văn Minh Quang","created_time":"2020-11-06 10:40:11","purchased":true,"purchased_at":1654530250},"product_id":154160976,"timeline":{"review_created_date":"2022-06-09 08:43:41","delivery_date":"2022-06-08 10:20:41"}},{"id":19457735,"title":"Hài lòng","content":"Mua sách trên tiki trading rẻ thì có rẻ nhưng đóng gói ất ơ quá, lần nào mua mấy cuốn sách giá trị cao khui hàng cũng hồi hộp, thường xuyên bị móp méo do thùng hàng đóng gói xọc xạch, mút giảm sốc quá ít!","customer_id":743227,"rating":4,"images":[],"created_at":1691995256,"created_by":{"id":743227,"name":"Nguyễn Văn Trung","full_name":"Nguyễn Văn Trung","created_time":"2015-08-08 20:48:02","purchased":true,"purchased_at":1691463099},"product_id":154160976,"timeline":{"review_created_date":"2023-08-14 13:40:56","delivery_date":"2023-08-09 14:35:56"}},{"id":15640424,"title":"Cực kì hài lòng","content":"Hồi còn nhỏ, mình đã được bố mẹ kể truyện ngụ ngôn Lafonetaine, sau đó nhớ mãi lời răn dạy qua từng câu truyện như “chuyện thỏ và rùa”, “con cáo và chùm nho”, “thằng bé chăn cừu” hay “hai con dê qua cầu”. Nay lại được thưởng thức một lần nữa các ngụ ý răn dạy qua lời thơ. Thơ có ưu điểm gieo vần nên dễ đi vào lòng người nhưng với riêng mình thì sẽ khó cảm khái, nắm bắt được nội dung như văn xuôi. Phải là người từng đọc qua truyện thì đọc thơ mới thấy thú vị. Riêng về chất lượng sách và dịch vụ thì mình rất hài lòng. Cám ơn tiki!","customer_id":6799764,"rating":5,"images":[{"id":3283848,"full_path":"https://salt.tikicdn.com/ts/review/50/7e/6c/85c5fa32807461f7cc3504b43d0870fd.jpg"}],"created_at":1648442008,"created_by":{"id":6799764,"name":"Le Khac Quan","full_name":"Le Khac Quan","created_time":"2018-03-26 18:34:27","purchased":true,"purchased_at":1648377930},"product_id":154160976,"timeline":{"review_created_date":"2022-03-28 11:33:28","delivery_date":"2022-03-28 11:21:44"}},{"id":19445772,"title":"Cực kì hài lòng","content":"Nội dung thì mình không đánh giá vì chưa đọc, nhưng cuốn này cũng nổi tiếng quá rồi. Sách nguyên seal, có nhiều chỗ bị rách seal nhưng không ảnh hưởng tới sách.\r\n\r\nĐơn mua 4 cuốn đều giá trị cao mà, được mỗi cuốn này còn nguyên vẹn nhất, khá buồn về khâu đóng gói của Tiki.\r\n\r\nTiki tiếp nhận đơn nhanh, đóng gói và bàn giao cho bên vận chuyển nhanh. Shipper giao hàng nhiệt tịn vui vẻ.","customer_id":12167668,"rating":5,"images":[{"id":4267858,"full_path":"https://salt.tikicdn.com/ts/review/d2/f1/f3/b307ed99f1df0396a4c79b7912761f3f.jpg"}],"created_at":1691574243,"created_by":{"id":12167668,"name":"Hoa Nguyen","full_name":"Hoa Nguyen","created_time":"2019-05-20 18:30:08","purchased":true,"purchased_at":1691501232},"product_id":154160976,"timeline":{"review_created_date":"2023-08-09 16:44:03","delivery_date":"2023-08-09 10:05:27"}},{"id":16644155,"title":"Hài lòng","content":"Sách đẹp, nhưng chữ nhỏ quá, không tương thích, khoảng trống nhiều. Nếu có kèm thêm bản dịch văn xuôi thì hay hơn, cho trẻ em có thể đọc và tập kể chuyện được, vì dù sao thơ cũng cô đọng, hàm súc quá, khó lĩnh hội với trẻ em. Nói chung giá trị chưa xứng với giá tiền.","customer_id":20194944,"rating":4,"images":[{"id":3568923,"full_path":"https://salt.tikicdn.com/ts/review/3a/3f/4a/c5344b481bf06c337f792687320a256f.jpg"},{"id":3568924,"full_path":"https://salt.tikicdn.com/ts/review/8d/a1/71/377bb4abc663e90495ca3f82d2c6fd5e.jpg"},{"id":3568925,"full_path":"https://salt.tikicdn.com/ts/review/63/8b/1c/59969c2fe682e42cc318f9abe403ee57.jpg"}],"created_at":1654749320,"created_by":{"id":20194944,"name":"Phạm Minh Quang Vũ","full_name":"Phạm Minh Quang Vũ","created_time":"2021-02-04 08:18:15","purchased":true,"purchased_at":1654666837},"product_id":154160976,"timeline":{"review_created_date":"2022-06-09 11:35:20","delivery_date":"2022-06-09 08:43:15"}},{"id":16641748,"title":"Cực kì hài lòng","content":"1113 lượt xem | Lenovo Tai Nghe Bluetooth QT81 TWS Tai Nghe Không Dây Chống Nước Thể Thao Màn Hình LED Hiển Thị Nguồn Hộp Sạc 1200MAh | https://s.lazada.vn/s.cnTXL","customer_id":19085623,"rating":5,"images":[{"id":3568259,"full_path":"https://salt.tikicdn.com/ts/review/13/62/2c/9e2920c347c93f10116865f8d4e20cd8.jpg"},{"id":3568260,"full_path":"https://salt.tikicdn.com/ts/review/90/05/06/a25e493011a6d7d329b27274ab3c3147.jpg"},{"id":3568261,"full_path":"https://salt.tikicdn.com/ts/review/39/78/8d/cf96ff46460c4a69f7e0fa5b997098e0.jpg"},{"id":3568262,"full_path":"https://salt.tikicdn.com/ts/review/6f/98/66/f4f4d278707c6569ad908e0c2b2108dc.jpg"},{"id":3568263,"full_path":"https://salt.tikicdn.com/ts/review/94/32/4a/9cff5aa7a586e26f8b5d0297e3fc6a54.jpg"}],"created_at":1654739021,"created_by":{"id":19085623,"name":"Nguyễn Văn Minh Quang","full_name":"Nguyễn Văn Minh Quang","created_time":"2020-11-06 10:40:11","purchased":true,"purchased_at":1654530250},"product_id":154160976,"timeline":{"review_created_date":"2022-06-09 08:43:41","delivery_date":"2022-06-08 10:20:41"}},{"id":19457735,"title":"Hài lòng","content":"Mua sách trên tiki trading rẻ thì có rẻ nhưng đóng gói ất ơ quá, lần nào mua mấy cuốn sách giá trị cao khui hàng cũng hồi hộp, thường xuyên bị móp méo do thùng hàng đóng gói xọc xạch, mút giảm sốc quá ít!","customer_id":743227,"rating":4,"images":[],"created_at":1691995256,"created_by":{"id":743227,"name":"Nguyễn Văn Trung","full_name":"Nguyễn Văn Trung","created_time":"2015-08-08 20:48:02","purchased":true,"purchased_at":1691463099},"product_id":154160976,"timeline":{"review_created_date":"2023-08-14 13:40:56","delivery_date":"2023-08-09 14:35:56"}},{"id":15640424,"title":"Cực kì hài lòng","content":"Hồi còn nhỏ, mình đã được bố mẹ kể truyện ngụ ngôn Lafonetaine, sau đó nhớ mãi lời răn dạy qua từng câu truyện như “chuyện thỏ và rùa”, “con cáo và chùm nho”, “thằng bé chăn cừu” hay “hai con dê qua cầu”. Nay lại được thưởng thức một lần nữa các ngụ ý răn dạy qua lời thơ. Thơ có ưu điểm gieo vần nên dễ đi vào lòng người nhưng với riêng mình thì sẽ khó cảm khái, nắm bắt được nội dung như văn xuôi. Phải là người từng đọc qua truyện thì đọc thơ mới thấy thú vị. Riêng về chất lượng sách và dịch vụ thì mình rất hài lòng. Cám ơn tiki!","customer_id":6799764,"rating":5,"images":[{"id":3283848,"full_path":"https://salt.tikicdn.com/ts/review/50/7e/6c/85c5fa32807461f7cc3504b43d0870fd.jpg"}],"created_at":1648442008,"created_by":{"id":6799764,"name":"Le Khac Quan","full_name":"Le Khac Quan","created_time":"2018-03-26 18:34:27","purchased":true,"purchased_at":1648377930},"product_id":154160976,"timeline":{"review_created_date":"2022-03-28 11:33:28","delivery_date":"2022-03-28 11:21:44"}}]}