{"id":155106681,"dbId":10865,"createdAt":1642870800000,"name":"Rung Cảm Đầu Đời (Thơ - Sách Màu)","short_description":"Tuyển tập gồm 50 bài thơ được tác giả Lê Quốc Triều sáng tác rải rác từ những năm học lớp 3 đến lớp 9. Mỗi bài thơ đều được ghi lại bằng cái nhìn trong trẻo, thuần khiết của một đứa trẻ đối với từng ...","description":"\u003cp\u003e\u003cimg src\u003d\"https://salt.tikicdn.com/ts/tmp/18/f3/2f/8abe7017b7b19b1f167b38770988aa57.jpg\" alt\u003d\"\" width\u003d\"750\" height\u003d\"1060\" /\u003e\u003c/p\u003e\n\u003cp\u003eTuyển tập gồm 50 bài thơ được tác giả Lê Quốc Triều sáng tác rải rác từ những năm học lớp 3 đến lớp 9. Mỗi bài thơ đều được ghi lại bằng cái nhìn trong trẻo, thuần khiết của một đứa trẻ đối với từng nhân vật hay sự kiện xảy ra trong đời sống. Đó có thể là lời tâm tình đầy thấu hiểu về những người thân yêu trong gia đình; những kỷ niệm khó quên bên mái trường, thầy cô, bè bạn; là tình yêu thương dành cho những con vật nhỏ bé của một trái tim giàu xúc cảm; là niềm gắn bó với quê hương yên bình hay những trò chơi thuở nhỏ thật khó quê\u003c/p\u003e\n\u003cp\u003e\u003cimg src\u003d\"https://salt.tikicdn.com/ts/tmp/25/0b/90/311157957f3d61729b4b971111756106.jpg\" alt\u003d\"\" width\u003d\"750\" height\u003d\"933\" /\u003e\u003c/p\u003e\n\u003cp\u003e“Tôi và tuổi thơ như luôn có một sợi dây gắn kết không bao giờ tách rời, nên những gì xảy ra trong tuổi thơ đều góp phần hình thành nên tính cách của tôi, những gì quan sát được từ tuổi thơ đã góp phần tạo nên cái thấy của tôi… Cảm ơn quý vị đã bước vào khung trời tuổi thơ của tôi, để cùng được đánh thức những ký ức êm đềm và ngọt ngào của những ngày đầu tiên chúng ta đến với cuộc đời này.” (Bé Lê Quốc Triều - Thiền sư Minh Niệm)\u003c/p\u003e\n\u003cp\u003e\"Thơ của bé Lê Quốc Triều hồn nhiên như cỏ cây, hoa lá. Điều đấy không phải ai muốn là thể hiện được. Nó là tự nhiên – một thứ của trời, của đất, của cuộc sống và vũ trụ này. Nó là một điều hết sức khác biệt – rất thiền, không chứa đựng mong muốn nhiều nhặn hay truy đuổi một thứ gì ghê gớm. Nó cũng giản dị như hoa đến thì thì hoa nở. Những bài thơ của bé làm cho người đọc cảm thấy như mình vừa bắt gặp được một rặng tầm xuân còn đang nở dọc lối đi. Những bông hoa ấy có mặt một cách hết sức thuần khiết mà không bị thôi thúc bởi bất cứ mục đích hay mong muốn nào. Chúng vô cùng hồn nhiên, rất bình thường, nhưng đang hoàn thành trách nhiệm vô cùng cao cả của chúng. Mấy đóa tầm xuân ấy cũng không cần biết đến suy nghĩ của tôi, hay lòng tôi yêu chúng đến nhường nà\"\u003c/p\u003e\n\u003cp\u003e-- Nhạc sĩ Phó Đức Phương\u003c/p\u003e\u003cp\u003eGiá sản phẩm trên Tiki đã bao gồm thuế theo luật hiện hành. Bên cạnh đó, tuỳ vào loại sản phẩm, hình thức và địa chỉ giao hàng mà có thể phát sinh thêm chi phí khác như phí vận chuyển, phụ phí hàng cồng kềnh, thuế nhập khẩu (đối với đơn hàng giao từ nước ngoài có giá trị trên 1 triệu đồng).....\u003c/p\u003e","original_price":99000.0,"thumbnail_url":"https://salt.tikicdn.com/cache/280x280/ts/product/03/d4/62/6c949b49fc1b3a1e2bff71218d2e3e5e.jpg","images":[{"base_url":"https://salt.tikicdn.com/ts/product/03/d4/62/6c949b49fc1b3a1e2bff71218d2e3e5e.jpg","dbId":29014},{"base_url":"https://salt.tikicdn.com/ts/product/85/e6/be/3c4e3d66a7903a678ce5e2a4a862bcf4.jpg","dbId":29015},{"base_url":"https://salt.tikicdn.com/ts/product/e7/8a/74/586fe912b97b551b5aabf921c4f808b0.jpg","dbId":29016},{"base_url":"https://salt.tikicdn.com/ts/product/39/a6/03/284a079680ffdc92fb8f66f7d3a4b65a.jpg","dbId":29017},{"base_url":"https://salt.tikicdn.com/ts/product/13/d7/64/82f598fdba1141f1f3c4fe8fa56a91a6.jpg","dbId":29018},{"base_url":"https://salt.tikicdn.com/ts/product/18/74/be/13728d246c72ee4571582ef55d49d89c.jpg","dbId":29019},{"base_url":"https://salt.tikicdn.com/ts/product/4b/de/e6/ffab4ad9e60d7319c370a0321f9e383a.jpg","dbId":29020},{"base_url":"https://salt.tikicdn.com/ts/product/52/99/bd/694a9a5ed907859a5aa59dc23bd2b8fb.jpg","dbId":29021},{"base_url":"https://salt.tikicdn.com/ts/product/99/d5/aa/f2fae755297e18e303882a2e7597fa89.jpg","dbId":29022},{"base_url":"https://salt.tikicdn.com/ts/product/d5/f5/63/02af4bc44d6b804ebc3c2ac34735267d.jpg","dbId":29023}],"authors":[{"id":5347745,"name":"Bé Lê Quốc Triều (Minh Niệm)","dbId":5747}],"specifications":[{"name":"Thông tin chung","attributes":[{"name":"Phiên bản sách","value":"Phiên bản thường"},{"name":"Công ty phát hành","value":"Phương Nam Book"},{"name":"Ngày xuất bản","value":"2022-01-01 00:00:00"},{"name":"Dịch Giả","value":"Thông Nguyễn (minh họa)"},{"name":"Loại bìa","value":"Bìa mềm"},{"name":"Số trang","value":"80"},{"name":"Nhà xuất bản","value":"Nhà Xuất Bản Văn Học"},{"code":"PUBLICATION_DATE","name":"Kích thước","value":"20 x 20 cm"}]}],"stock_item":{"qty":1000},"all_time_quantity_sold":442,"reviews":[{"id":14679698,"title":"Cực kì hài lòng","content":"Không biết nói sao, chỉ có thể nói là tuyệt vời, tuổi thơ lại ùa về. Tranh vẽ, màu sắc, nội dung...mọi thứ đều rất tốt. Gieo hạt mầm yêu thương cho trẻ bằng những tác phẩm thế này là sự lựa chon hợp lý","customer_id":5363251,"rating":5,"images":[{"id":3074867,"full_path":"https://salt.tikicdn.com/ts/review/f8/d8/fd/c56bc2d369a4234075ba80a2b40e2c5b.jpg"},{"id":3074868,"full_path":"https://salt.tikicdn.com/ts/review/37/9c/cf/1482c27ebc4063189e382cd42ebce090.jpg"},{"id":3074869,"full_path":"https://salt.tikicdn.com/ts/review/72/d4/11/494987f4af2dcd4e3b65cf9ade6c7e01.jpg"},{"id":3074870,"full_path":"https://salt.tikicdn.com/ts/review/0f/a7/a0/19f6459e6d7d825b2673fea984eaa8d1.jpg"},{"id":3074871,"full_path":"https://salt.tikicdn.com/ts/review/ed/eb/15/3c2d8fd0d93981727e638098a3823b64.jpg"}],"created_at":1643082104,"created_by":{"id":5363251,"name":"Quý Nguyễn Hữu","full_name":"Quý Nguyễn Hữu","created_time":"2017-06-13 09:22:33","purchased":true,"purchased_at":1642834152},"product_id":155106681,"timeline":{"review_created_date":"2022-01-25 10:41:44","delivery_date":"2022-01-24 10:22:37"}},{"id":19152478,"title":"Bình thường","content":"Giao hàng nhanh nhưng đóng gói không chỉn chu, sách bị bung gáy sách đằng sau, có vài trang bị hư mép","customer_id":17202178,"rating":3,"images":[],"created_at":1683080991,"created_by":{"id":17202178,"name":"Jane Gioia","full_name":"Jane Gioia","created_time":"2020-04-23 12:16:52","purchased":true,"purchased_at":1682656747},"product_id":155106681,"timeline":{"review_created_date":"2023-05-03 09:29:51","delivery_date":"2023-05-02 13:08:58"}},{"id":17847779,"title":"Cực kì hài lòng","content":"Sách Tiki Trading thì không có gì để nói, ngoài hàng chuẩn rẻ nhanh. Quá OK 👌","customer_id":8316515,"rating":5,"images":[{"id":3908694,"full_path":"https://salt.tikicdn.com/ts/review/48/1b/e8/546cf8dd841a322e4b8958c90e8fd69f.jpg"}],"created_at":1664673667,"created_by":{"id":8316515,"name":"Hai Anh","full_name":"Hai Anh","created_time":"2018-10-10 09:02:27","purchased":true,"purchased_at":1664354471},"product_id":155106681,"timeline":{"review_created_date":"2022-10-02 08:21:07","delivery_date":"2022-09-29 14:42:32"}},{"id":15986562,"title":"Cực kì hài lòng","content":"sách đẹp, nội dung hay ai cũng tìm thấy tuổi thơ mình  trong đó","customer_id":20505128,"rating":5,"images":[{"id":3567826,"full_path":"https://salt.tikicdn.com/ts/review/a0/94/0c/d4cf4d72db112c7e6ae89aa514f89f36.jpg"}],"created_at":1650296879,"created_by":{"id":20505128,"name":"Trần Thị Ngọc Hương","full_name":"Trần Thị Ngọc Hương","created_time":"2021-02-27 15:00:08","purchased":true,"purchased_at":1650181827},"product_id":155106681,"timeline":{"review_created_date":"2022-04-18 22:47:59","delivery_date":"2022-04-18 10:23:02"}},{"id":16879152,"title":"Cực kì hài lòng","content":"sách rất đẹp, những vẫn thơ rất tuyệt vời","customer_id":23030878,"rating":5,"images":[{"id":3636089,"full_path":"https://salt.tikicdn.com/ts/review/cd/1e/6e/10aa6104187742e22d0a53d5df334215.jpg"}],"created_at":1656475639,"created_by":{"id":23030878,"name":"mai tram","full_name":"mai tram","created_time":"2021-08-16 14:50:42","purchased":true,"purchased_at":1656469830},"product_id":155106681,"timeline":{"review_created_date":"2022-06-29 11:07:19","delivery_date":"2022-06-29 10:47:50"}},{"id":14679698,"title":"Cực kì hài lòng","content":"Không biết nói sao, chỉ có thể nói là tuyệt vời, tuổi thơ lại ùa về. Tranh vẽ, màu sắc, nội dung...mọi thứ đều rất tốt. Gieo hạt mầm yêu thương cho trẻ bằng những tác phẩm thế này là sự lựa chon hợp lý","customer_id":5363251,"rating":5,"images":[{"id":3074867,"full_path":"https://salt.tikicdn.com/ts/review/f8/d8/fd/c56bc2d369a4234075ba80a2b40e2c5b.jpg"},{"id":3074868,"full_path":"https://salt.tikicdn.com/ts/review/37/9c/cf/1482c27ebc4063189e382cd42ebce090.jpg"},{"id":3074869,"full_path":"https://salt.tikicdn.com/ts/review/72/d4/11/494987f4af2dcd4e3b65cf9ade6c7e01.jpg"},{"id":3074870,"full_path":"https://salt.tikicdn.com/ts/review/0f/a7/a0/19f6459e6d7d825b2673fea984eaa8d1.jpg"},{"id":3074871,"full_path":"https://salt.tikicdn.com/ts/review/ed/eb/15/3c2d8fd0d93981727e638098a3823b64.jpg"}],"created_at":1643082104,"created_by":{"id":5363251,"name":"Quý Nguyễn Hữu","full_name":"Quý Nguyễn Hữu","created_time":"2017-06-13 09:22:33","purchased":true,"purchased_at":1642834152},"product_id":155106681,"timeline":{"review_created_date":"2022-01-25 10:41:44","delivery_date":"2022-01-24 10:22:37"}},{"id":19152478,"title":"Bình thường","content":"Giao hàng nhanh nhưng đóng gói không chỉn chu, sách bị bung gáy sách đằng sau, có vài trang bị hư mép","customer_id":17202178,"rating":3,"images":[],"created_at":1683080991,"created_by":{"id":17202178,"name":"Jane Gioia","full_name":"Jane Gioia","created_time":"2020-04-23 12:16:52","purchased":true,"purchased_at":1682656747},"product_id":155106681,"timeline":{"review_created_date":"2023-05-03 09:29:51","delivery_date":"2023-05-02 13:08:58"}},{"id":17847779,"title":"Cực kì hài lòng","content":"Sách Tiki Trading thì không có gì để nói, ngoài hàng chuẩn rẻ nhanh. Quá OK 👌","customer_id":8316515,"rating":5,"images":[{"id":3908694,"full_path":"https://salt.tikicdn.com/ts/review/48/1b/e8/546cf8dd841a322e4b8958c90e8fd69f.jpg"}],"created_at":1664673667,"created_by":{"id":8316515,"name":"Hai Anh","full_name":"Hai Anh","created_time":"2018-10-10 09:02:27","purchased":true,"purchased_at":1664354471},"product_id":155106681,"timeline":{"review_created_date":"2022-10-02 08:21:07","delivery_date":"2022-09-29 14:42:32"}},{"id":15986562,"title":"Cực kì hài lòng","content":"sách đẹp, nội dung hay ai cũng tìm thấy tuổi thơ mình  trong đó","customer_id":20505128,"rating":5,"images":[{"id":3567826,"full_path":"https://salt.tikicdn.com/ts/review/a0/94/0c/d4cf4d72db112c7e6ae89aa514f89f36.jpg"}],"created_at":1650296879,"created_by":{"id":20505128,"name":"Trần Thị Ngọc Hương","full_name":"Trần Thị Ngọc Hương","created_time":"2021-02-27 15:00:08","purchased":true,"purchased_at":1650181827},"product_id":155106681,"timeline":{"review_created_date":"2022-04-18 22:47:59","delivery_date":"2022-04-18 10:23:02"}},{"id":16879152,"title":"Cực kì hài lòng","content":"sách rất đẹp, những vẫn thơ rất tuyệt vời","customer_id":23030878,"rating":5,"images":[{"id":3636089,"full_path":"https://salt.tikicdn.com/ts/review/cd/1e/6e/10aa6104187742e22d0a53d5df334215.jpg"}],"created_at":1656475639,"created_by":{"id":23030878,"name":"mai tram","full_name":"mai tram","created_time":"2021-08-16 14:50:42","purchased":true,"purchased_at":1656469830},"product_id":155106681,"timeline":{"review_created_date":"2022-06-29 11:07:19","delivery_date":"2022-06-29 10:47:50"}},{"id":14679698,"title":"Cực kì hài lòng","content":"Không biết nói sao, chỉ có thể nói là tuyệt vời, tuổi thơ lại ùa về. Tranh vẽ, màu sắc, nội dung...mọi thứ đều rất tốt. Gieo hạt mầm yêu thương cho trẻ bằng những tác phẩm thế này là sự lựa chon hợp lý","customer_id":5363251,"rating":5,"images":[{"id":3074867,"full_path":"https://salt.tikicdn.com/ts/review/f8/d8/fd/c56bc2d369a4234075ba80a2b40e2c5b.jpg"},{"id":3074868,"full_path":"https://salt.tikicdn.com/ts/review/37/9c/cf/1482c27ebc4063189e382cd42ebce090.jpg"},{"id":3074869,"full_path":"https://salt.tikicdn.com/ts/review/72/d4/11/494987f4af2dcd4e3b65cf9ade6c7e01.jpg"},{"id":3074870,"full_path":"https://salt.tikicdn.com/ts/review/0f/a7/a0/19f6459e6d7d825b2673fea984eaa8d1.jpg"},{"id":3074871,"full_path":"https://salt.tikicdn.com/ts/review/ed/eb/15/3c2d8fd0d93981727e638098a3823b64.jpg"}],"created_at":1643082104,"created_by":{"id":5363251,"name":"Quý Nguyễn Hữu","full_name":"Quý Nguyễn Hữu","created_time":"2017-06-13 09:22:33","purchased":true,"purchased_at":1642834152},"product_id":155106681,"timeline":{"review_created_date":"2022-01-25 10:41:44","delivery_date":"2022-01-24 10:22:37"}},{"id":19152478,"title":"Bình thường","content":"Giao hàng nhanh nhưng đóng gói không chỉn chu, sách bị bung gáy sách đằng sau, có vài trang bị hư mép","customer_id":17202178,"rating":3,"images":[],"created_at":1683080991,"created_by":{"id":17202178,"name":"Jane Gioia","full_name":"Jane Gioia","created_time":"2020-04-23 12:16:52","purchased":true,"purchased_at":1682656747},"product_id":155106681,"timeline":{"review_created_date":"2023-05-03 09:29:51","delivery_date":"2023-05-02 13:08:58"}},{"id":17847779,"title":"Cực kì hài lòng","content":"Sách Tiki Trading thì không có gì để nói, ngoài hàng chuẩn rẻ nhanh. Quá OK 👌","customer_id":8316515,"rating":5,"images":[{"id":3908694,"full_path":"https://salt.tikicdn.com/ts/review/48/1b/e8/546cf8dd841a322e4b8958c90e8fd69f.jpg"}],"created_at":1664673667,"created_by":{"id":8316515,"name":"Hai Anh","full_name":"Hai Anh","created_time":"2018-10-10 09:02:27","purchased":true,"purchased_at":1664354471},"product_id":155106681,"timeline":{"review_created_date":"2022-10-02 08:21:07","delivery_date":"2022-09-29 14:42:32"}},{"id":15986562,"title":"Cực kì hài lòng","content":"sách đẹp, nội dung hay ai cũng tìm thấy tuổi thơ mình  trong đó","customer_id":20505128,"rating":5,"images":[{"id":3567826,"full_path":"https://salt.tikicdn.com/ts/review/a0/94/0c/d4cf4d72db112c7e6ae89aa514f89f36.jpg"}],"created_at":1650296879,"created_by":{"id":20505128,"name":"Trần Thị Ngọc Hương","full_name":"Trần Thị Ngọc Hương","created_time":"2021-02-27 15:00:08","purchased":true,"purchased_at":1650181827},"product_id":155106681,"timeline":{"review_created_date":"2022-04-18 22:47:59","delivery_date":"2022-04-18 10:23:02"}},{"id":16879152,"title":"Cực kì hài lòng","content":"sách rất đẹp, những vẫn thơ rất tuyệt vời","customer_id":23030878,"rating":5,"images":[{"id":3636089,"full_path":"https://salt.tikicdn.com/ts/review/cd/1e/6e/10aa6104187742e22d0a53d5df334215.jpg"}],"created_at":1656475639,"created_by":{"id":23030878,"name":"mai tram","full_name":"mai tram","created_time":"2021-08-16 14:50:42","purchased":true,"purchased_at":1656469830},"product_id":155106681,"timeline":{"review_created_date":"2022-06-29 11:07:19","delivery_date":"2022-06-29 10:47:50"}},{"id":14679698,"title":"Cực kì hài lòng","content":"Không biết nói sao, chỉ có thể nói là tuyệt vời, tuổi thơ lại ùa về. Tranh vẽ, màu sắc, nội dung...mọi thứ đều rất tốt. Gieo hạt mầm yêu thương cho trẻ bằng những tác phẩm thế này là sự lựa chon hợp lý","customer_id":5363251,"rating":5,"images":[{"id":3074867,"full_path":"https://salt.tikicdn.com/ts/review/f8/d8/fd/c56bc2d369a4234075ba80a2b40e2c5b.jpg"},{"id":3074868,"full_path":"https://salt.tikicdn.com/ts/review/37/9c/cf/1482c27ebc4063189e382cd42ebce090.jpg"},{"id":3074869,"full_path":"https://salt.tikicdn.com/ts/review/72/d4/11/494987f4af2dcd4e3b65cf9ade6c7e01.jpg"},{"id":3074870,"full_path":"https://salt.tikicdn.com/ts/review/0f/a7/a0/19f6459e6d7d825b2673fea984eaa8d1.jpg"},{"id":3074871,"full_path":"https://salt.tikicdn.com/ts/review/ed/eb/15/3c2d8fd0d93981727e638098a3823b64.jpg"}],"created_at":1643082104,"created_by":{"id":5363251,"name":"Quý Nguyễn Hữu","full_name":"Quý Nguyễn Hữu","created_time":"2017-06-13 09:22:33","purchased":true,"purchased_at":1642834152},"product_id":155106681,"timeline":{"review_created_date":"2022-01-25 10:41:44","delivery_date":"2022-01-24 10:22:37"}},{"id":19152478,"title":"Bình thường","content":"Giao hàng nhanh nhưng đóng gói không chỉn chu, sách bị bung gáy sách đằng sau, có vài trang bị hư mép","customer_id":17202178,"rating":3,"images":[],"created_at":1683080991,"created_by":{"id":17202178,"name":"Jane Gioia","full_name":"Jane Gioia","created_time":"2020-04-23 12:16:52","purchased":true,"purchased_at":1682656747},"product_id":155106681,"timeline":{"review_created_date":"2023-05-03 09:29:51","delivery_date":"2023-05-02 13:08:58"}},{"id":17847779,"title":"Cực kì hài lòng","content":"Sách Tiki Trading thì không có gì để nói, ngoài hàng chuẩn rẻ nhanh. Quá OK 👌","customer_id":8316515,"rating":5,"images":[{"id":3908694,"full_path":"https://salt.tikicdn.com/ts/review/48/1b/e8/546cf8dd841a322e4b8958c90e8fd69f.jpg"}],"created_at":1664673667,"created_by":{"id":8316515,"name":"Hai Anh","full_name":"Hai Anh","created_time":"2018-10-10 09:02:27","purchased":true,"purchased_at":1664354471},"product_id":155106681,"timeline":{"review_created_date":"2022-10-02 08:21:07","delivery_date":"2022-09-29 14:42:32"}},{"id":15986562,"title":"Cực kì hài lòng","content":"sách đẹp, nội dung hay ai cũng tìm thấy tuổi thơ mình  trong đó","customer_id":20505128,"rating":5,"images":[{"id":3567826,"full_path":"https://salt.tikicdn.com/ts/review/a0/94/0c/d4cf4d72db112c7e6ae89aa514f89f36.jpg"}],"created_at":1650296879,"created_by":{"id":20505128,"name":"Trần Thị Ngọc Hương","full_name":"Trần Thị Ngọc Hương","created_time":"2021-02-27 15:00:08","purchased":true,"purchased_at":1650181827},"product_id":155106681,"timeline":{"review_created_date":"2022-04-18 22:47:59","delivery_date":"2022-04-18 10:23:02"}},{"id":16879152,"title":"Cực kì hài lòng","content":"sách rất đẹp, những vẫn thơ rất tuyệt vời","customer_id":23030878,"rating":5,"images":[{"id":3636089,"full_path":"https://salt.tikicdn.com/ts/review/cd/1e/6e/10aa6104187742e22d0a53d5df334215.jpg"}],"created_at":1656475639,"created_by":{"id":23030878,"name":"mai tram","full_name":"mai tram","created_time":"2021-08-16 14:50:42","purchased":true,"purchased_at":1656469830},"product_id":155106681,"timeline":{"review_created_date":"2022-06-29 11:07:19","delivery_date":"2022-06-29 10:47:50"}}]}