{"id":157195847,"dbId":11987,"createdAt":1642006800000,"name":"Lê La Từ Nhà Ra Ngõ","short_description":"“Lớn rồi! Thật ra chẳng có gì hoàn hảo. Chỉ cần mọi thứ hài hòa”Trong “Lê la từ nhà ra ngõ” của Làn, bạn đọc dễ dàng bắt gặp chính mình trong đó, nơi những câu chuyện đời thường được phác họa mộc mạc...","description":"“Lớn rồi! Thật ra chẳng có gì hoàn hảo. Chỉ cần mọi thứ hài hòa”\n\u003cbr /\u003eTrong “Lê la từ nhà ra ngõ” của Làn, bạn đọc dễ dàng bắt gặp chính mình trong đó, nơi những câu chuyện đời thường được phác họa mộc mạc, nơi yêu thương được gợi nhớ chỉ bằng một cái tên và là nơi mình nhận ra cuộc đời thật tươi đẹp và đáng sống.\n\u003cp\u003e\u003cbr /\u003eSoi mình trong ký ức của Làn với những “thước phim” chân thật như câu chuyện về bà, về mâm cơm tựa mâm cỗ mỗi lần con gái học xa về thăm nhà, hay như về sự ấm áp trong dăm ba câu bố hỏi mỗi lần gọi điện - dù lần nào câu hỏi cũng chỉ là con có khỏe không, con đã ăn cơm chưa?\u003cbr /\u003e\u003cbr /\u003eSách gồm 2 phần là TỪ NHÀ và RA NGÕ.\u003cbr /\u003e\u003cbr /\u003e“TỪ NHÀ” đưa ta vào thế giới của những an yên thường nhật, có những người thân trong gia đình, có những ngọt ngào chỉ có thể miêu tả bằng 2 chữ “tình thân”. Đọc “Từ nhà” để hiểu cội nguồn của yêu thương chính là gia đình. Gia đình là nơi nuôi dưỡng không chỉ về thể xác mà còn về tâm hồn của mỗi người. Lật từng trang sách như lật một lớp vỏ mà bố mẹ đang cất giấu, bố mẹ thực ra cũng chỉ là những người bình thường, cũng là lần đầu tiên làm bố mẹ. Bởi vậy nếu được, hãy tha thứ trước sự quan tâm vụng về và hãy kiên nhẫn hơn với gia đình của mình.\u003cbr /\u003e\u003cbr /\u003e“RA NGÕ” được Làn kể dưới dáng vẻ của bác bán nước đầu ngõ, của bà đồng nát, của những người lạ mặt mà ta từng gặp gỡ hay chỉ lướt qua nhau 1 lần rồi không bao giờ gặp lại. Tất cả những cái tên đều thật lạ tai và có lẽ cũng chẳng hề liên quan đến nhau. Nhưng với Làn, với “Lê la từ nhà ra ngõ” ta hiểu tất cả mọi người đều có một mối liên kết, đó chính là LÒNG TỐT - thứ keo kết nối vô hình song vô cùng bền bỉ và chắc chắn. \u003cbr /\u003e\u003cbr /\u003e“Lòng tốt nó như một cái vòng. Ai đó tốt với cậu, cậu nhận và đem tặng nó cho người khác, người ta sẽ nhận và lại gửi gắm đi. Rồi nó sẽ trở thành một cái vòng rộng ơi là rộng. Cậu sẽ là một mắt xích của cái vòng đó. Việc của mình đôi khi không phải bằng mọi giá quay lại cái mắt xích bên trên, mà là nối thêm một mắt xích nữa. Và tuyệt đối đừng để mình là mắt xích cuối cùng.”\u003c/p\u003e\n\u003cp\u003e\u003cbr /\u003e“Lê la từ nhà ra ngõ” giống như một bông bồ công anh, chỉ cần một làn gió nhẹ cũng đem những yêu thương bung tỏa từ những góc nhỏ nhất trong nhà ra những thênh thang ngoài đường xá. Cuốn sách tựa một cuốn “hồi ký” chung dành tặng cho tất cả những người trẻ - những người từng thấy chênh chao và vô định trên hành trình trưởng thành, những ai cần 1 nơi để tìm về và gửi gắm những nỗi lòng của mình.\u003c/p\u003e\n\u003cp\u003e\u003cbr /\u003eVới cách kể chuyện hóm hỉnh và có chút “ngẫu hứng”, đọc “Lê la từ nhà ra ngõ” như đang trò chuyện cùng cô bạn nhà kế bên. Để khi khép lại những trang sách cuối cùng, ta chấp nhận rằng cuộc sống này dù không hoàn hảo nhưng cũng đáng sống đó chứ. Cuộc sống nơi những người ta thương vẫn đang hít thở dưới bầu trời cao rộng.\u003cbr /\u003e\u003cbr /\u003eĐầu năm 2022, mến gửi bạn những trang sách dễ thương trong “Lê la từ nhà ra ngõ”, hãy thả mình vào từng con chữ để thêm yêu, thêm trân quý cuộc sống giản đơn song cũng ẩn chứa nhiều điều diệu kỳ xung quanh mình.\u003c/p\u003e\u003cp\u003eGiá sản phẩm trên Tiki đã bao gồm thuế theo luật hiện hành. Bên cạnh đó, tuỳ vào loại sản phẩm, hình thức và địa chỉ giao hàng mà có thể phát sinh thêm chi phí khác như phí vận chuyển, phụ phí hàng cồng kềnh, thuế nhập khẩu (đối với đơn hàng giao từ nước ngoài có giá trị trên 1 triệu đồng).....\u003c/p\u003e","original_price":89000.0,"thumbnail_url":"https://salt.tikicdn.com/cache/280x280/ts/product/9f/eb/b6/24d511f8cfae567fe5b70aaa31e8e6d4.jpg","images":[{"base_url":"https://salt.tikicdn.com/ts/product/9f/eb/b6/24d511f8cfae567fe5b70aaa31e8e6d4.jpg","dbId":31854},{"base_url":"https://salt.tikicdn.com/ts/product/cc/8b/60/33475d68a1870f6dc6012389dcb9a927.jpg","dbId":31855},{"base_url":"https://salt.tikicdn.com/ts/product/e9/dd/6c/88431aa55673d0ef6c560b27634917b3.jpg","dbId":31856}],"authors":[{"id":5375689,"name":"Làn","dbId":6285}],"specifications":[{"name":"Thông tin chung","attributes":[{"name":"Phiên bản sách","value":"Phiên bản thường"},{"name":"Công ty phát hành","value":"Skybooks"},{"name":"Ngày xuất bản","value":"2022-01-01 00:00:00"},{"name":"Loại bìa","value":"Bìa mềm"},{"name":"Số trang","value":"216"},{"name":"Nhà xuất bản","value":"Nhà Xuất Bản Phụ Nữ Việt Nam"},{"code":"PUBLICATION_DATE","name":"Kích thước","value":"12.5 x 20 cm"}]}],"stock_item":{"qty":1000},"all_time_quantity_sold":2246,"reviews":[{"id":18337593,"title":"Cực kì hài lòng","content":"- Tiki giao hàng nhanh. Sách mới, siêu xinh, ko bị hư hại nói chung 10 đỉm 🤗\r\n- Nội dung: Sách gồm những câu chuyện nhỏ siêu dễ thương, rất gần gũi và thân thuộc vs chúng ta. Chuyện về gia đình, tuổi thơ, cuộc sống nói chung nhiều lắm. Mỗi câu chuyện đều tạo nên cảm giác thân quen và đều cho những bài học nhỏ thú vị về cuộc sống nói chung mn nên đọc nha","customer_id":19263570,"rating":5,"images":[{"id":4024161,"full_path":"https://salt.tikicdn.com/ts/review/9b/4f/65/f15fa97e89f23b8394c8c51b462faba7.jpg"},{"id":4024162,"full_path":"https://salt.tikicdn.com/ts/review/7e/ec/ef/323e2ae1299cac1ffdece143c75be827.jpg"},{"id":4024163,"full_path":"https://salt.tikicdn.com/ts/review/a2/92/83/1e13f1f97fa0e94fc37b544336a35415.jpg"},{"id":4024164,"full_path":"https://salt.tikicdn.com/ts/review/c3/15/c9/0fb2d1fa03403361c9e12c6b643d5b57.jpg"},{"id":4024165,"full_path":"https://salt.tikicdn.com/ts/review/5a/fe/a9/f2815f09ad272d7346cdda59cd72060e.jpg"}],"created_at":1670034289,"created_by":{"id":19263570,"name":"Nguyễn Phương","full_name":"Nguyễn Phương","created_time":"2020-11-20 17:59:49","purchased":true,"purchased_at":1669376319},"product_id":157195847,"timeline":{"review_created_date":"2022-12-03 09:24:49","delivery_date":"2022-11-26 15:15:22"}},{"id":14701397,"title":"Cực kì hài lòng","content":"\"Lê la từ nhà rõ\", nghe cái tên thôi đã thấy cute rồi ấy. Một cuốn sách nhỏ xinh, chứa đựng những câu truyện vụn vặt từ trong nhà ra ngoài ngõ của tác giả . Những thứ nhỏ bé nhất, những con người bình thường mà đôi khi chúng ta vô tình quên mất hộ như bà bán hủ tiếu, ông bán nước đến cô lao công,... tất cả đều có mặt trong cuốn sách này. Cuốn sách là một chút bình yên, một chút ấm áp cho mỗi người chta. Cuốn sách như một liều thuốc tinh thần, khiến cho chúng ta nhận ra: à, thì ra bình yên ở ngay quanh ta mà lâu nay chúng ta cứ mất công tìm kiếm.","customer_id":16239007,"rating":5,"images":[{"id":3079671,"full_path":"https://salt.tikicdn.com/ts/review/84/45/41/77a11584f7c696c5581961386a503a8b.jpg"},{"id":3079672,"full_path":"https://salt.tikicdn.com/ts/review/95/21/5d/0a492c484d044b7aecb1b975abfdbd56.jpg"},{"id":3079673,"full_path":"https://salt.tikicdn.com/ts/review/b5/bd/97/9c170981fa67cbe9a0c2fac70479c789.jpg"},{"id":3079674,"full_path":"https://salt.tikicdn.com/ts/review/90/04/b2/286000f97794836dba593a5664ab8598.jpg"},{"id":3079675,"full_path":"https://salt.tikicdn.com/ts/review/f7/b1/77/d22c13272755076a144250d58bd92778.jpg"}],"created_at":1643178273,"created_by":{"id":16239007,"name":"Yến Nhi ","full_name":"Yến Nhi ","created_time":"2020-02-03 12:37:17","purchased":true,"purchased_at":1642567187},"product_id":157195847,"timeline":{"review_created_date":"2022-01-26 13:24:33","delivery_date":"2022-01-20 11:12:03"}},{"id":19404321,"title":"Hài lòng","content":"Mình mua cuốn này lúc đang giảm giá, cũng là vì tò mò nội dung, lúc đầu đọc mô tả mình nghĩ lối viết giống cuốn \u0027lẩy chú mèo nông trại\u0027, nhưng không phải vậy, chỉ là các mẩu truyện ngắn rời rạc không liền mạch thời guan về cuộc sống tác giả, về cơ bản thì nội dung vẫn chấp nhận được, có điều cách trình bày này không phải gu của mình","customer_id":165989,"rating":4,"images":[{"id":4259008,"full_path":"https://salt.tikicdn.com/ts/review/94/9e/c7/481f77721a85214d8c916a03143c5896.jpg"}],"created_at":1690167757,"created_by":{"id":165989,"name":"Phạm Thị Ngọc Châu","full_name":"Phạm Thị Ngọc Châu","created_time":"2013-08-29 10:20:05","purchased":true,"purchased_at":1689913357},"product_id":157195847,"timeline":{"review_created_date":"2023-07-24 10:02:37","delivery_date":"2023-07-22 08:15:30"}},{"id":15078846,"title":"Cực kì hài lòng","content":"Instagram: SACHMINDOC\n...\n🖌Một quyển sách nhẹ nhàng, gần gũi với những câu chuyện xoay quanh gia đình từ ông bà bố mẹ con cái, đến hàng xóm là ông cụ bà cụ rồi bác này bác kia cùng những đứa nhỏ trong xóm, đến một tỉnh khác cùng những tình cảm của làng xóm yêu thương. \n🖌Tựa đề vô cùng đơn giản như đã nói hết là những câu chuyện nhỏ xíu đôi khi là “xàm” là “nhảm” đến từ tác giả nhưng nó lại chứa đựng bao nhiêu là kí ức mà chúng ta đã từng gặp qua khi còn là những cô cậu bé vui tươi hồn nhiên đến khi trưởng thành để nhận biết được. Những câu chuyện nhẹ nhàng, không drama cũng như không có cú twist nào cả, chỉ là những mẩu chuyện ngắn dễ thương muốn xỉu cùng tình cảm gia đình, bạn bè, làng xóm và sự yêu thương của con người với nhau trong mùa dịch mà thôi. Đôi khi chỉ là những câu hỏi thăm lặp đi lặp lại ngày này qua tháng nọ của người thân gọi điện hỏi thăm mà chúng ta khó chịu bực dọc là để cho họ biết chúng ta vẫn khỏe là an lòng rồi. Đôi khi chỉ là cô bán hủ tiếu, chú bảo vệ hay ông già khó ưa, anh đổ xăng,... tạo nên bức tranh muôn màu. Đôi khi chỉ là bó rau, củ khoai, trái mướp,... chia sẻ với nhau để vượt qua và chiến thắng đại dịch.\n🖌Đọc để chúng ta nhận ra hạnh phúc nó nhỏ bé và bình dị, chỉ ngay bên cạnh chúng ta nếu chúng ta trân trọng và cho đi mà không suy nghĩ. Để chúng ta trân trọng hơn, yêu cuộc sống này hơn.\n🖌Mà quyển sách này chỉ có bookmark, phải chi có postcard thì nói sao nhỉ, nó hợp hơn và cuốn hút hơn phải không ta 😆😆😆\n...\n“Chẳng có gì hoàn hảo, chỉ cần mọi thứ hài hoà”\n“Lòng tốt đó như một cái vòng. Ai đó tốt với cậu, cậu nhận và đem lòng tốt ấy cho người khác, người ta sẽ nhận và lại gửi gắm đi. Rồi nó sẽ là một cái vòng rộng ơi là rộng. Cậu sẽ là một mắt xích của cái vòng đó. Việc của mình đôi khi không phải bằng mọi giá quay lại cái mắt xích bên trên, mà là nối thêm một mắt xích nữa. Và tuyệt đối đừng để mình là mắt xích cuối cùng”","customer_id":11060159,"rating":5,"images":[{"id":3155857,"full_path":"https://salt.tikicdn.com/ts/review/20/44/66/3fe632b5b80530b557ca900a2797285b.jpg"},{"id":3155858,"full_path":"https://salt.tikicdn.com/ts/review/a3/5e/8e/5364d102e284abfed1b92db5f0ef8bdd.jpg"},{"id":3155859,"full_path":"https://salt.tikicdn.com/ts/review/8c/38/3f/6f56ff0cd5ff3173d5102ab08f049362.jpg"}],"created_at":1645500372,"created_by":{"id":11060159,"name":"Nhật Minh","full_name":"Nhật Minh","created_time":"2019-02-26 21:35:12","purchased":true,"purchased_at":1644841338},"product_id":157195847,"timeline":{"review_created_date":"2022-02-22 10:26:12","delivery_date":"2022-02-16 12:11:21"}},{"id":15454183,"title":"Hài lòng","content":"Nhìn sách là thấy ngọt rồi í, bìa dễ thương xỉu luôn.Mùi sách thơm thơm thích lắm^^ Nội dung sách xoay quanh những mẩu chuyện cuộc sống hằng ngày nhưng ý nghĩa lắm nha.Cơ mà hơi buồn vì mình không nhận được lời chúc của chị Làn . \r\nMình xin trích một câu trong sách:\" Niềm vui của trẻ con đơn giản lắm, nhưng ngưòi lớn nào nhận ra những điều bé xíu ấy thì người lớn thật là to\"","customer_id":5239544,"rating":4,"images":[{"id":3240467,"full_path":"https://salt.tikicdn.com/ts/review/c9/97/c7/9b270aed29d9216f5aa2c97ab0e7d21e.jpg"},{"id":3240468,"full_path":"https://salt.tikicdn.com/ts/review/e6/53/83/a091250c083fe6c041509f47df7ac7ff.jpg"}],"created_at":1647437898,"created_by":{"id":5239544,"name":"Nguyễn Tú Vân","full_name":"Nguyễn Tú Vân","created_time":"2017-04-28 17:49:08","purchased":true,"purchased_at":1642300698},"product_id":157195847,"timeline":{"review_created_date":"2022-03-16 20:38:18","delivery_date":"2022-01-16 11:58:00"}},{"id":18337593,"title":"Cực kì hài lòng","content":"- Tiki giao hàng nhanh. Sách mới, siêu xinh, ko bị hư hại nói chung 10 đỉm 🤗\r\n- Nội dung: Sách gồm những câu chuyện nhỏ siêu dễ thương, rất gần gũi và thân thuộc vs chúng ta. Chuyện về gia đình, tuổi thơ, cuộc sống nói chung nhiều lắm. Mỗi câu chuyện đều tạo nên cảm giác thân quen và đều cho những bài học nhỏ thú vị về cuộc sống nói chung mn nên đọc nha","customer_id":19263570,"rating":5,"images":[{"id":4024161,"full_path":"https://salt.tikicdn.com/ts/review/9b/4f/65/f15fa97e89f23b8394c8c51b462faba7.jpg"},{"id":4024162,"full_path":"https://salt.tikicdn.com/ts/review/7e/ec/ef/323e2ae1299cac1ffdece143c75be827.jpg"},{"id":4024163,"full_path":"https://salt.tikicdn.com/ts/review/a2/92/83/1e13f1f97fa0e94fc37b544336a35415.jpg"},{"id":4024164,"full_path":"https://salt.tikicdn.com/ts/review/c3/15/c9/0fb2d1fa03403361c9e12c6b643d5b57.jpg"},{"id":4024165,"full_path":"https://salt.tikicdn.com/ts/review/5a/fe/a9/f2815f09ad272d7346cdda59cd72060e.jpg"}],"created_at":1670034289,"created_by":{"id":19263570,"name":"Nguyễn Phương","full_name":"Nguyễn Phương","created_time":"2020-11-20 17:59:49","purchased":true,"purchased_at":1669376319},"product_id":157195847,"timeline":{"review_created_date":"2022-12-03 09:24:49","delivery_date":"2022-11-26 15:15:22"}},{"id":14701397,"title":"Cực kì hài lòng","content":"\"Lê la từ nhà rõ\", nghe cái tên thôi đã thấy cute rồi ấy. Một cuốn sách nhỏ xinh, chứa đựng những câu truyện vụn vặt từ trong nhà ra ngoài ngõ của tác giả . Những thứ nhỏ bé nhất, những con người bình thường mà đôi khi chúng ta vô tình quên mất hộ như bà bán hủ tiếu, ông bán nước đến cô lao công,... tất cả đều có mặt trong cuốn sách này. Cuốn sách là một chút bình yên, một chút ấm áp cho mỗi người chta. Cuốn sách như một liều thuốc tinh thần, khiến cho chúng ta nhận ra: à, thì ra bình yên ở ngay quanh ta mà lâu nay chúng ta cứ mất công tìm kiếm.","customer_id":16239007,"rating":5,"images":[{"id":3079671,"full_path":"https://salt.tikicdn.com/ts/review/84/45/41/77a11584f7c696c5581961386a503a8b.jpg"},{"id":3079672,"full_path":"https://salt.tikicdn.com/ts/review/95/21/5d/0a492c484d044b7aecb1b975abfdbd56.jpg"},{"id":3079673,"full_path":"https://salt.tikicdn.com/ts/review/b5/bd/97/9c170981fa67cbe9a0c2fac70479c789.jpg"},{"id":3079674,"full_path":"https://salt.tikicdn.com/ts/review/90/04/b2/286000f97794836dba593a5664ab8598.jpg"},{"id":3079675,"full_path":"https://salt.tikicdn.com/ts/review/f7/b1/77/d22c13272755076a144250d58bd92778.jpg"}],"created_at":1643178273,"created_by":{"id":16239007,"name":"Yến Nhi ","full_name":"Yến Nhi ","created_time":"2020-02-03 12:37:17","purchased":true,"purchased_at":1642567187},"product_id":157195847,"timeline":{"review_created_date":"2022-01-26 13:24:33","delivery_date":"2022-01-20 11:12:03"}},{"id":19404321,"title":"Hài lòng","content":"Mình mua cuốn này lúc đang giảm giá, cũng là vì tò mò nội dung, lúc đầu đọc mô tả mình nghĩ lối viết giống cuốn \u0027lẩy chú mèo nông trại\u0027, nhưng không phải vậy, chỉ là các mẩu truyện ngắn rời rạc không liền mạch thời guan về cuộc sống tác giả, về cơ bản thì nội dung vẫn chấp nhận được, có điều cách trình bày này không phải gu của mình","customer_id":165989,"rating":4,"images":[{"id":4259008,"full_path":"https://salt.tikicdn.com/ts/review/94/9e/c7/481f77721a85214d8c916a03143c5896.jpg"}],"created_at":1690167757,"created_by":{"id":165989,"name":"Phạm Thị Ngọc Châu","full_name":"Phạm Thị Ngọc Châu","created_time":"2013-08-29 10:20:05","purchased":true,"purchased_at":1689913357},"product_id":157195847,"timeline":{"review_created_date":"2023-07-24 10:02:37","delivery_date":"2023-07-22 08:15:30"}},{"id":15078846,"title":"Cực kì hài lòng","content":"Instagram: SACHMINDOC\n...\n🖌Một quyển sách nhẹ nhàng, gần gũi với những câu chuyện xoay quanh gia đình từ ông bà bố mẹ con cái, đến hàng xóm là ông cụ bà cụ rồi bác này bác kia cùng những đứa nhỏ trong xóm, đến một tỉnh khác cùng những tình cảm của làng xóm yêu thương. \n🖌Tựa đề vô cùng đơn giản như đã nói hết là những câu chuyện nhỏ xíu đôi khi là “xàm” là “nhảm” đến từ tác giả nhưng nó lại chứa đựng bao nhiêu là kí ức mà chúng ta đã từng gặp qua khi còn là những cô cậu bé vui tươi hồn nhiên đến khi trưởng thành để nhận biết được. Những câu chuyện nhẹ nhàng, không drama cũng như không có cú twist nào cả, chỉ là những mẩu chuyện ngắn dễ thương muốn xỉu cùng tình cảm gia đình, bạn bè, làng xóm và sự yêu thương của con người với nhau trong mùa dịch mà thôi. Đôi khi chỉ là những câu hỏi thăm lặp đi lặp lại ngày này qua tháng nọ của người thân gọi điện hỏi thăm mà chúng ta khó chịu bực dọc là để cho họ biết chúng ta vẫn khỏe là an lòng rồi. Đôi khi chỉ là cô bán hủ tiếu, chú bảo vệ hay ông già khó ưa, anh đổ xăng,... tạo nên bức tranh muôn màu. Đôi khi chỉ là bó rau, củ khoai, trái mướp,... chia sẻ với nhau để vượt qua và chiến thắng đại dịch.\n🖌Đọc để chúng ta nhận ra hạnh phúc nó nhỏ bé và bình dị, chỉ ngay bên cạnh chúng ta nếu chúng ta trân trọng và cho đi mà không suy nghĩ. Để chúng ta trân trọng hơn, yêu cuộc sống này hơn.\n🖌Mà quyển sách này chỉ có bookmark, phải chi có postcard thì nói sao nhỉ, nó hợp hơn và cuốn hút hơn phải không ta 😆😆😆\n...\n“Chẳng có gì hoàn hảo, chỉ cần mọi thứ hài hoà”\n“Lòng tốt đó như một cái vòng. Ai đó tốt với cậu, cậu nhận và đem lòng tốt ấy cho người khác, người ta sẽ nhận và lại gửi gắm đi. Rồi nó sẽ là một cái vòng rộng ơi là rộng. Cậu sẽ là một mắt xích của cái vòng đó. Việc của mình đôi khi không phải bằng mọi giá quay lại cái mắt xích bên trên, mà là nối thêm một mắt xích nữa. Và tuyệt đối đừng để mình là mắt xích cuối cùng”","customer_id":11060159,"rating":5,"images":[{"id":3155857,"full_path":"https://salt.tikicdn.com/ts/review/20/44/66/3fe632b5b80530b557ca900a2797285b.jpg"},{"id":3155858,"full_path":"https://salt.tikicdn.com/ts/review/a3/5e/8e/5364d102e284abfed1b92db5f0ef8bdd.jpg"},{"id":3155859,"full_path":"https://salt.tikicdn.com/ts/review/8c/38/3f/6f56ff0cd5ff3173d5102ab08f049362.jpg"}],"created_at":1645500372,"created_by":{"id":11060159,"name":"Nhật Minh","full_name":"Nhật Minh","created_time":"2019-02-26 21:35:12","purchased":true,"purchased_at":1644841338},"product_id":157195847,"timeline":{"review_created_date":"2022-02-22 10:26:12","delivery_date":"2022-02-16 12:11:21"}},{"id":15454183,"title":"Hài lòng","content":"Nhìn sách là thấy ngọt rồi í, bìa dễ thương xỉu luôn.Mùi sách thơm thơm thích lắm^^ Nội dung sách xoay quanh những mẩu chuyện cuộc sống hằng ngày nhưng ý nghĩa lắm nha.Cơ mà hơi buồn vì mình không nhận được lời chúc của chị Làn . \r\nMình xin trích một câu trong sách:\" Niềm vui của trẻ con đơn giản lắm, nhưng ngưòi lớn nào nhận ra những điều bé xíu ấy thì người lớn thật là to\"","customer_id":5239544,"rating":4,"images":[{"id":3240467,"full_path":"https://salt.tikicdn.com/ts/review/c9/97/c7/9b270aed29d9216f5aa2c97ab0e7d21e.jpg"},{"id":3240468,"full_path":"https://salt.tikicdn.com/ts/review/e6/53/83/a091250c083fe6c041509f47df7ac7ff.jpg"}],"created_at":1647437898,"created_by":{"id":5239544,"name":"Nguyễn Tú Vân","full_name":"Nguyễn Tú Vân","created_time":"2017-04-28 17:49:08","purchased":true,"purchased_at":1642300698},"product_id":157195847,"timeline":{"review_created_date":"2022-03-16 20:38:18","delivery_date":"2022-01-16 11:58:00"}},{"id":18337593,"title":"Cực kì hài lòng","content":"- Tiki giao hàng nhanh. Sách mới, siêu xinh, ko bị hư hại nói chung 10 đỉm 🤗\r\n- Nội dung: Sách gồm những câu chuyện nhỏ siêu dễ thương, rất gần gũi và thân thuộc vs chúng ta. Chuyện về gia đình, tuổi thơ, cuộc sống nói chung nhiều lắm. Mỗi câu chuyện đều tạo nên cảm giác thân quen và đều cho những bài học nhỏ thú vị về cuộc sống nói chung mn nên đọc nha","customer_id":19263570,"rating":5,"images":[{"id":4024161,"full_path":"https://salt.tikicdn.com/ts/review/9b/4f/65/f15fa97e89f23b8394c8c51b462faba7.jpg"},{"id":4024162,"full_path":"https://salt.tikicdn.com/ts/review/7e/ec/ef/323e2ae1299cac1ffdece143c75be827.jpg"},{"id":4024163,"full_path":"https://salt.tikicdn.com/ts/review/a2/92/83/1e13f1f97fa0e94fc37b544336a35415.jpg"},{"id":4024164,"full_path":"https://salt.tikicdn.com/ts/review/c3/15/c9/0fb2d1fa03403361c9e12c6b643d5b57.jpg"},{"id":4024165,"full_path":"https://salt.tikicdn.com/ts/review/5a/fe/a9/f2815f09ad272d7346cdda59cd72060e.jpg"}],"created_at":1670034289,"created_by":{"id":19263570,"name":"Nguyễn Phương","full_name":"Nguyễn Phương","created_time":"2020-11-20 17:59:49","purchased":true,"purchased_at":1669376319},"product_id":157195847,"timeline":{"review_created_date":"2022-12-03 09:24:49","delivery_date":"2022-11-26 15:15:22"}},{"id":14701397,"title":"Cực kì hài lòng","content":"\"Lê la từ nhà rõ\", nghe cái tên thôi đã thấy cute rồi ấy. Một cuốn sách nhỏ xinh, chứa đựng những câu truyện vụn vặt từ trong nhà ra ngoài ngõ của tác giả . Những thứ nhỏ bé nhất, những con người bình thường mà đôi khi chúng ta vô tình quên mất hộ như bà bán hủ tiếu, ông bán nước đến cô lao công,... tất cả đều có mặt trong cuốn sách này. Cuốn sách là một chút bình yên, một chút ấm áp cho mỗi người chta. Cuốn sách như một liều thuốc tinh thần, khiến cho chúng ta nhận ra: à, thì ra bình yên ở ngay quanh ta mà lâu nay chúng ta cứ mất công tìm kiếm.","customer_id":16239007,"rating":5,"images":[{"id":3079671,"full_path":"https://salt.tikicdn.com/ts/review/84/45/41/77a11584f7c696c5581961386a503a8b.jpg"},{"id":3079672,"full_path":"https://salt.tikicdn.com/ts/review/95/21/5d/0a492c484d044b7aecb1b975abfdbd56.jpg"},{"id":3079673,"full_path":"https://salt.tikicdn.com/ts/review/b5/bd/97/9c170981fa67cbe9a0c2fac70479c789.jpg"},{"id":3079674,"full_path":"https://salt.tikicdn.com/ts/review/90/04/b2/286000f97794836dba593a5664ab8598.jpg"},{"id":3079675,"full_path":"https://salt.tikicdn.com/ts/review/f7/b1/77/d22c13272755076a144250d58bd92778.jpg"}],"created_at":1643178273,"created_by":{"id":16239007,"name":"Yến Nhi ","full_name":"Yến Nhi ","created_time":"2020-02-03 12:37:17","purchased":true,"purchased_at":1642567187},"product_id":157195847,"timeline":{"review_created_date":"2022-01-26 13:24:33","delivery_date":"2022-01-20 11:12:03"}},{"id":19404321,"title":"Hài lòng","content":"Mình mua cuốn này lúc đang giảm giá, cũng là vì tò mò nội dung, lúc đầu đọc mô tả mình nghĩ lối viết giống cuốn \u0027lẩy chú mèo nông trại\u0027, nhưng không phải vậy, chỉ là các mẩu truyện ngắn rời rạc không liền mạch thời guan về cuộc sống tác giả, về cơ bản thì nội dung vẫn chấp nhận được, có điều cách trình bày này không phải gu của mình","customer_id":165989,"rating":4,"images":[{"id":4259008,"full_path":"https://salt.tikicdn.com/ts/review/94/9e/c7/481f77721a85214d8c916a03143c5896.jpg"}],"created_at":1690167757,"created_by":{"id":165989,"name":"Phạm Thị Ngọc Châu","full_name":"Phạm Thị Ngọc Châu","created_time":"2013-08-29 10:20:05","purchased":true,"purchased_at":1689913357},"product_id":157195847,"timeline":{"review_created_date":"2023-07-24 10:02:37","delivery_date":"2023-07-22 08:15:30"}},{"id":15078846,"title":"Cực kì hài lòng","content":"Instagram: SACHMINDOC\n...\n🖌Một quyển sách nhẹ nhàng, gần gũi với những câu chuyện xoay quanh gia đình từ ông bà bố mẹ con cái, đến hàng xóm là ông cụ bà cụ rồi bác này bác kia cùng những đứa nhỏ trong xóm, đến một tỉnh khác cùng những tình cảm của làng xóm yêu thương. \n🖌Tựa đề vô cùng đơn giản như đã nói hết là những câu chuyện nhỏ xíu đôi khi là “xàm” là “nhảm” đến từ tác giả nhưng nó lại chứa đựng bao nhiêu là kí ức mà chúng ta đã từng gặp qua khi còn là những cô cậu bé vui tươi hồn nhiên đến khi trưởng thành để nhận biết được. Những câu chuyện nhẹ nhàng, không drama cũng như không có cú twist nào cả, chỉ là những mẩu chuyện ngắn dễ thương muốn xỉu cùng tình cảm gia đình, bạn bè, làng xóm và sự yêu thương của con người với nhau trong mùa dịch mà thôi. Đôi khi chỉ là những câu hỏi thăm lặp đi lặp lại ngày này qua tháng nọ của người thân gọi điện hỏi thăm mà chúng ta khó chịu bực dọc là để cho họ biết chúng ta vẫn khỏe là an lòng rồi. Đôi khi chỉ là cô bán hủ tiếu, chú bảo vệ hay ông già khó ưa, anh đổ xăng,... tạo nên bức tranh muôn màu. Đôi khi chỉ là bó rau, củ khoai, trái mướp,... chia sẻ với nhau để vượt qua và chiến thắng đại dịch.\n🖌Đọc để chúng ta nhận ra hạnh phúc nó nhỏ bé và bình dị, chỉ ngay bên cạnh chúng ta nếu chúng ta trân trọng và cho đi mà không suy nghĩ. Để chúng ta trân trọng hơn, yêu cuộc sống này hơn.\n🖌Mà quyển sách này chỉ có bookmark, phải chi có postcard thì nói sao nhỉ, nó hợp hơn và cuốn hút hơn phải không ta 😆😆😆\n...\n“Chẳng có gì hoàn hảo, chỉ cần mọi thứ hài hoà”\n“Lòng tốt đó như một cái vòng. Ai đó tốt với cậu, cậu nhận và đem lòng tốt ấy cho người khác, người ta sẽ nhận và lại gửi gắm đi. Rồi nó sẽ là một cái vòng rộng ơi là rộng. Cậu sẽ là một mắt xích của cái vòng đó. Việc của mình đôi khi không phải bằng mọi giá quay lại cái mắt xích bên trên, mà là nối thêm một mắt xích nữa. Và tuyệt đối đừng để mình là mắt xích cuối cùng”","customer_id":11060159,"rating":5,"images":[{"id":3155857,"full_path":"https://salt.tikicdn.com/ts/review/20/44/66/3fe632b5b80530b557ca900a2797285b.jpg"},{"id":3155858,"full_path":"https://salt.tikicdn.com/ts/review/a3/5e/8e/5364d102e284abfed1b92db5f0ef8bdd.jpg"},{"id":3155859,"full_path":"https://salt.tikicdn.com/ts/review/8c/38/3f/6f56ff0cd5ff3173d5102ab08f049362.jpg"}],"created_at":1645500372,"created_by":{"id":11060159,"name":"Nhật Minh","full_name":"Nhật Minh","created_time":"2019-02-26 21:35:12","purchased":true,"purchased_at":1644841338},"product_id":157195847,"timeline":{"review_created_date":"2022-02-22 10:26:12","delivery_date":"2022-02-16 12:11:21"}},{"id":15454183,"title":"Hài lòng","content":"Nhìn sách là thấy ngọt rồi í, bìa dễ thương xỉu luôn.Mùi sách thơm thơm thích lắm^^ Nội dung sách xoay quanh những mẩu chuyện cuộc sống hằng ngày nhưng ý nghĩa lắm nha.Cơ mà hơi buồn vì mình không nhận được lời chúc của chị Làn . \r\nMình xin trích một câu trong sách:\" Niềm vui của trẻ con đơn giản lắm, nhưng ngưòi lớn nào nhận ra những điều bé xíu ấy thì người lớn thật là to\"","customer_id":5239544,"rating":4,"images":[{"id":3240467,"full_path":"https://salt.tikicdn.com/ts/review/c9/97/c7/9b270aed29d9216f5aa2c97ab0e7d21e.jpg"},{"id":3240468,"full_path":"https://salt.tikicdn.com/ts/review/e6/53/83/a091250c083fe6c041509f47df7ac7ff.jpg"}],"created_at":1647437898,"created_by":{"id":5239544,"name":"Nguyễn Tú Vân","full_name":"Nguyễn Tú Vân","created_time":"2017-04-28 17:49:08","purchased":true,"purchased_at":1642300698},"product_id":157195847,"timeline":{"review_created_date":"2022-03-16 20:38:18","delivery_date":"2022-01-16 11:58:00"}},{"id":18337593,"title":"Cực kì hài lòng","content":"- Tiki giao hàng nhanh. Sách mới, siêu xinh, ko bị hư hại nói chung 10 đỉm 🤗\r\n- Nội dung: Sách gồm những câu chuyện nhỏ siêu dễ thương, rất gần gũi và thân thuộc vs chúng ta. Chuyện về gia đình, tuổi thơ, cuộc sống nói chung nhiều lắm. Mỗi câu chuyện đều tạo nên cảm giác thân quen và đều cho những bài học nhỏ thú vị về cuộc sống nói chung mn nên đọc nha","customer_id":19263570,"rating":5,"images":[{"id":4024161,"full_path":"https://salt.tikicdn.com/ts/review/9b/4f/65/f15fa97e89f23b8394c8c51b462faba7.jpg"},{"id":4024162,"full_path":"https://salt.tikicdn.com/ts/review/7e/ec/ef/323e2ae1299cac1ffdece143c75be827.jpg"},{"id":4024163,"full_path":"https://salt.tikicdn.com/ts/review/a2/92/83/1e13f1f97fa0e94fc37b544336a35415.jpg"},{"id":4024164,"full_path":"https://salt.tikicdn.com/ts/review/c3/15/c9/0fb2d1fa03403361c9e12c6b643d5b57.jpg"},{"id":4024165,"full_path":"https://salt.tikicdn.com/ts/review/5a/fe/a9/f2815f09ad272d7346cdda59cd72060e.jpg"}],"created_at":1670034289,"created_by":{"id":19263570,"name":"Nguyễn Phương","full_name":"Nguyễn Phương","created_time":"2020-11-20 17:59:49","purchased":true,"purchased_at":1669376319},"product_id":157195847,"timeline":{"review_created_date":"2022-12-03 09:24:49","delivery_date":"2022-11-26 15:15:22"}},{"id":14701397,"title":"Cực kì hài lòng","content":"\"Lê la từ nhà rõ\", nghe cái tên thôi đã thấy cute rồi ấy. Một cuốn sách nhỏ xinh, chứa đựng những câu truyện vụn vặt từ trong nhà ra ngoài ngõ của tác giả . Những thứ nhỏ bé nhất, những con người bình thường mà đôi khi chúng ta vô tình quên mất hộ như bà bán hủ tiếu, ông bán nước đến cô lao công,... tất cả đều có mặt trong cuốn sách này. Cuốn sách là một chút bình yên, một chút ấm áp cho mỗi người chta. Cuốn sách như một liều thuốc tinh thần, khiến cho chúng ta nhận ra: à, thì ra bình yên ở ngay quanh ta mà lâu nay chúng ta cứ mất công tìm kiếm.","customer_id":16239007,"rating":5,"images":[{"id":3079671,"full_path":"https://salt.tikicdn.com/ts/review/84/45/41/77a11584f7c696c5581961386a503a8b.jpg"},{"id":3079672,"full_path":"https://salt.tikicdn.com/ts/review/95/21/5d/0a492c484d044b7aecb1b975abfdbd56.jpg"},{"id":3079673,"full_path":"https://salt.tikicdn.com/ts/review/b5/bd/97/9c170981fa67cbe9a0c2fac70479c789.jpg"},{"id":3079674,"full_path":"https://salt.tikicdn.com/ts/review/90/04/b2/286000f97794836dba593a5664ab8598.jpg"},{"id":3079675,"full_path":"https://salt.tikicdn.com/ts/review/f7/b1/77/d22c13272755076a144250d58bd92778.jpg"}],"created_at":1643178273,"created_by":{"id":16239007,"name":"Yến Nhi ","full_name":"Yến Nhi ","created_time":"2020-02-03 12:37:17","purchased":true,"purchased_at":1642567187},"product_id":157195847,"timeline":{"review_created_date":"2022-01-26 13:24:33","delivery_date":"2022-01-20 11:12:03"}},{"id":19404321,"title":"Hài lòng","content":"Mình mua cuốn này lúc đang giảm giá, cũng là vì tò mò nội dung, lúc đầu đọc mô tả mình nghĩ lối viết giống cuốn \u0027lẩy chú mèo nông trại\u0027, nhưng không phải vậy, chỉ là các mẩu truyện ngắn rời rạc không liền mạch thời guan về cuộc sống tác giả, về cơ bản thì nội dung vẫn chấp nhận được, có điều cách trình bày này không phải gu của mình","customer_id":165989,"rating":4,"images":[{"id":4259008,"full_path":"https://salt.tikicdn.com/ts/review/94/9e/c7/481f77721a85214d8c916a03143c5896.jpg"}],"created_at":1690167757,"created_by":{"id":165989,"name":"Phạm Thị Ngọc Châu","full_name":"Phạm Thị Ngọc Châu","created_time":"2013-08-29 10:20:05","purchased":true,"purchased_at":1689913357},"product_id":157195847,"timeline":{"review_created_date":"2023-07-24 10:02:37","delivery_date":"2023-07-22 08:15:30"}},{"id":15078846,"title":"Cực kì hài lòng","content":"Instagram: SACHMINDOC\n...\n🖌Một quyển sách nhẹ nhàng, gần gũi với những câu chuyện xoay quanh gia đình từ ông bà bố mẹ con cái, đến hàng xóm là ông cụ bà cụ rồi bác này bác kia cùng những đứa nhỏ trong xóm, đến một tỉnh khác cùng những tình cảm của làng xóm yêu thương. \n🖌Tựa đề vô cùng đơn giản như đã nói hết là những câu chuyện nhỏ xíu đôi khi là “xàm” là “nhảm” đến từ tác giả nhưng nó lại chứa đựng bao nhiêu là kí ức mà chúng ta đã từng gặp qua khi còn là những cô cậu bé vui tươi hồn nhiên đến khi trưởng thành để nhận biết được. Những câu chuyện nhẹ nhàng, không drama cũng như không có cú twist nào cả, chỉ là những mẩu chuyện ngắn dễ thương muốn xỉu cùng tình cảm gia đình, bạn bè, làng xóm và sự yêu thương của con người với nhau trong mùa dịch mà thôi. Đôi khi chỉ là những câu hỏi thăm lặp đi lặp lại ngày này qua tháng nọ của người thân gọi điện hỏi thăm mà chúng ta khó chịu bực dọc là để cho họ biết chúng ta vẫn khỏe là an lòng rồi. Đôi khi chỉ là cô bán hủ tiếu, chú bảo vệ hay ông già khó ưa, anh đổ xăng,... tạo nên bức tranh muôn màu. Đôi khi chỉ là bó rau, củ khoai, trái mướp,... chia sẻ với nhau để vượt qua và chiến thắng đại dịch.\n🖌Đọc để chúng ta nhận ra hạnh phúc nó nhỏ bé và bình dị, chỉ ngay bên cạnh chúng ta nếu chúng ta trân trọng và cho đi mà không suy nghĩ. Để chúng ta trân trọng hơn, yêu cuộc sống này hơn.\n🖌Mà quyển sách này chỉ có bookmark, phải chi có postcard thì nói sao nhỉ, nó hợp hơn và cuốn hút hơn phải không ta 😆😆😆\n...\n“Chẳng có gì hoàn hảo, chỉ cần mọi thứ hài hoà”\n“Lòng tốt đó như một cái vòng. Ai đó tốt với cậu, cậu nhận và đem lòng tốt ấy cho người khác, người ta sẽ nhận và lại gửi gắm đi. Rồi nó sẽ là một cái vòng rộng ơi là rộng. Cậu sẽ là một mắt xích của cái vòng đó. Việc của mình đôi khi không phải bằng mọi giá quay lại cái mắt xích bên trên, mà là nối thêm một mắt xích nữa. Và tuyệt đối đừng để mình là mắt xích cuối cùng”","customer_id":11060159,"rating":5,"images":[{"id":3155857,"full_path":"https://salt.tikicdn.com/ts/review/20/44/66/3fe632b5b80530b557ca900a2797285b.jpg"},{"id":3155858,"full_path":"https://salt.tikicdn.com/ts/review/a3/5e/8e/5364d102e284abfed1b92db5f0ef8bdd.jpg"},{"id":3155859,"full_path":"https://salt.tikicdn.com/ts/review/8c/38/3f/6f56ff0cd5ff3173d5102ab08f049362.jpg"}],"created_at":1645500372,"created_by":{"id":11060159,"name":"Nhật Minh","full_name":"Nhật Minh","created_time":"2019-02-26 21:35:12","purchased":true,"purchased_at":1644841338},"product_id":157195847,"timeline":{"review_created_date":"2022-02-22 10:26:12","delivery_date":"2022-02-16 12:11:21"}},{"id":15454183,"title":"Hài lòng","content":"Nhìn sách là thấy ngọt rồi í, bìa dễ thương xỉu luôn.Mùi sách thơm thơm thích lắm^^ Nội dung sách xoay quanh những mẩu chuyện cuộc sống hằng ngày nhưng ý nghĩa lắm nha.Cơ mà hơi buồn vì mình không nhận được lời chúc của chị Làn . \r\nMình xin trích một câu trong sách:\" Niềm vui của trẻ con đơn giản lắm, nhưng ngưòi lớn nào nhận ra những điều bé xíu ấy thì người lớn thật là to\"","customer_id":5239544,"rating":4,"images":[{"id":3240467,"full_path":"https://salt.tikicdn.com/ts/review/c9/97/c7/9b270aed29d9216f5aa2c97ab0e7d21e.jpg"},{"id":3240468,"full_path":"https://salt.tikicdn.com/ts/review/e6/53/83/a091250c083fe6c041509f47df7ac7ff.jpg"}],"created_at":1647437898,"created_by":{"id":5239544,"name":"Nguyễn Tú Vân","full_name":"Nguyễn Tú Vân","created_time":"2017-04-28 17:49:08","purchased":true,"purchased_at":1642300698},"product_id":157195847,"timeline":{"review_created_date":"2022-03-16 20:38:18","delivery_date":"2022-01-16 11:58:00"}}]}