{"id":157240665,"dbId":11465,"createdAt":1643216400000,"name":"Ra Bờ Suối Ngắm Hoa Kèn Hồng (Truyện Dài-Nguyễn Nhật Ánh)","short_description":"Ra bờ suối ngắm hoa kèn hồng là tác phẩm trong trẻo, tràn đầy tình yêu thương mát lành, trải ra trước mắt người đọc khu vườn trại rực rỡ cỏ hoa của vùng quê thanh bình, kèm theo đó là những “nhân vật”...","description":"\u003cp style\u003d\"text-align: justify;\"\u003eRa bờ suối ngắm hoa kèn hồng là tác phẩm trong trẻo, tràn đầy tình yêu thương mát lành, trải ra trước mắt người đọc khu vườn trại rực rỡ cỏ hoa của vùng quê thanh bình, kèm theo đó là những “nhân vật” đáng yêu, làm nên một “thế giới giàu có, rộng lớn và vô cùng hấp dẫn” mà dường như người lớn đã bỏ quên đâu đó từ lâu.\u003c/p\u003e\n\u003cp style\u003d\"text-align: justify;\"\u003eSau Tôi là Bê Tô, Có hai con mèo ngồi bên cửa sổ, Con chó nhỏ mang giỏ hoa hồng, đây là một cuốn sách nữa của nhà văn Nguyễn Nhật Ánh mà nhân vật chính là những bé động vật ngộ nghĩnh, được mô tả sống động dưới ngòi bút tài hoa và giàu tình thương.\u003c/p\u003e\n\u003cp style\u003d\"text-align: justify;\"\u003eCâu chuyện chạy qua 8 phần với 64 chương sách nhỏ đầy ắp lòng thương yêu, tính lương thiện, tình thân bạn bè, lòng dũng cảm và bao dung, đánh bạt sự ác độc và cả mọi thói xấu.\u003c/p\u003e\n\u003cp style\u003d\"text-align: justify;\"\u003eKhép cuốn sách lại, tự nhiên thấy lòng mình dịu lắng, bình yên đến lạ lùng…\u003c/p\u003e\n\u003cp style\u003d\"text-align: justify;\"\u003eVài đoạn trích trong tác phẩm Ra bờ suối ngắm hoa kèn hồng\u003c/p\u003e\n\u003cp style\u003d\"text-align: justify;\"\u003e“Tắm mình trong suối âm thanh, vẫn là những điệu buồn quen thuộc, nhưng đêm nay Mắt Tròn thấy tâm hồn mình như bay lên. Âm nhạc như một bàn tay vô hình đã nâng đỡ nó, lên cao, lên cao mãi. Cao hơn nỗi buồn, cao hơn những phiền muộn vẫn dày vò nó trong những ngày qua.\u003c/p\u003e\n\u003cp style\u003d\"text-align: justify;\"\u003eNỗi buồn, ờ thì nó vẫn ở đó, trong trái tim Mắt Tròn, nhưng nó không làm trái tim con gà xây xát nữa. Mắt Tròn ngạc nhiên nhận ra nỗi buồn có thể phát sáng, trở nên đẹp đẽ dưới sự vỗ về của âm nhạc.\u003c/p\u003e\n\u003cp style\u003d\"text-align: justify;\"\u003eTiếng đàn của chàng nhạc sĩ giang hồ đã sưởi ấm con gà, đã an ủi nó thật nhiều trong đêm hôm đó.\u003c/p\u003e\n\u003cp style\u003d\"text-align: justify;\"\u003eMắt Tròn neo mình trên cỏ, bất động, lặng thinh, đầy xao xuyến. Nó lắng nghe tiếng đàn, cảm tưởng đang lắng nghe chính bản thân nó, bắt gặp mình đang xúc động.\u003c/p\u003e\n\u003cp style\u003d\"text-align: justify;\"\u003eCó lẽ bạn cũng thế thôi, khi nỗi buồn trong lòng bạn được âm nhạc chắp cánh, nó sẽ thăng hoa. Thay vì nhấn chìm bạn, nỗi buồn sẽ giúp bạn giàu có hơn về cảm xúc. Nó trở thành một giá trị và bạn chợt nhận ra nó là một phần thanh xuân của bạn. \u003cbr /\u003e\u003cbr /\u003eCó gì đâu! Đâu có gì đâu! \u003cbr /\u003eThời gian như nước chảy qua cầu \u003cbr /\u003eBờ cỏ không còn in dấu cũ \u003cbr /\u003eVườn địa đàng kia táo đã sâu.\u003c/p\u003e\n\u003cp style\u003d\"text-align: justify;\"\u003eCó gì không? Không có gì đâu!\u003cbr /\u003eTem chưa đóng dấu đã phai màu\u003cbr /\u003eĐường đi không tới đành quay lại\u003cbr /\u003eCuộc sống chưa xong lại bắt đầu\u003cbr /\u003e\u003cbr /\u003eMắt Tròn đưa mắt nhìn quanh. Ở đằng xa kia, chỗ nhà giam, cây lộc vừng đang buông lững lờ những chuỗi hoa màu gạch cua, chốc chốc lại chao đi trong gió hệt như một tấm rèm ai treo trên nhánh lá. Trên bãi cỏ xanh bên dưới, thiên nhiên đã đính rải rác những chùm hoa ích mẫu, những cụm hoa mắc cỡ đan cài với cơ man là hoa xuyến chi và hoa sao nhái dệt nên một tấm thảm chi chít các hoa văn ngũ sắc.\u003c/p\u003e\n\u003cp style\u003d\"text-align: justify;\"\u003eCánh Cam nói đúng, “trong vườn thiếu gì hoa”. Và Mắt Tròn công nhận tất cả loài hoa trong vườn đều đẹp.\u003c/p\u003e\n\u003cp style\u003d\"text-align: justify;\"\u003eNhưng nó cũng thấy một điều khác đáng công nhận không kém: Chỉ có hoa kèn hồng kia bên dòng suối kia ngoài cánh đồng kia mới có thể đánh thức giấc mơ của nó, khiến trái tim nó tưng bừng reo ca như có chim về hót.”\u003c/p\u003e\u003cp\u003eGiá sản phẩm trên Tiki đã bao gồm thuế theo luật hiện hành. Bên cạnh đó, tuỳ vào loại sản phẩm, hình thức và địa chỉ giao hàng mà có thể phát sinh thêm chi phí khác như phí vận chuyển, phụ phí hàng cồng kềnh, thuế nhập khẩu (đối với đơn hàng giao từ nước ngoài có giá trị trên 1 triệu đồng).....\u003c/p\u003e","original_price":145000.0,"thumbnail_url":"https://salt.tikicdn.com/cache/280x280/ts/product/53/84/62/73914cee67b5e279d3aef214031f3222.jpg","images":[{"base_url":"https://salt.tikicdn.com/ts/product/53/84/62/73914cee67b5e279d3aef214031f3222.jpg","dbId":30505},{"base_url":"https://salt.tikicdn.com/ts/product/19/a8/f0/c559abac253ee4fb7340a067b43f01a4.jpg","dbId":30506},{"base_url":"https://salt.tikicdn.com/ts/product/5b/b6/9a/c4f7eb1f11fe6db6546d0817781cef82.jpg","dbId":30507}],"authors":[{"id":4107,"name":"Nguyễn Nhật Ánh","dbId":5706}],"specifications":[{"name":"Thông tin chung","attributes":[{"name":"Phiên bản sách","value":"Phiên bản thường"},{"name":"Công ty phát hành","value":"NXB Trẻ"},{"name":"Ngày xuất bản","value":"2022-01-01 00:00:00"},{"name":"Loại bìa","value":"Bìa mềm"},{"name":"Số trang","value":"336"},{"name":"Nhà xuất bản","value":"NXB Trẻ"},{"code":"PUBLICATION_DATE","name":"Kích thước","value":"13 x 20 cm"}]}],"stock_item":{"qty":1000},"all_time_quantity_sold":11309,"reviews":[{"id":19689285,"title":"Cực kì hài lòng","content":"Câu chuyện về khu vườn mơ mộng, nhiều sự kiện li kỳ, có khi là mơ mộng, diễn ra chân thật có, pha màu điện ảnh cũng có. Khá giống với một bộ phim hoạt hình Hàn Quốc là \"Cô gà mái thích phiêu lưu\". Nhưng giọng văn chân chất, mộc mạc làng quê miền Nam làm tôi thấy thật gần gũi. Những câu từ như làm hình ảnh miền Tây hiện lên trong tâm trí. Nhiều triết lí và cảnh vật mơ màng được tác giả ẩn dụ, ví von thật nên thơ khó tả:\r\n- Ồ, thế ra con người ta (và các con vật) đôi khi bị hành hạ bởi cái tên của mình. Một cái tên không phù hợp sẽ trở thành một thứ nợ nần khi đứa bé lớn lên, dù đứa bé đó là một con người hay một con vịt.\r\n- Đêm đêm, cô gà mới đào bới lòng mình, vẫn chẳng bắt được con giun lí lẽ nào.\r\n- Khi không có thứ gì thì con người đều thích làm thứ đó. Nên bác Ngựa với cái tên đã chết có sở thích đặt tên cho những con vật khác trong nhà.\r\n- Tất cả sinh vật trên đời này chỉ ở một trong hai trạng thái thôi: sống hoặc chết. Sống tức là làm một điều gì đó, ấp ủ một ước mơ nào đó và yêu thích một ai đó. Còn chết là thôi làm một điều gì đó, thôi ấp ủ một ước mơ nào đó và vẫn tiếp tục yêu thích một ai đó.\r\n- Tình yêu sẽ đến với chúng ta bằng bất cứ con đường nào nó chợt nghĩ ra, kể cả những con đường khó tin nhất. Vì vậy không ai trong chúng ta biết mình nên đứng đợi ở đâu, vì trong khi con đinh ninh tình yêu sẽ đến bằng con đường này thì rất có thể nó đang sải bước ở con đường bên cạnh.\r\n- Si mê bao giờ cũng ngắn hạn. Si mê giống như truyện ngắn, mãnh liệt, bộc phát nhưng đọc một chút xíu là hết. Tình yêu thì khác. Tình yêu giống như truyện dài, dàn trải, chậm rãi, có thể đọc tà tà cho đến ngày...làm đám cưới.\r\n- Nếu như trước đây thì chuyện gì con gà cũng có thể hồn nhiên chia sẻ với con vịt. Nhưng tiếc là nó đã lớn mất rồi. Khi lớn lên, bọn trẻ con bỗng nhiên có cái gọi là đời tư. Là cái nhà kho để cất giữ những điều thầm kín. Bây giờ lục lọi cái nhà kho đó và bày ra tất tần tật bí mật trước mắt người khác, quả là một quyết định không dễ dàng.\r\n- \"Đêm hái lời chim dành tặng ban mai\r\nĐêm xâu cho anh một tiếng thở dài\r\nĐêm trồng tặng em một mùa hoa cúc\r\nĐể em nhìn hoa nhớ chiều đã khuất\r\nĐêm mọc giùm anh sợi tóc thời gian\r\nĐêm chảy giùm em lệ của địa đàng\r\nDắt díu nhau qua những ngày nương náu\r\nGọi người ta yêu là người yêu dấu\".\r\n- \"Đêm ủ giùm em hoa trái ban ngày\r\nNuôi nấng giùm anh men của cơn say\r\nLời của đêm đen không hề gian dối\r\nTự giấu mình đi, đêm làm bóng tối...\"\r\n- Cuộc đời con vẫn còn là cuộn giấy trắng mà tổng kết gì con! Tất cả chỉ mới bắt đầu à. Ta nghĩ chỉ có tuổi già mới cặm cụi ngồi tổng kết. Chuyện của tuổi trẻ là phác thảo đề cương.\r\n- Dạo này lá trong vườn rụng nhiều. Đêm đêm, những chiếc lá ngủ mơ bám không vững vào cành, sẩy chân rơi xuống như mưa khiến sáng nào chị Ngần cũng xách chổi ra vườn loẹt quoẹt gom đầy gốc nhãn.\r\n- Những bụi lau lao xao, tiếng châu chấu búng mình lách tách, cả tiếng mưa bụi thì thào trong lá cỏ. Nó nhìn những cành non bị gió uốn cong, những bụi cỏ khô rủ nhau bay thi trong nắng. Trước mắt nó, nắng trong mưa và mưa trong nắng, cầu vồng cắt ngang cánh đồng như chiếc ô bảy màu do bà mẹ thiên nhiên hào phóng giương lên trong cái ngày xứng đáng ghi vào sổ tay thiếu nữ.\r\n- Tóm lại, xét về hình thức, nhà văn nom chẳng lung linh tí nào. Trông ông/bà ấy viết văn giống như người lao động khổ sai hay kẻ bị trời đày. Dường như những gì đẹp đẽ nhất, tinh túy nhất của nhà văn đều trút hết vào trang văn, cái còn lại chỉ là những gạch đầu dòng khô khan, tẻ nhạt.\r\n- Như lời tuyên ngôn của nhà hiền triết: “Các bạn chỉ cần nghe tiếng đàn của tôi là đủ. Đó là cách tôi hiện diện trong cuộc đời này”\r\n- Này các bạn, tình yêu là như thế đấy. Tình yêu không phải là một nhà tù và hạnh phúc là thứ có thể làm ta phát điên nếu ta nhốt nó trong lồng ngực quá lâu.\r\n- Xưa nay, những tác phẩm được tôn vinh bao giờ cũng được viết ra một cách tự nhiên nhất và chân thành nhất bởi những tác giả cả đời ăn nằm với câu chuyện của mình, bị câu chuyện của mình ám ảnh đến mức không thể nghĩ đến chuyện gì khác. Họ cần phải viết câu chuyện đó, là câu chuyện mà nếu họ không viết ra thì họ sẽ không thể tìm đọc ở bất cứ đâu.","customer_id":20366126,"rating":5,"images":[{"id":4321009,"full_path":"https://salt.tikicdn.com/ts/review/72/3f/6d/26caf66e6a4bd576f984c38febd8f5e6.jpg"},{"id":4321010,"full_path":"https://salt.tikicdn.com/ts/review/89/61/08/5108a4dd789263779897052bb2b0dbce.jpg"},{"id":4321011,"full_path":"https://salt.tikicdn.com/ts/review/fe/3f/20/1019300337caa933dfe0b7e77a1599f5.jpg"}],"created_at":1703128151,"created_by":{"id":20366126,"name":"Dương Vàng","full_name":"Dương Vàng","created_time":"2021-02-19 07:46:35","purchased":true,"purchased_at":1702088384},"product_id":157240665,"timeline":{"review_created_date":"2023-12-21 10:09:11","delivery_date":"2023-12-09 11:47:24"}},{"id":18534045,"title":"Cực kì hài lòng","content":"- Gần đây mình mới đọc truyện của bác Nguyễn Nhật Ánh, tháng 11 vừa rồi mình đã đọc 3 cuốn: tôi thấy hoa vàng trên cỏ xanh, út quyên và tôi, bàn có năm chỗ ngồi. Mình cực kì thích\r\n- Mình đặt cuốn này khoảng 2 3 hôm trước thôi\r\n- Giá mình mua đợt sale: 79k \r\n❤️❤️❤️❤️","customer_id":20130221,"rating":5,"images":[{"id":4060392,"full_path":"https://salt.tikicdn.com/ts/review/76/52/d0/77d303e305d24db2b52a86b34455a1e4.jpg"},{"id":4060393,"full_path":"https://salt.tikicdn.com/ts/review/4c/83/79/a66bf66c33953f7dbe2dc51c5a86d735.jpg"},{"id":4060394,"full_path":"https://salt.tikicdn.com/ts/review/48/98/5f/a41892f45440a9b75a8d4e2c675d428d.jpg"},{"id":4060395,"full_path":"https://salt.tikicdn.com/ts/review/d1/64/a0/450e8a0b75d0b223613808b77ec21ce3.jpg"}],"created_at":1672318677,"created_by":{"id":20130221,"name":"Thùy Dương","full_name":"Thùy Dương","created_time":"2021-01-31 09:34:09","purchased":true,"purchased_at":1672211595},"product_id":157240665,"timeline":{"review_created_date":"2022-12-29 19:57:57","delivery_date":"2022-12-29 19:45:37"}},{"id":14919381,"title":"Cực kì hài lòng","content":"Sách ở thực tế đẹp hơn so với tuởng tuợng, hàng giao đúng mô tả bao gồm 1 sách, 1 bìa phụ, 1 thiệp thơ hình trái tim, 1 tấm đánh dấu sách in 2 mặt, 1 quyển sách tặng kèm khổ nhỏ, tất cả đuợc bao bọc gọn gàng; bên trong sách bị vài vết hằn ở vài trang đầu không biết là tại sao? Mùi giấy thơm mới, cách trình bày chỉnh chu thấy có minh hoạ bằng tranh màu nữa, còn về nội dung thì chưa đọc nên chưa thể đánh giá; nhân viên giao hàng đúng giờ, thái độ lịch sự.","customer_id":8123262,"rating":5,"images":[{"id":3123069,"full_path":"https://salt.tikicdn.com/ts/review/79/ce/0c/26e97f0540f24196cf6fe2531a954579.jpg"},{"id":3123070,"full_path":"https://salt.tikicdn.com/ts/review/fb/e1/95/2f6fdf1dd5535e01ff05d793cd778819.jpg"},{"id":3123071,"full_path":"https://salt.tikicdn.com/ts/review/d1/30/90/8030041a5692a8de605f78d7ec612967.jpg"},{"id":3123072,"full_path":"https://salt.tikicdn.com/ts/review/1a/52/31/336d89c1495e6d8572376c55ccf818ca.jpg"},{"id":3123073,"full_path":"https://salt.tikicdn.com/ts/review/11/3f/38/b0fa10888691bd7e8fcd200daef10eec.jpg"}],"created_at":1644657953,"created_by":{"id":8123262,"name":"Gia Thọ","full_name":"Gia Thọ","created_time":"2018-09-27 20:52:16","purchased":true,"purchased_at":1644643813},"product_id":157240665,"timeline":{"review_created_date":"2022-02-12 16:25:53","delivery_date":"2022-02-12 14:27:47"}},{"id":14684134,"title":"Cực kì hài lòng","content":"Sách được bọc màng co nhưng đựng trong hộp giấy khá lỏng lẻo. Sách bìa cứng, có áo bìa, chất lượng giấy tốt, in màu toàn bộ. Ngoài ra còn được tặng kèm một số sản phẩm như ảnh. Nhìn chung mình khá hài lòng về hình thức của sách và nhất là đặt sớm nên giá rất ổn.","customer_id":18976689,"rating":5,"images":[{"id":3075899,"full_path":"https://salt.tikicdn.com/ts/review/bf/9d/09/83180f5bb7aa55512e61c18bf70b885a.jpg"},{"id":3075900,"full_path":"https://salt.tikicdn.com/ts/review/ca/e3/b0/8318fe88b2c13d6d863efbf1a02400bc.jpg"},{"id":3075901,"full_path":"https://salt.tikicdn.com/ts/review/63/6d/a4/57551a4155a4d5cace9b8d1277b84af7.jpg"},{"id":3075902,"full_path":"https://salt.tikicdn.com/ts/review/c9/8e/e4/c232f858b1907f10044a114a88b45038.jpg"},{"id":3075903,"full_path":"https://salt.tikicdn.com/ts/review/a5/05/cf/60d9324155e5c0cb337aa0c10f6511c1.jpg"}],"created_at":1643094623,"created_by":{"id":18976689,"name":"Nguyễn Lê Phương Thảo ","full_name":"Nguyễn Lê Phương Thảo ","created_time":"2020-10-23 22:14:57","purchased":true,"purchased_at":1641837761},"product_id":157240665,"timeline":{"review_created_date":"2022-01-25 14:10:23","delivery_date":"2022-01-20 10:41:57"}},{"id":18443331,"title":"Cực kì hài lòng","content":"Đây là một trong những truyện xây dựng hình tượng nhân vật hay nhất theo mình nghĩ. Mỗi nhân vật đều có sự chuyển biến về nội tâm xuyên suốt bộ truyện 1 cách rõ rệt. Có rất nhiều bài học quý giá được lồng ghép vào đây. \"Ra bờ suối ngắm hoa kèn hồng\" không chỉ là tập truyện giải trí cho thiếu nhi, mà còn là những triết lý đáng suy ngẫm dành cho người lớn khi nghiêm túc đọc. Rất đáng để mua nha mọi người","customer_id":27922396,"rating":5,"images":[{"id":4047626,"full_path":"https://salt.tikicdn.com/ts/review/e5/64/7b/b5f993ffb129eda3ba90db55727731d1.jpg"},{"id":4047627,"full_path":"https://salt.tikicdn.com/ts/review/67/45/85/736bdf15611088676845658db96e8256.jpg"},{"id":4047628,"full_path":"https://salt.tikicdn.com/ts/review/8c/f2/ba/bebd24b2ff5fc999fb8f8c02f318bd00.jpg"}],"created_at":1671251209,"created_by":{"id":27922396,"name":"Nguyễn Hoàng Bảo Minh","full_name":"Nguyễn Hoàng Bảo Minh","created_time":"2022-07-28 19:08:53","purchased":true,"purchased_at":1670685683},"product_id":157240665,"timeline":{"review_created_date":"2022-12-17 11:26:49","delivery_date":"2022-12-11 16:24:15"}},{"id":19689285,"title":"Cực kì hài lòng","content":"Câu chuyện về khu vườn mơ mộng, nhiều sự kiện li kỳ, có khi là mơ mộng, diễn ra chân thật có, pha màu điện ảnh cũng có. Khá giống với một bộ phim hoạt hình Hàn Quốc là \"Cô gà mái thích phiêu lưu\". Nhưng giọng văn chân chất, mộc mạc làng quê miền Nam làm tôi thấy thật gần gũi. Những câu từ như làm hình ảnh miền Tây hiện lên trong tâm trí. Nhiều triết lí và cảnh vật mơ màng được tác giả ẩn dụ, ví von thật nên thơ khó tả:\r\n- Ồ, thế ra con người ta (và các con vật) đôi khi bị hành hạ bởi cái tên của mình. Một cái tên không phù hợp sẽ trở thành một thứ nợ nần khi đứa bé lớn lên, dù đứa bé đó là một con người hay một con vịt.\r\n- Đêm đêm, cô gà mới đào bới lòng mình, vẫn chẳng bắt được con giun lí lẽ nào.\r\n- Khi không có thứ gì thì con người đều thích làm thứ đó. Nên bác Ngựa với cái tên đã chết có sở thích đặt tên cho những con vật khác trong nhà.\r\n- Tất cả sinh vật trên đời này chỉ ở một trong hai trạng thái thôi: sống hoặc chết. Sống tức là làm một điều gì đó, ấp ủ một ước mơ nào đó và yêu thích một ai đó. Còn chết là thôi làm một điều gì đó, thôi ấp ủ một ước mơ nào đó và vẫn tiếp tục yêu thích một ai đó.\r\n- Tình yêu sẽ đến với chúng ta bằng bất cứ con đường nào nó chợt nghĩ ra, kể cả những con đường khó tin nhất. Vì vậy không ai trong chúng ta biết mình nên đứng đợi ở đâu, vì trong khi con đinh ninh tình yêu sẽ đến bằng con đường này thì rất có thể nó đang sải bước ở con đường bên cạnh.\r\n- Si mê bao giờ cũng ngắn hạn. Si mê giống như truyện ngắn, mãnh liệt, bộc phát nhưng đọc một chút xíu là hết. Tình yêu thì khác. Tình yêu giống như truyện dài, dàn trải, chậm rãi, có thể đọc tà tà cho đến ngày...làm đám cưới.\r\n- Nếu như trước đây thì chuyện gì con gà cũng có thể hồn nhiên chia sẻ với con vịt. Nhưng tiếc là nó đã lớn mất rồi. Khi lớn lên, bọn trẻ con bỗng nhiên có cái gọi là đời tư. Là cái nhà kho để cất giữ những điều thầm kín. Bây giờ lục lọi cái nhà kho đó và bày ra tất tần tật bí mật trước mắt người khác, quả là một quyết định không dễ dàng.\r\n- \"Đêm hái lời chim dành tặng ban mai\r\nĐêm xâu cho anh một tiếng thở dài\r\nĐêm trồng tặng em một mùa hoa cúc\r\nĐể em nhìn hoa nhớ chiều đã khuất\r\nĐêm mọc giùm anh sợi tóc thời gian\r\nĐêm chảy giùm em lệ của địa đàng\r\nDắt díu nhau qua những ngày nương náu\r\nGọi người ta yêu là người yêu dấu\".\r\n- \"Đêm ủ giùm em hoa trái ban ngày\r\nNuôi nấng giùm anh men của cơn say\r\nLời của đêm đen không hề gian dối\r\nTự giấu mình đi, đêm làm bóng tối...\"\r\n- Cuộc đời con vẫn còn là cuộn giấy trắng mà tổng kết gì con! Tất cả chỉ mới bắt đầu à. Ta nghĩ chỉ có tuổi già mới cặm cụi ngồi tổng kết. Chuyện của tuổi trẻ là phác thảo đề cương.\r\n- Dạo này lá trong vườn rụng nhiều. Đêm đêm, những chiếc lá ngủ mơ bám không vững vào cành, sẩy chân rơi xuống như mưa khiến sáng nào chị Ngần cũng xách chổi ra vườn loẹt quoẹt gom đầy gốc nhãn.\r\n- Những bụi lau lao xao, tiếng châu chấu búng mình lách tách, cả tiếng mưa bụi thì thào trong lá cỏ. Nó nhìn những cành non bị gió uốn cong, những bụi cỏ khô rủ nhau bay thi trong nắng. Trước mắt nó, nắng trong mưa và mưa trong nắng, cầu vồng cắt ngang cánh đồng như chiếc ô bảy màu do bà mẹ thiên nhiên hào phóng giương lên trong cái ngày xứng đáng ghi vào sổ tay thiếu nữ.\r\n- Tóm lại, xét về hình thức, nhà văn nom chẳng lung linh tí nào. Trông ông/bà ấy viết văn giống như người lao động khổ sai hay kẻ bị trời đày. Dường như những gì đẹp đẽ nhất, tinh túy nhất của nhà văn đều trút hết vào trang văn, cái còn lại chỉ là những gạch đầu dòng khô khan, tẻ nhạt.\r\n- Như lời tuyên ngôn của nhà hiền triết: “Các bạn chỉ cần nghe tiếng đàn của tôi là đủ. Đó là cách tôi hiện diện trong cuộc đời này”\r\n- Này các bạn, tình yêu là như thế đấy. Tình yêu không phải là một nhà tù và hạnh phúc là thứ có thể làm ta phát điên nếu ta nhốt nó trong lồng ngực quá lâu.\r\n- Xưa nay, những tác phẩm được tôn vinh bao giờ cũng được viết ra một cách tự nhiên nhất và chân thành nhất bởi những tác giả cả đời ăn nằm với câu chuyện của mình, bị câu chuyện của mình ám ảnh đến mức không thể nghĩ đến chuyện gì khác. Họ cần phải viết câu chuyện đó, là câu chuyện mà nếu họ không viết ra thì họ sẽ không thể tìm đọc ở bất cứ đâu.","customer_id":20366126,"rating":5,"images":[{"id":4321009,"full_path":"https://salt.tikicdn.com/ts/review/72/3f/6d/26caf66e6a4bd576f984c38febd8f5e6.jpg"},{"id":4321010,"full_path":"https://salt.tikicdn.com/ts/review/89/61/08/5108a4dd789263779897052bb2b0dbce.jpg"},{"id":4321011,"full_path":"https://salt.tikicdn.com/ts/review/fe/3f/20/1019300337caa933dfe0b7e77a1599f5.jpg"}],"created_at":1703128151,"created_by":{"id":20366126,"name":"Dương Vàng","full_name":"Dương Vàng","created_time":"2021-02-19 07:46:35","purchased":true,"purchased_at":1702088384},"product_id":157240665,"timeline":{"review_created_date":"2023-12-21 10:09:11","delivery_date":"2023-12-09 11:47:24"}},{"id":18534045,"title":"Cực kì hài lòng","content":"- Gần đây mình mới đọc truyện của bác Nguyễn Nhật Ánh, tháng 11 vừa rồi mình đã đọc 3 cuốn: tôi thấy hoa vàng trên cỏ xanh, út quyên và tôi, bàn có năm chỗ ngồi. Mình cực kì thích\r\n- Mình đặt cuốn này khoảng 2 3 hôm trước thôi\r\n- Giá mình mua đợt sale: 79k \r\n❤️❤️❤️❤️","customer_id":20130221,"rating":5,"images":[{"id":4060392,"full_path":"https://salt.tikicdn.com/ts/review/76/52/d0/77d303e305d24db2b52a86b34455a1e4.jpg"},{"id":4060393,"full_path":"https://salt.tikicdn.com/ts/review/4c/83/79/a66bf66c33953f7dbe2dc51c5a86d735.jpg"},{"id":4060394,"full_path":"https://salt.tikicdn.com/ts/review/48/98/5f/a41892f45440a9b75a8d4e2c675d428d.jpg"},{"id":4060395,"full_path":"https://salt.tikicdn.com/ts/review/d1/64/a0/450e8a0b75d0b223613808b77ec21ce3.jpg"}],"created_at":1672318677,"created_by":{"id":20130221,"name":"Thùy Dương","full_name":"Thùy Dương","created_time":"2021-01-31 09:34:09","purchased":true,"purchased_at":1672211595},"product_id":157240665,"timeline":{"review_created_date":"2022-12-29 19:57:57","delivery_date":"2022-12-29 19:45:37"}},{"id":14919381,"title":"Cực kì hài lòng","content":"Sách ở thực tế đẹp hơn so với tuởng tuợng, hàng giao đúng mô tả bao gồm 1 sách, 1 bìa phụ, 1 thiệp thơ hình trái tim, 1 tấm đánh dấu sách in 2 mặt, 1 quyển sách tặng kèm khổ nhỏ, tất cả đuợc bao bọc gọn gàng; bên trong sách bị vài vết hằn ở vài trang đầu không biết là tại sao? Mùi giấy thơm mới, cách trình bày chỉnh chu thấy có minh hoạ bằng tranh màu nữa, còn về nội dung thì chưa đọc nên chưa thể đánh giá; nhân viên giao hàng đúng giờ, thái độ lịch sự.","customer_id":8123262,"rating":5,"images":[{"id":3123069,"full_path":"https://salt.tikicdn.com/ts/review/79/ce/0c/26e97f0540f24196cf6fe2531a954579.jpg"},{"id":3123070,"full_path":"https://salt.tikicdn.com/ts/review/fb/e1/95/2f6fdf1dd5535e01ff05d793cd778819.jpg"},{"id":3123071,"full_path":"https://salt.tikicdn.com/ts/review/d1/30/90/8030041a5692a8de605f78d7ec612967.jpg"},{"id":3123072,"full_path":"https://salt.tikicdn.com/ts/review/1a/52/31/336d89c1495e6d8572376c55ccf818ca.jpg"},{"id":3123073,"full_path":"https://salt.tikicdn.com/ts/review/11/3f/38/b0fa10888691bd7e8fcd200daef10eec.jpg"}],"created_at":1644657953,"created_by":{"id":8123262,"name":"Gia Thọ","full_name":"Gia Thọ","created_time":"2018-09-27 20:52:16","purchased":true,"purchased_at":1644643813},"product_id":157240665,"timeline":{"review_created_date":"2022-02-12 16:25:53","delivery_date":"2022-02-12 14:27:47"}},{"id":14684134,"title":"Cực kì hài lòng","content":"Sách được bọc màng co nhưng đựng trong hộp giấy khá lỏng lẻo. Sách bìa cứng, có áo bìa, chất lượng giấy tốt, in màu toàn bộ. Ngoài ra còn được tặng kèm một số sản phẩm như ảnh. Nhìn chung mình khá hài lòng về hình thức của sách và nhất là đặt sớm nên giá rất ổn.","customer_id":18976689,"rating":5,"images":[{"id":3075899,"full_path":"https://salt.tikicdn.com/ts/review/bf/9d/09/83180f5bb7aa55512e61c18bf70b885a.jpg"},{"id":3075900,"full_path":"https://salt.tikicdn.com/ts/review/ca/e3/b0/8318fe88b2c13d6d863efbf1a02400bc.jpg"},{"id":3075901,"full_path":"https://salt.tikicdn.com/ts/review/63/6d/a4/57551a4155a4d5cace9b8d1277b84af7.jpg"},{"id":3075902,"full_path":"https://salt.tikicdn.com/ts/review/c9/8e/e4/c232f858b1907f10044a114a88b45038.jpg"},{"id":3075903,"full_path":"https://salt.tikicdn.com/ts/review/a5/05/cf/60d9324155e5c0cb337aa0c10f6511c1.jpg"}],"created_at":1643094623,"created_by":{"id":18976689,"name":"Nguyễn Lê Phương Thảo ","full_name":"Nguyễn Lê Phương Thảo ","created_time":"2020-10-23 22:14:57","purchased":true,"purchased_at":1641837761},"product_id":157240665,"timeline":{"review_created_date":"2022-01-25 14:10:23","delivery_date":"2022-01-20 10:41:57"}},{"id":18443331,"title":"Cực kì hài lòng","content":"Đây là một trong những truyện xây dựng hình tượng nhân vật hay nhất theo mình nghĩ. Mỗi nhân vật đều có sự chuyển biến về nội tâm xuyên suốt bộ truyện 1 cách rõ rệt. Có rất nhiều bài học quý giá được lồng ghép vào đây. \"Ra bờ suối ngắm hoa kèn hồng\" không chỉ là tập truyện giải trí cho thiếu nhi, mà còn là những triết lý đáng suy ngẫm dành cho người lớn khi nghiêm túc đọc. Rất đáng để mua nha mọi người","customer_id":27922396,"rating":5,"images":[{"id":4047626,"full_path":"https://salt.tikicdn.com/ts/review/e5/64/7b/b5f993ffb129eda3ba90db55727731d1.jpg"},{"id":4047627,"full_path":"https://salt.tikicdn.com/ts/review/67/45/85/736bdf15611088676845658db96e8256.jpg"},{"id":4047628,"full_path":"https://salt.tikicdn.com/ts/review/8c/f2/ba/bebd24b2ff5fc999fb8f8c02f318bd00.jpg"}],"created_at":1671251209,"created_by":{"id":27922396,"name":"Nguyễn Hoàng Bảo Minh","full_name":"Nguyễn Hoàng Bảo Minh","created_time":"2022-07-28 19:08:53","purchased":true,"purchased_at":1670685683},"product_id":157240665,"timeline":{"review_created_date":"2022-12-17 11:26:49","delivery_date":"2022-12-11 16:24:15"}},{"id":19689285,"title":"Cực kì hài lòng","content":"Câu chuyện về khu vườn mơ mộng, nhiều sự kiện li kỳ, có khi là mơ mộng, diễn ra chân thật có, pha màu điện ảnh cũng có. Khá giống với một bộ phim hoạt hình Hàn Quốc là \"Cô gà mái thích phiêu lưu\". Nhưng giọng văn chân chất, mộc mạc làng quê miền Nam làm tôi thấy thật gần gũi. Những câu từ như làm hình ảnh miền Tây hiện lên trong tâm trí. Nhiều triết lí và cảnh vật mơ màng được tác giả ẩn dụ, ví von thật nên thơ khó tả:\r\n- Ồ, thế ra con người ta (và các con vật) đôi khi bị hành hạ bởi cái tên của mình. Một cái tên không phù hợp sẽ trở thành một thứ nợ nần khi đứa bé lớn lên, dù đứa bé đó là một con người hay một con vịt.\r\n- Đêm đêm, cô gà mới đào bới lòng mình, vẫn chẳng bắt được con giun lí lẽ nào.\r\n- Khi không có thứ gì thì con người đều thích làm thứ đó. Nên bác Ngựa với cái tên đã chết có sở thích đặt tên cho những con vật khác trong nhà.\r\n- Tất cả sinh vật trên đời này chỉ ở một trong hai trạng thái thôi: sống hoặc chết. Sống tức là làm một điều gì đó, ấp ủ một ước mơ nào đó và yêu thích một ai đó. Còn chết là thôi làm một điều gì đó, thôi ấp ủ một ước mơ nào đó và vẫn tiếp tục yêu thích một ai đó.\r\n- Tình yêu sẽ đến với chúng ta bằng bất cứ con đường nào nó chợt nghĩ ra, kể cả những con đường khó tin nhất. Vì vậy không ai trong chúng ta biết mình nên đứng đợi ở đâu, vì trong khi con đinh ninh tình yêu sẽ đến bằng con đường này thì rất có thể nó đang sải bước ở con đường bên cạnh.\r\n- Si mê bao giờ cũng ngắn hạn. Si mê giống như truyện ngắn, mãnh liệt, bộc phát nhưng đọc một chút xíu là hết. Tình yêu thì khác. Tình yêu giống như truyện dài, dàn trải, chậm rãi, có thể đọc tà tà cho đến ngày...làm đám cưới.\r\n- Nếu như trước đây thì chuyện gì con gà cũng có thể hồn nhiên chia sẻ với con vịt. Nhưng tiếc là nó đã lớn mất rồi. Khi lớn lên, bọn trẻ con bỗng nhiên có cái gọi là đời tư. Là cái nhà kho để cất giữ những điều thầm kín. Bây giờ lục lọi cái nhà kho đó và bày ra tất tần tật bí mật trước mắt người khác, quả là một quyết định không dễ dàng.\r\n- \"Đêm hái lời chim dành tặng ban mai\r\nĐêm xâu cho anh một tiếng thở dài\r\nĐêm trồng tặng em một mùa hoa cúc\r\nĐể em nhìn hoa nhớ chiều đã khuất\r\nĐêm mọc giùm anh sợi tóc thời gian\r\nĐêm chảy giùm em lệ của địa đàng\r\nDắt díu nhau qua những ngày nương náu\r\nGọi người ta yêu là người yêu dấu\".\r\n- \"Đêm ủ giùm em hoa trái ban ngày\r\nNuôi nấng giùm anh men của cơn say\r\nLời của đêm đen không hề gian dối\r\nTự giấu mình đi, đêm làm bóng tối...\"\r\n- Cuộc đời con vẫn còn là cuộn giấy trắng mà tổng kết gì con! Tất cả chỉ mới bắt đầu à. Ta nghĩ chỉ có tuổi già mới cặm cụi ngồi tổng kết. Chuyện của tuổi trẻ là phác thảo đề cương.\r\n- Dạo này lá trong vườn rụng nhiều. Đêm đêm, những chiếc lá ngủ mơ bám không vững vào cành, sẩy chân rơi xuống như mưa khiến sáng nào chị Ngần cũng xách chổi ra vườn loẹt quoẹt gom đầy gốc nhãn.\r\n- Những bụi lau lao xao, tiếng châu chấu búng mình lách tách, cả tiếng mưa bụi thì thào trong lá cỏ. Nó nhìn những cành non bị gió uốn cong, những bụi cỏ khô rủ nhau bay thi trong nắng. Trước mắt nó, nắng trong mưa và mưa trong nắng, cầu vồng cắt ngang cánh đồng như chiếc ô bảy màu do bà mẹ thiên nhiên hào phóng giương lên trong cái ngày xứng đáng ghi vào sổ tay thiếu nữ.\r\n- Tóm lại, xét về hình thức, nhà văn nom chẳng lung linh tí nào. Trông ông/bà ấy viết văn giống như người lao động khổ sai hay kẻ bị trời đày. Dường như những gì đẹp đẽ nhất, tinh túy nhất của nhà văn đều trút hết vào trang văn, cái còn lại chỉ là những gạch đầu dòng khô khan, tẻ nhạt.\r\n- Như lời tuyên ngôn của nhà hiền triết: “Các bạn chỉ cần nghe tiếng đàn của tôi là đủ. Đó là cách tôi hiện diện trong cuộc đời này”\r\n- Này các bạn, tình yêu là như thế đấy. Tình yêu không phải là một nhà tù và hạnh phúc là thứ có thể làm ta phát điên nếu ta nhốt nó trong lồng ngực quá lâu.\r\n- Xưa nay, những tác phẩm được tôn vinh bao giờ cũng được viết ra một cách tự nhiên nhất và chân thành nhất bởi những tác giả cả đời ăn nằm với câu chuyện của mình, bị câu chuyện của mình ám ảnh đến mức không thể nghĩ đến chuyện gì khác. Họ cần phải viết câu chuyện đó, là câu chuyện mà nếu họ không viết ra thì họ sẽ không thể tìm đọc ở bất cứ đâu.","customer_id":20366126,"rating":5,"images":[{"id":4321009,"full_path":"https://salt.tikicdn.com/ts/review/72/3f/6d/26caf66e6a4bd576f984c38febd8f5e6.jpg"},{"id":4321010,"full_path":"https://salt.tikicdn.com/ts/review/89/61/08/5108a4dd789263779897052bb2b0dbce.jpg"},{"id":4321011,"full_path":"https://salt.tikicdn.com/ts/review/fe/3f/20/1019300337caa933dfe0b7e77a1599f5.jpg"}],"created_at":1703128151,"created_by":{"id":20366126,"name":"Dương Vàng","full_name":"Dương Vàng","created_time":"2021-02-19 07:46:35","purchased":true,"purchased_at":1702088384},"product_id":157240665,"timeline":{"review_created_date":"2023-12-21 10:09:11","delivery_date":"2023-12-09 11:47:24"}},{"id":18534045,"title":"Cực kì hài lòng","content":"- Gần đây mình mới đọc truyện của bác Nguyễn Nhật Ánh, tháng 11 vừa rồi mình đã đọc 3 cuốn: tôi thấy hoa vàng trên cỏ xanh, út quyên và tôi, bàn có năm chỗ ngồi. Mình cực kì thích\r\n- Mình đặt cuốn này khoảng 2 3 hôm trước thôi\r\n- Giá mình mua đợt sale: 79k \r\n❤️❤️❤️❤️","customer_id":20130221,"rating":5,"images":[{"id":4060392,"full_path":"https://salt.tikicdn.com/ts/review/76/52/d0/77d303e305d24db2b52a86b34455a1e4.jpg"},{"id":4060393,"full_path":"https://salt.tikicdn.com/ts/review/4c/83/79/a66bf66c33953f7dbe2dc51c5a86d735.jpg"},{"id":4060394,"full_path":"https://salt.tikicdn.com/ts/review/48/98/5f/a41892f45440a9b75a8d4e2c675d428d.jpg"},{"id":4060395,"full_path":"https://salt.tikicdn.com/ts/review/d1/64/a0/450e8a0b75d0b223613808b77ec21ce3.jpg"}],"created_at":1672318677,"created_by":{"id":20130221,"name":"Thùy Dương","full_name":"Thùy Dương","created_time":"2021-01-31 09:34:09","purchased":true,"purchased_at":1672211595},"product_id":157240665,"timeline":{"review_created_date":"2022-12-29 19:57:57","delivery_date":"2022-12-29 19:45:37"}},{"id":14919381,"title":"Cực kì hài lòng","content":"Sách ở thực tế đẹp hơn so với tuởng tuợng, hàng giao đúng mô tả bao gồm 1 sách, 1 bìa phụ, 1 thiệp thơ hình trái tim, 1 tấm đánh dấu sách in 2 mặt, 1 quyển sách tặng kèm khổ nhỏ, tất cả đuợc bao bọc gọn gàng; bên trong sách bị vài vết hằn ở vài trang đầu không biết là tại sao? Mùi giấy thơm mới, cách trình bày chỉnh chu thấy có minh hoạ bằng tranh màu nữa, còn về nội dung thì chưa đọc nên chưa thể đánh giá; nhân viên giao hàng đúng giờ, thái độ lịch sự.","customer_id":8123262,"rating":5,"images":[{"id":3123069,"full_path":"https://salt.tikicdn.com/ts/review/79/ce/0c/26e97f0540f24196cf6fe2531a954579.jpg"},{"id":3123070,"full_path":"https://salt.tikicdn.com/ts/review/fb/e1/95/2f6fdf1dd5535e01ff05d793cd778819.jpg"},{"id":3123071,"full_path":"https://salt.tikicdn.com/ts/review/d1/30/90/8030041a5692a8de605f78d7ec612967.jpg"},{"id":3123072,"full_path":"https://salt.tikicdn.com/ts/review/1a/52/31/336d89c1495e6d8572376c55ccf818ca.jpg"},{"id":3123073,"full_path":"https://salt.tikicdn.com/ts/review/11/3f/38/b0fa10888691bd7e8fcd200daef10eec.jpg"}],"created_at":1644657953,"created_by":{"id":8123262,"name":"Gia Thọ","full_name":"Gia Thọ","created_time":"2018-09-27 20:52:16","purchased":true,"purchased_at":1644643813},"product_id":157240665,"timeline":{"review_created_date":"2022-02-12 16:25:53","delivery_date":"2022-02-12 14:27:47"}},{"id":14684134,"title":"Cực kì hài lòng","content":"Sách được bọc màng co nhưng đựng trong hộp giấy khá lỏng lẻo. Sách bìa cứng, có áo bìa, chất lượng giấy tốt, in màu toàn bộ. Ngoài ra còn được tặng kèm một số sản phẩm như ảnh. Nhìn chung mình khá hài lòng về hình thức của sách và nhất là đặt sớm nên giá rất ổn.","customer_id":18976689,"rating":5,"images":[{"id":3075899,"full_path":"https://salt.tikicdn.com/ts/review/bf/9d/09/83180f5bb7aa55512e61c18bf70b885a.jpg"},{"id":3075900,"full_path":"https://salt.tikicdn.com/ts/review/ca/e3/b0/8318fe88b2c13d6d863efbf1a02400bc.jpg"},{"id":3075901,"full_path":"https://salt.tikicdn.com/ts/review/63/6d/a4/57551a4155a4d5cace9b8d1277b84af7.jpg"},{"id":3075902,"full_path":"https://salt.tikicdn.com/ts/review/c9/8e/e4/c232f858b1907f10044a114a88b45038.jpg"},{"id":3075903,"full_path":"https://salt.tikicdn.com/ts/review/a5/05/cf/60d9324155e5c0cb337aa0c10f6511c1.jpg"}],"created_at":1643094623,"created_by":{"id":18976689,"name":"Nguyễn Lê Phương Thảo ","full_name":"Nguyễn Lê Phương Thảo ","created_time":"2020-10-23 22:14:57","purchased":true,"purchased_at":1641837761},"product_id":157240665,"timeline":{"review_created_date":"2022-01-25 14:10:23","delivery_date":"2022-01-20 10:41:57"}},{"id":18443331,"title":"Cực kì hài lòng","content":"Đây là một trong những truyện xây dựng hình tượng nhân vật hay nhất theo mình nghĩ. Mỗi nhân vật đều có sự chuyển biến về nội tâm xuyên suốt bộ truyện 1 cách rõ rệt. Có rất nhiều bài học quý giá được lồng ghép vào đây. \"Ra bờ suối ngắm hoa kèn hồng\" không chỉ là tập truyện giải trí cho thiếu nhi, mà còn là những triết lý đáng suy ngẫm dành cho người lớn khi nghiêm túc đọc. Rất đáng để mua nha mọi người","customer_id":27922396,"rating":5,"images":[{"id":4047626,"full_path":"https://salt.tikicdn.com/ts/review/e5/64/7b/b5f993ffb129eda3ba90db55727731d1.jpg"},{"id":4047627,"full_path":"https://salt.tikicdn.com/ts/review/67/45/85/736bdf15611088676845658db96e8256.jpg"},{"id":4047628,"full_path":"https://salt.tikicdn.com/ts/review/8c/f2/ba/bebd24b2ff5fc999fb8f8c02f318bd00.jpg"}],"created_at":1671251209,"created_by":{"id":27922396,"name":"Nguyễn Hoàng Bảo Minh","full_name":"Nguyễn Hoàng Bảo Minh","created_time":"2022-07-28 19:08:53","purchased":true,"purchased_at":1670685683},"product_id":157240665,"timeline":{"review_created_date":"2022-12-17 11:26:49","delivery_date":"2022-12-11 16:24:15"}},{"id":19689285,"title":"Cực kì hài lòng","content":"Câu chuyện về khu vườn mơ mộng, nhiều sự kiện li kỳ, có khi là mơ mộng, diễn ra chân thật có, pha màu điện ảnh cũng có. Khá giống với một bộ phim hoạt hình Hàn Quốc là \"Cô gà mái thích phiêu lưu\". Nhưng giọng văn chân chất, mộc mạc làng quê miền Nam làm tôi thấy thật gần gũi. Những câu từ như làm hình ảnh miền Tây hiện lên trong tâm trí. Nhiều triết lí và cảnh vật mơ màng được tác giả ẩn dụ, ví von thật nên thơ khó tả:\r\n- Ồ, thế ra con người ta (và các con vật) đôi khi bị hành hạ bởi cái tên của mình. Một cái tên không phù hợp sẽ trở thành một thứ nợ nần khi đứa bé lớn lên, dù đứa bé đó là một con người hay một con vịt.\r\n- Đêm đêm, cô gà mới đào bới lòng mình, vẫn chẳng bắt được con giun lí lẽ nào.\r\n- Khi không có thứ gì thì con người đều thích làm thứ đó. Nên bác Ngựa với cái tên đã chết có sở thích đặt tên cho những con vật khác trong nhà.\r\n- Tất cả sinh vật trên đời này chỉ ở một trong hai trạng thái thôi: sống hoặc chết. Sống tức là làm một điều gì đó, ấp ủ một ước mơ nào đó và yêu thích một ai đó. Còn chết là thôi làm một điều gì đó, thôi ấp ủ một ước mơ nào đó và vẫn tiếp tục yêu thích một ai đó.\r\n- Tình yêu sẽ đến với chúng ta bằng bất cứ con đường nào nó chợt nghĩ ra, kể cả những con đường khó tin nhất. Vì vậy không ai trong chúng ta biết mình nên đứng đợi ở đâu, vì trong khi con đinh ninh tình yêu sẽ đến bằng con đường này thì rất có thể nó đang sải bước ở con đường bên cạnh.\r\n- Si mê bao giờ cũng ngắn hạn. Si mê giống như truyện ngắn, mãnh liệt, bộc phát nhưng đọc một chút xíu là hết. Tình yêu thì khác. Tình yêu giống như truyện dài, dàn trải, chậm rãi, có thể đọc tà tà cho đến ngày...làm đám cưới.\r\n- Nếu như trước đây thì chuyện gì con gà cũng có thể hồn nhiên chia sẻ với con vịt. Nhưng tiếc là nó đã lớn mất rồi. Khi lớn lên, bọn trẻ con bỗng nhiên có cái gọi là đời tư. Là cái nhà kho để cất giữ những điều thầm kín. Bây giờ lục lọi cái nhà kho đó và bày ra tất tần tật bí mật trước mắt người khác, quả là một quyết định không dễ dàng.\r\n- \"Đêm hái lời chim dành tặng ban mai\r\nĐêm xâu cho anh một tiếng thở dài\r\nĐêm trồng tặng em một mùa hoa cúc\r\nĐể em nhìn hoa nhớ chiều đã khuất\r\nĐêm mọc giùm anh sợi tóc thời gian\r\nĐêm chảy giùm em lệ của địa đàng\r\nDắt díu nhau qua những ngày nương náu\r\nGọi người ta yêu là người yêu dấu\".\r\n- \"Đêm ủ giùm em hoa trái ban ngày\r\nNuôi nấng giùm anh men của cơn say\r\nLời của đêm đen không hề gian dối\r\nTự giấu mình đi, đêm làm bóng tối...\"\r\n- Cuộc đời con vẫn còn là cuộn giấy trắng mà tổng kết gì con! Tất cả chỉ mới bắt đầu à. Ta nghĩ chỉ có tuổi già mới cặm cụi ngồi tổng kết. Chuyện của tuổi trẻ là phác thảo đề cương.\r\n- Dạo này lá trong vườn rụng nhiều. Đêm đêm, những chiếc lá ngủ mơ bám không vững vào cành, sẩy chân rơi xuống như mưa khiến sáng nào chị Ngần cũng xách chổi ra vườn loẹt quoẹt gom đầy gốc nhãn.\r\n- Những bụi lau lao xao, tiếng châu chấu búng mình lách tách, cả tiếng mưa bụi thì thào trong lá cỏ. Nó nhìn những cành non bị gió uốn cong, những bụi cỏ khô rủ nhau bay thi trong nắng. Trước mắt nó, nắng trong mưa và mưa trong nắng, cầu vồng cắt ngang cánh đồng như chiếc ô bảy màu do bà mẹ thiên nhiên hào phóng giương lên trong cái ngày xứng đáng ghi vào sổ tay thiếu nữ.\r\n- Tóm lại, xét về hình thức, nhà văn nom chẳng lung linh tí nào. Trông ông/bà ấy viết văn giống như người lao động khổ sai hay kẻ bị trời đày. Dường như những gì đẹp đẽ nhất, tinh túy nhất của nhà văn đều trút hết vào trang văn, cái còn lại chỉ là những gạch đầu dòng khô khan, tẻ nhạt.\r\n- Như lời tuyên ngôn của nhà hiền triết: “Các bạn chỉ cần nghe tiếng đàn của tôi là đủ. Đó là cách tôi hiện diện trong cuộc đời này”\r\n- Này các bạn, tình yêu là như thế đấy. Tình yêu không phải là một nhà tù và hạnh phúc là thứ có thể làm ta phát điên nếu ta nhốt nó trong lồng ngực quá lâu.\r\n- Xưa nay, những tác phẩm được tôn vinh bao giờ cũng được viết ra một cách tự nhiên nhất và chân thành nhất bởi những tác giả cả đời ăn nằm với câu chuyện của mình, bị câu chuyện của mình ám ảnh đến mức không thể nghĩ đến chuyện gì khác. Họ cần phải viết câu chuyện đó, là câu chuyện mà nếu họ không viết ra thì họ sẽ không thể tìm đọc ở bất cứ đâu.","customer_id":20366126,"rating":5,"images":[{"id":4321009,"full_path":"https://salt.tikicdn.com/ts/review/72/3f/6d/26caf66e6a4bd576f984c38febd8f5e6.jpg"},{"id":4321010,"full_path":"https://salt.tikicdn.com/ts/review/89/61/08/5108a4dd789263779897052bb2b0dbce.jpg"},{"id":4321011,"full_path":"https://salt.tikicdn.com/ts/review/fe/3f/20/1019300337caa933dfe0b7e77a1599f5.jpg"}],"created_at":1703128151,"created_by":{"id":20366126,"name":"Dương Vàng","full_name":"Dương Vàng","created_time":"2021-02-19 07:46:35","purchased":true,"purchased_at":1702088384},"product_id":157240665,"timeline":{"review_created_date":"2023-12-21 10:09:11","delivery_date":"2023-12-09 11:47:24"}},{"id":18534045,"title":"Cực kì hài lòng","content":"- Gần đây mình mới đọc truyện của bác Nguyễn Nhật Ánh, tháng 11 vừa rồi mình đã đọc 3 cuốn: tôi thấy hoa vàng trên cỏ xanh, út quyên và tôi, bàn có năm chỗ ngồi. Mình cực kì thích\r\n- Mình đặt cuốn này khoảng 2 3 hôm trước thôi\r\n- Giá mình mua đợt sale: 79k \r\n❤️❤️❤️❤️","customer_id":20130221,"rating":5,"images":[{"id":4060392,"full_path":"https://salt.tikicdn.com/ts/review/76/52/d0/77d303e305d24db2b52a86b34455a1e4.jpg"},{"id":4060393,"full_path":"https://salt.tikicdn.com/ts/review/4c/83/79/a66bf66c33953f7dbe2dc51c5a86d735.jpg"},{"id":4060394,"full_path":"https://salt.tikicdn.com/ts/review/48/98/5f/a41892f45440a9b75a8d4e2c675d428d.jpg"},{"id":4060395,"full_path":"https://salt.tikicdn.com/ts/review/d1/64/a0/450e8a0b75d0b223613808b77ec21ce3.jpg"}],"created_at":1672318677,"created_by":{"id":20130221,"name":"Thùy Dương","full_name":"Thùy Dương","created_time":"2021-01-31 09:34:09","purchased":true,"purchased_at":1672211595},"product_id":157240665,"timeline":{"review_created_date":"2022-12-29 19:57:57","delivery_date":"2022-12-29 19:45:37"}},{"id":14919381,"title":"Cực kì hài lòng","content":"Sách ở thực tế đẹp hơn so với tuởng tuợng, hàng giao đúng mô tả bao gồm 1 sách, 1 bìa phụ, 1 thiệp thơ hình trái tim, 1 tấm đánh dấu sách in 2 mặt, 1 quyển sách tặng kèm khổ nhỏ, tất cả đuợc bao bọc gọn gàng; bên trong sách bị vài vết hằn ở vài trang đầu không biết là tại sao? Mùi giấy thơm mới, cách trình bày chỉnh chu thấy có minh hoạ bằng tranh màu nữa, còn về nội dung thì chưa đọc nên chưa thể đánh giá; nhân viên giao hàng đúng giờ, thái độ lịch sự.","customer_id":8123262,"rating":5,"images":[{"id":3123069,"full_path":"https://salt.tikicdn.com/ts/review/79/ce/0c/26e97f0540f24196cf6fe2531a954579.jpg"},{"id":3123070,"full_path":"https://salt.tikicdn.com/ts/review/fb/e1/95/2f6fdf1dd5535e01ff05d793cd778819.jpg"},{"id":3123071,"full_path":"https://salt.tikicdn.com/ts/review/d1/30/90/8030041a5692a8de605f78d7ec612967.jpg"},{"id":3123072,"full_path":"https://salt.tikicdn.com/ts/review/1a/52/31/336d89c1495e6d8572376c55ccf818ca.jpg"},{"id":3123073,"full_path":"https://salt.tikicdn.com/ts/review/11/3f/38/b0fa10888691bd7e8fcd200daef10eec.jpg"}],"created_at":1644657953,"created_by":{"id":8123262,"name":"Gia Thọ","full_name":"Gia Thọ","created_time":"2018-09-27 20:52:16","purchased":true,"purchased_at":1644643813},"product_id":157240665,"timeline":{"review_created_date":"2022-02-12 16:25:53","delivery_date":"2022-02-12 14:27:47"}},{"id":14684134,"title":"Cực kì hài lòng","content":"Sách được bọc màng co nhưng đựng trong hộp giấy khá lỏng lẻo. Sách bìa cứng, có áo bìa, chất lượng giấy tốt, in màu toàn bộ. Ngoài ra còn được tặng kèm một số sản phẩm như ảnh. Nhìn chung mình khá hài lòng về hình thức của sách và nhất là đặt sớm nên giá rất ổn.","customer_id":18976689,"rating":5,"images":[{"id":3075899,"full_path":"https://salt.tikicdn.com/ts/review/bf/9d/09/83180f5bb7aa55512e61c18bf70b885a.jpg"},{"id":3075900,"full_path":"https://salt.tikicdn.com/ts/review/ca/e3/b0/8318fe88b2c13d6d863efbf1a02400bc.jpg"},{"id":3075901,"full_path":"https://salt.tikicdn.com/ts/review/63/6d/a4/57551a4155a4d5cace9b8d1277b84af7.jpg"},{"id":3075902,"full_path":"https://salt.tikicdn.com/ts/review/c9/8e/e4/c232f858b1907f10044a114a88b45038.jpg"},{"id":3075903,"full_path":"https://salt.tikicdn.com/ts/review/a5/05/cf/60d9324155e5c0cb337aa0c10f6511c1.jpg"}],"created_at":1643094623,"created_by":{"id":18976689,"name":"Nguyễn Lê Phương Thảo ","full_name":"Nguyễn Lê Phương Thảo ","created_time":"2020-10-23 22:14:57","purchased":true,"purchased_at":1641837761},"product_id":157240665,"timeline":{"review_created_date":"2022-01-25 14:10:23","delivery_date":"2022-01-20 10:41:57"}},{"id":18443331,"title":"Cực kì hài lòng","content":"Đây là một trong những truyện xây dựng hình tượng nhân vật hay nhất theo mình nghĩ. Mỗi nhân vật đều có sự chuyển biến về nội tâm xuyên suốt bộ truyện 1 cách rõ rệt. Có rất nhiều bài học quý giá được lồng ghép vào đây. \"Ra bờ suối ngắm hoa kèn hồng\" không chỉ là tập truyện giải trí cho thiếu nhi, mà còn là những triết lý đáng suy ngẫm dành cho người lớn khi nghiêm túc đọc. Rất đáng để mua nha mọi người","customer_id":27922396,"rating":5,"images":[{"id":4047626,"full_path":"https://salt.tikicdn.com/ts/review/e5/64/7b/b5f993ffb129eda3ba90db55727731d1.jpg"},{"id":4047627,"full_path":"https://salt.tikicdn.com/ts/review/67/45/85/736bdf15611088676845658db96e8256.jpg"},{"id":4047628,"full_path":"https://salt.tikicdn.com/ts/review/8c/f2/ba/bebd24b2ff5fc999fb8f8c02f318bd00.jpg"}],"created_at":1671251209,"created_by":{"id":27922396,"name":"Nguyễn Hoàng Bảo Minh","full_name":"Nguyễn Hoàng Bảo Minh","created_time":"2022-07-28 19:08:53","purchased":true,"purchased_at":1670685683},"product_id":157240665,"timeline":{"review_created_date":"2022-12-17 11:26:49","delivery_date":"2022-12-11 16:24:15"}}]}