{"id":158307847,"dbId":10801,"createdAt":1642611600000,"name":"Anh Sẽ Đi Tìm Em Trên Chiếc Xe Đạp Hỏng","short_description":"Anh sẽ đi tìm em trên chiếc xe đạp hỏng. Nương theo giọng nói của em, anh cứ thế nhấn bàn đạp hướng về nơi phương trời xa thật xa. Và rồi tới một lúc nào đó, chắc chắn anh sẽ tìm thấy em. Anh hứa đấy....","description":"Anh sẽ đi tìm em trên chiếc xe đạp hỏng. Nương theo giọng nói của em, anh cứ thế nhấn bàn đạp hướng về nơi phương trời xa thật xa. Và rồi tới một lúc nào đó, chắc chắn anh sẽ tìm thấy em. Anh hứa đấy. Vì thế từ giờ cho tới ngày đó, chúng mình phải tạm chia xa vậy. Tạm biệt em, người vợ yêu dấu của anh… TÁC GIẢ: Ichikawa Takuji sinh năm 1962 tại Tokyo. Sau khi tốt nghiệp khoa kinh tế trường Đại học Dokkyo, Nhật Bản, ông vào làm tại một công ty xuất bản nhưng chỉ được 3 tháng thì xin nghỉ việc và đi du lịch vòng quanh nước Nhật bằng xe máy. Sau đó ông làm tại một văn phòng nhỏ chuyên về thuế suốt 14 năm trước khi nghỉ hẳn để chuyên tâm vào công việc viết lách. Từ năm 1997, ông bắt đầu giới thiệu những tác phẩm của mình lên mạng internet và được độc giả đón nhận nồng nhiệt. Rất nhiều tác phẩm của Ichikawa được chuyển thể thành phim. Phong cách của Ichikawa Takuji chịu ảnh hưởng lớn từ nhà văn Mỹ John Winslow Irving và nhà văn Anh Ian McEwan. Chủ đề trong các tác phẩm của ông thường là tình yêu và cái chết, nhưng không mang màu sắc bi lụy.\u003cp\u003eGiá sản phẩm trên Tiki đã bao gồm thuế theo luật hiện hành. Bên cạnh đó, tuỳ vào loại sản phẩm, hình thức và địa chỉ giao hàng mà có thể phát sinh thêm chi phí khác như phí vận chuyển, phụ phí hàng cồng kềnh, thuế nhập khẩu (đối với đơn hàng giao từ nước ngoài có giá trị trên 1 triệu đồng).....\u003c/p\u003e","original_price":128000.0,"thumbnail_url":"https://salt.tikicdn.com/cache/280x280/ts/product/52/da/6c/75eb599b61a9d818ea66bb1c6ed6d5a4.jpg","images":[{"base_url":"https://salt.tikicdn.com/ts/product/52/da/6c/75eb599b61a9d818ea66bb1c6ed6d5a4.jpg","dbId":28779},{"base_url":"https://salt.tikicdn.com/ts/product/72/8a/aa/471575432735566d74af44a53379a1f3.png","dbId":28780},{"base_url":"https://salt.tikicdn.com/ts/product/f2/4b/07/1196046aeaa9d0ccbb57f3a197f0c53e.png","dbId":28781}],"authors":[{"id":18109,"name":"Ichikawa Takuji","dbId":5716}],"specifications":[{"name":"Thông tin chung","attributes":[{"name":"Phiên bản sách","value":"Phiên bản thường"},{"name":"Công ty phát hành","value":"Nhã Nam"},{"name":"Ngày xuất bản","value":"2022-01-01 00:00:00"},{"name":"Dịch Giả","value":"Mai Mai"},{"name":"Loại bìa","value":"Bìa mềm"},{"name":"Số trang","value":"300"},{"name":"Nhà xuất bản","value":"Nhà Xuất Bản Hà Nội"},{"code":"PUBLICATION_DATE","name":"Kích thước","value":"14 x 20.5 cm"}]}],"stock_item":{"qty":1000},"all_time_quantity_sold":669,"reviews":[{"id":16236311,"title":"Cực kì hài lòng","content":"Bìa sách rất đẹp.\nNội dung đơn giản, nhẹ nhàng, có chút day dứt nhưng dịu dàng, lắng đọng. Kể về tình yêu của ông bà nội, một mối tình từ thuở nhỏ, qua nhiều khó khăn, mặc cảm cuối cùng họ vẫn đến bên nhau, chấp nhận dù thời gian bên nhau không được lâu dài.","customer_id":5195993,"rating":5,"images":[{"id":3450286,"full_path":"https://salt.tikicdn.com/ts/review/36/b1/cb/bc38085592e0ffc4136cf999d58778e1.jpg"}],"created_at":1651932216,"created_by":{"id":5195993,"name":"Thanh Nguyen","full_name":"Thanh Nguyen","created_time":"2017-04-15 23:16:19","purchased":true,"purchased_at":1649610389},"product_id":158307847,"timeline":{"review_created_date":"2022-05-07 21:03:36","delivery_date":"2022-04-13 13:25:04"}},{"id":19224452,"title":"Cực kì hài lòng","content":"Sách đẹp, bọc Tiki Care chuẩn. Đề nghị cập nhật cho các đối tác sách khác sử dụng dc bọc tiki care chứ nhiều đầu sách Tiki Trading không có phải mua ngoài lại k sử dụng dc","customer_id":219808,"rating":5,"images":[],"created_at":1684898887,"created_by":{"id":219808,"name":"Cao Hoàng Minh","full_name":"Cao Hoàng Minh","created_time":"2013-11-28 15:27:07","purchased":true,"purchased_at":1684728943},"product_id":158307847,"timeline":{"review_created_date":"2023-05-24 10:28:07","delivery_date":"2023-05-22 13:26:52"}},{"id":15411595,"title":"Cực kì hài lòng","content":"Mình mua đợt có mã giảm, nên được giảm khá nhiều cho cuốn này. Mình đã có đủ bộ của bác Ichikawa Takuji rồi, nên thấy cuốn này mình quắn quéo lắm. Mình sẽ đọc sớm và viết rivire trên các hội nhóm","customer_id":6203359,"rating":5,"images":[{"id":3229126,"full_path":"https://salt.tikicdn.com/ts/review/4f/1d/99/de0b8849996b01cb2f72255b940ac63c.jpg"}],"created_at":1647237646,"created_by":{"id":6203359,"name":"Linh Nguyễn Khánh","full_name":"Linh Nguyễn Khánh","created_time":"2017-12-13 07:20:43","purchased":true,"purchased_at":1647183376},"product_id":158307847,"timeline":{"review_created_date":"2022-03-14 13:00:46","delivery_date":"2022-03-14 11:42:48"}},{"id":15366272,"title":"Cực kì hài lòng","content":"Bản của Nhã Nam được tác giả ưu ái giới thiệu trên instagram cá nhân luôn, mình rất mê truyện của tác giả Ichikawa Takuji, truyện của bác nhẹ nhàng và rất là healing\r\nĐặt giao 1 ngày là nhận được sách rồi, luôn ủng hộ Tiki","customer_id":7785260,"rating":5,"images":[],"created_at":1646989836,"created_by":{"id":7785260,"name":"Hoàng Ngọc Nhật Anh","full_name":"Hoàng Ngọc Nhật Anh","created_time":"2018-08-31 08:20:56","purchased":true,"purchased_at":1646868650},"product_id":158307847,"timeline":{"review_created_date":"2022-03-11 16:10:36","delivery_date":"2022-03-11 13:57:43"}},{"id":14733416,"title":"Cực kì hài lòng","content":"Sản phẩm có bìa rất rất đẹp, nội dung hay là chắc chắn rồi, shipper rất lịch sự đáng yêu, giao hàng nhanh, đóng gói kỹ càng. Sẽ tiếp tục ủng hộ tiki và tác giả Ichikawa Takuji","customer_id":659089,"rating":5,"images":[{"id":3086101,"full_path":"https://salt.tikicdn.com/ts/review/7a/b6/92/ae18ae656f93ec30afde376dd969116d.jpg"}],"created_at":1643344072,"created_by":{"id":659089,"name":"Nguyễn Hà Lan Anh","full_name":"Nguyễn Hà Lan Anh","created_time":"2015-06-10 14:03:44","purchased":true,"purchased_at":1643215737},"product_id":158307847,"timeline":{"review_created_date":"2022-01-28 11:27:52","delivery_date":"2022-01-28 10:22:13"}},{"id":16236311,"title":"Cực kì hài lòng","content":"Bìa sách rất đẹp.\nNội dung đơn giản, nhẹ nhàng, có chút day dứt nhưng dịu dàng, lắng đọng. Kể về tình yêu của ông bà nội, một mối tình từ thuở nhỏ, qua nhiều khó khăn, mặc cảm cuối cùng họ vẫn đến bên nhau, chấp nhận dù thời gian bên nhau không được lâu dài.","customer_id":5195993,"rating":5,"images":[{"id":3450286,"full_path":"https://salt.tikicdn.com/ts/review/36/b1/cb/bc38085592e0ffc4136cf999d58778e1.jpg"}],"created_at":1651932216,"created_by":{"id":5195993,"name":"Thanh Nguyen","full_name":"Thanh Nguyen","created_time":"2017-04-15 23:16:19","purchased":true,"purchased_at":1649610389},"product_id":158307847,"timeline":{"review_created_date":"2022-05-07 21:03:36","delivery_date":"2022-04-13 13:25:04"}},{"id":19224452,"title":"Cực kì hài lòng","content":"Sách đẹp, bọc Tiki Care chuẩn. Đề nghị cập nhật cho các đối tác sách khác sử dụng dc bọc tiki care chứ nhiều đầu sách Tiki Trading không có phải mua ngoài lại k sử dụng dc","customer_id":219808,"rating":5,"images":[],"created_at":1684898887,"created_by":{"id":219808,"name":"Cao Hoàng Minh","full_name":"Cao Hoàng Minh","created_time":"2013-11-28 15:27:07","purchased":true,"purchased_at":1684728943},"product_id":158307847,"timeline":{"review_created_date":"2023-05-24 10:28:07","delivery_date":"2023-05-22 13:26:52"}},{"id":15411595,"title":"Cực kì hài lòng","content":"Mình mua đợt có mã giảm, nên được giảm khá nhiều cho cuốn này. Mình đã có đủ bộ của bác Ichikawa Takuji rồi, nên thấy cuốn này mình quắn quéo lắm. Mình sẽ đọc sớm và viết rivire trên các hội nhóm","customer_id":6203359,"rating":5,"images":[{"id":3229126,"full_path":"https://salt.tikicdn.com/ts/review/4f/1d/99/de0b8849996b01cb2f72255b940ac63c.jpg"}],"created_at":1647237646,"created_by":{"id":6203359,"name":"Linh Nguyễn Khánh","full_name":"Linh Nguyễn Khánh","created_time":"2017-12-13 07:20:43","purchased":true,"purchased_at":1647183376},"product_id":158307847,"timeline":{"review_created_date":"2022-03-14 13:00:46","delivery_date":"2022-03-14 11:42:48"}},{"id":15366272,"title":"Cực kì hài lòng","content":"Bản của Nhã Nam được tác giả ưu ái giới thiệu trên instagram cá nhân luôn, mình rất mê truyện của tác giả Ichikawa Takuji, truyện của bác nhẹ nhàng và rất là healing\r\nĐặt giao 1 ngày là nhận được sách rồi, luôn ủng hộ Tiki","customer_id":7785260,"rating":5,"images":[],"created_at":1646989836,"created_by":{"id":7785260,"name":"Hoàng Ngọc Nhật Anh","full_name":"Hoàng Ngọc Nhật Anh","created_time":"2018-08-31 08:20:56","purchased":true,"purchased_at":1646868650},"product_id":158307847,"timeline":{"review_created_date":"2022-03-11 16:10:36","delivery_date":"2022-03-11 13:57:43"}},{"id":14733416,"title":"Cực kì hài lòng","content":"Sản phẩm có bìa rất rất đẹp, nội dung hay là chắc chắn rồi, shipper rất lịch sự đáng yêu, giao hàng nhanh, đóng gói kỹ càng. Sẽ tiếp tục ủng hộ tiki và tác giả Ichikawa Takuji","customer_id":659089,"rating":5,"images":[{"id":3086101,"full_path":"https://salt.tikicdn.com/ts/review/7a/b6/92/ae18ae656f93ec30afde376dd969116d.jpg"}],"created_at":1643344072,"created_by":{"id":659089,"name":"Nguyễn Hà Lan Anh","full_name":"Nguyễn Hà Lan Anh","created_time":"2015-06-10 14:03:44","purchased":true,"purchased_at":1643215737},"product_id":158307847,"timeline":{"review_created_date":"2022-01-28 11:27:52","delivery_date":"2022-01-28 10:22:13"}},{"id":16236311,"title":"Cực kì hài lòng","content":"Bìa sách rất đẹp.\nNội dung đơn giản, nhẹ nhàng, có chút day dứt nhưng dịu dàng, lắng đọng. Kể về tình yêu của ông bà nội, một mối tình từ thuở nhỏ, qua nhiều khó khăn, mặc cảm cuối cùng họ vẫn đến bên nhau, chấp nhận dù thời gian bên nhau không được lâu dài.","customer_id":5195993,"rating":5,"images":[{"id":3450286,"full_path":"https://salt.tikicdn.com/ts/review/36/b1/cb/bc38085592e0ffc4136cf999d58778e1.jpg"}],"created_at":1651932216,"created_by":{"id":5195993,"name":"Thanh Nguyen","full_name":"Thanh Nguyen","created_time":"2017-04-15 23:16:19","purchased":true,"purchased_at":1649610389},"product_id":158307847,"timeline":{"review_created_date":"2022-05-07 21:03:36","delivery_date":"2022-04-13 13:25:04"}},{"id":19224452,"title":"Cực kì hài lòng","content":"Sách đẹp, bọc Tiki Care chuẩn. Đề nghị cập nhật cho các đối tác sách khác sử dụng dc bọc tiki care chứ nhiều đầu sách Tiki Trading không có phải mua ngoài lại k sử dụng dc","customer_id":219808,"rating":5,"images":[],"created_at":1684898887,"created_by":{"id":219808,"name":"Cao Hoàng Minh","full_name":"Cao Hoàng Minh","created_time":"2013-11-28 15:27:07","purchased":true,"purchased_at":1684728943},"product_id":158307847,"timeline":{"review_created_date":"2023-05-24 10:28:07","delivery_date":"2023-05-22 13:26:52"}},{"id":15411595,"title":"Cực kì hài lòng","content":"Mình mua đợt có mã giảm, nên được giảm khá nhiều cho cuốn này. Mình đã có đủ bộ của bác Ichikawa Takuji rồi, nên thấy cuốn này mình quắn quéo lắm. Mình sẽ đọc sớm và viết rivire trên các hội nhóm","customer_id":6203359,"rating":5,"images":[{"id":3229126,"full_path":"https://salt.tikicdn.com/ts/review/4f/1d/99/de0b8849996b01cb2f72255b940ac63c.jpg"}],"created_at":1647237646,"created_by":{"id":6203359,"name":"Linh Nguyễn Khánh","full_name":"Linh Nguyễn Khánh","created_time":"2017-12-13 07:20:43","purchased":true,"purchased_at":1647183376},"product_id":158307847,"timeline":{"review_created_date":"2022-03-14 13:00:46","delivery_date":"2022-03-14 11:42:48"}},{"id":15366272,"title":"Cực kì hài lòng","content":"Bản của Nhã Nam được tác giả ưu ái giới thiệu trên instagram cá nhân luôn, mình rất mê truyện của tác giả Ichikawa Takuji, truyện của bác nhẹ nhàng và rất là healing\r\nĐặt giao 1 ngày là nhận được sách rồi, luôn ủng hộ Tiki","customer_id":7785260,"rating":5,"images":[],"created_at":1646989836,"created_by":{"id":7785260,"name":"Hoàng Ngọc Nhật Anh","full_name":"Hoàng Ngọc Nhật Anh","created_time":"2018-08-31 08:20:56","purchased":true,"purchased_at":1646868650},"product_id":158307847,"timeline":{"review_created_date":"2022-03-11 16:10:36","delivery_date":"2022-03-11 13:57:43"}},{"id":14733416,"title":"Cực kì hài lòng","content":"Sản phẩm có bìa rất rất đẹp, nội dung hay là chắc chắn rồi, shipper rất lịch sự đáng yêu, giao hàng nhanh, đóng gói kỹ càng. Sẽ tiếp tục ủng hộ tiki và tác giả Ichikawa Takuji","customer_id":659089,"rating":5,"images":[{"id":3086101,"full_path":"https://salt.tikicdn.com/ts/review/7a/b6/92/ae18ae656f93ec30afde376dd969116d.jpg"}],"created_at":1643344072,"created_by":{"id":659089,"name":"Nguyễn Hà Lan Anh","full_name":"Nguyễn Hà Lan Anh","created_time":"2015-06-10 14:03:44","purchased":true,"purchased_at":1643215737},"product_id":158307847,"timeline":{"review_created_date":"2022-01-28 11:27:52","delivery_date":"2022-01-28 10:22:13"}},{"id":16236311,"title":"Cực kì hài lòng","content":"Bìa sách rất đẹp.\nNội dung đơn giản, nhẹ nhàng, có chút day dứt nhưng dịu dàng, lắng đọng. Kể về tình yêu của ông bà nội, một mối tình từ thuở nhỏ, qua nhiều khó khăn, mặc cảm cuối cùng họ vẫn đến bên nhau, chấp nhận dù thời gian bên nhau không được lâu dài.","customer_id":5195993,"rating":5,"images":[{"id":3450286,"full_path":"https://salt.tikicdn.com/ts/review/36/b1/cb/bc38085592e0ffc4136cf999d58778e1.jpg"}],"created_at":1651932216,"created_by":{"id":5195993,"name":"Thanh Nguyen","full_name":"Thanh Nguyen","created_time":"2017-04-15 23:16:19","purchased":true,"purchased_at":1649610389},"product_id":158307847,"timeline":{"review_created_date":"2022-05-07 21:03:36","delivery_date":"2022-04-13 13:25:04"}},{"id":19224452,"title":"Cực kì hài lòng","content":"Sách đẹp, bọc Tiki Care chuẩn. Đề nghị cập nhật cho các đối tác sách khác sử dụng dc bọc tiki care chứ nhiều đầu sách Tiki Trading không có phải mua ngoài lại k sử dụng dc","customer_id":219808,"rating":5,"images":[],"created_at":1684898887,"created_by":{"id":219808,"name":"Cao Hoàng Minh","full_name":"Cao Hoàng Minh","created_time":"2013-11-28 15:27:07","purchased":true,"purchased_at":1684728943},"product_id":158307847,"timeline":{"review_created_date":"2023-05-24 10:28:07","delivery_date":"2023-05-22 13:26:52"}},{"id":15411595,"title":"Cực kì hài lòng","content":"Mình mua đợt có mã giảm, nên được giảm khá nhiều cho cuốn này. Mình đã có đủ bộ của bác Ichikawa Takuji rồi, nên thấy cuốn này mình quắn quéo lắm. Mình sẽ đọc sớm và viết rivire trên các hội nhóm","customer_id":6203359,"rating":5,"images":[{"id":3229126,"full_path":"https://salt.tikicdn.com/ts/review/4f/1d/99/de0b8849996b01cb2f72255b940ac63c.jpg"}],"created_at":1647237646,"created_by":{"id":6203359,"name":"Linh Nguyễn Khánh","full_name":"Linh Nguyễn Khánh","created_time":"2017-12-13 07:20:43","purchased":true,"purchased_at":1647183376},"product_id":158307847,"timeline":{"review_created_date":"2022-03-14 13:00:46","delivery_date":"2022-03-14 11:42:48"}},{"id":15366272,"title":"Cực kì hài lòng","content":"Bản của Nhã Nam được tác giả ưu ái giới thiệu trên instagram cá nhân luôn, mình rất mê truyện của tác giả Ichikawa Takuji, truyện của bác nhẹ nhàng và rất là healing\r\nĐặt giao 1 ngày là nhận được sách rồi, luôn ủng hộ Tiki","customer_id":7785260,"rating":5,"images":[],"created_at":1646989836,"created_by":{"id":7785260,"name":"Hoàng Ngọc Nhật Anh","full_name":"Hoàng Ngọc Nhật Anh","created_time":"2018-08-31 08:20:56","purchased":true,"purchased_at":1646868650},"product_id":158307847,"timeline":{"review_created_date":"2022-03-11 16:10:36","delivery_date":"2022-03-11 13:57:43"}},{"id":14733416,"title":"Cực kì hài lòng","content":"Sản phẩm có bìa rất rất đẹp, nội dung hay là chắc chắn rồi, shipper rất lịch sự đáng yêu, giao hàng nhanh, đóng gói kỹ càng. Sẽ tiếp tục ủng hộ tiki và tác giả Ichikawa Takuji","customer_id":659089,"rating":5,"images":[{"id":3086101,"full_path":"https://salt.tikicdn.com/ts/review/7a/b6/92/ae18ae656f93ec30afde376dd969116d.jpg"}],"created_at":1643344072,"created_by":{"id":659089,"name":"Nguyễn Hà Lan Anh","full_name":"Nguyễn Hà Lan Anh","created_time":"2015-06-10 14:03:44","purchased":true,"purchased_at":1643215737},"product_id":158307847,"timeline":{"review_created_date":"2022-01-28 11:27:52","delivery_date":"2022-01-28 10:22:13"}}]}