{"id":158641027,"dbId":12188,"createdAt":1642870800000,"name":"Kẻ Nhắc Tuồng (Tái Bản)","short_description":"“Gã luôn đi trước chúng ta một bước”Lời đề tựa rất thu hút và chứa đầy sự mời gọi đối với những độc giả ưa thích thể loại tiểu thuyết tâm lý tội phạm. Và cuốn tiểu thuyết đầu tay của nhà văn người It...","description":"\u003cp\u003e“Gã luôn đi trước chúng ta một bước”\u003c/p\u003e\n\u003cp\u003eLời đề tựa rất thu hút và chứa đầy sự mời gọi đối với những độc giả ưa thích thể loại tiểu thuyết tâm lý tội phạm. Và cuốn tiểu thuyết đầu tay của nhà văn người Italia Donato Carrisi, “Kẻ nhắc tuồng” thực sự là một tác phẩm không thể nào bỏ qua.\u003c/p\u003e\n\u003cp\u003eMột bức thư mật gửi từ Trại giam tới Văn phòng Chánh biện lý J.B. Marin đề cập đến trường hợp khẩn cấp về một phạm nhân kì lạ mang số tù RK-357/9 là sự mở đầu dẫn dắt độc giả đến với những bí mật khủng khiếp diễn ra ở hơn 500 trang tiếp theo sau đó: những vụ mất tích liên tiếp của năm bé gái, từ việc biến mất một cách bí ẩn cho đến việc đứa trẻ bị bắt cóc ngay trước mũi cha mẹ chúng. Cuộc điều tra tưởng chừng rơi vào bế tắc thì cũng là lúc sáu cánh tay trái của các nạn nhân được tìm thấy trong khu rừng vắng. Sáu đứa trẻ, thay vì năm và tung tích của đứa trẻ bí ẩn hoàn toàn không có, không thông báo mất tích, không danh tính, thân phận. Nhóm điều tra lúc này buộc phải nhờ đến sự giúp đỡ của một nữ chuyên gia về các vụ mất tích - Mila Vasquez. Đó cũng là lúc vở tuồng bắt đầu, các diễn viên đã đứng đúng vào vị trí và sau lưng họ, kẻ nhắc tuồng luôn đứng đó, thì thầm lời thoại cho vở bi kịch chết chóc. Hắn thì thầm rót vào tai những con người đang bị lung lay nhằm khơi dậy trong họ thứ khoái cảm quyền lực khi được nắm trong tay sinh mệnh kẻ khác. Hắn còn giật dây được cả những hành động của đội điều tra. Tất cả những người này đều là nghệ sĩ trên sân khấu của kẻ nhắc tuồng.\u003c/p\u003e\n\u003cp\u003eKhi Mila Vasquez, một nữ cảnh sát chuyên về các vụ mất tích, nhập cuộc với nhóm điều tra cũng là lúc vở kịch hạ màn theo cách tốt đẹp nhất có thể. Nhưng chính bản thân cô lại phải hứng chịu đau đớn nhiều nhất khi phát hiện ra một sự thật khác còn đau lòng hơn: những cảm xúc đã bị chôn vùi cùng với quá khứ của cô nay lại được “đánh thức”, và có lẽ cô sẽ không cần phải tìm đến những cảm xúc ấy bằng cách tự làm tổn thương mình, theo nghĩa đen nữa. \u003c/p\u003e\n\u003cp\u003eCâu chuyện được kể chủ yếu qua cái nhìn của nhân vật chính Mila, nhưng người đọc sẽ có cái nhìn đa chiều về quá khứ của nỗi đau khi bản chất của từng nhân vật dần được hé lộ. Người mà chúng ta tưởng rằng tốt hóa ra lại trở nên điên loạn, kẻ chúng ta không ưa lại khiến ta cảm thông, thương xót. Đặc biệt có những nhân vật lại đứng giữa ranh giới của tốt - xấu, đáng ghét - đáng thương, lạnh lùng - tình cảm.\u003c/p\u003e\n\u003cp\u003e\u003cstrong\u003eTác giả\u003c/strong\u003e\u003c/p\u003e\n\u003cp\u003eDonato Carrisi sinh năm 1973 ở Ý, tốt nghiệp ngành luật và tội phạm học trước khi trở thành nhà viết kịch bản phim truyền hình. Cuốn tiểu thuyết trinh thám đầu tay Kẻ nhắc tuồng của ông đã gây được tiếng vang lớn với năm giải thưởng Văn học quốc tế, được dịch ra hơn 30 thứ tiếng, và đưa tác giả lên vị trí “nhà văn Italia được đọc nhiều nhất trên thế giới”.\u003c/p\u003e\n\u003cp\u003e\u003cstrong\u003eDịch giả\u003c/strong\u003e\u003c/p\u003e\n\u003cp\u003eHoàng Anh, tên thật là Vũ Hoàng Anh, là dịch giả hai thứ tiếng Anh, Pháp. Bén duyên với công việc dịch thuật từ năm 2009, cho đến nay anh đã ra mắt bạn đọc gần 40 dịch phẩm và nhận được sự đánh giá cao không chỉ bởi nội dung hấp dẫn của tác phẩm, mà còn bởi khả năng chuyển ngữ trung thực và vô cùng khéo léo của dịch giả.\u003c/p\u003e\n\u003cp\u003e\u003cstrong\u003eTrích đoạn 1\u003c/strong\u003e\u003c/p\u003e\n\u003cp\u003eTrước mặt hai người mở ra một trảng đất trống được chiếu sáng bởi các luồng đèn rọi. Đúng là một miệng núi lửa. Hương rừng đột ngột biến mất, chỉ còn thứ mùi chua nồng đặc trưng xộc thẳng vào mũi hai người. Goran ngẩng đầu, để cho mùi chua tràn vào mũi. Mùi phenol, ông tự nhủ.\u003c/p\u003e\n\u003cp\u003eRồi ông nhìn thấy chúng.\u003c/p\u003e\n\u003cp\u003eNhững cái hố nhỏ nằm theo một vòng tròn, cùng khoảng ba chục người đàn ông trong bộ áo liền quần màu trắng đang đào bới dưới ánh đèn halogen ma mị. Họ được trang bị xẻng nhỏ và cọ để có thể làm sạch bụi đất một cách nhẹ nhàng. Vài người săm soi đám cỏ, trong khi những người khác chụp ảnh và lập danh sách mọi thứ tìm thấy. Những thao tác của họ chính xác, thành thục như bị thôi miên trong sự im lặng trang nghiêm chỉ thi thoảng bị gián đoạn bởi những tiếng đèn flash.\u003c/p\u003e\n\u003cp\u003eGoran nhận ra hai đặc vụ Sarah Rosa và Klaus Boris. Chánh thanh tra Roche nhìn thấy ông và lập tức sải những bước dài tiến lại chào, nhưng chưa kịp mở miệng thì Goran đã hỏi độp luôn:\u003c/p\u003e\n\u003cp\u003e- Có bao nhiêu cả thảy?\u003c/p\u003e\n\u003cp\u003e- Năm. Dài năm mươi, rộng hai mươi, sâu năm mươi centimé Theo ông, người ta chôn gì trong những cái hố như thế?\u003c/p\u003e\n\u003cp\u003eMột thứ gì đó trong mỗi cái hố. Cùng một thứ.\u003c/p\u003e\n\u003cp\u003eNhà tội phạm học nhìn ông ta, chờ đợi.\u003c/p\u003e\n\u003cp\u003eCâu trả lời đến ngay lập tức:\u003c/p\u003e\n\u003cp\u003e- Một cánh tay trái.\u003c/p\u003e\n\u003cp\u003eGoran quay ra nhìn mấy người mặc đồ bảo hộ trắng đang lúi húi làm việc giữa cái nghĩa địa lộ thiên quái gở. Lòng đất chỉ cung cấp những mảnh thịt đã bị phân hủy, nhưng nguồn gốc của thứ tội ác ma quỷ này chắc hẳn phải xảy ra đâu đó trước thời điểm phi thực tế và lửng lơ này.\u003c/p\u003e\n\u003cp\u003e- Là chúng à? - Goran hỏi. Nhưng lần này ông đã biết quá rõ câu trả lời.\u003c/p\u003e\n\u003cp\u003e- Theo phân tích mẫu ADN, chủ nhân của các cánh tay là những bé gái da trắng, tuổi từ chín đến mười \u003c/p\u003e\n\u003cp\u003eNhững bé gái.\u003c/p\u003e\n\u003cp\u003e\u003cstrong\u003eTrích đoạn 2\u003c/strong\u003e\u003c/p\u003e\n\u003cp\u003e“Chúng ta gọi chúng là quái vật, vì chúng ta cảm thấy chúng quá xa lạ với mình, nên chúng ta muốn chúng khác biệt”, giáo sư Goran từng nói như thế trong bài giảng của mình. “Ngược lại, bọn chúng hoàn toàn không khác gì chúng ta. Nhưng ta cứ thích chối bỏ suy nghĩ rằng một kẻ đồng loại với mình lại có thể tàn bạo đến thế. Tựa như một sự miễn tội cho bản chất của con người chúng ta. Những nhà nhân loại học gọi đó là “sự giải thể nhân cách tội phạm”, và đó thường là trở ngại chính trong việc nhận dạng một tên giết người hàng loạt. Một con người thì luôn có các điểm yếu và còn có thể bị bắt. Còn một con quỷ thì không.”\u003c/p\u003e\u003cp\u003eGiá sản phẩm trên Tiki đã bao gồm thuế theo luật hiện hành. Bên cạnh đó, tuỳ vào loại sản phẩm, hình thức và địa chỉ giao hàng mà có thể phát sinh thêm chi phí khác như phí vận chuyển, phụ phí hàng cồng kềnh, thuế nhập khẩu (đối với đơn hàng giao từ nước ngoài có giá trị trên 1 triệu đồng).....\u003c/p\u003e","original_price":155000.0,"thumbnail_url":"https://salt.tikicdn.com/cache/280x280/ts/product/7b/f8/9e/6a4aa6ad6dac935e6afd13bd81d46240.jpg","images":[{"base_url":"https://salt.tikicdn.com/ts/product/7b/f8/9e/6a4aa6ad6dac935e6afd13bd81d46240.jpg","dbId":32438},{"base_url":"https://salt.tikicdn.com/ts/product/bf/f7/fa/733093afcea180ce699b68aa5825f51b.jpg","dbId":32439},{"base_url":"https://salt.tikicdn.com/ts/product/80/2b/69/a26fdc8846dae51a2ef70d044ea0851c.png","dbId":32440}],"authors":[{"id":19092,"name":"Donato Carrisi","dbId":6238}],"specifications":[{"name":"Thông tin chung","attributes":[{"name":"Phiên bản sách","value":"Phiên bản thường"},{"name":"Công ty phát hành","value":"Nhà xuất bản Phụ Nữ"},{"name":"Ngày xuất bản","value":"2022-01-01 00:00:00"},{"name":"Dịch Giả","value":"Hoàng Anh"},{"name":"Loại bìa","value":"Bìa mềm"},{"name":"Số trang","value":"516"},{"name":"Nhà xuất bản","value":"Nhà Xuất Bản Phụ Nữ Việt Nam"},{"code":"PUBLICATION_DATE","name":"Kích thước","value":"15.5 x 23.2 cm"}]}],"stock_item":{"qty":1000},"all_time_quantity_sold":701,"reviews":[{"id":18826457,"title":"Cực kì hài lòng","content":"Nội dung hay, câu chuyện nhiều nút thắt khiến người đọc khó đoán được diễn biến tiếp theo, đúng với kì vọng về 1 bộ trinh thám kinh điển của Ý. Giao hàng nhanh có bọc cẩn thận nhưng sách có lỗi in lập trang ở trang 5*** nhưng không ảnh hưởng lắm nên vẫn ủng hộ 5 sao ngen.","customer_id":22177045,"rating":5,"images":[{"id":4123133,"full_path":"https://salt.tikicdn.com/ts/review/0f/ba/c8/a6a2c5ebfdf0f7b454cd20839cd35f07.jpg"},{"id":4123134,"full_path":"https://salt.tikicdn.com/ts/review/3c/23/e4/a17f658f67dafafbed3d04f19ec99005.jpg"}],"created_at":1676735173,"created_by":{"id":22177045,"name":"Vinh Đinh","full_name":"Vinh Đinh","created_time":"2021-06-15 14:44:47","purchased":true,"purchased_at":1673262524},"product_id":158641027,"timeline":{"review_created_date":"2023-02-18 22:46:13","delivery_date":"2023-01-11 09:53:29"}},{"id":19135574,"title":"Cực kì hài lòng","content":"Quyết định đúng đắn nhất là mua gói bookcare, sách về tới tay trộm vía không nát không gì siêu mới, nhưng Tiki bọc sách chả gói ghém lót gì luôn thả bịch cái vào hộp và chuyển đi 🥲 lần này mở hộp cũng chơi trò may rủi sợ sách nát hỏng á\r\nNội dung mình chưa đọc nhưng review thích lắm nên rất kì vọng","customer_id":902992,"rating":5,"images":[{"id":4198153,"full_path":"https://salt.tikicdn.com/ts/review/e1/56/06/3046429a307061c570eed0a9bfb3b19c.jpg"}],"created_at":1682519390,"created_by":{"id":902992,"name":"Boon Xuxi","full_name":"Boon Xuxi","created_time":"2015-10-27 01:35:23","purchased":true,"purchased_at":1682157129},"product_id":158641027,"timeline":{"review_created_date":"2023-04-26 21:29:50","delivery_date":"2023-04-26 10:45:01"}},{"id":19053715,"title":"Cực kì hài lòng","content":"Đối với mình thì đây là 1 tác phẩm quá hoàn hảo, đạt đến đỉnh cao của sự suy luận logic, kiến thức tác giả cực kì uyên thâm. Nó chặt chẽ và khoa học đến nỗi mình không nghĩ đó là sản phẩm của trí tưởng tượng, của sự sáng tạo mà như kiểu tác giả đã ở đó và chứng kiến sự việc đã xảy ra là như vậy, và ông tường thuật lại mọi thứ theo góc nhìn của ông. Mình không có điểm nào để nghi ngờ về tác phẩm này cả.","customer_id":277741,"rating":5,"images":[{"id":4177713,"full_path":"https://salt.tikicdn.com/ts/review/57/a2/31/e3b9bcfb4274389bd25afebc45a95f90.jpg"}],"created_at":1680663539,"created_by":{"id":277741,"name":"Hoàng Hằng","full_name":"Hoàng Hằng","created_time":"2014-01-26 16:24:56","purchased":true,"purchased_at":1672048077},"product_id":158641027,"timeline":{"review_created_date":"2023-04-05 09:58:59","delivery_date":"2022-12-27 18:24:04"}},{"id":19003710,"title":"Cực kì hài lòng","content":"Hấp dẫn từ đầu đến cuối. Mạch truyện nhanh, dồn dập, thông tin hết sức rõ ràng nhưng không thể đoán trước diễn biến tiếp theo và kết cục của câu truyện.\r\nChất lượng giấy và in ấn đều rất tốt. Cuốn truyện hơn 500 trang nhưng cầm hết sức nhẹ nhàng và mềm mại. \r\nĐánh giá: 9,5/10","customer_id":13134774,"rating":5,"images":[{"id":4166049,"full_path":"https://salt.tikicdn.com/ts/review/8d/e1/1f/8de3c8b1408e7424a0ee7109118cf00b.jpg"}],"created_at":1679635228,"created_by":{"id":13134774,"name":"Khải Hm","full_name":"Khải Hm","created_time":"2019-07-29 09:16:23","purchased":true,"purchased_at":1676460581},"product_id":158641027,"timeline":{"review_created_date":"2023-03-24 12:20:28","delivery_date":"2023-02-17 14:01:29"}},{"id":17146872,"title":"Rất không hài lòng","content":"đọc gần hết rồi thì phát hiện ra sách bị in lỗi thiếu nội dung và trùng là ở trang 502 và 503. Đề nghị tiki đổi trả vì sách mình mua để đọc và sưu tầm nhưng 1 quyển sách không trọn vẹn thế này thật quá thất vọng.","customer_id":19341607,"rating":1,"images":[{"id":3762912,"full_path":"https://salt.tikicdn.com/ts/review/5a/98/4c/1e828a0cda4266e473921079dcacf174.jpg"},{"id":3762913,"full_path":"https://salt.tikicdn.com/ts/review/17/cb/eb/5a27e081324a538aed7208db4fe0293d.jpg"},{"id":3762914,"full_path":"https://salt.tikicdn.com/ts/review/f5/97/22/794e3bfe59d42cd4ea4bf72a6b0c0b10.jpg"},{"id":3762915,"full_path":"https://salt.tikicdn.com/ts/review/ff/cb/8e/49487efdf6789db41d71117e22c4a204.jpg"}],"created_at":1658376115,"created_by":{"id":19341607,"name":"Ne Ne","full_name":"Ne Ne","created_time":"2020-11-27 23:09:29","purchased":true,"purchased_at":1659925926},"product_id":158641027,"timeline":{"review_created_date":"2022-07-21 11:01:55","delivery_date":"2022-07-21 10:31:16"}},{"id":18826457,"title":"Cực kì hài lòng","content":"Nội dung hay, câu chuyện nhiều nút thắt khiến người đọc khó đoán được diễn biến tiếp theo, đúng với kì vọng về 1 bộ trinh thám kinh điển của Ý. Giao hàng nhanh có bọc cẩn thận nhưng sách có lỗi in lập trang ở trang 5*** nhưng không ảnh hưởng lắm nên vẫn ủng hộ 5 sao ngen.","customer_id":22177045,"rating":5,"images":[{"id":4123133,"full_path":"https://salt.tikicdn.com/ts/review/0f/ba/c8/a6a2c5ebfdf0f7b454cd20839cd35f07.jpg"},{"id":4123134,"full_path":"https://salt.tikicdn.com/ts/review/3c/23/e4/a17f658f67dafafbed3d04f19ec99005.jpg"}],"created_at":1676735173,"created_by":{"id":22177045,"name":"Vinh Đinh","full_name":"Vinh Đinh","created_time":"2021-06-15 14:44:47","purchased":true,"purchased_at":1673262524},"product_id":158641027,"timeline":{"review_created_date":"2023-02-18 22:46:13","delivery_date":"2023-01-11 09:53:29"}},{"id":19135574,"title":"Cực kì hài lòng","content":"Quyết định đúng đắn nhất là mua gói bookcare, sách về tới tay trộm vía không nát không gì siêu mới, nhưng Tiki bọc sách chả gói ghém lót gì luôn thả bịch cái vào hộp và chuyển đi 🥲 lần này mở hộp cũng chơi trò may rủi sợ sách nát hỏng á\r\nNội dung mình chưa đọc nhưng review thích lắm nên rất kì vọng","customer_id":902992,"rating":5,"images":[{"id":4198153,"full_path":"https://salt.tikicdn.com/ts/review/e1/56/06/3046429a307061c570eed0a9bfb3b19c.jpg"}],"created_at":1682519390,"created_by":{"id":902992,"name":"Boon Xuxi","full_name":"Boon Xuxi","created_time":"2015-10-27 01:35:23","purchased":true,"purchased_at":1682157129},"product_id":158641027,"timeline":{"review_created_date":"2023-04-26 21:29:50","delivery_date":"2023-04-26 10:45:01"}},{"id":19053715,"title":"Cực kì hài lòng","content":"Đối với mình thì đây là 1 tác phẩm quá hoàn hảo, đạt đến đỉnh cao của sự suy luận logic, kiến thức tác giả cực kì uyên thâm. Nó chặt chẽ và khoa học đến nỗi mình không nghĩ đó là sản phẩm của trí tưởng tượng, của sự sáng tạo mà như kiểu tác giả đã ở đó và chứng kiến sự việc đã xảy ra là như vậy, và ông tường thuật lại mọi thứ theo góc nhìn của ông. Mình không có điểm nào để nghi ngờ về tác phẩm này cả.","customer_id":277741,"rating":5,"images":[{"id":4177713,"full_path":"https://salt.tikicdn.com/ts/review/57/a2/31/e3b9bcfb4274389bd25afebc45a95f90.jpg"}],"created_at":1680663539,"created_by":{"id":277741,"name":"Hoàng Hằng","full_name":"Hoàng Hằng","created_time":"2014-01-26 16:24:56","purchased":true,"purchased_at":1672048077},"product_id":158641027,"timeline":{"review_created_date":"2023-04-05 09:58:59","delivery_date":"2022-12-27 18:24:04"}},{"id":19003710,"title":"Cực kì hài lòng","content":"Hấp dẫn từ đầu đến cuối. Mạch truyện nhanh, dồn dập, thông tin hết sức rõ ràng nhưng không thể đoán trước diễn biến tiếp theo và kết cục của câu truyện.\r\nChất lượng giấy và in ấn đều rất tốt. Cuốn truyện hơn 500 trang nhưng cầm hết sức nhẹ nhàng và mềm mại. \r\nĐánh giá: 9,5/10","customer_id":13134774,"rating":5,"images":[{"id":4166049,"full_path":"https://salt.tikicdn.com/ts/review/8d/e1/1f/8de3c8b1408e7424a0ee7109118cf00b.jpg"}],"created_at":1679635228,"created_by":{"id":13134774,"name":"Khải Hm","full_name":"Khải Hm","created_time":"2019-07-29 09:16:23","purchased":true,"purchased_at":1676460581},"product_id":158641027,"timeline":{"review_created_date":"2023-03-24 12:20:28","delivery_date":"2023-02-17 14:01:29"}},{"id":17146872,"title":"Rất không hài lòng","content":"đọc gần hết rồi thì phát hiện ra sách bị in lỗi thiếu nội dung và trùng là ở trang 502 và 503. Đề nghị tiki đổi trả vì sách mình mua để đọc và sưu tầm nhưng 1 quyển sách không trọn vẹn thế này thật quá thất vọng.","customer_id":19341607,"rating":1,"images":[{"id":3762912,"full_path":"https://salt.tikicdn.com/ts/review/5a/98/4c/1e828a0cda4266e473921079dcacf174.jpg"},{"id":3762913,"full_path":"https://salt.tikicdn.com/ts/review/17/cb/eb/5a27e081324a538aed7208db4fe0293d.jpg"},{"id":3762914,"full_path":"https://salt.tikicdn.com/ts/review/f5/97/22/794e3bfe59d42cd4ea4bf72a6b0c0b10.jpg"},{"id":3762915,"full_path":"https://salt.tikicdn.com/ts/review/ff/cb/8e/49487efdf6789db41d71117e22c4a204.jpg"}],"created_at":1658376115,"created_by":{"id":19341607,"name":"Ne Ne","full_name":"Ne Ne","created_time":"2020-11-27 23:09:29","purchased":true,"purchased_at":1659925926},"product_id":158641027,"timeline":{"review_created_date":"2022-07-21 11:01:55","delivery_date":"2022-07-21 10:31:16"}},{"id":18826457,"title":"Cực kì hài lòng","content":"Nội dung hay, câu chuyện nhiều nút thắt khiến người đọc khó đoán được diễn biến tiếp theo, đúng với kì vọng về 1 bộ trinh thám kinh điển của Ý. Giao hàng nhanh có bọc cẩn thận nhưng sách có lỗi in lập trang ở trang 5*** nhưng không ảnh hưởng lắm nên vẫn ủng hộ 5 sao ngen.","customer_id":22177045,"rating":5,"images":[{"id":4123133,"full_path":"https://salt.tikicdn.com/ts/review/0f/ba/c8/a6a2c5ebfdf0f7b454cd20839cd35f07.jpg"},{"id":4123134,"full_path":"https://salt.tikicdn.com/ts/review/3c/23/e4/a17f658f67dafafbed3d04f19ec99005.jpg"}],"created_at":1676735173,"created_by":{"id":22177045,"name":"Vinh Đinh","full_name":"Vinh Đinh","created_time":"2021-06-15 14:44:47","purchased":true,"purchased_at":1673262524},"product_id":158641027,"timeline":{"review_created_date":"2023-02-18 22:46:13","delivery_date":"2023-01-11 09:53:29"}},{"id":19135574,"title":"Cực kì hài lòng","content":"Quyết định đúng đắn nhất là mua gói bookcare, sách về tới tay trộm vía không nát không gì siêu mới, nhưng Tiki bọc sách chả gói ghém lót gì luôn thả bịch cái vào hộp và chuyển đi 🥲 lần này mở hộp cũng chơi trò may rủi sợ sách nát hỏng á\r\nNội dung mình chưa đọc nhưng review thích lắm nên rất kì vọng","customer_id":902992,"rating":5,"images":[{"id":4198153,"full_path":"https://salt.tikicdn.com/ts/review/e1/56/06/3046429a307061c570eed0a9bfb3b19c.jpg"}],"created_at":1682519390,"created_by":{"id":902992,"name":"Boon Xuxi","full_name":"Boon Xuxi","created_time":"2015-10-27 01:35:23","purchased":true,"purchased_at":1682157129},"product_id":158641027,"timeline":{"review_created_date":"2023-04-26 21:29:50","delivery_date":"2023-04-26 10:45:01"}},{"id":19053715,"title":"Cực kì hài lòng","content":"Đối với mình thì đây là 1 tác phẩm quá hoàn hảo, đạt đến đỉnh cao của sự suy luận logic, kiến thức tác giả cực kì uyên thâm. Nó chặt chẽ và khoa học đến nỗi mình không nghĩ đó là sản phẩm của trí tưởng tượng, của sự sáng tạo mà như kiểu tác giả đã ở đó và chứng kiến sự việc đã xảy ra là như vậy, và ông tường thuật lại mọi thứ theo góc nhìn của ông. Mình không có điểm nào để nghi ngờ về tác phẩm này cả.","customer_id":277741,"rating":5,"images":[{"id":4177713,"full_path":"https://salt.tikicdn.com/ts/review/57/a2/31/e3b9bcfb4274389bd25afebc45a95f90.jpg"}],"created_at":1680663539,"created_by":{"id":277741,"name":"Hoàng Hằng","full_name":"Hoàng Hằng","created_time":"2014-01-26 16:24:56","purchased":true,"purchased_at":1672048077},"product_id":158641027,"timeline":{"review_created_date":"2023-04-05 09:58:59","delivery_date":"2022-12-27 18:24:04"}},{"id":19003710,"title":"Cực kì hài lòng","content":"Hấp dẫn từ đầu đến cuối. Mạch truyện nhanh, dồn dập, thông tin hết sức rõ ràng nhưng không thể đoán trước diễn biến tiếp theo và kết cục của câu truyện.\r\nChất lượng giấy và in ấn đều rất tốt. Cuốn truyện hơn 500 trang nhưng cầm hết sức nhẹ nhàng và mềm mại. \r\nĐánh giá: 9,5/10","customer_id":13134774,"rating":5,"images":[{"id":4166049,"full_path":"https://salt.tikicdn.com/ts/review/8d/e1/1f/8de3c8b1408e7424a0ee7109118cf00b.jpg"}],"created_at":1679635228,"created_by":{"id":13134774,"name":"Khải Hm","full_name":"Khải Hm","created_time":"2019-07-29 09:16:23","purchased":true,"purchased_at":1676460581},"product_id":158641027,"timeline":{"review_created_date":"2023-03-24 12:20:28","delivery_date":"2023-02-17 14:01:29"}},{"id":17146872,"title":"Rất không hài lòng","content":"đọc gần hết rồi thì phát hiện ra sách bị in lỗi thiếu nội dung và trùng là ở trang 502 và 503. Đề nghị tiki đổi trả vì sách mình mua để đọc và sưu tầm nhưng 1 quyển sách không trọn vẹn thế này thật quá thất vọng.","customer_id":19341607,"rating":1,"images":[{"id":3762912,"full_path":"https://salt.tikicdn.com/ts/review/5a/98/4c/1e828a0cda4266e473921079dcacf174.jpg"},{"id":3762913,"full_path":"https://salt.tikicdn.com/ts/review/17/cb/eb/5a27e081324a538aed7208db4fe0293d.jpg"},{"id":3762914,"full_path":"https://salt.tikicdn.com/ts/review/f5/97/22/794e3bfe59d42cd4ea4bf72a6b0c0b10.jpg"},{"id":3762915,"full_path":"https://salt.tikicdn.com/ts/review/ff/cb/8e/49487efdf6789db41d71117e22c4a204.jpg"}],"created_at":1658376115,"created_by":{"id":19341607,"name":"Ne Ne","full_name":"Ne Ne","created_time":"2020-11-27 23:09:29","purchased":true,"purchased_at":1659925926},"product_id":158641027,"timeline":{"review_created_date":"2022-07-21 11:01:55","delivery_date":"2022-07-21 10:31:16"}},{"id":18826457,"title":"Cực kì hài lòng","content":"Nội dung hay, câu chuyện nhiều nút thắt khiến người đọc khó đoán được diễn biến tiếp theo, đúng với kì vọng về 1 bộ trinh thám kinh điển của Ý. Giao hàng nhanh có bọc cẩn thận nhưng sách có lỗi in lập trang ở trang 5*** nhưng không ảnh hưởng lắm nên vẫn ủng hộ 5 sao ngen.","customer_id":22177045,"rating":5,"images":[{"id":4123133,"full_path":"https://salt.tikicdn.com/ts/review/0f/ba/c8/a6a2c5ebfdf0f7b454cd20839cd35f07.jpg"},{"id":4123134,"full_path":"https://salt.tikicdn.com/ts/review/3c/23/e4/a17f658f67dafafbed3d04f19ec99005.jpg"}],"created_at":1676735173,"created_by":{"id":22177045,"name":"Vinh Đinh","full_name":"Vinh Đinh","created_time":"2021-06-15 14:44:47","purchased":true,"purchased_at":1673262524},"product_id":158641027,"timeline":{"review_created_date":"2023-02-18 22:46:13","delivery_date":"2023-01-11 09:53:29"}},{"id":19135574,"title":"Cực kì hài lòng","content":"Quyết định đúng đắn nhất là mua gói bookcare, sách về tới tay trộm vía không nát không gì siêu mới, nhưng Tiki bọc sách chả gói ghém lót gì luôn thả bịch cái vào hộp và chuyển đi 🥲 lần này mở hộp cũng chơi trò may rủi sợ sách nát hỏng á\r\nNội dung mình chưa đọc nhưng review thích lắm nên rất kì vọng","customer_id":902992,"rating":5,"images":[{"id":4198153,"full_path":"https://salt.tikicdn.com/ts/review/e1/56/06/3046429a307061c570eed0a9bfb3b19c.jpg"}],"created_at":1682519390,"created_by":{"id":902992,"name":"Boon Xuxi","full_name":"Boon Xuxi","created_time":"2015-10-27 01:35:23","purchased":true,"purchased_at":1682157129},"product_id":158641027,"timeline":{"review_created_date":"2023-04-26 21:29:50","delivery_date":"2023-04-26 10:45:01"}},{"id":19053715,"title":"Cực kì hài lòng","content":"Đối với mình thì đây là 1 tác phẩm quá hoàn hảo, đạt đến đỉnh cao của sự suy luận logic, kiến thức tác giả cực kì uyên thâm. Nó chặt chẽ và khoa học đến nỗi mình không nghĩ đó là sản phẩm của trí tưởng tượng, của sự sáng tạo mà như kiểu tác giả đã ở đó và chứng kiến sự việc đã xảy ra là như vậy, và ông tường thuật lại mọi thứ theo góc nhìn của ông. Mình không có điểm nào để nghi ngờ về tác phẩm này cả.","customer_id":277741,"rating":5,"images":[{"id":4177713,"full_path":"https://salt.tikicdn.com/ts/review/57/a2/31/e3b9bcfb4274389bd25afebc45a95f90.jpg"}],"created_at":1680663539,"created_by":{"id":277741,"name":"Hoàng Hằng","full_name":"Hoàng Hằng","created_time":"2014-01-26 16:24:56","purchased":true,"purchased_at":1672048077},"product_id":158641027,"timeline":{"review_created_date":"2023-04-05 09:58:59","delivery_date":"2022-12-27 18:24:04"}},{"id":19003710,"title":"Cực kì hài lòng","content":"Hấp dẫn từ đầu đến cuối. Mạch truyện nhanh, dồn dập, thông tin hết sức rõ ràng nhưng không thể đoán trước diễn biến tiếp theo và kết cục của câu truyện.\r\nChất lượng giấy và in ấn đều rất tốt. Cuốn truyện hơn 500 trang nhưng cầm hết sức nhẹ nhàng và mềm mại. \r\nĐánh giá: 9,5/10","customer_id":13134774,"rating":5,"images":[{"id":4166049,"full_path":"https://salt.tikicdn.com/ts/review/8d/e1/1f/8de3c8b1408e7424a0ee7109118cf00b.jpg"}],"created_at":1679635228,"created_by":{"id":13134774,"name":"Khải Hm","full_name":"Khải Hm","created_time":"2019-07-29 09:16:23","purchased":true,"purchased_at":1676460581},"product_id":158641027,"timeline":{"review_created_date":"2023-03-24 12:20:28","delivery_date":"2023-02-17 14:01:29"}},{"id":17146872,"title":"Rất không hài lòng","content":"đọc gần hết rồi thì phát hiện ra sách bị in lỗi thiếu nội dung và trùng là ở trang 502 và 503. Đề nghị tiki đổi trả vì sách mình mua để đọc và sưu tầm nhưng 1 quyển sách không trọn vẹn thế này thật quá thất vọng.","customer_id":19341607,"rating":1,"images":[{"id":3762912,"full_path":"https://salt.tikicdn.com/ts/review/5a/98/4c/1e828a0cda4266e473921079dcacf174.jpg"},{"id":3762913,"full_path":"https://salt.tikicdn.com/ts/review/17/cb/eb/5a27e081324a538aed7208db4fe0293d.jpg"},{"id":3762914,"full_path":"https://salt.tikicdn.com/ts/review/f5/97/22/794e3bfe59d42cd4ea4bf72a6b0c0b10.jpg"},{"id":3762915,"full_path":"https://salt.tikicdn.com/ts/review/ff/cb/8e/49487efdf6789db41d71117e22c4a204.jpg"}],"created_at":1658376115,"created_by":{"id":19341607,"name":"Ne Ne","full_name":"Ne Ne","created_time":"2020-11-27 23:09:29","purchased":true,"purchased_at":1659925926},"product_id":158641027,"timeline":{"review_created_date":"2022-07-21 11:01:55","delivery_date":"2022-07-21 10:31:16"}}]}