{"id":159814614,"dbId":11679,"createdAt":1642006800000,"name":"Đại Học Nghệ Thuật Tokyo","short_description":"GIỚI THIỆU NỘI DUNG Cảm thấy tò mò về những việc vợ mình - một sinh viên Đại học Nghệ thuật Tokyo đang làm, Ninomiya bắt đầu tìm hiểu về ngôi trường thú vị này. Thông qua vợ mình, tác giả Ninomiya đ...","description":"\u003cp\u003e\u003cstrong\u003eGIỚI THIỆU NỘI DUNG\u003c/strong\u003e \u003c/p\u003e\n\u003cp\u003eCảm thấy tò mò về những việc vợ mình - một sinh viên Đại học Nghệ thuật Tokyo đang làm, Ninomiya bắt đầu tìm hiểu về ngôi trường thú vị này. \u003c/p\u003e\n\u003cp\u003eThông qua vợ mình, tác giả Ninomiya đã “nhập cảnh” vào trường Đại học Nghệ thuật Tokyo, nơi ông gọi là “quốc gia bí ẩn”, và gặp gỡ những sinh viên đang theo học tại đây. Trường Đại học Nghệ thuật Tokyo chia làm 2 trường: Đại học Mĩ thuật và Đại học Âm nhạc. Để thi được vào 2 ngôi trường này, các sinh viên đã phải vượt qua rất nhiều thí sinh tài năng khác, sau đó lại tiếp tục phải phấn đấu liên tục để trụ lại. Vậy, lối sống và suy nghĩ của những sinh viên trường Đại học Nghệ thuật Tokyo sẽ thế nào? Bức tranh toàn cảnh “Đại học Nghệ thuật Tokyo” sẽ dần hiện ra từ góc nhìn của sinh viên trường, thông qua những cuộc phỏng vấn của tác giả. \u003c/p\u003e\n\u003cp\u003e\u003cstrong\u003eGIỚI THIỆU TÁC GIẢ\u003c/strong\u003e \u003c/p\u003e\n\u003cp\u003eTác giả Atsuto Ninomiya sinh năm 1985 tại thủ đô Tokyo. Ông tốt nghiệp Khoa Kinh tế Đại học Hitotsubashi. Năm 2009, ông xuất hiện trên văn đàn với tác phẩm “!” (Alphapolis). Ninomiya được độc giả yêu mến nhờ các cuốn tiểu thuyết có cái nhìn và ý tưởng độc đáo, thu thập thông tin cẩn thận. \u003c/p\u003e\n\u003cp\u003eÔng là tác giả của nhiều cuốn sách như: Nhân viên đưa thư Hanaki Hitomi hồi tưởng (TO bunko), Bói toán: Khoa học thống kê của Yosendo (Kadokawa Bunko), Bí ẩn đã tới đường ray thứ nhất (Gentosha Bunko), Bảo tàng trường học bỏ hoang: Nhập môn sinh vật học của tiến sĩ Katakura (Kodanshadaiga). \u003c/p\u003e\n\u003cp\u003eCuốn sách này là tác phẩm phi hư cấu đầu tiên của ông. \u003c/p\u003e\n\u003cp\u003eQuangvanbooks \u003c/p\u003e\n\u003cp\u003eTrân trọng giới thiệu!\u003c/p\u003e\u003cp\u003eGiá sản phẩm trên Tiki đã bao gồm thuế theo luật hiện hành. Bên cạnh đó, tuỳ vào loại sản phẩm, hình thức và địa chỉ giao hàng mà có thể phát sinh thêm chi phí khác như phí vận chuyển, phụ phí hàng cồng kềnh, thuế nhập khẩu (đối với đơn hàng giao từ nước ngoài có giá trị trên 1 triệu đồng).....\u003c/p\u003e","original_price":149000.0,"thumbnail_url":"https://salt.tikicdn.com/cache/280x280/ts/product/74/db/ce/2aa22da5c28055d6007725ef32bfad56.jpg","images":[{"base_url":"https://salt.tikicdn.com/ts/product/74/db/ce/2aa22da5c28055d6007725ef32bfad56.jpg","dbId":31142},{"base_url":"https://salt.tikicdn.com/ts/product/2a/77/a5/bf948c73d34618c95ac7dea80bd31924.jpg","dbId":31143},{"base_url":"https://salt.tikicdn.com/ts/product/cf/3c/0e/73debca65fd61f496860ebcecbd47513.jpg","dbId":31144}],"authors":[{"id":847287,"name":"Atsuto Ninomiya","dbId":6145}],"specifications":[{"name":"Thông tin chung","attributes":[{"name":"Phiên bản sách","value":"Phiên bản thường"},{"name":"Công ty phát hành","value":"Quảng Văn"},{"name":"Ngày xuất bản","value":"2022-01-01 00:00:00"},{"name":"Dịch Giả","value":"Nguyễ Quốc Vương"},{"name":"Loại bìa","value":"Bìa mềm"},{"name":"Số trang","value":"308"},{"name":"Nhà xuất bản","value":"Nhà Xuất Bản Dân Trí"},{"code":"PUBLICATION_DATE","name":"Kích thước","value":"13.5 x 20.5 cm"}]}],"stock_item":{"qty":1000},"all_time_quantity_sold":55,"reviews":[{"id":18566610,"title":"Cực kì hài lòng","content":"Ừm, một trong những quyển hiếm hoi mà mình mới đọc chưa được 1/3 mà phải ngoi luôn lên đây đánh giá.\nKhông hề khô khan mà rất thú vị, giống như bn mở một cánh cửa gỗ ra và thấy cả một thế giới sống động và đầy ngạc nhiên ở đằng sau, rực rỡ màu sắc và không ngừng chuyển động. Lời văn của tác giả giản dị hài hước một cách tự nhiên, những con người và câu chuyện vừa thực tế vừa khiến mình khâm phục nhưng không có cảm giác xa cách kiêu ngạo, giống như một người đang nhảy múa say sưa trên cánh đồng rộng lớn của riêng họ và mỉm cười với những người đi ngang qua ngó vào xem vậy.","customer_id":7640924,"rating":5,"images":[{"id":4066975,"full_path":"https://salt.tikicdn.com/ts/review/d0/94/4b/6812c8b87cdae850a7e9f495c33b69a1.jpg"},{"id":4066976,"full_path":"https://salt.tikicdn.com/ts/review/1a/bb/cd/9fa979eecb5cb8d8b80d20999ae348f8.jpg"}],"created_at":1672805275,"created_by":{"id":7640924,"name":"Rain Ann","full_name":"Rain Ann","created_time":"2018-08-12 17:29:28","purchased":true,"purchased_at":1672515015},"product_id":159814614,"timeline":{"review_created_date":"2023-01-04 11:07:55","delivery_date":"2023-01-02 12:18:20"}},{"id":15591749,"title":"Cực kì hài lòng","content":"Giao hàng nhanh, sách đẹp, đóng gói cẩn thận, không móp méo 💕","customer_id":1190516,"rating":5,"images":[{"id":3414040,"full_path":"https://salt.tikicdn.com/ts/review/fd/b7/66/1fd271a9e2d4a5480aaf9608ec5b8b97.jpg"},{"id":3577352,"full_path":"https://salt.tikicdn.com/ts/review/db/41/b3/50230be91188bef88d15aa10588ceeb0.jpg"}],"created_at":1648187418,"created_by":{"id":1190516,"name":"Linhh Bi","full_name":"Linhh Bi","created_time":"2016-02-28 19:56:20","purchased":true,"purchased_at":1646709603},"product_id":159814614,"timeline":{"review_created_date":"2022-03-25 12:50:18","delivery_date":"2022-03-09 14:03:20"}},{"id":17413374,"title":"Cực kì hài lòng","content":"Quả thật là 1 thế giới khác biệt","customer_id":439526,"rating":5,"images":[],"created_at":1660480098,"created_by":{"id":439526,"name":"Đông Phương Cổ Nguyệt","full_name":"Đông Phương Cổ Nguyệt","created_time":"2014-10-03 00:15:40","purchased":true,"purchased_at":1660110416},"product_id":159814614,"timeline":{"review_created_date":"2022-08-14 19:28:18","delivery_date":"2022-08-10 16:00:31"}},{"id":17941807,"title":"Cực kì hài lòng","content":"","customer_id":6519469,"rating":5,"images":[],"created_at":1665579656,"created_by":{"id":6519469,"name":"Lâm Đại Tín","full_name":"Lâm Đại Tín","created_time":"2018-02-17 00:29:27","purchased":true,"purchased_at":1664169853},"product_id":159814614,"timeline":{"review_created_date":"2022-10-12 20:00:56","delivery_date":"2022-09-26 14:23:03"}},{"id":17666985,"title":"Hài lòng","content":"","customer_id":5689865,"rating":4,"images":[],"created_at":1662946785,"created_by":{"id":5689865,"name":"Vũ Đình Khôi","full_name":"Vũ Đình Khôi","created_time":"2017-09-05 16:30:04","purchased":true,"purchased_at":1662737831},"product_id":159814614,"timeline":{"review_created_date":"2022-09-12 08:39:45","delivery_date":"2022-09-10 10:38:17"}},{"id":18566610,"title":"Cực kì hài lòng","content":"Ừm, một trong những quyển hiếm hoi mà mình mới đọc chưa được 1/3 mà phải ngoi luôn lên đây đánh giá.\nKhông hề khô khan mà rất thú vị, giống như bn mở một cánh cửa gỗ ra và thấy cả một thế giới sống động và đầy ngạc nhiên ở đằng sau, rực rỡ màu sắc và không ngừng chuyển động. Lời văn của tác giả giản dị hài hước một cách tự nhiên, những con người và câu chuyện vừa thực tế vừa khiến mình khâm phục nhưng không có cảm giác xa cách kiêu ngạo, giống như một người đang nhảy múa say sưa trên cánh đồng rộng lớn của riêng họ và mỉm cười với những người đi ngang qua ngó vào xem vậy.","customer_id":7640924,"rating":5,"images":[{"id":4066975,"full_path":"https://salt.tikicdn.com/ts/review/d0/94/4b/6812c8b87cdae850a7e9f495c33b69a1.jpg"},{"id":4066976,"full_path":"https://salt.tikicdn.com/ts/review/1a/bb/cd/9fa979eecb5cb8d8b80d20999ae348f8.jpg"}],"created_at":1672805275,"created_by":{"id":7640924,"name":"Rain Ann","full_name":"Rain Ann","created_time":"2018-08-12 17:29:28","purchased":true,"purchased_at":1672515015},"product_id":159814614,"timeline":{"review_created_date":"2023-01-04 11:07:55","delivery_date":"2023-01-02 12:18:20"}},{"id":15591749,"title":"Cực kì hài lòng","content":"Giao hàng nhanh, sách đẹp, đóng gói cẩn thận, không móp méo 💕","customer_id":1190516,"rating":5,"images":[{"id":3414040,"full_path":"https://salt.tikicdn.com/ts/review/fd/b7/66/1fd271a9e2d4a5480aaf9608ec5b8b97.jpg"},{"id":3577352,"full_path":"https://salt.tikicdn.com/ts/review/db/41/b3/50230be91188bef88d15aa10588ceeb0.jpg"}],"created_at":1648187418,"created_by":{"id":1190516,"name":"Linhh Bi","full_name":"Linhh Bi","created_time":"2016-02-28 19:56:20","purchased":true,"purchased_at":1646709603},"product_id":159814614,"timeline":{"review_created_date":"2022-03-25 12:50:18","delivery_date":"2022-03-09 14:03:20"}},{"id":17413374,"title":"Cực kì hài lòng","content":"Quả thật là 1 thế giới khác biệt","customer_id":439526,"rating":5,"images":[],"created_at":1660480098,"created_by":{"id":439526,"name":"Đông Phương Cổ Nguyệt","full_name":"Đông Phương Cổ Nguyệt","created_time":"2014-10-03 00:15:40","purchased":true,"purchased_at":1660110416},"product_id":159814614,"timeline":{"review_created_date":"2022-08-14 19:28:18","delivery_date":"2022-08-10 16:00:31"}},{"id":17941807,"title":"Cực kì hài lòng","content":"","customer_id":6519469,"rating":5,"images":[],"created_at":1665579656,"created_by":{"id":6519469,"name":"Lâm Đại Tín","full_name":"Lâm Đại Tín","created_time":"2018-02-17 00:29:27","purchased":true,"purchased_at":1664169853},"product_id":159814614,"timeline":{"review_created_date":"2022-10-12 20:00:56","delivery_date":"2022-09-26 14:23:03"}},{"id":17666985,"title":"Hài lòng","content":"","customer_id":5689865,"rating":4,"images":[],"created_at":1662946785,"created_by":{"id":5689865,"name":"Vũ Đình Khôi","full_name":"Vũ Đình Khôi","created_time":"2017-09-05 16:30:04","purchased":true,"purchased_at":1662737831},"product_id":159814614,"timeline":{"review_created_date":"2022-09-12 08:39:45","delivery_date":"2022-09-10 10:38:17"}},{"id":18566610,"title":"Cực kì hài lòng","content":"Ừm, một trong những quyển hiếm hoi mà mình mới đọc chưa được 1/3 mà phải ngoi luôn lên đây đánh giá.\nKhông hề khô khan mà rất thú vị, giống như bn mở một cánh cửa gỗ ra và thấy cả một thế giới sống động và đầy ngạc nhiên ở đằng sau, rực rỡ màu sắc và không ngừng chuyển động. Lời văn của tác giả giản dị hài hước một cách tự nhiên, những con người và câu chuyện vừa thực tế vừa khiến mình khâm phục nhưng không có cảm giác xa cách kiêu ngạo, giống như một người đang nhảy múa say sưa trên cánh đồng rộng lớn của riêng họ và mỉm cười với những người đi ngang qua ngó vào xem vậy.","customer_id":7640924,"rating":5,"images":[{"id":4066975,"full_path":"https://salt.tikicdn.com/ts/review/d0/94/4b/6812c8b87cdae850a7e9f495c33b69a1.jpg"},{"id":4066976,"full_path":"https://salt.tikicdn.com/ts/review/1a/bb/cd/9fa979eecb5cb8d8b80d20999ae348f8.jpg"}],"created_at":1672805275,"created_by":{"id":7640924,"name":"Rain Ann","full_name":"Rain Ann","created_time":"2018-08-12 17:29:28","purchased":true,"purchased_at":1672515015},"product_id":159814614,"timeline":{"review_created_date":"2023-01-04 11:07:55","delivery_date":"2023-01-02 12:18:20"}},{"id":15591749,"title":"Cực kì hài lòng","content":"Giao hàng nhanh, sách đẹp, đóng gói cẩn thận, không móp méo 💕","customer_id":1190516,"rating":5,"images":[{"id":3414040,"full_path":"https://salt.tikicdn.com/ts/review/fd/b7/66/1fd271a9e2d4a5480aaf9608ec5b8b97.jpg"},{"id":3577352,"full_path":"https://salt.tikicdn.com/ts/review/db/41/b3/50230be91188bef88d15aa10588ceeb0.jpg"}],"created_at":1648187418,"created_by":{"id":1190516,"name":"Linhh Bi","full_name":"Linhh Bi","created_time":"2016-02-28 19:56:20","purchased":true,"purchased_at":1646709603},"product_id":159814614,"timeline":{"review_created_date":"2022-03-25 12:50:18","delivery_date":"2022-03-09 14:03:20"}},{"id":17413374,"title":"Cực kì hài lòng","content":"Quả thật là 1 thế giới khác biệt","customer_id":439526,"rating":5,"images":[],"created_at":1660480098,"created_by":{"id":439526,"name":"Đông Phương Cổ Nguyệt","full_name":"Đông Phương Cổ Nguyệt","created_time":"2014-10-03 00:15:40","purchased":true,"purchased_at":1660110416},"product_id":159814614,"timeline":{"review_created_date":"2022-08-14 19:28:18","delivery_date":"2022-08-10 16:00:31"}},{"id":17941807,"title":"Cực kì hài lòng","content":"","customer_id":6519469,"rating":5,"images":[],"created_at":1665579656,"created_by":{"id":6519469,"name":"Lâm Đại Tín","full_name":"Lâm Đại Tín","created_time":"2018-02-17 00:29:27","purchased":true,"purchased_at":1664169853},"product_id":159814614,"timeline":{"review_created_date":"2022-10-12 20:00:56","delivery_date":"2022-09-26 14:23:03"}},{"id":17666985,"title":"Hài lòng","content":"","customer_id":5689865,"rating":4,"images":[],"created_at":1662946785,"created_by":{"id":5689865,"name":"Vũ Đình Khôi","full_name":"Vũ Đình Khôi","created_time":"2017-09-05 16:30:04","purchased":true,"purchased_at":1662737831},"product_id":159814614,"timeline":{"review_created_date":"2022-09-12 08:39:45","delivery_date":"2022-09-10 10:38:17"}},{"id":18566610,"title":"Cực kì hài lòng","content":"Ừm, một trong những quyển hiếm hoi mà mình mới đọc chưa được 1/3 mà phải ngoi luôn lên đây đánh giá.\nKhông hề khô khan mà rất thú vị, giống như bn mở một cánh cửa gỗ ra và thấy cả một thế giới sống động và đầy ngạc nhiên ở đằng sau, rực rỡ màu sắc và không ngừng chuyển động. Lời văn của tác giả giản dị hài hước một cách tự nhiên, những con người và câu chuyện vừa thực tế vừa khiến mình khâm phục nhưng không có cảm giác xa cách kiêu ngạo, giống như một người đang nhảy múa say sưa trên cánh đồng rộng lớn của riêng họ và mỉm cười với những người đi ngang qua ngó vào xem vậy.","customer_id":7640924,"rating":5,"images":[{"id":4066975,"full_path":"https://salt.tikicdn.com/ts/review/d0/94/4b/6812c8b87cdae850a7e9f495c33b69a1.jpg"},{"id":4066976,"full_path":"https://salt.tikicdn.com/ts/review/1a/bb/cd/9fa979eecb5cb8d8b80d20999ae348f8.jpg"}],"created_at":1672805275,"created_by":{"id":7640924,"name":"Rain Ann","full_name":"Rain Ann","created_time":"2018-08-12 17:29:28","purchased":true,"purchased_at":1672515015},"product_id":159814614,"timeline":{"review_created_date":"2023-01-04 11:07:55","delivery_date":"2023-01-02 12:18:20"}},{"id":15591749,"title":"Cực kì hài lòng","content":"Giao hàng nhanh, sách đẹp, đóng gói cẩn thận, không móp méo 💕","customer_id":1190516,"rating":5,"images":[{"id":3414040,"full_path":"https://salt.tikicdn.com/ts/review/fd/b7/66/1fd271a9e2d4a5480aaf9608ec5b8b97.jpg"},{"id":3577352,"full_path":"https://salt.tikicdn.com/ts/review/db/41/b3/50230be91188bef88d15aa10588ceeb0.jpg"}],"created_at":1648187418,"created_by":{"id":1190516,"name":"Linhh Bi","full_name":"Linhh Bi","created_time":"2016-02-28 19:56:20","purchased":true,"purchased_at":1646709603},"product_id":159814614,"timeline":{"review_created_date":"2022-03-25 12:50:18","delivery_date":"2022-03-09 14:03:20"}},{"id":17413374,"title":"Cực kì hài lòng","content":"Quả thật là 1 thế giới khác biệt","customer_id":439526,"rating":5,"images":[],"created_at":1660480098,"created_by":{"id":439526,"name":"Đông Phương Cổ Nguyệt","full_name":"Đông Phương Cổ Nguyệt","created_time":"2014-10-03 00:15:40","purchased":true,"purchased_at":1660110416},"product_id":159814614,"timeline":{"review_created_date":"2022-08-14 19:28:18","delivery_date":"2022-08-10 16:00:31"}},{"id":17941807,"title":"Cực kì hài lòng","content":"","customer_id":6519469,"rating":5,"images":[],"created_at":1665579656,"created_by":{"id":6519469,"name":"Lâm Đại Tín","full_name":"Lâm Đại Tín","created_time":"2018-02-17 00:29:27","purchased":true,"purchased_at":1664169853},"product_id":159814614,"timeline":{"review_created_date":"2022-10-12 20:00:56","delivery_date":"2022-09-26 14:23:03"}},{"id":17666985,"title":"Hài lòng","content":"","customer_id":5689865,"rating":4,"images":[],"created_at":1662946785,"created_by":{"id":5689865,"name":"Vũ Đình Khôi","full_name":"Vũ Đình Khôi","created_time":"2017-09-05 16:30:04","purchased":true,"purchased_at":1662737831},"product_id":159814614,"timeline":{"review_created_date":"2022-09-12 08:39:45","delivery_date":"2022-09-10 10:38:17"}}]}