{"id":160585832,"dbId":11574,"createdAt":1642870800000,"name":"Veil – Sắc Trắng Yêu Kiều - Tập 3 (Tặng Kèm Postcard)","short_description":"\"Anh ấy\" là một cảnh sát, vô tình gặp gỡ \"cô ấy\" trong một lần tuần tra trên phố. Trốn khỏi nhà với chiếc gậy trong tay, cô tiểu thư đài các lang thang khắp dãy phố để tìm việc. Thấy vậy, anh bèn mời ...","description":"\"Anh ấy\" là một cảnh sát, vô tình gặp gỡ \"cô ấy\" trong một lần tuần tra trên phố. Trốn khỏi nhà với chiếc gậy trong tay, cô tiểu thư đài các lang thang khắp dãy phố để tìm việc. Thấy vậy, anh bèn mời cô về làm trực điện thoại ở Sở Cảnh sát của mình. Veil là tập hợp những bức tranh, những mẩu truyện ngắn xoay quanh cuộc sống đời thường giản dị mà tinh tế giữa hai người.\u003cp\u003eGiá sản phẩm trên Tiki đã bao gồm thuế theo luật hiện hành. Bên cạnh đó, tuỳ vào loại sản phẩm, hình thức và địa chỉ giao hàng mà có thể phát sinh thêm chi phí khác như phí vận chuyển, phụ phí hàng cồng kềnh, thuế nhập khẩu (đối với đơn hàng giao từ nước ngoài có giá trị trên 1 triệu đồng).....\u003c/p\u003e","original_price":109000.0,"thumbnail_url":"https://salt.tikicdn.com/cache/280x280/ts/product/68/f2/42/de7dfd333a0d4079414fe42996302345.jpg","images":[{"base_url":"https://salt.tikicdn.com/ts/product/68/f2/42/de7dfd333a0d4079414fe42996302345.jpg","dbId":30795},{"base_url":"https://salt.tikicdn.com/ts/product/58/ff/eb/2d07535f151a6fd89a4223f76c85b610.jpg","dbId":30796},{"base_url":"https://salt.tikicdn.com/ts/product/87/65/a0/fb504b686f2dbf86094def1b864203b5.jpg","dbId":30797}],"authors":[{"id":5388837,"name":"Koterri!","dbId":6102}],"specifications":[{"name":"Thông tin chung","attributes":[{"name":"Phiên bản sách","value":"Phiên bản thường"},{"name":"Công ty phát hành","value":"ZGroup"},{"name":"Ngày xuất bản","value":"2022-01-01 00:00:00"},{"name":"Dịch Giả","value":"P Pea Peach"},{"name":"Loại bìa","value":"Bìa mềm"},{"name":"Số trang","value":"132"},{"name":"Nhà xuất bản","value":"Nhà Xuất Bản Hà Nội"},{"code":"PUBLICATION_DATE","name":"Kích thước","value":"14 x 20.5 cm"}]}],"stock_item":{"qty":1000},"all_time_quantity_sold":950,"reviews":[{"id":15007360,"title":"Cực kì hài lòng","content":"Xinh đẹp tuyệt vời luôn không mua thì tiếc lắm đó ạ. Truyện này mình có đọc thử mấy chương, thích lắm nên chờ xuất bản mãi 🥰🥰🥰 Card tặng kèm mỗi tập dày dặn, xinh xỉu, tiki bọc sách và gói hàng rất đẹp 💝","customer_id":1461011,"rating":5,"images":[{"id":3141250,"full_path":"https://salt.tikicdn.com/ts/review/b4/49/6b/62a964d7ce58f86549791fd8e203e1ec.jpg"},{"id":3141252,"full_path":"https://salt.tikicdn.com/ts/review/fa/e5/e6/ae52c86a09b0bbadcf08a64e89ebbf3e.jpg"},{"id":3141253,"full_path":"https://salt.tikicdn.com/ts/review/c6/45/8f/6c203f9998944dce7ff38165a5eb200d.jpg"}],"created_at":1645094797,"created_by":{"id":1461011,"name":"Vân Nga","full_name":"Vân Nga","created_time":"2016-06-25 08:43:30","purchased":true,"purchased_at":1644897413},"product_id":160585832,"timeline":{"review_created_date":"2022-02-17 17:46:37","delivery_date":"2022-02-17 16:38:45"}},{"id":17655084,"title":"Cực kì hài lòng","content":"Giao hàng nhanh trong 1 ngày đã về tay, tiki đó h gói hàng chỉ có mỗi hộp giấy bên ngoài may mà ko bị hư gáy hay móp. Truyện đẹp full màu giấy cứng có tặng kèm postcard.","customer_id":18643060,"rating":5,"images":[{"id":3863353,"full_path":"https://salt.tikicdn.com/ts/review/1d/78/49/32484e6e6ff2c0bd81fbf90503239030.jpg"},{"id":3863354,"full_path":"https://salt.tikicdn.com/ts/review/b7/30/fe/75610b0477f6d74ad51cdabdf6da9b9f.jpg"},{"id":3863355,"full_path":"https://salt.tikicdn.com/ts/review/4c/43/74/8fc7680ff1780e00cda482bda4fb589d.jpg"},{"id":3863356,"full_path":"https://salt.tikicdn.com/ts/review/f4/1e/f9/98bf4781dd9c7768fa20c574c889df6f.jpg"}],"created_at":1662815972,"created_by":{"id":18643060,"name":"Ngọc Khánh","full_name":"Ngọc Khánh","created_time":"2020-10-02 06:42:00","purchased":true,"purchased_at":1662657110},"product_id":160585832,"timeline":{"review_created_date":"2022-09-10 20:19:32","delivery_date":"2022-09-10 10:26:33"}},{"id":16157484,"title":"Cực kì hài lòng","content":"Yêu yêu yêu, truyện về lành lặn nguyên bọc. Nội dung tinh tế, nhẹ nhàng và phần hình ảnh rất đẹp, các nhân vật trong thế giới đều có gu thời trang sành điệu và biết thưởng thức đời sống (cùng uống trà nhé) chăm chút cho bản thân, cho chàng thương mến và nàng yêu kiều. Đối với mình, đây là một bộ truyện truyền cảm hứng vì quá... đẹp và phong cách, càng đọc mình càng muốn trau dồi kỹ năng để có thể ngày nào đó thể hiện ý tưởng ra trang giấy cũng đẹp và quyến rũ (charming) như vậy :3","customer_id":16104618,"rating":5,"images":[{"id":3428632,"full_path":"https://salt.tikicdn.com/ts/review/61/1d/96/27be7ef2b22b555d0ea451410304f249.jpg"}],"created_at":1651412899,"created_by":{"id":16104618,"name":"Huỳnh Minh Thư","full_name":"Huỳnh Minh Thư","created_time":"2020-01-23 08:19:52","purchased":true,"purchased_at":1650842311},"product_id":160585832,"timeline":{"review_created_date":"2022-05-01 20:48:19","delivery_date":"2022-04-30 14:40:05"}},{"id":14960807,"title":"Rất không hài lòng","content":"Mình đặt 3 tập Veil cùng lúc, công nhận là tiki giao nhanh thật, sản phẩm còn nguyên seal, nhưng bị móp quá nhiều, cả 3 cuốn truyện mình đặt đều bị móp, còn có tấm postcard của tập 2 hình như là bị dính mực thì phải, mình ko ngờ là tiki ko đặt một miếng lót hay đệm bảo vệ nào vào mà chỉ bỏ trực tiếp 3 cuốn truyện vào thôi, đơn hàng này làm mình quá thất vọng, mong sớm đc tiki phản hồi.","customer_id":26681665,"rating":1,"images":[],"created_at":1644850939,"created_by":{"id":26681665,"name":"Minh Thư","full_name":"Minh Thư","created_time":"2022-01-29 15:23:10","purchased":true,"purchased_at":1644640036},"product_id":160585832,"timeline":{"review_created_date":"2022-02-14 22:02:19","delivery_date":"2022-02-14 11:58:54"}},{"id":14915232,"title":"Cực kì hài lòng","content":"Sách giao nhanh đúng hẹn, nội dung đơn giản, ăn tiền là ở nét truyện và cách pha màu, kiểu truyện có vibe của mấy phim Pháp thời xưa í. Chất giấy chắc chắn, không bị lem qua mặt sau. Mình có bookcare nên nhìn sách bóng bóng kiểu mới gấp đôi \u003d)) Postcard cứng cáp đầu đủ. Mình trừ một sao vì lỗi lem mực ở trang 96 ^^","customer_id":5932195,"rating":5,"images":[],"created_at":1644644059,"created_by":{"id":5932195,"name":"Châu Trần","full_name":"Châu Trần","created_time":"2017-10-15 19:46:54","purchased":true,"purchased_at":1644572246},"product_id":160585832,"timeline":{"review_created_date":"2022-02-12 12:34:19","delivery_date":"2022-02-12 09:38:23"}},{"id":15007360,"title":"Cực kì hài lòng","content":"Xinh đẹp tuyệt vời luôn không mua thì tiếc lắm đó ạ. Truyện này mình có đọc thử mấy chương, thích lắm nên chờ xuất bản mãi 🥰🥰🥰 Card tặng kèm mỗi tập dày dặn, xinh xỉu, tiki bọc sách và gói hàng rất đẹp 💝","customer_id":1461011,"rating":5,"images":[{"id":3141250,"full_path":"https://salt.tikicdn.com/ts/review/b4/49/6b/62a964d7ce58f86549791fd8e203e1ec.jpg"},{"id":3141252,"full_path":"https://salt.tikicdn.com/ts/review/fa/e5/e6/ae52c86a09b0bbadcf08a64e89ebbf3e.jpg"},{"id":3141253,"full_path":"https://salt.tikicdn.com/ts/review/c6/45/8f/6c203f9998944dce7ff38165a5eb200d.jpg"}],"created_at":1645094797,"created_by":{"id":1461011,"name":"Vân Nga","full_name":"Vân Nga","created_time":"2016-06-25 08:43:30","purchased":true,"purchased_at":1644897413},"product_id":160585832,"timeline":{"review_created_date":"2022-02-17 17:46:37","delivery_date":"2022-02-17 16:38:45"}},{"id":17655084,"title":"Cực kì hài lòng","content":"Giao hàng nhanh trong 1 ngày đã về tay, tiki đó h gói hàng chỉ có mỗi hộp giấy bên ngoài may mà ko bị hư gáy hay móp. Truyện đẹp full màu giấy cứng có tặng kèm postcard.","customer_id":18643060,"rating":5,"images":[{"id":3863353,"full_path":"https://salt.tikicdn.com/ts/review/1d/78/49/32484e6e6ff2c0bd81fbf90503239030.jpg"},{"id":3863354,"full_path":"https://salt.tikicdn.com/ts/review/b7/30/fe/75610b0477f6d74ad51cdabdf6da9b9f.jpg"},{"id":3863355,"full_path":"https://salt.tikicdn.com/ts/review/4c/43/74/8fc7680ff1780e00cda482bda4fb589d.jpg"},{"id":3863356,"full_path":"https://salt.tikicdn.com/ts/review/f4/1e/f9/98bf4781dd9c7768fa20c574c889df6f.jpg"}],"created_at":1662815972,"created_by":{"id":18643060,"name":"Ngọc Khánh","full_name":"Ngọc Khánh","created_time":"2020-10-02 06:42:00","purchased":true,"purchased_at":1662657110},"product_id":160585832,"timeline":{"review_created_date":"2022-09-10 20:19:32","delivery_date":"2022-09-10 10:26:33"}},{"id":16157484,"title":"Cực kì hài lòng","content":"Yêu yêu yêu, truyện về lành lặn nguyên bọc. Nội dung tinh tế, nhẹ nhàng và phần hình ảnh rất đẹp, các nhân vật trong thế giới đều có gu thời trang sành điệu và biết thưởng thức đời sống (cùng uống trà nhé) chăm chút cho bản thân, cho chàng thương mến và nàng yêu kiều. Đối với mình, đây là một bộ truyện truyền cảm hứng vì quá... đẹp và phong cách, càng đọc mình càng muốn trau dồi kỹ năng để có thể ngày nào đó thể hiện ý tưởng ra trang giấy cũng đẹp và quyến rũ (charming) như vậy :3","customer_id":16104618,"rating":5,"images":[{"id":3428632,"full_path":"https://salt.tikicdn.com/ts/review/61/1d/96/27be7ef2b22b555d0ea451410304f249.jpg"}],"created_at":1651412899,"created_by":{"id":16104618,"name":"Huỳnh Minh Thư","full_name":"Huỳnh Minh Thư","created_time":"2020-01-23 08:19:52","purchased":true,"purchased_at":1650842311},"product_id":160585832,"timeline":{"review_created_date":"2022-05-01 20:48:19","delivery_date":"2022-04-30 14:40:05"}},{"id":14960807,"title":"Rất không hài lòng","content":"Mình đặt 3 tập Veil cùng lúc, công nhận là tiki giao nhanh thật, sản phẩm còn nguyên seal, nhưng bị móp quá nhiều, cả 3 cuốn truyện mình đặt đều bị móp, còn có tấm postcard của tập 2 hình như là bị dính mực thì phải, mình ko ngờ là tiki ko đặt một miếng lót hay đệm bảo vệ nào vào mà chỉ bỏ trực tiếp 3 cuốn truyện vào thôi, đơn hàng này làm mình quá thất vọng, mong sớm đc tiki phản hồi.","customer_id":26681665,"rating":1,"images":[],"created_at":1644850939,"created_by":{"id":26681665,"name":"Minh Thư","full_name":"Minh Thư","created_time":"2022-01-29 15:23:10","purchased":true,"purchased_at":1644640036},"product_id":160585832,"timeline":{"review_created_date":"2022-02-14 22:02:19","delivery_date":"2022-02-14 11:58:54"}},{"id":14915232,"title":"Cực kì hài lòng","content":"Sách giao nhanh đúng hẹn, nội dung đơn giản, ăn tiền là ở nét truyện và cách pha màu, kiểu truyện có vibe của mấy phim Pháp thời xưa í. Chất giấy chắc chắn, không bị lem qua mặt sau. Mình có bookcare nên nhìn sách bóng bóng kiểu mới gấp đôi \u003d)) Postcard cứng cáp đầu đủ. Mình trừ một sao vì lỗi lem mực ở trang 96 ^^","customer_id":5932195,"rating":5,"images":[],"created_at":1644644059,"created_by":{"id":5932195,"name":"Châu Trần","full_name":"Châu Trần","created_time":"2017-10-15 19:46:54","purchased":true,"purchased_at":1644572246},"product_id":160585832,"timeline":{"review_created_date":"2022-02-12 12:34:19","delivery_date":"2022-02-12 09:38:23"}},{"id":15007360,"title":"Cực kì hài lòng","content":"Xinh đẹp tuyệt vời luôn không mua thì tiếc lắm đó ạ. Truyện này mình có đọc thử mấy chương, thích lắm nên chờ xuất bản mãi 🥰🥰🥰 Card tặng kèm mỗi tập dày dặn, xinh xỉu, tiki bọc sách và gói hàng rất đẹp 💝","customer_id":1461011,"rating":5,"images":[{"id":3141250,"full_path":"https://salt.tikicdn.com/ts/review/b4/49/6b/62a964d7ce58f86549791fd8e203e1ec.jpg"},{"id":3141252,"full_path":"https://salt.tikicdn.com/ts/review/fa/e5/e6/ae52c86a09b0bbadcf08a64e89ebbf3e.jpg"},{"id":3141253,"full_path":"https://salt.tikicdn.com/ts/review/c6/45/8f/6c203f9998944dce7ff38165a5eb200d.jpg"}],"created_at":1645094797,"created_by":{"id":1461011,"name":"Vân Nga","full_name":"Vân Nga","created_time":"2016-06-25 08:43:30","purchased":true,"purchased_at":1644897413},"product_id":160585832,"timeline":{"review_created_date":"2022-02-17 17:46:37","delivery_date":"2022-02-17 16:38:45"}},{"id":17655084,"title":"Cực kì hài lòng","content":"Giao hàng nhanh trong 1 ngày đã về tay, tiki đó h gói hàng chỉ có mỗi hộp giấy bên ngoài may mà ko bị hư gáy hay móp. Truyện đẹp full màu giấy cứng có tặng kèm postcard.","customer_id":18643060,"rating":5,"images":[{"id":3863353,"full_path":"https://salt.tikicdn.com/ts/review/1d/78/49/32484e6e6ff2c0bd81fbf90503239030.jpg"},{"id":3863354,"full_path":"https://salt.tikicdn.com/ts/review/b7/30/fe/75610b0477f6d74ad51cdabdf6da9b9f.jpg"},{"id":3863355,"full_path":"https://salt.tikicdn.com/ts/review/4c/43/74/8fc7680ff1780e00cda482bda4fb589d.jpg"},{"id":3863356,"full_path":"https://salt.tikicdn.com/ts/review/f4/1e/f9/98bf4781dd9c7768fa20c574c889df6f.jpg"}],"created_at":1662815972,"created_by":{"id":18643060,"name":"Ngọc Khánh","full_name":"Ngọc Khánh","created_time":"2020-10-02 06:42:00","purchased":true,"purchased_at":1662657110},"product_id":160585832,"timeline":{"review_created_date":"2022-09-10 20:19:32","delivery_date":"2022-09-10 10:26:33"}},{"id":16157484,"title":"Cực kì hài lòng","content":"Yêu yêu yêu, truyện về lành lặn nguyên bọc. Nội dung tinh tế, nhẹ nhàng và phần hình ảnh rất đẹp, các nhân vật trong thế giới đều có gu thời trang sành điệu và biết thưởng thức đời sống (cùng uống trà nhé) chăm chút cho bản thân, cho chàng thương mến và nàng yêu kiều. Đối với mình, đây là một bộ truyện truyền cảm hứng vì quá... đẹp và phong cách, càng đọc mình càng muốn trau dồi kỹ năng để có thể ngày nào đó thể hiện ý tưởng ra trang giấy cũng đẹp và quyến rũ (charming) như vậy :3","customer_id":16104618,"rating":5,"images":[{"id":3428632,"full_path":"https://salt.tikicdn.com/ts/review/61/1d/96/27be7ef2b22b555d0ea451410304f249.jpg"}],"created_at":1651412899,"created_by":{"id":16104618,"name":"Huỳnh Minh Thư","full_name":"Huỳnh Minh Thư","created_time":"2020-01-23 08:19:52","purchased":true,"purchased_at":1650842311},"product_id":160585832,"timeline":{"review_created_date":"2022-05-01 20:48:19","delivery_date":"2022-04-30 14:40:05"}},{"id":14960807,"title":"Rất không hài lòng","content":"Mình đặt 3 tập Veil cùng lúc, công nhận là tiki giao nhanh thật, sản phẩm còn nguyên seal, nhưng bị móp quá nhiều, cả 3 cuốn truyện mình đặt đều bị móp, còn có tấm postcard của tập 2 hình như là bị dính mực thì phải, mình ko ngờ là tiki ko đặt một miếng lót hay đệm bảo vệ nào vào mà chỉ bỏ trực tiếp 3 cuốn truyện vào thôi, đơn hàng này làm mình quá thất vọng, mong sớm đc tiki phản hồi.","customer_id":26681665,"rating":1,"images":[],"created_at":1644850939,"created_by":{"id":26681665,"name":"Minh Thư","full_name":"Minh Thư","created_time":"2022-01-29 15:23:10","purchased":true,"purchased_at":1644640036},"product_id":160585832,"timeline":{"review_created_date":"2022-02-14 22:02:19","delivery_date":"2022-02-14 11:58:54"}},{"id":14915232,"title":"Cực kì hài lòng","content":"Sách giao nhanh đúng hẹn, nội dung đơn giản, ăn tiền là ở nét truyện và cách pha màu, kiểu truyện có vibe của mấy phim Pháp thời xưa í. Chất giấy chắc chắn, không bị lem qua mặt sau. Mình có bookcare nên nhìn sách bóng bóng kiểu mới gấp đôi \u003d)) Postcard cứng cáp đầu đủ. Mình trừ một sao vì lỗi lem mực ở trang 96 ^^","customer_id":5932195,"rating":5,"images":[],"created_at":1644644059,"created_by":{"id":5932195,"name":"Châu Trần","full_name":"Châu Trần","created_time":"2017-10-15 19:46:54","purchased":true,"purchased_at":1644572246},"product_id":160585832,"timeline":{"review_created_date":"2022-02-12 12:34:19","delivery_date":"2022-02-12 09:38:23"}},{"id":15007360,"title":"Cực kì hài lòng","content":"Xinh đẹp tuyệt vời luôn không mua thì tiếc lắm đó ạ. Truyện này mình có đọc thử mấy chương, thích lắm nên chờ xuất bản mãi 🥰🥰🥰 Card tặng kèm mỗi tập dày dặn, xinh xỉu, tiki bọc sách và gói hàng rất đẹp 💝","customer_id":1461011,"rating":5,"images":[{"id":3141250,"full_path":"https://salt.tikicdn.com/ts/review/b4/49/6b/62a964d7ce58f86549791fd8e203e1ec.jpg"},{"id":3141252,"full_path":"https://salt.tikicdn.com/ts/review/fa/e5/e6/ae52c86a09b0bbadcf08a64e89ebbf3e.jpg"},{"id":3141253,"full_path":"https://salt.tikicdn.com/ts/review/c6/45/8f/6c203f9998944dce7ff38165a5eb200d.jpg"}],"created_at":1645094797,"created_by":{"id":1461011,"name":"Vân Nga","full_name":"Vân Nga","created_time":"2016-06-25 08:43:30","purchased":true,"purchased_at":1644897413},"product_id":160585832,"timeline":{"review_created_date":"2022-02-17 17:46:37","delivery_date":"2022-02-17 16:38:45"}},{"id":17655084,"title":"Cực kì hài lòng","content":"Giao hàng nhanh trong 1 ngày đã về tay, tiki đó h gói hàng chỉ có mỗi hộp giấy bên ngoài may mà ko bị hư gáy hay móp. Truyện đẹp full màu giấy cứng có tặng kèm postcard.","customer_id":18643060,"rating":5,"images":[{"id":3863353,"full_path":"https://salt.tikicdn.com/ts/review/1d/78/49/32484e6e6ff2c0bd81fbf90503239030.jpg"},{"id":3863354,"full_path":"https://salt.tikicdn.com/ts/review/b7/30/fe/75610b0477f6d74ad51cdabdf6da9b9f.jpg"},{"id":3863355,"full_path":"https://salt.tikicdn.com/ts/review/4c/43/74/8fc7680ff1780e00cda482bda4fb589d.jpg"},{"id":3863356,"full_path":"https://salt.tikicdn.com/ts/review/f4/1e/f9/98bf4781dd9c7768fa20c574c889df6f.jpg"}],"created_at":1662815972,"created_by":{"id":18643060,"name":"Ngọc Khánh","full_name":"Ngọc Khánh","created_time":"2020-10-02 06:42:00","purchased":true,"purchased_at":1662657110},"product_id":160585832,"timeline":{"review_created_date":"2022-09-10 20:19:32","delivery_date":"2022-09-10 10:26:33"}},{"id":16157484,"title":"Cực kì hài lòng","content":"Yêu yêu yêu, truyện về lành lặn nguyên bọc. Nội dung tinh tế, nhẹ nhàng và phần hình ảnh rất đẹp, các nhân vật trong thế giới đều có gu thời trang sành điệu và biết thưởng thức đời sống (cùng uống trà nhé) chăm chút cho bản thân, cho chàng thương mến và nàng yêu kiều. Đối với mình, đây là một bộ truyện truyền cảm hứng vì quá... đẹp và phong cách, càng đọc mình càng muốn trau dồi kỹ năng để có thể ngày nào đó thể hiện ý tưởng ra trang giấy cũng đẹp và quyến rũ (charming) như vậy :3","customer_id":16104618,"rating":5,"images":[{"id":3428632,"full_path":"https://salt.tikicdn.com/ts/review/61/1d/96/27be7ef2b22b555d0ea451410304f249.jpg"}],"created_at":1651412899,"created_by":{"id":16104618,"name":"Huỳnh Minh Thư","full_name":"Huỳnh Minh Thư","created_time":"2020-01-23 08:19:52","purchased":true,"purchased_at":1650842311},"product_id":160585832,"timeline":{"review_created_date":"2022-05-01 20:48:19","delivery_date":"2022-04-30 14:40:05"}},{"id":14960807,"title":"Rất không hài lòng","content":"Mình đặt 3 tập Veil cùng lúc, công nhận là tiki giao nhanh thật, sản phẩm còn nguyên seal, nhưng bị móp quá nhiều, cả 3 cuốn truyện mình đặt đều bị móp, còn có tấm postcard của tập 2 hình như là bị dính mực thì phải, mình ko ngờ là tiki ko đặt một miếng lót hay đệm bảo vệ nào vào mà chỉ bỏ trực tiếp 3 cuốn truyện vào thôi, đơn hàng này làm mình quá thất vọng, mong sớm đc tiki phản hồi.","customer_id":26681665,"rating":1,"images":[],"created_at":1644850939,"created_by":{"id":26681665,"name":"Minh Thư","full_name":"Minh Thư","created_time":"2022-01-29 15:23:10","purchased":true,"purchased_at":1644640036},"product_id":160585832,"timeline":{"review_created_date":"2022-02-14 22:02:19","delivery_date":"2022-02-14 11:58:54"}},{"id":14915232,"title":"Cực kì hài lòng","content":"Sách giao nhanh đúng hẹn, nội dung đơn giản, ăn tiền là ở nét truyện và cách pha màu, kiểu truyện có vibe của mấy phim Pháp thời xưa í. Chất giấy chắc chắn, không bị lem qua mặt sau. Mình có bookcare nên nhìn sách bóng bóng kiểu mới gấp đôi \u003d)) Postcard cứng cáp đầu đủ. Mình trừ một sao vì lỗi lem mực ở trang 96 ^^","customer_id":5932195,"rating":5,"images":[],"created_at":1644644059,"created_by":{"id":5932195,"name":"Châu Trần","full_name":"Châu Trần","created_time":"2017-10-15 19:46:54","purchased":true,"purchased_at":1644572246},"product_id":160585832,"timeline":{"review_created_date":"2022-02-12 12:34:19","delivery_date":"2022-02-12 09:38:23"}}]}