{"id":160692420,"dbId":12123,"createdAt":1642784400000,"name":"Tiệm Đồ Cổ Á Xá - Tập 5 (Tặng Kèm Sổ Ngoại Truyện + Bookmark)","short_description":"Tiếp tục mạch truyện của tập trước, bác sĩ đã mất đi toàn bộ ký ức về khoảng thời gian gặp gỡ chủ tiệm và trở lại cuộc sống bình thường. Sau khi tình cờ cứu được cậu bé Thang Viễn bị lạnh đến gần như ...","description":"Tiếp tục mạch truyện của tập trước, bác sĩ đã mất đi toàn bộ ký ức về khoảng thời gian gặp gỡ chủ tiệm và trở lại cuộc sống bình thường. Sau khi tình cờ cứu được cậu bé Thang Viễn bị lạnh đến gần như đông cứng gần bệnh viện, bác sĩ quyết định nhận nuôi cậu. Không có sự phụ ở bên, Thang Viễn phải tìm kiếm những cổ vật tà ác cho rắn trắng hút linh khí, đồng thời trải qua 12 câu chuyện về 12 tà vật:\n\u003cp\u003eMột chiếc Ngư phù bạc có thể hút dương thọ của người khác để kéo dài mạng sống cho chủ nhân của nó.\u003c/p\u003e\n\u003cp\u003eMột tượng Ảnh Thanh nguyền rủa tất cả những kẻ dám quấy rầy tướng quốc Đại Lý an nghỉ.\u003c/p\u003e\n\u003cp\u003eMột Thiên Quang Khư tách biệt ngoài không – thời gian.\u003c/p\u003e\n\u003cp\u003eMột ngọc bội Tí Thìn chứa đựng nỗi oán hận của chủ nhân.\u003c/p\u003e\n\u003cp\u003eMột ngôi trường kì lạ với những bức tượng Đường Tam Thái quái dị.\u003c/p\u003e\n\u003cp\u003eViên Thương Ngọc Tảo từ một bảo vật chuyên ban sự giàu có trở thành một tà vật dụ dỗ chủ nhân sa đọa.\u003c/p\u003e\n\u003cp\u003eMột cây trâm Điểm Thúy mang lời nguyên khiến chủ nhân của nó bị mọi người chán ghét.\u003c/p\u003e\n\u003cp\u003eMột Sò Hải Thận khiến lòng đố kị của chủ nhân nó càng thêm mãnh liệt.\u003c/p\u003e\n\u003cp\u003eTấm Kiệt Xanh cuối cùng bị phá hủy, mang theo lòng oán hận đi cướp đoạt thân xác của con người.\u003c/p\u003e\n\u003cp\u003eMắt Chúc Long nhìn thấy quá khứ và tương lai.\u003c/p\u003e\n\u003cp\u003eĐèn Tẩu Mã mang lại phục họa luân phiên, nhưng sau phúc thì họa càng lớn hơn đến mức lấy đi mạng sống chủ nhân của nó.\u003c/p\u003e\n\u003cp\u003eBác Áp Trấn tạo trận pháp khôn lường, nếu không có đủ bộ sẽ gọi mời những thế lực xấu xa đến.\u003c/p\u003e\n\u003cp\u003e“Chúng đã nhuốm màu thời gian trăm năm nghìn năm.\u003c/p\u003e\n\u003cp\u003eMỗi một vật đều ngưng đọng tâm huyết của người thợ, chan chứa tình cảm của người dùng.\u003c/p\u003e\n\u003cp\u003eMỗi một vật đều thuộc về những chủ nhân khác nhau, đều có câu chuyện của riêng mình.\u003c/p\u003e\n\u003cp\u003eMỗi một vật đều khác biệt với những thứ khác, thậm chí mỗi một vết nứt và vết khuyết đều có lịch sử đặc biệt.\u003c/p\u003e\n\u003cp\u003eAi có thể nói, đồ cổ chỉ là đồ dùng, đều là những vật không có sức sống?\u003c/p\u003e\n\u003cp\u003eĐây là cuốn sách kể về câu chuyện của những món đồ cổ, nếu chúng không thể nói chuyện, vậy tôi sẽ dùng câu chữ của mình để ghi chép lại một cách trung thành.\u003c/p\u003e\n\u003cp\u003eChào mừng tới Á Xá, xin hãy khẽ lời…\u003c/p\u003e\n\u003cp\u003eSuỵt…”\u003c/p\u003e\u003cp\u003eGiá sản phẩm trên Tiki đã bao gồm thuế theo luật hiện hành. Bên cạnh đó, tuỳ vào loại sản phẩm, hình thức và địa chỉ giao hàng mà có thể phát sinh thêm chi phí khác như phí vận chuyển, phụ phí hàng cồng kềnh, thuế nhập khẩu (đối với đơn hàng giao từ nước ngoài có giá trị trên 1 triệu đồng).....\u003c/p\u003e","original_price":139000.0,"thumbnail_url":"https://salt.tikicdn.com/cache/280x280/ts/product/08/ef/f9/e333efeef1c3ef7a062d91bf27b14337.jpg","images":[{"base_url":"https://salt.tikicdn.com/ts/product/08/ef/f9/e333efeef1c3ef7a062d91bf27b14337.jpg","dbId":32281},{"base_url":"https://salt.tikicdn.com/ts/product/cc/5f/68/3843837b09f0169a0a67f6e392ae4a5b.jpg","dbId":32282},{"base_url":"https://salt.tikicdn.com/ts/product/c6/da/65/2b4106f630c8beb74dfcd0c5018cc5b9.png","dbId":32283},{"base_url":"https://salt.tikicdn.com/ts/product/53/58/17/978d56cee973c96117dac6ddbf8031ea.png","dbId":32284}],"authors":[{"id":79437,"name":"Huyền Sắc","dbId":5953}],"specifications":[{"name":"Thông tin chung","attributes":[{"name":"Phiên bản sách","value":"Phiên bản thường"},{"name":"Công ty phát hành","value":"Quảng Văn"},{"name":"Ngày xuất bản","value":"2022-01-01 00:00:00"},{"name":"Dịch Giả","value":"Huy Hoàng"},{"name":"Loại bìa","value":"Bìa mềm"},{"name":"Số trang","value":"432"},{"name":"Nhà xuất bản","value":"Nhà Xuất Bản Phụ Nữ Việt Nam"},{"code":"PUBLICATION_DATE","name":"Kích thước","value":"14.5 x 20.5 cm"}]}],"stock_item":{"qty":1000},"all_time_quantity_sold":26,"reviews":[{"id":18614615,"title":"Cực kì hài lòng","content":"Mua sưu tầm, truyện real, nhưng mà cách đóng gói tiki quá tệ kh có nồi 1 cái chống shock , bọc sách","customer_id":7055259,"rating":5,"images":[{"id":4076710,"full_path":"https://salt.tikicdn.com/ts/review/d3/60/ff/73d916c262aed8d23ce1fddc530ca402.jpg"}],"created_at":1673387795,"created_by":{"id":7055259,"name":"Cloudy","full_name":"Cloudy","created_time":"2018-05-04 23:47:05","purchased":true,"purchased_at":1671647808},"product_id":160692420,"timeline":{"review_created_date":"2023-01-11 04:56:35","delivery_date":"2022-12-23 11:44:52"}},{"id":18891780,"title":"Cực kì hài lòng","content":"Nd hay, sách cầm chắc tay","customer_id":996207,"rating":5,"images":[],"created_at":1677762748,"created_by":{"id":996207,"name":"Truc Ly Nguyen","full_name":"Truc Ly Nguyen","created_time":"2015-11-22 19:41:47","purchased":true,"purchased_at":1674717219},"product_id":160692420,"timeline":{"review_created_date":"2023-03-02 20:12:28","delivery_date":"2023-01-30 11:19:28"}},{"id":19121693,"title":"Cực kì hài lòng","content":"","customer_id":581144,"rating":5,"images":[],"created_at":1682184863,"created_by":{"id":581144,"name":"Nguyễn Thủ khoa","full_name":"Nguyễn Thủ khoa","created_time":"2015-03-12 17:59:09","purchased":true,"purchased_at":1681102282},"product_id":160692420,"timeline":{"review_created_date":"2023-04-23 00:34:23","delivery_date":"2023-04-11 10:48:48"}},{"id":18668903,"title":"Cực kì hài lòng","content":"","customer_id":28728885,"rating":5,"images":[],"created_at":1674204021,"created_by":{"id":28728885,"name":"Ngoc Chau","full_name":"Ngoc Chau","created_time":"2023-01-15 05:14:13","purchased":true,"purchased_at":1674093894},"product_id":160692420,"timeline":{"review_created_date":"2023-01-20 15:40:21","delivery_date":"2023-01-19 11:25:30"}},{"id":17282262,"title":"Cực kì hài lòng","content":"sách đẹp","customer_id":17495,"rating":5,"images":[],"created_at":1659452815,"created_by":{"id":17495,"name":"Vu Thi Lan Anh","full_name":"Vu Thi Lan Anh","created_time":"2011-11-19 17:42:56","purchased":true,"purchased_at":1658324036},"product_id":160692420,"timeline":{"review_created_date":"2022-08-02 22:06:55","delivery_date":"2022-07-25 10:52:52"}},{"id":18614615,"title":"Cực kì hài lòng","content":"Mua sưu tầm, truyện real, nhưng mà cách đóng gói tiki quá tệ kh có nồi 1 cái chống shock , bọc sách","customer_id":7055259,"rating":5,"images":[{"id":4076710,"full_path":"https://salt.tikicdn.com/ts/review/d3/60/ff/73d916c262aed8d23ce1fddc530ca402.jpg"}],"created_at":1673387795,"created_by":{"id":7055259,"name":"Cloudy","full_name":"Cloudy","created_time":"2018-05-04 23:47:05","purchased":true,"purchased_at":1671647808},"product_id":160692420,"timeline":{"review_created_date":"2023-01-11 04:56:35","delivery_date":"2022-12-23 11:44:52"}},{"id":18891780,"title":"Cực kì hài lòng","content":"Nd hay, sách cầm chắc tay","customer_id":996207,"rating":5,"images":[],"created_at":1677762748,"created_by":{"id":996207,"name":"Truc Ly Nguyen","full_name":"Truc Ly Nguyen","created_time":"2015-11-22 19:41:47","purchased":true,"purchased_at":1674717219},"product_id":160692420,"timeline":{"review_created_date":"2023-03-02 20:12:28","delivery_date":"2023-01-30 11:19:28"}},{"id":19121693,"title":"Cực kì hài lòng","content":"","customer_id":581144,"rating":5,"images":[],"created_at":1682184863,"created_by":{"id":581144,"name":"Nguyễn Thủ khoa","full_name":"Nguyễn Thủ khoa","created_time":"2015-03-12 17:59:09","purchased":true,"purchased_at":1681102282},"product_id":160692420,"timeline":{"review_created_date":"2023-04-23 00:34:23","delivery_date":"2023-04-11 10:48:48"}},{"id":18668903,"title":"Cực kì hài lòng","content":"","customer_id":28728885,"rating":5,"images":[],"created_at":1674204021,"created_by":{"id":28728885,"name":"Ngoc Chau","full_name":"Ngoc Chau","created_time":"2023-01-15 05:14:13","purchased":true,"purchased_at":1674093894},"product_id":160692420,"timeline":{"review_created_date":"2023-01-20 15:40:21","delivery_date":"2023-01-19 11:25:30"}},{"id":17282262,"title":"Cực kì hài lòng","content":"sách đẹp","customer_id":17495,"rating":5,"images":[],"created_at":1659452815,"created_by":{"id":17495,"name":"Vu Thi Lan Anh","full_name":"Vu Thi Lan Anh","created_time":"2011-11-19 17:42:56","purchased":true,"purchased_at":1658324036},"product_id":160692420,"timeline":{"review_created_date":"2022-08-02 22:06:55","delivery_date":"2022-07-25 10:52:52"}}]}