{"id":161026915,"dbId":11632,"createdAt":1647253066000,"name":"Sách: AWM Tuyệt Địa Cầu Sinh - Tập 1+2 - Bản thường","short_description":"AWM Tuyệt Địa Cầu Sinh - Tập 1+2------------ AWM [Tuyệt địa cầu sinh] là câu chuyện vừa ngọt ngào hài hước vừa thú vị lôi cuốn về hành trình thả-thính-chỉ-cần-một-người-dính kiêm dẫn dắt đội ngũ ...","description":"\u003cp\u003e\u003cstrong\u003eAWM Tuyệt Địa Cầu Sinh - Tập 1+2\u003c/strong\u003e\u003c/p\u003e\u003cp\u003e------------\u003c/p\u003e\u003cp\u003e\u003cbr\u003e\u0026nbsp;\u003c/p\u003e\u003cp\u003eAWM [Tuyệt địa cầu sinh] là câu chuyện vừa ngọt ngào hài hước vừa thú vị lôi cuốn về hành trình thả-thính-chỉ-cần-một-người-dính kiêm dẫn dắt đội ngũ HOG bước lên đỉnh cao giới eSports của “lão lưu manh” độc miệng Kỳ Túy (ID: Drunk) và cậu bạn trai ngoài lạnh trong nóng Vu Dương (ID: Youth)!\u003c/p\u003e\u003cp\u003eTrong cuốn sách này có tình yêu, có đồng đội, có ước mơ cháy bỏng, có nhiệt huyết sôi trào.\u003c/p\u003e\u003cp\u003eTrên vai trái là chiến đội, trên vai phải là niềm tin. Mấy tầng địa ngục vắng tanh, thì ra Kỳ Túy loanh quanh cõi người!\u003c/p\u003e\u003cp\u003e\u003cbr\u003e\u0026nbsp;\u003c/p\u003e\u003cp\u003eGiá sản phẩm trên Tiki đã bao gồm thuế theo luật hiện hành. Bên cạnh đó, tuỳ vào loại sản phẩm, hình thức và địa chỉ giao hàng mà có thể phát sinh thêm chi phí khác như phí vận chuyển, phụ phí hàng cồng kềnh, thuế nhập khẩu (đối với đơn hàng giao từ nước ngoài có giá trị trên 1 triệu đồng).....\u003c/p\u003e","original_price":259500.0,"thumbnail_url":"https://salt.tikicdn.com/cache/280x280/ts/product/7a/95/ff/7f744b10ba70a9765a21fb5d1a9f788e.jpg","images":[{"base_url":"https://salt.tikicdn.com/ts/product/7a/95/ff/7f744b10ba70a9765a21fb5d1a9f788e.jpg","dbId":30988},{"base_url":"https://salt.tikicdn.com/ts/product/64/6f/5c/19f9b432a561ae58854776c9efc81fa5.jpg","dbId":30989},{"base_url":"https://salt.tikicdn.com/ts/product/6b/65/65/b45cf9dc065a72b2cec2596eff8e8d88.jpg","dbId":30990},{"base_url":"https://salt.tikicdn.com/ts/product/cc/f2/10/77c8b339d1f19ceed0efcb92ec8eb9cc.jpg","dbId":30991},{"base_url":"https://salt.tikicdn.com/ts/product/d7/90/9d/b40315ebc1a7050d90b3ed9f5b422698.jpg","dbId":30992}],"specifications":[{"name":"Thông tin chung","attributes":[{"name":"Công ty phát hành","value":"Meibooks"},{"name":"Nhà xuất bản","value":"Nhà Xuất Bản Dân Trí"},{"code":"PUBLICATION_DATE","name":"Ngày xuất bản","value":"Fri Feb 25 17:17:46 ICT 2022"}]}],"stock_item":{"qty":1000},"all_time_quantity_sold":6,"reviews":[{"id":18434008,"title":"Cực kì hài lòng","content":"Good","customer_id":5903153,"rating":5,"images":[{"id":4045640,"full_path":"https://salt.tikicdn.com/ts/review/15/73/4f/f6d9c6942b1974b2d070f2e61ff896b4.jpg"}],"created_at":1671155064,"created_by":{"id":5903153,"name":"Phuongquyen","full_name":"Phuongquyen","created_time":"2017-10-10 22:36:52","purchased":true,"purchased_at":1667293941},"product_id":161026915,"timeline":{"review_created_date":"2022-12-16 08:44:24","delivery_date":"2022-11-06 09:18:32"}},{"id":17621886,"title":"Cực kì hài lòng","content":"Đẹp","customer_id":18204104,"rating":5,"images":[{"id":3854745,"full_path":"https://salt.tikicdn.com/ts/review/75/bb/dd/46765832373e668b980b463d139bdcc5.jpg"}],"created_at":1662533969,"created_by":{"id":18204104,"name":"Tu Ho","full_name":"Tu Ho","created_time":"2020-08-23 07:54:15","purchased":true,"purchased_at":1662297844},"product_id":161026915,"timeline":{"review_created_date":"2022-09-07 13:59:29","delivery_date":"2022-09-07 12:26:36"}},{"id":16383178,"title":"Cực kì hài lòng","content":"","customer_id":26743161,"rating":5,"images":[],"created_at":1652937693,"created_by":{"id":26743161,"name":"Phạm Nghi","full_name":"Phạm Nghi","created_time":"2022-02-08 19:35:56","purchased":true,"purchased_at":1651989607},"product_id":161026915,"timeline":{"review_created_date":"2022-05-19 12:21:33","delivery_date":"2022-05-14 16:06:05"}},{"id":15585218,"title":"Cực kì hài lòng","content":"tốt","customer_id":26713764,"rating":5,"images":[],"created_at":1648137791,"created_by":{"id":26713764,"name":"Hùng An","full_name":"Hùng An","created_time":"2022-02-05 12:53:44","purchased":true,"purchased_at":1647084795},"product_id":161026915,"timeline":{"review_created_date":"2022-03-24 23:03:11","delivery_date":"2022-03-20 15:30:22"}},{"id":15351328,"title":"Cực kì hài lòng","content":"oke","customer_id":15842817,"rating":5,"images":[],"created_at":1646907466,"created_by":{"id":15842817,"name":"Sarah Uyn V","full_name":"Sarah Uyn V","created_time":"2020-01-05 22:49:19","purchased":true,"purchased_at":1646581782},"product_id":161026915,"timeline":{"review_created_date":"2022-03-10 17:17:46","delivery_date":"2022-03-10 10:58:02"}},{"id":18434008,"title":"Cực kì hài lòng","content":"Good","customer_id":5903153,"rating":5,"images":[{"id":4045640,"full_path":"https://salt.tikicdn.com/ts/review/15/73/4f/f6d9c6942b1974b2d070f2e61ff896b4.jpg"}],"created_at":1671155064,"created_by":{"id":5903153,"name":"Phuongquyen","full_name":"Phuongquyen","created_time":"2017-10-10 22:36:52","purchased":true,"purchased_at":1667293941},"product_id":161026915,"timeline":{"review_created_date":"2022-12-16 08:44:24","delivery_date":"2022-11-06 09:18:32"}},{"id":17621886,"title":"Cực kì hài lòng","content":"Đẹp","customer_id":18204104,"rating":5,"images":[{"id":3854745,"full_path":"https://salt.tikicdn.com/ts/review/75/bb/dd/46765832373e668b980b463d139bdcc5.jpg"}],"created_at":1662533969,"created_by":{"id":18204104,"name":"Tu Ho","full_name":"Tu Ho","created_time":"2020-08-23 07:54:15","purchased":true,"purchased_at":1662297844},"product_id":161026915,"timeline":{"review_created_date":"2022-09-07 13:59:29","delivery_date":"2022-09-07 12:26:36"}},{"id":16383178,"title":"Cực kì hài lòng","content":"","customer_id":26743161,"rating":5,"images":[],"created_at":1652937693,"created_by":{"id":26743161,"name":"Phạm Nghi","full_name":"Phạm Nghi","created_time":"2022-02-08 19:35:56","purchased":true,"purchased_at":1651989607},"product_id":161026915,"timeline":{"review_created_date":"2022-05-19 12:21:33","delivery_date":"2022-05-14 16:06:05"}},{"id":15585218,"title":"Cực kì hài lòng","content":"tốt","customer_id":26713764,"rating":5,"images":[],"created_at":1648137791,"created_by":{"id":26713764,"name":"Hùng An","full_name":"Hùng An","created_time":"2022-02-05 12:53:44","purchased":true,"purchased_at":1647084795},"product_id":161026915,"timeline":{"review_created_date":"2022-03-24 23:03:11","delivery_date":"2022-03-20 15:30:22"}},{"id":15351328,"title":"Cực kì hài lòng","content":"oke","customer_id":15842817,"rating":5,"images":[],"created_at":1646907466,"created_by":{"id":15842817,"name":"Sarah Uyn V","full_name":"Sarah Uyn V","created_time":"2020-01-05 22:49:19","purchased":true,"purchased_at":1646581782},"product_id":161026915,"timeline":{"review_created_date":"2022-03-10 17:17:46","delivery_date":"2022-03-10 10:58:02"}}]}