{"id":161247659,"dbId":10878,"createdAt":1645752600000,"name":"Hoàng Cầm Về Kinh Bắc - Ấn phẩm kỷ niệm 100 năm ngày sinh Hoàng Cầm","short_description":"HOÀNG CẦM VỀ KINH BẮCẤn phẩm kỷ niệm 100 năm ngày sinh nhà thơ Hoàng Cầm (1922 – 2022)Một ấn phẩm tinh tế, duy mỹ, với sự kết hợp hài hoà của thi - ca - nhạc - hoạ, tuyệt tác thi ca Hoàng Cầm lại mộ...","description":"\u003cp\u003eHOÀNG CẦM VỀ KINH BẮC\u003c/p\u003e\n\u003cp\u003eẤn phẩm kỷ niệm 100 năm ngày sinh nhà thơ Hoàng Cầm (1922 – 2022)\u003c/p\u003e\n\u003cp\u003eMột ấn phẩm tinh tế, duy mỹ, với sự kết hợp hài hoà của thi - ca - nhạc - hoạ, tuyệt tác thi ca Hoàng Cầm lại một lần nữa được hiện hình một cách sống động, đa chiều và lập thể trên trang giấy.\u003c/p\u003e\n\u003cp\u003eNội dung chính của ấn phẩm là tập thơ \u003cem\u003eVề Kinh Bắc -\u003c/em\u003e một tuyệt tác “toàn bích và nổi tiếng nhất”, “gắn với những huyền thoại về cuộc đời, nghiệp thơ, phận thơ, mệnh thơ của tác giả”, “một sử thi trữ tình độc nhất vô nhị về văn hóa Kinh Bắc”.\u003c/p\u003e\n\u003cp\u003eKết hợp nhịp nhàng với tranh minh hoạ của các hoạ sĩ nổi tiếng Chu Hồng Tiến, Đỗ Dũng, Ngô Thị Bình Nhi, Khoachim.\u003c/p\u003e\n\u003cp\u003eĐi kèm với các bài viết, bài bình luận của các tác giả, nhà nghiên cứu Chu Văn Sơn, Thích Nữ Chân Không, Hoàng Hưng, Đỗ Lai Thuý, Phạm Xuân Nguyên, Trần Thanh Cảnh, Nguyễn Đức Tùng, Lê Thị Thanh Tâm, Lê Hồ Quang\u003c/p\u003e\n\u003cp\u003ePhụ lục phong phú bao gồm tranh vẽ, ảnh tư liệu, nhạc phẩm của các tác giả Văn Cao, Bùi Xuân Phái, Phạm Duy, Hoàng Lập Ngôn, Lưu Văn Sìn, Phan Tại, Hữu Xuân, Nguyễn Thuỵ Kha, Trần Tiến, Nguyễn Đình Toán.\u003c/p\u003e\n\u003cp\u003eSách bìa cứng sang trọng, in màu toàn bộ trên giấy Couches vàng ngà, khổ 18x24cm, 400 trang.\u003c/p\u003e\n\u003cp\u003eTặng kèm: postcard tranh ký hoạ màu của chính thi sĩ Hoàng Cầm, cùng bookmark xinh xắn.\u003c/p\u003e\n\u003cp\u003e------------\u003c/p\u003e\n\u003cp\u003e\u003cem\u003eVề Kinh Bắc \u003c/em\u003elà một tập thơ đặc biệt nhất trong các sáng tác của Hoàng Cầm, từ hình thức, phong cách, thể tài, nội dung, cho đến thời điểm sáng tác. Tập thơ cũng là chiếc nôi của những bài thơ đã trở thành huyền thoại, gắn liền với tên tuổi thi sĩ Hoàng Cầm, như \u003cem\u003eCây tam cúc, Lá diêu bông, Quả vườn ổi, Cỏ bồng thi, Nước sông Thương, Mưa Thuận Thành\u003c/em\u003e\u003c/p\u003e\n\u003cp style\u003d\"text-align: center;\"\u003e\u003cem\u003eBốn tám dáng thơ đi tám nhịp\u003c/em\u003e\u003c/p\u003e\n\u003cp style\u003d\"text-align: center;\"\u003e\u003cem\u003eTuần du chưa vợi khối ân tình.\u003c/em\u003e\u003c/p\u003e\n\u003cp\u003e48 bài thơ được chia làm tám \u003cem\u003enhịp\u003c/em\u003e - một cách phân chia độc nhất vô nhị cho một tập thơ, mỗi \u003cem\u003enhịp\u003c/em\u003e thơ là một chủ đề, một giai điệu, một sắc màu, hoặc lộng lẫy mê say, hoặc mông lung sương khói, hoặc lấp lánh vàng son, hoặc khắc khoải vụn vỡ,  ghép lại thành một bức tranh mộng mị huy hoàng, phong phú sắc thanh, dặt dìu giai điệu của \u003cem\u003eVề Kinh Bắc\u003c/em\u003e.\u003c/p\u003e\n\u003cp\u003eNương theo tám \u003cem\u003enhịp\u003c/em\u003e: \u003cem\u003eKhấn nguyện - Kiếp trước - Rũ bụi gia phả - Rồi cùng đi tất cả - Còn Em - Điểm trang - Rồi lại đi - Về với ta\u003c/em\u003e, ta sẽ có một hành trình xuyên suốt thời không, theo những bước chân phiêu linh của Hoàng Cầm để tuần du miền Kinh Bắc “đầy mê dụ”.\u003c/p\u003e\n\u003cp\u003e“Trước tiên là một nhạc điệu Hoàng Cầm: dặt dìu, đón đưa, dan díu, buông bắt. Có thể nhận ra tất cả hồn Quan họ ngân nga trong ấy. Thứ nhạc này khiến cho thơ tự do không vần của tác giả, trong khi theo sát diễn biến của từng tâm trạng cụ thể, thậm chí còn du dương hơn lối thơ vần điệu. Ta có thể gọi nó là “điệu tâm hồn Hoàng Cầm”.\u003c/p\u003e\n\u003cp style\u003d\"text-align: right;\"\u003e(\u003cem\u003eMột đời nhớ tiếc, một đời níu xuân xanh\u003c/em\u003e - Nhà thơ Hoàng Hưng)\u003c/p\u003e\n\u003cp\u003e \u003c/p\u003e\n\u003cp\u003e“Trong đời sống văn học những năm 1958 - 1960, khi cả nền thơ chính thống miền Bắc đang lao vào chủ nghĩa hiện thực XHCN, thì Về Kinh Bắc chào đời quả là một thứ trái lạ. Quá lạ. Nó như là thơ ngoài luồng, nên vẫn chỉ được lưu hành lối “thơ lậu”, “thơ chui”. Có chứng sinh, nhưng không có khai sinh. Như đứa con ngoài giá thú của nền thơ đương thời. Nhưng đặt trong văn mạch dân tộc, nó là sự tiếp nối một huyết thống bị nhấn chìm, một dòng chảy bị gián đoạn suốt mười mấy năm trời trên miền Bắc: dòng thơ lãng mạn tiền chiến… Xem thế, Về Kinh Bắc lại không hoàn toàn là trái lạ, chỉ là trái ngang thôi - trái ngang phè trước những con mắt kỳ thị.”\u003c/p\u003e\n\u003cp style\u003d\"text-align: right;\"\u003e(\u003cem\u003eHoàng Cầm - gã phù du Kinh Bắc\u003c/em\u003e – Nhà nghiên cứu Chu Văn Sơn)\u003c/p\u003e\n\u003cp\u003e“Cái còn lại của ông, cao điểm nhất của tài năng Hoàng Cầm, vẫn nằm ở tập Về Kinh Bắc, và cả Mưa Thuận Thành, một ngôn ngữ bàng hoàng siêu thực, mặc dù nhà thơ có thể không có chủ ý.\u003c/p\u003e\n\u003cp\u003eSau Về Kinh Bắc và Mưa Thuận Thành, Hoàng Cầm còn viết nhiều bài thơ khác nhưng không sánh được với đỉnh cao nói trên, có lẽ ông đã ra khỏi cõi mơ hồ Kinh Bắc, ra khỏi một hoàn cảnh dị thường, ở đó là sự phối hợp giữa chật hẹp tù túng của thời chiến tranh và sau Nhân văn Giai phẩm và một thiên nhiên lộng lẫy vẫn còn khá nguyên vẹn, một vùng văn hóa gần với nguyên thủy, cả hai thứ ấy, rất tình cờ tạo ra khung cảnh thơ mộng bát ngát không bao giờ có thể lặp lại được nữa…”\u003c/p\u003e\n\u003cp style\u003d\"text-align: right;\"\u003e (\u003cem\u003eĐọc lại Hoàng Cầm\u003c/em\u003e - Nhà nghiên cứu Nguyễn Đức Tùng)\u003c/p\u003e\u003cp\u003eGiá sản phẩm trên Tiki đã bao gồm thuế theo luật hiện hành. Bên cạnh đó, tuỳ vào loại sản phẩm, hình thức và địa chỉ giao hàng mà có thể phát sinh thêm chi phí khác như phí vận chuyển, phụ phí hàng cồng kềnh, thuế nhập khẩu (đối với đơn hàng giao từ nước ngoài có giá trị trên 1 triệu đồng).....\u003c/p\u003e","original_price":389000.0,"thumbnail_url":"https://salt.tikicdn.com/cache/280x280/ts/product/08/97/fb/465e41c5e44441d0711a232153bba616.png","images":[{"base_url":"https://salt.tikicdn.com/ts/product/08/97/fb/465e41c5e44441d0711a232153bba616.png","dbId":29051},{"base_url":"https://salt.tikicdn.com/ts/product/32/3d/90/f0d794388d592e10d4e18d406544a2a8.jpg","dbId":29052},{"base_url":"https://salt.tikicdn.com/ts/product/08/01/48/84df8c7df432f46276bf2e542c91ec4f.jpg","dbId":29053},{"base_url":"https://salt.tikicdn.com/ts/product/99/5a/d5/2d0dba0d8d4de422392bcb97732ab1f4.jpg","dbId":29054},{"base_url":"https://salt.tikicdn.com/ts/product/62/fb/ae/b061261f3fee66561d287ff3ee0689d5.jpg","dbId":29055},{"base_url":"https://salt.tikicdn.com/ts/product/b7/11/5d/730b3d5193fcc4306d343342a62829da.jpg","dbId":29056},{"base_url":"https://salt.tikicdn.com/ts/product/9f/95/6d/03dc4b86598e0f6d14092382e9d2f02f.jpg","dbId":29057},{"base_url":"https://salt.tikicdn.com/ts/product/4a/8b/37/78eb1b376ebe730dfab6660b5d9aea71.jpg","dbId":29058},{"base_url":"https://salt.tikicdn.com/ts/product/72/13/a3/9ce4cf4017341cabbfefa1e2f2af246c.jpg","dbId":29059},{"base_url":"https://salt.tikicdn.com/ts/product/3d/7f/f6/ceb704e16ec971fa062ebb5899ecb6e9.jpg","dbId":29060},{"base_url":"https://salt.tikicdn.com/ts/product/3f/3f/2e/4fad316cf760c8195b30e546ff0d83ea.jpg","dbId":29061},{"base_url":"https://salt.tikicdn.com/ts/product/2a/bb/c9/fbefe3645439d3d23e91693430eeb07b.jpg","dbId":29062},{"base_url":"https://salt.tikicdn.com/ts/product/0b/a5/0b/42224c3deddc53aac05943a83d1513dd.jpg","dbId":29063}],"authors":[{"id":12935,"name":"Hoàng Cầm","dbId":5759}],"specifications":[{"name":"Thông tin chung","attributes":[{"name":"Công ty phát hành","value":"Công ty Cổ phần Văn hóa An Lạc"},{"name":"Ngày xuất bản","value":"2022-01-28 08:30:00"},{"name":"Loại bìa","value":"Bìa cứng"},{"name":"Số trang","value":"400"},{"name":"Nhà xuất bản","value":"Nhà Xuất Bản Hội Nhà Văn"}]}],"stock_item":{"qty":1000},"all_time_quantity_sold":91,"reviews":[{"id":16912409,"title":"Cực kì hài lòng","content":"Sách đẹp. Cầm nặng tay. Có thêm postcard và bookmark khá nghệ thuật. Tuy nhiên không có quá nhiều bài thơ. Phần sau chủ yếu là phê bình bình luận. Điểm đáng quý là sách có phần tranh tư liệu đáng quý về cuộc đời của Hoàng Cầm.","customer_id":8256623,"rating":5,"images":[{"id":3645815,"full_path":"https://salt.tikicdn.com/ts/review/09/e4/00/e5c0163a78363405a9ba427d6cdbc83d.jpg"}],"created_at":1656739385,"created_by":{"id":8256623,"name":"little sharpei ","full_name":"little sharpei ","created_time":"2018-10-06 09:04:25","purchased":true,"purchased_at":1656313498},"product_id":161247659,"timeline":{"review_created_date":"2022-07-02 12:23:05","delivery_date":"2022-07-01 09:52:52"}},{"id":17035519,"title":"Cực kì hài lòng","content":"Sách thật đẹp; đóng gói cẩn thận, đầy đủ bookmark và giao nhanh không ngờ. Cụ Hoàng Cầm thì đã quá nổi tiếng rồi. Mình mua làm quà, rất hài lòng!","customer_id":6085242,"rating":5,"images":[{"id":3677915,"full_path":"https://salt.tikicdn.com/ts/review/2f/98/d9/9789069ad628d5adb356ba3c03c60325.jpg"},{"id":3677916,"full_path":"https://salt.tikicdn.com/ts/review/ab/fa/95/a63c9970e2583d6487c6be9449e13f96.jpg"}],"created_at":1657594788,"created_by":{"id":6085242,"name":"Hà Lê","full_name":"Hà Lê","created_time":"2017-11-19 03:47:57","purchased":true,"purchased_at":1657438344},"product_id":161247659,"timeline":{"review_created_date":"2022-07-12 09:59:48","delivery_date":"2022-07-12 09:21:20"}},{"id":15118876,"title":"Rất không hài lòng","content":"thật đáng tiếc một cuốn sách quý thế này mà nhà sách không bọc chống sốc chỉ gói lớp giấy xi măng rồi đóng hộp tiki, nên sách thành ra bị biến dạng. Nếu được tôi muốn gửi lại sách. Nhà sách cũng nên rút kinh nghiệm sâu sắc.","customer_id":126980,"rating":1,"images":[],"created_at":1645677252,"created_by":{"id":126980,"name":"Hoàng Văn vẻ","full_name":"Hoàng Văn vẻ","created_time":"2013-06-14 14:21:27","purchased":true,"purchased_at":1645489337},"product_id":161247659,"timeline":{"review_created_date":"2022-02-24 11:34:12","delivery_date":"2022-02-23 09:48:48"}},{"id":16979545,"title":"Cực kì hài lòng","content":"Nếu bạn yêu Hoàng Cầm, lại một nhà thơ bị oan ức trong vụ Nhân văn Giai Phẩm, thì không thể thiếu cuốn sách này. Chất lượng từ nội dung đến hình thức đều xứng đáng với giá tiền","customer_id":5112793,"rating":5,"images":[],"created_at":1657206857,"created_by":{"id":5112793,"name":"Đặng Hiếu","full_name":"Đặng Hiếu","created_time":"2017-03-17 21:32:54","purchased":true,"purchased_at":1657065430},"product_id":161247659,"timeline":{"review_created_date":"2022-07-07 22:14:17","delivery_date":"2022-07-07 09:46:09"}},{"id":16136713,"title":"Rất không hài lòng","content":"Hinh anh quang cao lam cho nguoi mua nham tuong 1 bo co 2 quyen. Khi dat mua thi gui 2 quyen giong nhau, nhung chi h sach thi khong cho tra lai. Tu nhien phai mua 2 quyen giong nhau thuc vo ly. Ban hang nhu vay khong tot dau!!!","customer_id":15253273,"rating":1,"images":[],"created_at":1651228010,"created_by":{"id":15253273,"name":"Nguyen Huu Phuong","full_name":"Nguyen Huu Phuong","created_time":"2019-12-02 15:29:42","purchased":true,"purchased_at":1650594696},"product_id":161247659,"timeline":{"review_created_date":"2022-04-29 17:26:50","delivery_date":"2022-04-25 10:36:29"}},{"id":16912409,"title":"Cực kì hài lòng","content":"Sách đẹp. Cầm nặng tay. Có thêm postcard và bookmark khá nghệ thuật. Tuy nhiên không có quá nhiều bài thơ. Phần sau chủ yếu là phê bình bình luận. Điểm đáng quý là sách có phần tranh tư liệu đáng quý về cuộc đời của Hoàng Cầm.","customer_id":8256623,"rating":5,"images":[{"id":3645815,"full_path":"https://salt.tikicdn.com/ts/review/09/e4/00/e5c0163a78363405a9ba427d6cdbc83d.jpg"}],"created_at":1656739385,"created_by":{"id":8256623,"name":"little sharpei ","full_name":"little sharpei ","created_time":"2018-10-06 09:04:25","purchased":true,"purchased_at":1656313498},"product_id":161247659,"timeline":{"review_created_date":"2022-07-02 12:23:05","delivery_date":"2022-07-01 09:52:52"}},{"id":17035519,"title":"Cực kì hài lòng","content":"Sách thật đẹp; đóng gói cẩn thận, đầy đủ bookmark và giao nhanh không ngờ. Cụ Hoàng Cầm thì đã quá nổi tiếng rồi. Mình mua làm quà, rất hài lòng!","customer_id":6085242,"rating":5,"images":[{"id":3677915,"full_path":"https://salt.tikicdn.com/ts/review/2f/98/d9/9789069ad628d5adb356ba3c03c60325.jpg"},{"id":3677916,"full_path":"https://salt.tikicdn.com/ts/review/ab/fa/95/a63c9970e2583d6487c6be9449e13f96.jpg"}],"created_at":1657594788,"created_by":{"id":6085242,"name":"Hà Lê","full_name":"Hà Lê","created_time":"2017-11-19 03:47:57","purchased":true,"purchased_at":1657438344},"product_id":161247659,"timeline":{"review_created_date":"2022-07-12 09:59:48","delivery_date":"2022-07-12 09:21:20"}},{"id":15118876,"title":"Rất không hài lòng","content":"thật đáng tiếc một cuốn sách quý thế này mà nhà sách không bọc chống sốc chỉ gói lớp giấy xi măng rồi đóng hộp tiki, nên sách thành ra bị biến dạng. Nếu được tôi muốn gửi lại sách. Nhà sách cũng nên rút kinh nghiệm sâu sắc.","customer_id":126980,"rating":1,"images":[],"created_at":1645677252,"created_by":{"id":126980,"name":"Hoàng Văn vẻ","full_name":"Hoàng Văn vẻ","created_time":"2013-06-14 14:21:27","purchased":true,"purchased_at":1645489337},"product_id":161247659,"timeline":{"review_created_date":"2022-02-24 11:34:12","delivery_date":"2022-02-23 09:48:48"}},{"id":16979545,"title":"Cực kì hài lòng","content":"Nếu bạn yêu Hoàng Cầm, lại một nhà thơ bị oan ức trong vụ Nhân văn Giai Phẩm, thì không thể thiếu cuốn sách này. Chất lượng từ nội dung đến hình thức đều xứng đáng với giá tiền","customer_id":5112793,"rating":5,"images":[],"created_at":1657206857,"created_by":{"id":5112793,"name":"Đặng Hiếu","full_name":"Đặng Hiếu","created_time":"2017-03-17 21:32:54","purchased":true,"purchased_at":1657065430},"product_id":161247659,"timeline":{"review_created_date":"2022-07-07 22:14:17","delivery_date":"2022-07-07 09:46:09"}},{"id":16136713,"title":"Rất không hài lòng","content":"Hinh anh quang cao lam cho nguoi mua nham tuong 1 bo co 2 quyen. Khi dat mua thi gui 2 quyen giong nhau, nhung chi h sach thi khong cho tra lai. Tu nhien phai mua 2 quyen giong nhau thuc vo ly. Ban hang nhu vay khong tot dau!!!","customer_id":15253273,"rating":1,"images":[],"created_at":1651228010,"created_by":{"id":15253273,"name":"Nguyen Huu Phuong","full_name":"Nguyen Huu Phuong","created_time":"2019-12-02 15:29:42","purchased":true,"purchased_at":1650594696},"product_id":161247659,"timeline":{"review_created_date":"2022-04-29 17:26:50","delivery_date":"2022-04-25 10:36:29"}},{"id":16912409,"title":"Cực kì hài lòng","content":"Sách đẹp. Cầm nặng tay. Có thêm postcard và bookmark khá nghệ thuật. Tuy nhiên không có quá nhiều bài thơ. Phần sau chủ yếu là phê bình bình luận. Điểm đáng quý là sách có phần tranh tư liệu đáng quý về cuộc đời của Hoàng Cầm.","customer_id":8256623,"rating":5,"images":[{"id":3645815,"full_path":"https://salt.tikicdn.com/ts/review/09/e4/00/e5c0163a78363405a9ba427d6cdbc83d.jpg"}],"created_at":1656739385,"created_by":{"id":8256623,"name":"little sharpei ","full_name":"little sharpei ","created_time":"2018-10-06 09:04:25","purchased":true,"purchased_at":1656313498},"product_id":161247659,"timeline":{"review_created_date":"2022-07-02 12:23:05","delivery_date":"2022-07-01 09:52:52"}},{"id":17035519,"title":"Cực kì hài lòng","content":"Sách thật đẹp; đóng gói cẩn thận, đầy đủ bookmark và giao nhanh không ngờ. Cụ Hoàng Cầm thì đã quá nổi tiếng rồi. Mình mua làm quà, rất hài lòng!","customer_id":6085242,"rating":5,"images":[{"id":3677915,"full_path":"https://salt.tikicdn.com/ts/review/2f/98/d9/9789069ad628d5adb356ba3c03c60325.jpg"},{"id":3677916,"full_path":"https://salt.tikicdn.com/ts/review/ab/fa/95/a63c9970e2583d6487c6be9449e13f96.jpg"}],"created_at":1657594788,"created_by":{"id":6085242,"name":"Hà Lê","full_name":"Hà Lê","created_time":"2017-11-19 03:47:57","purchased":true,"purchased_at":1657438344},"product_id":161247659,"timeline":{"review_created_date":"2022-07-12 09:59:48","delivery_date":"2022-07-12 09:21:20"}},{"id":15118876,"title":"Rất không hài lòng","content":"thật đáng tiếc một cuốn sách quý thế này mà nhà sách không bọc chống sốc chỉ gói lớp giấy xi măng rồi đóng hộp tiki, nên sách thành ra bị biến dạng. Nếu được tôi muốn gửi lại sách. Nhà sách cũng nên rút kinh nghiệm sâu sắc.","customer_id":126980,"rating":1,"images":[],"created_at":1645677252,"created_by":{"id":126980,"name":"Hoàng Văn vẻ","full_name":"Hoàng Văn vẻ","created_time":"2013-06-14 14:21:27","purchased":true,"purchased_at":1645489337},"product_id":161247659,"timeline":{"review_created_date":"2022-02-24 11:34:12","delivery_date":"2022-02-23 09:48:48"}},{"id":16979545,"title":"Cực kì hài lòng","content":"Nếu bạn yêu Hoàng Cầm, lại một nhà thơ bị oan ức trong vụ Nhân văn Giai Phẩm, thì không thể thiếu cuốn sách này. Chất lượng từ nội dung đến hình thức đều xứng đáng với giá tiền","customer_id":5112793,"rating":5,"images":[],"created_at":1657206857,"created_by":{"id":5112793,"name":"Đặng Hiếu","full_name":"Đặng Hiếu","created_time":"2017-03-17 21:32:54","purchased":true,"purchased_at":1657065430},"product_id":161247659,"timeline":{"review_created_date":"2022-07-07 22:14:17","delivery_date":"2022-07-07 09:46:09"}},{"id":16136713,"title":"Rất không hài lòng","content":"Hinh anh quang cao lam cho nguoi mua nham tuong 1 bo co 2 quyen. Khi dat mua thi gui 2 quyen giong nhau, nhung chi h sach thi khong cho tra lai. Tu nhien phai mua 2 quyen giong nhau thuc vo ly. Ban hang nhu vay khong tot dau!!!","customer_id":15253273,"rating":1,"images":[],"created_at":1651228010,"created_by":{"id":15253273,"name":"Nguyen Huu Phuong","full_name":"Nguyen Huu Phuong","created_time":"2019-12-02 15:29:42","purchased":true,"purchased_at":1650594696},"product_id":161247659,"timeline":{"review_created_date":"2022-04-29 17:26:50","delivery_date":"2022-04-25 10:36:29"}},{"id":16912409,"title":"Cực kì hài lòng","content":"Sách đẹp. Cầm nặng tay. Có thêm postcard và bookmark khá nghệ thuật. Tuy nhiên không có quá nhiều bài thơ. Phần sau chủ yếu là phê bình bình luận. Điểm đáng quý là sách có phần tranh tư liệu đáng quý về cuộc đời của Hoàng Cầm.","customer_id":8256623,"rating":5,"images":[{"id":3645815,"full_path":"https://salt.tikicdn.com/ts/review/09/e4/00/e5c0163a78363405a9ba427d6cdbc83d.jpg"}],"created_at":1656739385,"created_by":{"id":8256623,"name":"little sharpei ","full_name":"little sharpei ","created_time":"2018-10-06 09:04:25","purchased":true,"purchased_at":1656313498},"product_id":161247659,"timeline":{"review_created_date":"2022-07-02 12:23:05","delivery_date":"2022-07-01 09:52:52"}},{"id":17035519,"title":"Cực kì hài lòng","content":"Sách thật đẹp; đóng gói cẩn thận, đầy đủ bookmark và giao nhanh không ngờ. Cụ Hoàng Cầm thì đã quá nổi tiếng rồi. Mình mua làm quà, rất hài lòng!","customer_id":6085242,"rating":5,"images":[{"id":3677915,"full_path":"https://salt.tikicdn.com/ts/review/2f/98/d9/9789069ad628d5adb356ba3c03c60325.jpg"},{"id":3677916,"full_path":"https://salt.tikicdn.com/ts/review/ab/fa/95/a63c9970e2583d6487c6be9449e13f96.jpg"}],"created_at":1657594788,"created_by":{"id":6085242,"name":"Hà Lê","full_name":"Hà Lê","created_time":"2017-11-19 03:47:57","purchased":true,"purchased_at":1657438344},"product_id":161247659,"timeline":{"review_created_date":"2022-07-12 09:59:48","delivery_date":"2022-07-12 09:21:20"}},{"id":15118876,"title":"Rất không hài lòng","content":"thật đáng tiếc một cuốn sách quý thế này mà nhà sách không bọc chống sốc chỉ gói lớp giấy xi măng rồi đóng hộp tiki, nên sách thành ra bị biến dạng. Nếu được tôi muốn gửi lại sách. Nhà sách cũng nên rút kinh nghiệm sâu sắc.","customer_id":126980,"rating":1,"images":[],"created_at":1645677252,"created_by":{"id":126980,"name":"Hoàng Văn vẻ","full_name":"Hoàng Văn vẻ","created_time":"2013-06-14 14:21:27","purchased":true,"purchased_at":1645489337},"product_id":161247659,"timeline":{"review_created_date":"2022-02-24 11:34:12","delivery_date":"2022-02-23 09:48:48"}},{"id":16979545,"title":"Cực kì hài lòng","content":"Nếu bạn yêu Hoàng Cầm, lại một nhà thơ bị oan ức trong vụ Nhân văn Giai Phẩm, thì không thể thiếu cuốn sách này. Chất lượng từ nội dung đến hình thức đều xứng đáng với giá tiền","customer_id":5112793,"rating":5,"images":[],"created_at":1657206857,"created_by":{"id":5112793,"name":"Đặng Hiếu","full_name":"Đặng Hiếu","created_time":"2017-03-17 21:32:54","purchased":true,"purchased_at":1657065430},"product_id":161247659,"timeline":{"review_created_date":"2022-07-07 22:14:17","delivery_date":"2022-07-07 09:46:09"}},{"id":16136713,"title":"Rất không hài lòng","content":"Hinh anh quang cao lam cho nguoi mua nham tuong 1 bo co 2 quyen. Khi dat mua thi gui 2 quyen giong nhau, nhung chi h sach thi khong cho tra lai. Tu nhien phai mua 2 quyen giong nhau thuc vo ly. Ban hang nhu vay khong tot dau!!!","customer_id":15253273,"rating":1,"images":[],"created_at":1651228010,"created_by":{"id":15253273,"name":"Nguyen Huu Phuong","full_name":"Nguyen Huu Phuong","created_time":"2019-12-02 15:29:42","purchased":true,"purchased_at":1650594696},"product_id":161247659,"timeline":{"review_created_date":"2022-04-29 17:26:50","delivery_date":"2022-04-25 10:36:29"}}]}