{"id":16176301,"dbId":10561,"createdAt":1559812460000,"name":"Thơ điệu hồn \u0026 cấu trúc - Bình thơ, tiểu luận","short_description":"Tác phẩm là bằng chứng tin cậy nhất của nghệ thuật. Thậm chí, tác phẩm là sự sống của nghệ thuật. Cái hiện diện đầu tiên và còn lại cuối cùng của sáng tạo là tác phẩm. Đến với nghệ thuật, người ta có ...","description":"\u003cp\u003eTác phẩm là bằng chứng tin cậy nhất của nghệ thuật. Thậm chí, tác phẩm là sự sống của nghệ thuật. Cái hiện diện đầu tiên và còn lại cuối cùng của sáng tạo là tác phẩm. Đến với nghệ thuật, người ta có thể lựa chọn nhiều đối tượng tiếp cận khác nhau: tác phẩm, tác giả, trào lưu, phương pháp, thể loại … Mỗi đối tượng có một vị thế riêng. Nhưng, không ai phủ nhận được vai trò tiên quyết của tác phẩm. Làm sao nắm được các đối tượng còn lại kia nếu không bắt đầu từ tác phẩm? Vì thế, cảm thụ tác phẩm là chuyện sống còn đối với bất kỳ ai muốn đi vào nghệ thuật.\u003c/p\u003e\n\u003cp\u003eThì với thơ cũng thế.\u003c/p\u003e\n\u003cp\u003eLàm sao có thể nắm được một tác giả thơ, một trường phái thơ, một lý thuyết thơ, một giai đoạn thơ, một nền thơ … nếu không bắt đầu từ những bài thơ. Vài người sính to tát đã lầm tưởng việc cảm thụ từng thi phẩm là chuyện thỏn mỏn. Họ quên rằng: lắm người dọc ngang trong lý thuyết, nhưng đã ngã ngựa khi vào tác phẩm, thuyết lý vĩ mô thì hùng hồn, lâm vào vi mô lại lúng búng. Rốt cuộc, lý thuyết đưa ra thiếu sức sống, chuyện lớn lạm bàn thiếu thuyết phục. Thất bại ấy khiến người ta giật mình: té ra, cảm thụ tác phẩm thơ quả là một phép thử đối với mọi luận thuyết về thơ!\u003c/p\u003e\n\u003cp\u003eVăn Chỉ, hè 2006\u003c/p\u003e\n\u003cp\u003e\u003cstrong\u003e- Chu Văn Sơn -\u003c/strong\u003e\u003c/p\u003e\n\u003cul\u003e\n\u003cli\u003e\u003cstrong\u003eMỤC LỤC:\u003c/strong\u003e\u003c/li\u003e\n\u003c/ul\u003e\n\u003ch2\u003e\u003cstrong\u003ePhần I : Ngày nay\u003c/strong\u003e\u003c/h2\u003e\n\u003ctable class\u003d\"table\"\u003e\n\u003cthead class\u003d\"thead-dark\"\u003e\n\u003ctr\u003e\n\u003cth scope\u003d\"col\"\u003eTT\u003c/th\u003e\n\u003cth scope\u003d\"col\"\u003eTÁC PHẨM\u003c/th\u003e\n\u003cth scope\u003d\"col\"\u003eTÁC GIẢ\u003c/th\u003e\n\u003cth scope\u003d\"col\"\u003eTRANG\u003c/th\u003e\n\u003c/tr\u003e\n\u003c/thead\u003e\n\u003ctbody\u003e\n\u003ctr\u003e\n\u003cth\u003e1\u003c/th\u003e\n\u003cth\u003eNúi đôi\u003c/th\u003e\n\u003cth\u003e\u003cem\u003e\u003csmall\u003eVũ Cao\u003c/small\u003e\u003c/em\u003e\u003c/th\u003e\n\u003cth\u003e20\u003c/th\u003e\n\u003c/tr\u003e\n\u003ctr\u003e\n\u003cth\u003e2\u003c/th\u003e\n\u003cth\u003eNắng mới\u003c/th\u003e\n\u003cth\u003e\u003cem\u003e\u003csmall\u003eLưu Trọng Lư\u003c/small\u003e\u003c/em\u003e\u003c/th\u003e\n\u003cth\u003e28\u003c/th\u003e\n\u003c/tr\u003e\n\u003ctr\u003e\n\u003cth\u003e3\u003c/th\u003e\n\u003cth\u003eNhớ rừng\u003c/th\u003e\n\u003cth\u003e\u003cem\u003e\u003csmall\u003eThế Lữ\u003c/small\u003e\u003c/em\u003e\u003c/th\u003e\n\u003cth\u003e36\u003c/th\u003e\n\u003c/tr\u003e\n\u003ctr\u003e\n\u003cth\u003e4\u003c/th\u003e\n\u003cth\u003eTiếng thu\u003c/th\u003e\n\u003cth\u003e\u003cem\u003e\u003csmall\u003eLưu Trọng Lư\u003c/small\u003e\u003c/em\u003e\u003c/th\u003e\n\u003cth\u003e44\u003c/th\u003e\n\u003c/tr\u003e\n\u003ctr\u003e\n\u003cth\u003e5\u003c/th\u003e\n\u003cth\u003eÔng đồ\u003c/th\u003e\n\u003cth\u003e\u003cem\u003e\u003csmall\u003eVũ Đình Liên\u003c/small\u003e\u003c/em\u003e\u003c/th\u003e\n\u003cth\u003e53\u003c/th\u003e\n\u003c/tr\u003e\n\u003ctr\u003e\n\u003cth\u003e6\u003c/th\u003e\n\u003cth\u003eThơ duyên\u003c/th\u003e\n\u003cth\u003e\u003cem\u003e\u003csmall\u003eXuân Diệu\u003c/small\u003e\u003c/em\u003e\u003c/th\u003e\n\u003cth\u003e63\u003c/th\u003e\n\u003c/tr\u003e\n\u003ctr\u003e\n\u003cth\u003e7\u003c/th\u003e\n\u003cth\u003eVội vàng\u003c/th\u003e\n\u003cth\u003e\u003cem\u003e\u003csmall\u003eXuân Diệu\u003c/small\u003e\u003c/em\u003e\u003c/th\u003e\n\u003cth\u003e73\u003c/th\u003e\n\u003c/tr\u003e\n\u003ctr\u003e\n\u003cth\u003e8\u003c/th\u003e\n\u003cth\u003eĐây mùa thu tới\u003c/th\u003e\n\u003cth\u003e\u003cem\u003e\u003csmall\u003eXuân Diệu\u003c/small\u003e\u003c/em\u003e\u003c/th\u003e\n\u003cth\u003e83\u003c/th\u003e\n\u003c/tr\u003e\n\u003ctr\u003e\n\u003cth\u003e9\u003c/th\u003e\n\u003cth\u003eNguyệt Cầm\u003c/th\u003e\n\u003cth\u003e\u003cem\u003e\u003csmall\u003eXuân Diệu\u003c/small\u003e\u003c/em\u003e\u003c/th\u003e\n\u003cth\u003e92\u003c/th\u003e\n\u003c/tr\u003e\n\u003ctr\u003e\n\u003cth\u003e10\u003c/th\u003e\n\u003cth\u003eTràng giang\u003c/th\u003e\n\u003cth\u003e\u003cem\u003e\u003csmall\u003eHuy Cận\u003c/small\u003e\u003c/em\u003e\u003c/th\u003e\n\u003cth\u003e108\u003c/th\u003e\n\u003c/tr\u003e\n\u003ctr\u003e\n\u003cth\u003e11\u003c/th\u003e\n\u003cth\u003eMùa xuân chín\u003c/th\u003e\n\u003cth\u003e\u003cem\u003e\u003csmall\u003eHàn Mặc Tử\u003c/small\u003e\u003c/em\u003e\u003c/th\u003e\n\u003cth\u003e115\u003c/th\u003e\n\u003c/tr\u003e\n\u003ctr\u003e\n\u003cth\u003e12\u003c/th\u003e\n\u003cth\u003eĐây thôn Vĩ Dạ\u003c/th\u003e\n\u003cth\u003e\u003cem\u003e\u003csmall\u003eHàn Mặc Tử\u003c/small\u003e\u003c/em\u003e\u003c/th\u003e\n\u003cth\u003e127\u003c/th\u003e\n\u003c/tr\u003e\n\u003ctr\u003e\n\u003cth\u003e13\u003c/th\u003e\n\u003cth\u003eMưa xuân\u003c/th\u003e\n\u003cth\u003e\u003cem\u003e\u003csmall\u003eNguyễn Bính\u003c/small\u003e\u003c/em\u003e\u003c/th\u003e\n\u003cth\u003e148\u003c/th\u003e\n\u003c/tr\u003e\n\u003ctr\u003e\n\u003cth\u003e14\u003c/th\u003e\n\u003cth\u003eTương tư\u003c/th\u003e\n\u003cth\u003e\u003cem\u003e\u003csmall\u003eNguyễn Bính\u003c/small\u003e\u003c/em\u003e\u003c/th\u003e\n\u003cth\u003e159\u003c/th\u003e\n\u003c/tr\u003e\n\u003ctr\u003e\n\u003cth\u003e15\u003c/th\u003e\n\u003cth\u003eTống biệt hành\u003c/th\u003e\n\u003cth\u003e\u003cem\u003e\u003csmall\u003eThâm Tâm\u003c/small\u003e\u003c/em\u003e\u003c/th\u003e\n\u003cth\u003e167\u003c/th\u003e\n\u003c/tr\u003e\n\u003ctr\u003e\n\u003cth\u003e16\u003c/th\u003e\n\u003cth\u003eNhạc\u003c/th\u003e\n\u003cth\u003e\u003cem\u003e\u003csmall\u003eBích Khê\u003c/small\u003e\u003c/em\u003e\u003c/th\u003e\n\u003cth\u003e175\u003c/th\u003e\n\u003c/tr\u003e\n\u003ctr\u003e\n\u003cth\u003e17\u003c/th\u003e\n\u003cth\u003eTiếng chổi tre\u003c/th\u003e\n\u003cth\u003e\u003cem\u003e\u003csmall\u003eTố Hữu\u003c/small\u003e\u003c/em\u003e\u003c/th\u003e\n\u003cth\u003e182\u003c/th\u003e\n\u003c/tr\u003e\n\u003ctr\u003e\n\u003cth\u003e18\u003c/th\u003e\n\u003cth\u003eViệt Bắc\u003c/th\u003e\n\u003cth\u003e\u003cem\u003e\u003csmall\u003eTố Hữu\u003c/small\u003e\u003c/em\u003e\u003c/th\u003e\n\u003cth\u003e189\u003c/th\u003e\n\u003c/tr\u003e\n\u003ctr\u003e\n\u003cth\u003e19\u003c/th\u003e\n\u003cth\u003eNgười đi tìm hình của nước\u003c/th\u003e\n\u003cth\u003e\u003cem\u003e\u003csmall\u003eChế Lan Viên\u003c/small\u003e\u003c/em\u003e\u003c/th\u003e\n\u003cth\u003e196\u003c/th\u003e\n\u003c/tr\u003e\n\u003ctr\u003e\n\u003cth\u003e20\u003c/th\u003e\n\u003cth\u003eCây tam cúc\u003c/th\u003e\n\u003cth\u003e\u003cem\u003e\u003csmall\u003eHoàng Cầm\u003c/small\u003e\u003c/em\u003e\u003c/th\u003e\n\u003cth\u003e203\u003c/th\u003e\n\u003c/tr\u003e\n\u003ctr\u003e\n\u003cth\u003e21\u003c/th\u003e\n\u003cth\u003eHai nửa vầng trăng\u003c/th\u003e\n\u003cth\u003e\u003cem\u003e\u003csmall\u003eHoàng Hữu\u003c/small\u003e\u003c/em\u003e\u003c/th\u003e\n\u003cth\u003e208\u003c/th\u003e\n\u003c/tr\u003e\n\u003ctr\u003e\n\u003cth\u003e22\u003c/th\u003e\n\u003cth\u003eĐồng chí\u003c/th\u003e\n\u003cth\u003e\u003cem\u003e\u003csmall\u003eChính Hữu\u003c/small\u003e\u003c/em\u003e\u003c/th\u003e\n\u003cth\u003e214\u003c/th\u003e\n\u003c/tr\u003e\n\u003ctr\u003e\n\u003cth\u003e23\u003c/th\u003e\n\u003cth\u003eĐàn ghi ta của Lorca\u003c/th\u003e\n\u003cth\u003e\u003cem\u003e\u003csmall\u003eF.G.Lorca\u003c/small\u003e\u003c/em\u003e\u003c/th\u003e\n\u003cth\u003e224\u003c/th\u003e\n\u003c/tr\u003e\n\u003ctr\u003e\n\u003cth\u003e24\u003c/th\u003e\n\u003cth\u003eSang thu\u003c/th\u003e\n\u003cth\u003e\u003cem\u003e\u003csmall\u003eHữu Thỉnh\u003c/small\u003e\u003c/em\u003e\u003c/th\u003e\n\u003cth\u003e234\u003c/th\u003e\n\u003c/tr\u003e\n\u003ctr\u003e\n\u003cth\u003e25\u003c/th\u003e\n\u003cth\u003eChuyện cổ tích về loài người\u003c/th\u003e\n\u003cth\u003e\u003cem\u003e\u003csmall\u003eXuân Quỳnh\u003c/small\u003e\u003c/em\u003e\u003c/th\u003e\n\u003cth\u003e244\u003c/th\u003e\n\u003c/tr\u003e\n\u003ctr\u003e\n\u003cth\u003e26\u003c/th\u003e\n\u003cth\u003eSóng\u003c/th\u003e\n\u003cth\u003e\u003cem\u003e\u003csmall\u003eXuân Quỳnh\u003c/small\u003e\u003c/em\u003e\u003c/th\u003e\n\u003cth\u003e250\u003c/th\u003e\n\u003c/tr\u003e\n\u003c/tbody\u003e\n\u003c/table\u003e\n\u003ch2\u003ePhần II : Ngày trước\u003c/h2\u003e\n\u003ctable class\u003d\"table\"\u003e\n\u003cthead class\u003d\"thead-dark\"\u003e\n\u003ctr\u003e\n\u003cth scope\u003d\"col\"\u003eTT\u003c/th\u003e\n\u003cth scope\u003d\"col\"\u003eTÁC PHẨM\u003c/th\u003e\n\u003cth scope\u003d\"col\"\u003eTÁC GIẢ\u003c/th\u003e\n\u003cth scope\u003d\"col\"\u003eTRANG\u003c/th\u003e\n\u003c/tr\u003e\n\u003c/thead\u003e\n\u003ctbody\u003e\n\u003ctr\u003e\n\u003cth\u003e27\u003c/th\u003e\n\u003cth\u003eBảo kính cảnh giới\u003c/th\u003e\n\u003cth\u003e\u003cem\u003e\u003csmall\u003eNguyễn Trãi\u003c/small\u003e\u003c/em\u003e\u003c/th\u003e\n\u003cth\u003e258\u003c/th\u003e\n\u003c/tr\u003e\n\u003ctr\u003e\n\u003cth\u003e28\u003c/th\u003e\n\u003cth\u003eTrao duyên\u003c/th\u003e\n\u003cth\u003e\u003cem\u003e\u003csmall\u003eNguyễn Du\u003c/small\u003e\u003c/em\u003e\u003c/th\u003e\n\u003cth\u003e264\u003c/th\u003e\n\u003c/tr\u003e\n\u003ctr\u003e\n\u003cth\u003e29\u003c/th\u003e\n\u003cth\u003eTrở lại vườn Thuý\u003c/th\u003e\n\u003cth\u003e\u003cem\u003e\u003csmall\u003eNguyễn Du\u003c/small\u003e\u003c/em\u003e\u003c/th\u003e\n\u003cth\u003e272\u003c/th\u003e\n\u003c/tr\u003e\n\u003ctr\u003e\n\u003cth\u003e30\u003c/th\u003e\n\u003cth\u003eNỗi thương mình\u003c/th\u003e\n\u003cth\u003e\u003cem\u003e\u003csmall\u003eNguyễn Du\u003c/small\u003e\u003c/em\u003e\u003c/th\u003e\n\u003cth\u003e278\u003c/th\u003e\n\u003c/tr\u003e\n\u003ctr\u003e\n\u003cth\u003e31\u003c/th\u003e\n\u003cth\u003eThúc Sinh từ biệt Thuý Kiều\u003c/th\u003e\n\u003cth\u003e\u003cem\u003e\u003csmall\u003eNguyễn Du\u003c/small\u003e\u003c/em\u003e\u003c/th\u003e\n\u003cth\u003e286\u003c/th\u003e\n\u003c/tr\u003e\n\u003ctr\u003e\n\u003cth\u003e32\u003c/th\u003e\n\u003cth\u003eChí khí anh hùng\u003c/th\u003e\n\u003cth\u003e\u003cem\u003e\u003csmall\u003eNguyễn Du\u003c/small\u003e\u003c/em\u003e\u003c/th\u003e\n\u003cth\u003e291\u003c/th\u003e\n\u003c/tr\u003e\n\u003ctr\u003e\n\u003cth\u003e33\u003c/th\u003e\n\u003cth\u003eBốn bề của nỗi cô đơn\u003c/th\u003e\n\u003cth\u003e\u003cem\u003e\u003csmall\u003eBà Huyện Thanh Quan\u003c/small\u003e\u003c/em\u003e\u003c/th\u003e\n\u003cth\u003e297\u003c/th\u003e\n\u003c/tr\u003e\n\u003ctr\u003e\n\u003cth\u003e34\u003c/th\u003e\n\u003cth\u003eChùm thơ thu\u003c/th\u003e\n\u003cth\u003e\u003cem\u003e\u003csmall\u003eNguyễn Khuyến\u003c/small\u003e\u003c/em\u003e\u003c/th\u003e\n\u003cth\u003e302\u003c/th\u003e\n\u003c/tr\u003e\n\u003ctr\u003e\n\u003cth\u003e35\u003c/th\u003e\n\u003cth\u003eHương Sơn phong cảnh ca\u003c/th\u003e\n\u003cth\u003e\u003cem\u003e\u003csmall\u003eChu Mạnh Trinh\u003c/small\u003e\u003c/em\u003e\u003c/th\u003e\n\u003cth\u003e313\u003c/th\u003e\n\u003c/tr\u003e\n\u003ctr\u003e\n\u003cth\u003e36\u003c/th\u003e\n\u003cth\u003eThương vợ\u003c/th\u003e\n\u003cth\u003e\u003cem\u003e\u003csmall\u003eTrần Tế Xương\u003c/small\u003e\u003c/em\u003e\u003c/th\u003e\n\u003cth\u003e319\u003c/th\u003e\n\u003c/tr\u003e\n\u003ctr\u003e\n\u003cth\u003e37\u003c/th\u003e\n\u003cth\u003eMùng hai tết viếng cô kí\u003c/th\u003e\n\u003cth\u003e\u003cem\u003e\u003csmall\u003eTrần Tế Xương\u003c/small\u003e\u003c/em\u003e\u003c/th\u003e\n\u003cth\u003e326\u003c/th\u003e\n\u003c/tr\u003e\n\u003ctr\u003e\n\u003cth\u003e38\u003c/th\u003e\n\u003cth\u003eXuất dương lưu biệt\u003c/th\u003e\n\u003cth\u003e\u003cem\u003e\u003csmall\u003ePhan Bội Châu\u003c/small\u003e\u003c/em\u003e\u003c/th\u003e\n\u003cth\u003e331\u003c/th\u003e\n\u003c/tr\u003e\n\u003ctr\u003e\n\u003cth\u003e39\u003c/th\u003e\n\u003cth\u003eBài ca chúc tết thanh niên\u003c/th\u003e\n\u003cth\u003e\u003cem\u003e\u003csmall\u003ePhan Bội Châu\u003c/small\u003e\u003c/em\u003e\u003c/th\u003e\n\u003cth\u003e336\u003c/th\u003e\n\u003c/tr\u003e\n\u003ctr\u003e\n\u003cth\u003e40\u003c/th\u003e\n\u003cth\u003eThề non nước\u003c/th\u003e\n\u003cth\u003e\u003cem\u003e\u003csmall\u003eTản Đà\u003c/small\u003e\u003c/em\u003e\u003c/th\u003e\n\u003cth\u003e342\u003c/th\u003e\n\u003c/tr\u003e\n\u003ctr\u003e\n\u003cth\u003e41\u003c/th\u003e\n\u003cth\u003eMới ra tù tập leo núi\u003c/th\u003e\n\u003cth\u003e\u003cem\u003e\u003csmall\u003eHồ Chí Minh\u003c/small\u003e\u003c/em\u003e\u003c/th\u003e\n\u003cth\u003e348\u003c/th\u003e\n\u003c/tr\u003e\n\u003ctr\u003e\n\u003cth\u003e42\u003c/th\u003e\n\u003cth\u003eXa cách\u003c/th\u003e\n\u003cth\u003e\u003cem\u003e\u003csmall\u003eNguyễn Bính\u003c/small\u003e\u003c/em\u003e\u003c/th\u003e\n\u003cth\u003e355\u003c/th\u003e\n\u003c/tr\u003e\n\u003ctr\u003e\n\u003cth\u003e43\u003c/th\u003e\n\u003cth\u003eXuân\u003c/th\u003e\n\u003cth\u003e\u003cem\u003e\u003csmall\u003eChế Lan Viên\u003c/small\u003e\u003c/em\u003e\u003c/th\u003e\n\u003cth\u003e359\u003c/th\u003e\n\u003c/tr\u003e\n\u003ctr\u003e\n\u003cth\u003e44\u003c/th\u003e\n\u003cth\u003eTiếng hát con tàu\u003c/th\u003e\n\u003cth\u003e\u003cem\u003e\u003csmall\u003eChế Lan Viên\u003c/small\u003e\u003c/em\u003e\u003c/th\u003e\n\u003cth\u003e364\u003c/th\u003e\n\u003c/tr\u003e\n\u003ctr\u003e\n\u003cth\u003e45\u003c/th\u003e\n\u003cth\u003eĐất nước\u003c/th\u003e\n\u003cth\u003e\u003cem\u003e\u003csmall\u003eNguyễn Đình Thi\u003c/small\u003e\u003c/em\u003e\u003c/th\u003e\n\u003cth\u003e369\u003c/th\u003e\n\u003c/tr\u003e\n\u003ctr\u003e\n\u003cth\u003e46\u003c/th\u003e\n\u003cth\u003eKính gửi cụ Nguyễn Du\u003c/th\u003e\n\u003cth\u003e\u003cem\u003e\u003csmall\u003eTố Hữu\u003c/small\u003e\u003c/em\u003e\u003c/th\u003e\n\u003cth\u003e374\u003c/th\u003e\n\u003c/tr\u003e\n\u003ctr\u003e\n\u003cth\u003e47\u003c/th\u003e\n\u003cth\u003eTre Việt Nam\u003c/th\u003e\n\u003cth\u003e\u003cem\u003e\u003csmall\u003eNguyễn Duy\u003c/small\u003e\u003c/em\u003e\u003c/th\u003e\n\u003cth\u003e379\u003c/th\u003e\n\u003c/tr\u003e\n\u003ctr\u003e\n\u003cth\u003e48\u003c/th\u003e\n\u003cth\u003eBếp lửa\u003c/th\u003e\n\u003cth\u003e\u003cem\u003e\u003csmall\u003eBằng Việt\u003c/small\u003e\u003c/em\u003e\u003c/th\u003e\n\u003cth\u003e385\u003c/th\u003e\n\u003c/tr\u003e\n\u003ctr\u003e\n\u003cth\u003e49\u003c/th\u003e\n\u003cth\u003eBiển\u003c/th\u003e\n\u003cth\u003e\u003cem\u003e\u003csmall\u003eXuân Diệu\u003c/small\u003e\u003c/em\u003e\u003c/th\u003e\n\u003cth\u003e391\u003c/th\u003e\n\u003c/tr\u003e\n\u003ctr\u003e\n\u003cth\u003e50\u003c/th\u003e\n\u003cth\u003eNhững cánh buồm\u003c/th\u003e\n\u003cth\u003e\u003cem\u003e\u003csmall\u003eHoàng Trung Thông\u003c/small\u003e\u003c/em\u003e\u003c/th\u003e\n\u003cth\u003e395\u003c/th\u003e\n\u003c/tr\u003e\n\u003ctr\u003e\n\u003cth\u003e \u003c/th\u003e\n\u003c/tr\u003e\n\u003c/tbody\u003e\n\u003c/table\u003e\n\u003cp\u003e\u003cspan style\u003d\"text-decoration: underline;\"\u003eĐặc biệt\u003c/span\u003e Cuốn sách còn có Audio đọc thơ giọng từ phóng viên Lữ Mai (một học trò của tác giả), chỉ cần dùng điện thoại quét QR code trên sách là có thể nghe được.\u003c/p\u003e\u003cp\u003eGiá sản phẩm trên Tiki đã bao gồm thuế theo luật hiện hành. Bên cạnh đó, tuỳ vào loại sản phẩm, hình thức và địa chỉ giao hàng mà có thể phát sinh thêm chi phí khác như phí vận chuyển, phụ phí hàng cồng kềnh, thuế nhập khẩu (đối với đơn hàng giao từ nước ngoài có giá trị trên 1 triệu đồng).....\u003c/p\u003e","original_price":149000.0,"thumbnail_url":"https://salt.tikicdn.com/cache/280x280/ts/product/34/4f/64/198e261f8570dc07a6ab3e19f434119b.jpg","images":[{"base_url":"https://salt.tikicdn.com/ts/product/34/4f/64/198e261f8570dc07a6ab3e19f434119b.jpg","dbId":28174},{"base_url":"https://salt.tikicdn.com/ts/product/c4/0f/f6/38a668570bbcadeabd5124955a50e9fb.jpg","dbId":28175}],"authors":[{"id":324343,"name":" Chu Văn Sơn ","dbId":5558}],"specifications":[{"name":"Thông tin chung","attributes":[{"name":"Công ty phát hành","value":"Công ty TNHH LINH TÂM"},{"name":"Ngày xuất bản","value":"2019-05-17 16:14:20"},{"name":"Số trang","value":"404"},{"name":"Nhà xuất bản","value":"Nhà Xuất Bản Hội Nhà Văn"},{"code":"PUBLICATION_DATE","name":"Kích thước","value":"2x14x20 cm"}]}],"stock_item":{"qty":1000},"all_time_quantity_sold":950,"reviews":[{"id":12095408,"title":"Rất không hài lòng","content":"Đây không phải là lần đầu tiên em mua sách bên Tiki nhưng lần này em thực sự thất vọng ạ. Sách\"  Thơ và điệu hồn cấu trúc\"  bị lỗi rất nặng. Sách không chỉ bị gấp nếp ở năm sáu trang đầu mà còn bị rách đến mười mấy trang cuối. Mong shop xem xét đổi hàng cho em ạ","customer_id":5125478,"rating":1,"images":[{"id":2474726,"full_path":"https://salt.tikicdn.com/ts/review/bc/56/57/b1bb3fd4b074ecbbc76e6ee4f0dc6a6f.jpg"},{"id":2474727,"full_path":"https://salt.tikicdn.com/ts/review/36/2e/c8/5f3e850caf88226df8b1c53b32beab8a.jpg"},{"id":2474728,"full_path":"https://salt.tikicdn.com/ts/review/41/6b/32/d3183f7741bcdc5e95d65225e174e430.jpg"},{"id":2474729,"full_path":"https://salt.tikicdn.com/ts/review/6a/08/36/e1c712351ced3c0bc38c91aefa0bbf62.jpg"},{"id":2474730,"full_path":"https://salt.tikicdn.com/ts/review/17/0b/ea/3c173a22b2e9aa941dd4ee33058d3c59.jpg"}],"created_at":1630749511,"created_by":{"id":5125478,"name":"Trương Hồng Anh","full_name":"Trương Hồng Anh","created_time":"2017-03-21 17:59:23","purchased":true,"purchased_at":1630592308},"product_id":16176301,"timeline":{"review_created_date":"2021-09-04 16:58:31","delivery_date":"2021-09-03 09:24:22"}},{"id":14185649,"title":"Cực kì hài lòng","content":"Sách bị móp nhỏ ở góc (này do vận chuyển nên không trách được ạ), đọc sơ qua thì thấy rất hay. Giá cho một cuốn như này thì mình thấy rẻ. Mọi người nên mua nhá, mình chưa đọc hết nên không biết nội dung như nào :))","customer_id":26141303,"rating":5,"images":[{"id":2968285,"full_path":"https://salt.tikicdn.com/ts/review/96/09/af/82ddec093c54c87e72b78693c10c9b39.jpg"},{"id":2968286,"full_path":"https://salt.tikicdn.com/ts/review/e9/93/f0/54128d68caf1633c5516d1c590ee1d5f.jpg"},{"id":2968287,"full_path":"https://salt.tikicdn.com/ts/review/1d/d6/e5/4362353593d17e6328a634938ab9eb19.jpg"}],"created_at":1640943205,"created_by":{"id":26141303,"name":"bischou say hii","full_name":"bischou say hii","created_time":"2021-12-22 07:35:10","purchased":true,"purchased_at":1640846839},"product_id":16176301,"timeline":{"review_created_date":"2021-12-31 16:33:25","delivery_date":"2021-12-31 13:26:14"}},{"id":18704090,"title":"Cực kì hài lòng","content":"Đóng gói ổn, không có chống sóc😢. Sách thầy chu văn sơn thì khỏi bàn. Giao hàng rất rất nhanh luôn.","customer_id":28765758,"rating":5,"images":[{"id":4094846,"full_path":"https://salt.tikicdn.com/ts/review/04/57/e7/505d3632856984d5070bbfc0abfe5564.jpg"},{"id":4094847,"full_path":"https://salt.tikicdn.com/ts/review/04/c0/b8/13f7315e43cc951aecba23ae7e77c7c9.jpg"},{"id":4094848,"full_path":"https://salt.tikicdn.com/ts/review/9b/28/27/22ce34b1f42992e3f5d412bb85c42cc3.jpg"}],"created_at":1675073403,"created_by":{"id":28765758,"name":"Apple User","full_name":"Apple User","created_time":"2023-01-29 17:15:33","purchased":true,"purchased_at":1674988300},"product_id":16176301,"timeline":{"review_created_date":"2023-01-30 17:10:03","delivery_date":"2023-01-30 14:11:20"}},{"id":5025007,"title":"Không hài lòng","content":"Mình mua sách ở Tiki rất nhiều. Ở những lần giao sách trước, đôi lúc bẩn ở góc sách hay bìa mình vẫn cho qua. \nNhưng giờ nhìn 1 cuốn sách xuất bản, mà in lỗi như này thì thật là thất vọng. Người viết sách có tâm, thì nhà xuất bản phải có tầm. Tiki nên kiểm tra hàng trước khi giao khách để tránh mất uy tín. \nthân!","customer_id":17648057,"rating":2,"images":[{"id":1212781,"full_path":"https://salt.tikicdn.com/ts/review/b5/73/03/098555c0abe3f176be61c8a676bc4947.jpg"},{"id":1212782,"full_path":"https://salt.tikicdn.com/ts/review/a1/0d/29/10882f702c4792984142e5862ae7726a.jpg"},{"id":1212783,"full_path":"https://salt.tikicdn.com/ts/review/69/0a/04/e13cfd7e3d5a0633512a4210b66c536a.jpg"}],"created_at":1601378396,"created_by":{"id":17648057,"name":"Nguyễn Nho Đức","full_name":"Nguyễn Nho Đức","created_time":"2020-06-26 09:19:50","purchased":true,"purchased_at":1601100757},"product_id":16176301,"timeline":{"review_created_date":"2020-09-29 18:19:56","delivery_date":"2020-09-29 10:45:05"}},{"id":2977059,"title":"Rất thất vọng về tiki!","content":"Sách khá mới,còn thơm mùi sách, bìa đẹp. Nội dung chất lượng, đa số ai cũng biết thầy Sơn và cách viết của thầy. Nhưng Tiki giao sách khá bẩn, bìa trước, bìa sau, bên lề, thậm chí là ngay trang đầu tiên cũng có vết bẩn, nhìn rất khó chịu; phần bìa bên lề còn có một đường rạch kéo dài nữa. Đặt sách ở tiki khá nhiều và rất ít khi gặp tình trạng thế này, nếu có thì cũng chưa tới mức độ khó chịu như lần này. Rất không hy vọng gặp lại tình huống tương tự vào những lần đặt hàng sau!","customer_id":6752080,"rating":3,"images":[{"id":805590,"full_path":"https://salt.tikicdn.com/ts/review/0d/b9/7d/a5506f5a70f7c7b7ee16aa71c02ce3be.jpg"},{"id":805591,"full_path":"https://salt.tikicdn.com/ts/review/58/dc/26/8f5d2c2e518254918c372189a37db174.jpg"},{"id":805592,"full_path":"https://salt.tikicdn.com/ts/review/9d/22/8e/69488eeec182111b219c67a9deb63dad.jpg"},{"id":805593,"full_path":"https://salt.tikicdn.com/ts/review/97/63/ff/3899381f9a0cbbf2b6307fca83da2776.jpg"}],"created_at":1581329441,"created_by":{"id":6752080,"name":"Anh Thư","full_name":"Anh Thư","purchased":true,"purchased_at":1580992215},"product_id":16176301,"timeline":{"review_created_date":"2020-02-10 17:10:41","delivery_date":"2020-02-10 11:15:08"}},{"id":12095408,"title":"Rất không hài lòng","content":"Đây không phải là lần đầu tiên em mua sách bên Tiki nhưng lần này em thực sự thất vọng ạ. Sách\"  Thơ và điệu hồn cấu trúc\"  bị lỗi rất nặng. Sách không chỉ bị gấp nếp ở năm sáu trang đầu mà còn bị rách đến mười mấy trang cuối. Mong shop xem xét đổi hàng cho em ạ","customer_id":5125478,"rating":1,"images":[{"id":2474726,"full_path":"https://salt.tikicdn.com/ts/review/bc/56/57/b1bb3fd4b074ecbbc76e6ee4f0dc6a6f.jpg"},{"id":2474727,"full_path":"https://salt.tikicdn.com/ts/review/36/2e/c8/5f3e850caf88226df8b1c53b32beab8a.jpg"},{"id":2474728,"full_path":"https://salt.tikicdn.com/ts/review/41/6b/32/d3183f7741bcdc5e95d65225e174e430.jpg"},{"id":2474729,"full_path":"https://salt.tikicdn.com/ts/review/6a/08/36/e1c712351ced3c0bc38c91aefa0bbf62.jpg"},{"id":2474730,"full_path":"https://salt.tikicdn.com/ts/review/17/0b/ea/3c173a22b2e9aa941dd4ee33058d3c59.jpg"}],"created_at":1630749511,"created_by":{"id":5125478,"name":"Trương Hồng Anh","full_name":"Trương Hồng Anh","created_time":"2017-03-21 17:59:23","purchased":true,"purchased_at":1630592308},"product_id":16176301,"timeline":{"review_created_date":"2021-09-04 16:58:31","delivery_date":"2021-09-03 09:24:22"}},{"id":14185649,"title":"Cực kì hài lòng","content":"Sách bị móp nhỏ ở góc (này do vận chuyển nên không trách được ạ), đọc sơ qua thì thấy rất hay. Giá cho một cuốn như này thì mình thấy rẻ. Mọi người nên mua nhá, mình chưa đọc hết nên không biết nội dung như nào :))","customer_id":26141303,"rating":5,"images":[{"id":2968285,"full_path":"https://salt.tikicdn.com/ts/review/96/09/af/82ddec093c54c87e72b78693c10c9b39.jpg"},{"id":2968286,"full_path":"https://salt.tikicdn.com/ts/review/e9/93/f0/54128d68caf1633c5516d1c590ee1d5f.jpg"},{"id":2968287,"full_path":"https://salt.tikicdn.com/ts/review/1d/d6/e5/4362353593d17e6328a634938ab9eb19.jpg"}],"created_at":1640943205,"created_by":{"id":26141303,"name":"bischou say hii","full_name":"bischou say hii","created_time":"2021-12-22 07:35:10","purchased":true,"purchased_at":1640846839},"product_id":16176301,"timeline":{"review_created_date":"2021-12-31 16:33:25","delivery_date":"2021-12-31 13:26:14"}},{"id":18704090,"title":"Cực kì hài lòng","content":"Đóng gói ổn, không có chống sóc😢. Sách thầy chu văn sơn thì khỏi bàn. Giao hàng rất rất nhanh luôn.","customer_id":28765758,"rating":5,"images":[{"id":4094846,"full_path":"https://salt.tikicdn.com/ts/review/04/57/e7/505d3632856984d5070bbfc0abfe5564.jpg"},{"id":4094847,"full_path":"https://salt.tikicdn.com/ts/review/04/c0/b8/13f7315e43cc951aecba23ae7e77c7c9.jpg"},{"id":4094848,"full_path":"https://salt.tikicdn.com/ts/review/9b/28/27/22ce34b1f42992e3f5d412bb85c42cc3.jpg"}],"created_at":1675073403,"created_by":{"id":28765758,"name":"Apple User","full_name":"Apple User","created_time":"2023-01-29 17:15:33","purchased":true,"purchased_at":1674988300},"product_id":16176301,"timeline":{"review_created_date":"2023-01-30 17:10:03","delivery_date":"2023-01-30 14:11:20"}},{"id":5025007,"title":"Không hài lòng","content":"Mình mua sách ở Tiki rất nhiều. Ở những lần giao sách trước, đôi lúc bẩn ở góc sách hay bìa mình vẫn cho qua. \nNhưng giờ nhìn 1 cuốn sách xuất bản, mà in lỗi như này thì thật là thất vọng. Người viết sách có tâm, thì nhà xuất bản phải có tầm. Tiki nên kiểm tra hàng trước khi giao khách để tránh mất uy tín. \nthân!","customer_id":17648057,"rating":2,"images":[{"id":1212781,"full_path":"https://salt.tikicdn.com/ts/review/b5/73/03/098555c0abe3f176be61c8a676bc4947.jpg"},{"id":1212782,"full_path":"https://salt.tikicdn.com/ts/review/a1/0d/29/10882f702c4792984142e5862ae7726a.jpg"},{"id":1212783,"full_path":"https://salt.tikicdn.com/ts/review/69/0a/04/e13cfd7e3d5a0633512a4210b66c536a.jpg"}],"created_at":1601378396,"created_by":{"id":17648057,"name":"Nguyễn Nho Đức","full_name":"Nguyễn Nho Đức","created_time":"2020-06-26 09:19:50","purchased":true,"purchased_at":1601100757},"product_id":16176301,"timeline":{"review_created_date":"2020-09-29 18:19:56","delivery_date":"2020-09-29 10:45:05"}},{"id":2977059,"title":"Rất thất vọng về tiki!","content":"Sách khá mới,còn thơm mùi sách, bìa đẹp. Nội dung chất lượng, đa số ai cũng biết thầy Sơn và cách viết của thầy. Nhưng Tiki giao sách khá bẩn, bìa trước, bìa sau, bên lề, thậm chí là ngay trang đầu tiên cũng có vết bẩn, nhìn rất khó chịu; phần bìa bên lề còn có một đường rạch kéo dài nữa. Đặt sách ở tiki khá nhiều và rất ít khi gặp tình trạng thế này, nếu có thì cũng chưa tới mức độ khó chịu như lần này. Rất không hy vọng gặp lại tình huống tương tự vào những lần đặt hàng sau!","customer_id":6752080,"rating":3,"images":[{"id":805590,"full_path":"https://salt.tikicdn.com/ts/review/0d/b9/7d/a5506f5a70f7c7b7ee16aa71c02ce3be.jpg"},{"id":805591,"full_path":"https://salt.tikicdn.com/ts/review/58/dc/26/8f5d2c2e518254918c372189a37db174.jpg"},{"id":805592,"full_path":"https://salt.tikicdn.com/ts/review/9d/22/8e/69488eeec182111b219c67a9deb63dad.jpg"},{"id":805593,"full_path":"https://salt.tikicdn.com/ts/review/97/63/ff/3899381f9a0cbbf2b6307fca83da2776.jpg"}],"created_at":1581329441,"created_by":{"id":6752080,"name":"Anh Thư","full_name":"Anh Thư","purchased":true,"purchased_at":1580992215},"product_id":16176301,"timeline":{"review_created_date":"2020-02-10 17:10:41","delivery_date":"2020-02-10 11:15:08"}},{"id":12095408,"title":"Rất không hài lòng","content":"Đây không phải là lần đầu tiên em mua sách bên Tiki nhưng lần này em thực sự thất vọng ạ. Sách\"  Thơ và điệu hồn cấu trúc\"  bị lỗi rất nặng. Sách không chỉ bị gấp nếp ở năm sáu trang đầu mà còn bị rách đến mười mấy trang cuối. Mong shop xem xét đổi hàng cho em ạ","customer_id":5125478,"rating":1,"images":[{"id":2474726,"full_path":"https://salt.tikicdn.com/ts/review/bc/56/57/b1bb3fd4b074ecbbc76e6ee4f0dc6a6f.jpg"},{"id":2474727,"full_path":"https://salt.tikicdn.com/ts/review/36/2e/c8/5f3e850caf88226df8b1c53b32beab8a.jpg"},{"id":2474728,"full_path":"https://salt.tikicdn.com/ts/review/41/6b/32/d3183f7741bcdc5e95d65225e174e430.jpg"},{"id":2474729,"full_path":"https://salt.tikicdn.com/ts/review/6a/08/36/e1c712351ced3c0bc38c91aefa0bbf62.jpg"},{"id":2474730,"full_path":"https://salt.tikicdn.com/ts/review/17/0b/ea/3c173a22b2e9aa941dd4ee33058d3c59.jpg"}],"created_at":1630749511,"created_by":{"id":5125478,"name":"Trương Hồng Anh","full_name":"Trương Hồng Anh","created_time":"2017-03-21 17:59:23","purchased":true,"purchased_at":1630592308},"product_id":16176301,"timeline":{"review_created_date":"2021-09-04 16:58:31","delivery_date":"2021-09-03 09:24:22"}},{"id":14185649,"title":"Cực kì hài lòng","content":"Sách bị móp nhỏ ở góc (này do vận chuyển nên không trách được ạ), đọc sơ qua thì thấy rất hay. Giá cho một cuốn như này thì mình thấy rẻ. Mọi người nên mua nhá, mình chưa đọc hết nên không biết nội dung như nào :))","customer_id":26141303,"rating":5,"images":[{"id":2968285,"full_path":"https://salt.tikicdn.com/ts/review/96/09/af/82ddec093c54c87e72b78693c10c9b39.jpg"},{"id":2968286,"full_path":"https://salt.tikicdn.com/ts/review/e9/93/f0/54128d68caf1633c5516d1c590ee1d5f.jpg"},{"id":2968287,"full_path":"https://salt.tikicdn.com/ts/review/1d/d6/e5/4362353593d17e6328a634938ab9eb19.jpg"}],"created_at":1640943205,"created_by":{"id":26141303,"name":"bischou say hii","full_name":"bischou say hii","created_time":"2021-12-22 07:35:10","purchased":true,"purchased_at":1640846839},"product_id":16176301,"timeline":{"review_created_date":"2021-12-31 16:33:25","delivery_date":"2021-12-31 13:26:14"}},{"id":18704090,"title":"Cực kì hài lòng","content":"Đóng gói ổn, không có chống sóc😢. Sách thầy chu văn sơn thì khỏi bàn. Giao hàng rất rất nhanh luôn.","customer_id":28765758,"rating":5,"images":[{"id":4094846,"full_path":"https://salt.tikicdn.com/ts/review/04/57/e7/505d3632856984d5070bbfc0abfe5564.jpg"},{"id":4094847,"full_path":"https://salt.tikicdn.com/ts/review/04/c0/b8/13f7315e43cc951aecba23ae7e77c7c9.jpg"},{"id":4094848,"full_path":"https://salt.tikicdn.com/ts/review/9b/28/27/22ce34b1f42992e3f5d412bb85c42cc3.jpg"}],"created_at":1675073403,"created_by":{"id":28765758,"name":"Apple User","full_name":"Apple User","created_time":"2023-01-29 17:15:33","purchased":true,"purchased_at":1674988300},"product_id":16176301,"timeline":{"review_created_date":"2023-01-30 17:10:03","delivery_date":"2023-01-30 14:11:20"}},{"id":5025007,"title":"Không hài lòng","content":"Mình mua sách ở Tiki rất nhiều. Ở những lần giao sách trước, đôi lúc bẩn ở góc sách hay bìa mình vẫn cho qua. \nNhưng giờ nhìn 1 cuốn sách xuất bản, mà in lỗi như này thì thật là thất vọng. Người viết sách có tâm, thì nhà xuất bản phải có tầm. Tiki nên kiểm tra hàng trước khi giao khách để tránh mất uy tín. \nthân!","customer_id":17648057,"rating":2,"images":[{"id":1212781,"full_path":"https://salt.tikicdn.com/ts/review/b5/73/03/098555c0abe3f176be61c8a676bc4947.jpg"},{"id":1212782,"full_path":"https://salt.tikicdn.com/ts/review/a1/0d/29/10882f702c4792984142e5862ae7726a.jpg"},{"id":1212783,"full_path":"https://salt.tikicdn.com/ts/review/69/0a/04/e13cfd7e3d5a0633512a4210b66c536a.jpg"}],"created_at":1601378396,"created_by":{"id":17648057,"name":"Nguyễn Nho Đức","full_name":"Nguyễn Nho Đức","created_time":"2020-06-26 09:19:50","purchased":true,"purchased_at":1601100757},"product_id":16176301,"timeline":{"review_created_date":"2020-09-29 18:19:56","delivery_date":"2020-09-29 10:45:05"}},{"id":2977059,"title":"Rất thất vọng về tiki!","content":"Sách khá mới,còn thơm mùi sách, bìa đẹp. Nội dung chất lượng, đa số ai cũng biết thầy Sơn và cách viết của thầy. Nhưng Tiki giao sách khá bẩn, bìa trước, bìa sau, bên lề, thậm chí là ngay trang đầu tiên cũng có vết bẩn, nhìn rất khó chịu; phần bìa bên lề còn có một đường rạch kéo dài nữa. Đặt sách ở tiki khá nhiều và rất ít khi gặp tình trạng thế này, nếu có thì cũng chưa tới mức độ khó chịu như lần này. Rất không hy vọng gặp lại tình huống tương tự vào những lần đặt hàng sau!","customer_id":6752080,"rating":3,"images":[{"id":805590,"full_path":"https://salt.tikicdn.com/ts/review/0d/b9/7d/a5506f5a70f7c7b7ee16aa71c02ce3be.jpg"},{"id":805591,"full_path":"https://salt.tikicdn.com/ts/review/58/dc/26/8f5d2c2e518254918c372189a37db174.jpg"},{"id":805592,"full_path":"https://salt.tikicdn.com/ts/review/9d/22/8e/69488eeec182111b219c67a9deb63dad.jpg"},{"id":805593,"full_path":"https://salt.tikicdn.com/ts/review/97/63/ff/3899381f9a0cbbf2b6307fca83da2776.jpg"}],"created_at":1581329441,"created_by":{"id":6752080,"name":"Anh Thư","full_name":"Anh Thư","purchased":true,"purchased_at":1580992215},"product_id":16176301,"timeline":{"review_created_date":"2020-02-10 17:10:41","delivery_date":"2020-02-10 11:15:08"}},{"id":12095408,"title":"Rất không hài lòng","content":"Đây không phải là lần đầu tiên em mua sách bên Tiki nhưng lần này em thực sự thất vọng ạ. Sách\"  Thơ và điệu hồn cấu trúc\"  bị lỗi rất nặng. Sách không chỉ bị gấp nếp ở năm sáu trang đầu mà còn bị rách đến mười mấy trang cuối. Mong shop xem xét đổi hàng cho em ạ","customer_id":5125478,"rating":1,"images":[{"id":2474726,"full_path":"https://salt.tikicdn.com/ts/review/bc/56/57/b1bb3fd4b074ecbbc76e6ee4f0dc6a6f.jpg"},{"id":2474727,"full_path":"https://salt.tikicdn.com/ts/review/36/2e/c8/5f3e850caf88226df8b1c53b32beab8a.jpg"},{"id":2474728,"full_path":"https://salt.tikicdn.com/ts/review/41/6b/32/d3183f7741bcdc5e95d65225e174e430.jpg"},{"id":2474729,"full_path":"https://salt.tikicdn.com/ts/review/6a/08/36/e1c712351ced3c0bc38c91aefa0bbf62.jpg"},{"id":2474730,"full_path":"https://salt.tikicdn.com/ts/review/17/0b/ea/3c173a22b2e9aa941dd4ee33058d3c59.jpg"}],"created_at":1630749511,"created_by":{"id":5125478,"name":"Trương Hồng Anh","full_name":"Trương Hồng Anh","created_time":"2017-03-21 17:59:23","purchased":true,"purchased_at":1630592308},"product_id":16176301,"timeline":{"review_created_date":"2021-09-04 16:58:31","delivery_date":"2021-09-03 09:24:22"}},{"id":14185649,"title":"Cực kì hài lòng","content":"Sách bị móp nhỏ ở góc (này do vận chuyển nên không trách được ạ), đọc sơ qua thì thấy rất hay. Giá cho một cuốn như này thì mình thấy rẻ. Mọi người nên mua nhá, mình chưa đọc hết nên không biết nội dung như nào :))","customer_id":26141303,"rating":5,"images":[{"id":2968285,"full_path":"https://salt.tikicdn.com/ts/review/96/09/af/82ddec093c54c87e72b78693c10c9b39.jpg"},{"id":2968286,"full_path":"https://salt.tikicdn.com/ts/review/e9/93/f0/54128d68caf1633c5516d1c590ee1d5f.jpg"},{"id":2968287,"full_path":"https://salt.tikicdn.com/ts/review/1d/d6/e5/4362353593d17e6328a634938ab9eb19.jpg"}],"created_at":1640943205,"created_by":{"id":26141303,"name":"bischou say hii","full_name":"bischou say hii","created_time":"2021-12-22 07:35:10","purchased":true,"purchased_at":1640846839},"product_id":16176301,"timeline":{"review_created_date":"2021-12-31 16:33:25","delivery_date":"2021-12-31 13:26:14"}},{"id":18704090,"title":"Cực kì hài lòng","content":"Đóng gói ổn, không có chống sóc😢. Sách thầy chu văn sơn thì khỏi bàn. Giao hàng rất rất nhanh luôn.","customer_id":28765758,"rating":5,"images":[{"id":4094846,"full_path":"https://salt.tikicdn.com/ts/review/04/57/e7/505d3632856984d5070bbfc0abfe5564.jpg"},{"id":4094847,"full_path":"https://salt.tikicdn.com/ts/review/04/c0/b8/13f7315e43cc951aecba23ae7e77c7c9.jpg"},{"id":4094848,"full_path":"https://salt.tikicdn.com/ts/review/9b/28/27/22ce34b1f42992e3f5d412bb85c42cc3.jpg"}],"created_at":1675073403,"created_by":{"id":28765758,"name":"Apple User","full_name":"Apple User","created_time":"2023-01-29 17:15:33","purchased":true,"purchased_at":1674988300},"product_id":16176301,"timeline":{"review_created_date":"2023-01-30 17:10:03","delivery_date":"2023-01-30 14:11:20"}},{"id":5025007,"title":"Không hài lòng","content":"Mình mua sách ở Tiki rất nhiều. Ở những lần giao sách trước, đôi lúc bẩn ở góc sách hay bìa mình vẫn cho qua. \nNhưng giờ nhìn 1 cuốn sách xuất bản, mà in lỗi như này thì thật là thất vọng. Người viết sách có tâm, thì nhà xuất bản phải có tầm. Tiki nên kiểm tra hàng trước khi giao khách để tránh mất uy tín. \nthân!","customer_id":17648057,"rating":2,"images":[{"id":1212781,"full_path":"https://salt.tikicdn.com/ts/review/b5/73/03/098555c0abe3f176be61c8a676bc4947.jpg"},{"id":1212782,"full_path":"https://salt.tikicdn.com/ts/review/a1/0d/29/10882f702c4792984142e5862ae7726a.jpg"},{"id":1212783,"full_path":"https://salt.tikicdn.com/ts/review/69/0a/04/e13cfd7e3d5a0633512a4210b66c536a.jpg"}],"created_at":1601378396,"created_by":{"id":17648057,"name":"Nguyễn Nho Đức","full_name":"Nguyễn Nho Đức","created_time":"2020-06-26 09:19:50","purchased":true,"purchased_at":1601100757},"product_id":16176301,"timeline":{"review_created_date":"2020-09-29 18:19:56","delivery_date":"2020-09-29 10:45:05"}},{"id":2977059,"title":"Rất thất vọng về tiki!","content":"Sách khá mới,còn thơm mùi sách, bìa đẹp. Nội dung chất lượng, đa số ai cũng biết thầy Sơn và cách viết của thầy. Nhưng Tiki giao sách khá bẩn, bìa trước, bìa sau, bên lề, thậm chí là ngay trang đầu tiên cũng có vết bẩn, nhìn rất khó chịu; phần bìa bên lề còn có một đường rạch kéo dài nữa. Đặt sách ở tiki khá nhiều và rất ít khi gặp tình trạng thế này, nếu có thì cũng chưa tới mức độ khó chịu như lần này. Rất không hy vọng gặp lại tình huống tương tự vào những lần đặt hàng sau!","customer_id":6752080,"rating":3,"images":[{"id":805590,"full_path":"https://salt.tikicdn.com/ts/review/0d/b9/7d/a5506f5a70f7c7b7ee16aa71c02ce3be.jpg"},{"id":805591,"full_path":"https://salt.tikicdn.com/ts/review/58/dc/26/8f5d2c2e518254918c372189a37db174.jpg"},{"id":805592,"full_path":"https://salt.tikicdn.com/ts/review/9d/22/8e/69488eeec182111b219c67a9deb63dad.jpg"},{"id":805593,"full_path":"https://salt.tikicdn.com/ts/review/97/63/ff/3899381f9a0cbbf2b6307fca83da2776.jpg"}],"created_at":1581329441,"created_by":{"id":6752080,"name":"Anh Thư","full_name":"Anh Thư","purchased":true,"purchased_at":1580992215},"product_id":16176301,"timeline":{"review_created_date":"2020-02-10 17:10:41","delivery_date":"2020-02-10 11:15:08"}}]}