{"id":161961371,"dbId":10899,"createdAt":1664170353000,"name":"Thơ Nôm Nguyễn Trãi và Nguyễn Bỉnh Khiêm","short_description":"Giới thiệu cuốn sáchVăn học Trung đại Việt Nam đã để lại cho chúng ta hai danh nhân văn hóa lớn, đó là Nguyễn Trãi và Nguyễn Bỉnh Khiêm. Đặc biệt, đây lại là hai nhà thơ có các kiệt tác bằng chữ Nôm ...","description":"\u003cp\u003e\u003cstrong\u003eGiới thiệu cuốn sách\u003c/strong\u003e\u003c/p\u003e\n\u003cp\u003eVăn học Trung đại Việt Nam đã để lại cho chúng ta hai danh nhân văn hóa lớn, đó là Nguyễn Trãi và Nguyễn Bỉnh Khiêm. Đặc biệt, đây lại là hai nhà thơ có các kiệt tác bằng chữ Nôm – tiếng Ta – là vốn quý của văn học dân tộc (theo ý của cố Thủ tướng Phạm Văn Đồng). Nhưng thật đáng tiếc là hai tác phẩm Nôm quý hiếm đó lại bị chép lẫn lộn khoảng hơn 30 bài, chưa rõ bài nào của Nguyễn Trãi, bài nào của Nguyễn Bỉnh Khiêm.\u003c/p\u003e\n\u003cp\u003eVậy mà hơn 60 năm qua, kể từ bản phiên âm Quốc âm thi tập (Nguyễn Trãi) của hai tiền bối Phạm Trọng Điềm – Trần Văn Giáp (Nxb Văn Sử Địa, 1956) đến nay, vẫn chưa có nhà khoa học nào quan tâm giải quyết rốt ráo tình trạng nhầm lẫn này.\u003c/p\u003e\n\u003cp\u003eYêu quý và mong muốn bảo tồn, phát huy di sản Hán Nôm của dân tộc, chúng tôi xin trân trọng giới thiệu công trình khảo cứu, phiên âm mới, chú giải mới vô cùng công phu, đặc sắc này đến đông đảo bạn đọc.\u003c/p\u003e\u003cp\u003eGiá sản phẩm trên Tiki đã bao gồm thuế theo luật hiện hành. Bên cạnh đó, tuỳ vào loại sản phẩm, hình thức và địa chỉ giao hàng mà có thể phát sinh thêm chi phí khác như phí vận chuyển, phụ phí hàng cồng kềnh, thuế nhập khẩu (đối với đơn hàng giao từ nước ngoài có giá trị trên 1 triệu đồng).....\u003c/p\u003e","original_price":799000.0,"thumbnail_url":"https://salt.tikicdn.com/cache/280x280/ts/product/d8/53/6d/7c42d5bf93cdb916c1d27a3ba0088723.jpg","images":[{"base_url":"https://salt.tikicdn.com/ts/product/d8/53/6d/7c42d5bf93cdb916c1d27a3ba0088723.jpg","dbId":29106},{"base_url":"https://salt.tikicdn.com/ts/product/e0/55/dc/d0957ed9a444af6339ccfb132f4aa14d.jpg","dbId":29107}],"specifications":[{"name":"Thông tin chung","attributes":[{"name":"Công ty phát hành","value":"Công Ty TNHH Sách Và Truyền Thông Việt Nam"},{"name":"Nhà xuất bản","value":"Nhà Xuất Bản Khoa Học Xã Hội"},{"code":"PUBLICATION_DATE","name":"Ngày xuất bản","value":"Sun Aug 28 12:32:33 ICT 2022"}]}],"stock_item":{"qty":1000},"all_time_quantity_sold":1,"reviews":[{"id":17620978,"title":"Cực kì hài lòng","content":"Giá hơi chát, chiết khấu lại thấp. Giao hàng đúng hẹn, sách đẹp, xịn sò","customer_id":18005240,"rating":5,"images":[{"id":3854543,"full_path":"https://salt.tikicdn.com/ts/review/46/95/34/d45bf2d54056b2e4b3ed19c3d6d5c27d.jpg"}],"created_at":1662528753,"created_by":{"id":18005240,"name":"Thuy Phương","full_name":"Thuy Phương","created_time":"2020-08-06 16:22:51","purchased":true,"purchased_at":1661935646},"product_id":161961371,"timeline":{"review_created_date":"2022-09-07 12:32:33","delivery_date":"2022-09-07 11:12:51"}},{"id":19518575,"title":"Cực kì hài lòng","content":"","customer_id":16286092,"rating":5,"images":[],"created_at":1694280247,"created_by":{"id":16286092,"name":"X BoBon","full_name":"X BoBon","created_time":"2020-02-06 12:46:55","purchased":true,"purchased_at":1681050899},"product_id":161961371,"timeline":{"review_created_date":"2023-09-10 00:24:07","delivery_date":"2023-04-11 15:51:28"}},{"id":17737573,"title":"Cực kì hài lòng","content":"Hay, vừa đọc vừa thư giãn","customer_id":11731800,"rating":5,"images":[{"id":3883158,"full_path":"https://salt.tikicdn.com/ts/review/ba/c9/32/dd064856a885bacf2939c351a0153ef0.jpg"}],"created_at":1663571413,"created_by":{"id":11731800,"name":"PHONG BÃO","full_name":"PHONG BÃO","created_time":"2019-04-14 18:47:19","purchased":true,"purchased_at":1661102198},"product_id":161961371,"timeline":{"review_created_date":"2022-09-19 14:10:13","delivery_date":"2022-08-24 09:13:36"}},{"id":18598077,"title":"Cực kì hài lòng","content":"","customer_id":10728706,"rating":5,"images":[],"created_at":1673177709,"created_by":{"id":10728706,"name":"Tien","full_name":"Tien","created_time":"2019-02-08 19:53:29","purchased":true,"purchased_at":1657510510},"product_id":161961371,"timeline":{"review_created_date":"2023-01-08 18:35:09","delivery_date":"2022-07-11 11:39:19"}},{"id":17676008,"title":"Cực kì hài lòng","content":"Good","customer_id":10315925,"rating":5,"images":[],"created_at":1662998423,"created_by":{"id":10315925,"name":"Nguyễn Văn Tuấn Anh","full_name":"Nguyễn Văn Tuấn Anh","created_time":"2019-01-11 10:51:46","purchased":true,"purchased_at":1662674609},"product_id":161961371,"timeline":{"review_created_date":"2022-09-12 23:00:23","delivery_date":"2022-09-12 16:05:13"}},{"id":17620978,"title":"Cực kì hài lòng","content":"Giá hơi chát, chiết khấu lại thấp. Giao hàng đúng hẹn, sách đẹp, xịn sò","customer_id":18005240,"rating":5,"images":[{"id":3854543,"full_path":"https://salt.tikicdn.com/ts/review/46/95/34/d45bf2d54056b2e4b3ed19c3d6d5c27d.jpg"}],"created_at":1662528753,"created_by":{"id":18005240,"name":"Thuy Phương","full_name":"Thuy Phương","created_time":"2020-08-06 16:22:51","purchased":true,"purchased_at":1661935646},"product_id":161961371,"timeline":{"review_created_date":"2022-09-07 12:32:33","delivery_date":"2022-09-07 11:12:51"}},{"id":19518575,"title":"Cực kì hài lòng","content":"","customer_id":16286092,"rating":5,"images":[],"created_at":1694280247,"created_by":{"id":16286092,"name":"X BoBon","full_name":"X BoBon","created_time":"2020-02-06 12:46:55","purchased":true,"purchased_at":1681050899},"product_id":161961371,"timeline":{"review_created_date":"2023-09-10 00:24:07","delivery_date":"2023-04-11 15:51:28"}},{"id":17737573,"title":"Cực kì hài lòng","content":"Hay, vừa đọc vừa thư giãn","customer_id":11731800,"rating":5,"images":[{"id":3883158,"full_path":"https://salt.tikicdn.com/ts/review/ba/c9/32/dd064856a885bacf2939c351a0153ef0.jpg"}],"created_at":1663571413,"created_by":{"id":11731800,"name":"PHONG BÃO","full_name":"PHONG BÃO","created_time":"2019-04-14 18:47:19","purchased":true,"purchased_at":1661102198},"product_id":161961371,"timeline":{"review_created_date":"2022-09-19 14:10:13","delivery_date":"2022-08-24 09:13:36"}},{"id":18598077,"title":"Cực kì hài lòng","content":"","customer_id":10728706,"rating":5,"images":[],"created_at":1673177709,"created_by":{"id":10728706,"name":"Tien","full_name":"Tien","created_time":"2019-02-08 19:53:29","purchased":true,"purchased_at":1657510510},"product_id":161961371,"timeline":{"review_created_date":"2023-01-08 18:35:09","delivery_date":"2022-07-11 11:39:19"}},{"id":17676008,"title":"Cực kì hài lòng","content":"Good","customer_id":10315925,"rating":5,"images":[],"created_at":1662998423,"created_by":{"id":10315925,"name":"Nguyễn Văn Tuấn Anh","full_name":"Nguyễn Văn Tuấn Anh","created_time":"2019-01-11 10:51:46","purchased":true,"purchased_at":1662674609},"product_id":161961371,"timeline":{"review_created_date":"2022-09-12 23:00:23","delivery_date":"2022-09-12 16:05:13"}}]}