{"id":161903427,"dbId":10869,"createdAt":1644080400000,"name":"Thi Nhân Việt Nam (Tái Bản)","short_description":"Thi Nhân Việt NamHơn nửa thế kỷ trước đây, phong trào Thơ mới đã có những đóng góp đáng kể vào sự phát triển của nền văn học trước Cách mạng tháng Tám của đất nước. Các thi sĩ của thuở ấy đã đem lại ...","description":"\u003cp\u003e\u003cstrong\u003eThi Nhân Việt Nam\u003c/strong\u003e\u003c/p\u003e\n\u003cp\u003eHơn nửa thế kỷ trước đây, phong trào Thơ mới đã có những đóng góp đáng kể vào sự phát triển của nền văn học trước Cách mạng tháng Tám của đất nước. Các thi sĩ của thuở ấy đã đem lại cho bạn đọc một tiếng nói mới, phản ánh khá trung thực tâm trạng của cả một lớp thanh niên tiểu tư sản trong cuộc sống có nhiều đau buồn, trăn trở và đôi khí bế tắc trước hiện trạng của đất nước thời bấy giờ. Với sự đổi mới mạnh mẽ của hình thức nghệ thuật. Thơ mới thực sự đã thu hút được sự chú ý của khá đông đảo bạn đọc yêu thơ và đó cũng là một đóng góp có ý nghĩa vào sự phát triển của thể loại và chứng minh khả năng biểu đạt phong phú của tiếng Việt.\u003c/p\u003e\n\u003cp\u003eNgay lúc bấy giờ hai tác giả Hoài Thanh và Hoài Châu đã sớm nhận ra giá trị ấy đã kịp thời sưu tầm, giới thiệu các thành tựu của phong trào Thơ mới qua tác phẩm \"Thi nhân Việt Nam\" và đã cho xuất bản vào đầu năm 1942.\u003c/p\u003e\n\u003cp\u003e\"Thi nhân Việt Nam\" là sự khám phá và đánh giá đầu tiên đối với Thơ mới. Chúng ta đều biết việc lựa chọn tác phẩm và tác giả đương thời, nhất là những người mới xuất hiện trên văn đàn, là một việc làm hết sức khó khăn, nhưng với sự cảm thụ khá sâu sắc và cái nhìn tinh tế, các tác giả đã chọn được một chùm hoa giàu hương sắc trong vườn thơ mới đã gửi tặng những người yêu thơ. Chính vì thế \"Thi nhân Việt Nam\" đã được bạn đọc cả nước đón nhận và tán thưởng\u003c/p\u003e\u003cp\u003eGiá sản phẩm trên Tiki đã bao gồm thuế theo luật hiện hành. Bên cạnh đó, tuỳ vào loại sản phẩm, hình thức và địa chỉ giao hàng mà có thể phát sinh thêm chi phí khác như phí vận chuyển, phụ phí hàng cồng kềnh, thuế nhập khẩu (đối với đơn hàng giao từ nước ngoài có giá trị trên 1 triệu đồng).....\u003c/p\u003e","original_price":120000.0,"thumbnail_url":"https://salt.tikicdn.com/cache/280x280/ts/product/2d/5f/c7/62c3605e8e5d64d505b0acf0df4f4b60.jpg","images":[{"base_url":"https://salt.tikicdn.com/ts/product/2d/5f/c7/62c3605e8e5d64d505b0acf0df4f4b60.jpg","dbId":29031},{"base_url":"https://salt.tikicdn.com/ts/product/c4/ef/e7/11418fcecd2028d89d4a8cc469b6e768.png","dbId":29032},{"base_url":"https://salt.tikicdn.com/ts/product/19/8d/55/a528d4cc1633c6537f0026c6dfafaabc.png","dbId":29033},{"base_url":"https://salt.tikicdn.com/ts/product/ac/39/0d/d71af2805cbc648b3fedc2e2b021c2eb.jpg","dbId":29034}],"authors":[{"id":13419,"name":"Hoài Thanh","dbId":5445},{"id":149462,"name":"Hoài Chân","dbId":5750}],"specifications":[{"name":"Thông tin chung","attributes":[{"name":"Phiên bản sách","value":"Phiên bản thường"},{"name":"Công ty phát hành","value":"Huy Hoàng Bookstore"},{"name":"Ngày xuất bản","value":"2022-02-01 00:00:00"},{"name":"Loại bìa","value":"Bìa mềm"},{"name":"Số trang","value":"415"},{"name":"Nhà xuất bản","value":"Nhà Xuất Bản Văn Học"},{"code":"PUBLICATION_DATE","name":"Kích thước","value":"13.5 x 20.5 cm"}]}],"stock_item":{"qty":1000},"all_time_quantity_sold":419,"reviews":[{"id":17300452,"title":"Cực kì hài lòng","content":"Sách phải nói là siu hay, các b chuẩn bị ôn hsg có thể sd tham khảo lấy lời bình về tg thì quá đỉnh cho 1 bviet luôn nhé. Tiki giao nhanh và đóng gói ổn nhaa","customer_id":19973282,"rating":5,"images":[{"id":3759251,"full_path":"https://salt.tikicdn.com/ts/review/6a/c7/ab/e76ab05d79cd7ecca0a5fd07b734074c.jpg"},{"id":3759252,"full_path":"https://salt.tikicdn.com/ts/review/51/84/e1/af8567c18aa033cd084a98c8fbc968f8.jpg"},{"id":3759253,"full_path":"https://salt.tikicdn.com/ts/review/fa/82/fd/c9b9fb7bffedfb0ed08e2558ad541688.jpg"}],"created_at":1659617589,"created_by":{"id":19973282,"name":"Ngoc Bao","full_name":"Ngoc Bao","created_time":"2021-01-20 21:20:51","purchased":true,"purchased_at":1659510935},"product_id":161903427,"timeline":{"review_created_date":"2022-08-04 19:53:09","delivery_date":"2022-08-04 17:00:14"}},{"id":19187725,"title":"Bình thường","content":"có thể là một bước đầu giới thiệu cho người muốn tìm hiểu về thơ mới. tui quên mất đây là thơ Mới thời kì ***, tìm Đinh Hùng mãi không thấy","customer_id":29027880,"rating":3,"images":[],"created_at":1683896817,"created_by":{"id":29027880,"name":"Lê Việt Hào","full_name":"Lê Việt Hào","created_time":"2023-04-08 20:50:12","purchased":true,"purchased_at":1683123423},"product_id":161903427,"timeline":{"review_created_date":"2023-05-12 20:06:57","delivery_date":"2023-05-05 09:33:16"}},{"id":19719879,"title":"Cực kì hài lòng","content":"sách hay lắm á với cả giấy cũng giày highlight hay gì không sợ bị thấm sang mặt sau á","customer_id":29715406,"rating":5,"images":[],"created_at":1704879374,"created_by":{"id":29715406,"name":"Nguyễn Minh Tuyết Mai","full_name":"Nguyễn Minh Tuyết Mai","created_time":"2024-01-08 14:36:56","purchased":true,"purchased_at":1704714141},"product_id":161903427,"timeline":{"review_created_date":"2024-01-10 16:36:14","delivery_date":"2024-01-10 10:27:34"}},{"id":19168945,"title":"Cực kì hài lòng","content":"Chất lượng giấy tốt. Nên mua","customer_id":26743452,"rating":5,"images":[{"id":4205414,"full_path":"https://salt.tikicdn.com/ts/review/8b/ef/58/1ac082e72ec774b44fb776ade34c921f.jpg"},{"id":4205415,"full_path":"https://salt.tikicdn.com/ts/review/82/92/65/dffb249641b17865b20eeca6d3fb0419.jpg"}],"created_at":1683446203,"created_by":{"id":26743452,"name":"Bùi Hà Vy","full_name":"Bùi Hà Vy","created_time":"2022-02-08 20:06:48","purchased":true,"purchased_at":1682389492},"product_id":161903427,"timeline":{"review_created_date":"2023-05-07 14:56:43","delivery_date":"2023-04-26 10:19:27"}},{"id":18870441,"title":"Cực kì hài lòng","content":"Bìa rất đẹp,sách in rõ nét","customer_id":18860755,"rating":5,"images":[{"id":4133677,"full_path":"https://salt.tikicdn.com/ts/review/2f/ac/86/04bbd79e0bd8467c18e8d8d6f2258c90.jpg"},{"id":4133678,"full_path":"https://salt.tikicdn.com/ts/review/01/20/dd/fbce66cd12f7b6370a8f045a857fdc80.jpg"}],"created_at":1677406997,"created_by":{"id":18860755,"name":"Hoàng Võ","full_name":"Hoàng Võ","created_time":"2020-10-14 22:03:01","purchased":true,"purchased_at":1677072538},"product_id":161903427,"timeline":{"review_created_date":"2023-02-26 17:23:17","delivery_date":"2023-02-26 15:50:09"}},{"id":17300452,"title":"Cực kì hài lòng","content":"Sách phải nói là siu hay, các b chuẩn bị ôn hsg có thể sd tham khảo lấy lời bình về tg thì quá đỉnh cho 1 bviet luôn nhé. Tiki giao nhanh và đóng gói ổn nhaa","customer_id":19973282,"rating":5,"images":[{"id":3759251,"full_path":"https://salt.tikicdn.com/ts/review/6a/c7/ab/e76ab05d79cd7ecca0a5fd07b734074c.jpg"},{"id":3759252,"full_path":"https://salt.tikicdn.com/ts/review/51/84/e1/af8567c18aa033cd084a98c8fbc968f8.jpg"},{"id":3759253,"full_path":"https://salt.tikicdn.com/ts/review/fa/82/fd/c9b9fb7bffedfb0ed08e2558ad541688.jpg"}],"created_at":1659617589,"created_by":{"id":19973282,"name":"Ngoc Bao","full_name":"Ngoc Bao","created_time":"2021-01-20 21:20:51","purchased":true,"purchased_at":1659510935},"product_id":161903427,"timeline":{"review_created_date":"2022-08-04 19:53:09","delivery_date":"2022-08-04 17:00:14"}},{"id":19187725,"title":"Bình thường","content":"có thể là một bước đầu giới thiệu cho người muốn tìm hiểu về thơ mới. tui quên mất đây là thơ Mới thời kì ***, tìm Đinh Hùng mãi không thấy","customer_id":29027880,"rating":3,"images":[],"created_at":1683896817,"created_by":{"id":29027880,"name":"Lê Việt Hào","full_name":"Lê Việt Hào","created_time":"2023-04-08 20:50:12","purchased":true,"purchased_at":1683123423},"product_id":161903427,"timeline":{"review_created_date":"2023-05-12 20:06:57","delivery_date":"2023-05-05 09:33:16"}},{"id":19719879,"title":"Cực kì hài lòng","content":"sách hay lắm á với cả giấy cũng giày highlight hay gì không sợ bị thấm sang mặt sau á","customer_id":29715406,"rating":5,"images":[],"created_at":1704879374,"created_by":{"id":29715406,"name":"Nguyễn Minh Tuyết Mai","full_name":"Nguyễn Minh Tuyết Mai","created_time":"2024-01-08 14:36:56","purchased":true,"purchased_at":1704714141},"product_id":161903427,"timeline":{"review_created_date":"2024-01-10 16:36:14","delivery_date":"2024-01-10 10:27:34"}},{"id":19168945,"title":"Cực kì hài lòng","content":"Chất lượng giấy tốt. Nên mua","customer_id":26743452,"rating":5,"images":[{"id":4205414,"full_path":"https://salt.tikicdn.com/ts/review/8b/ef/58/1ac082e72ec774b44fb776ade34c921f.jpg"},{"id":4205415,"full_path":"https://salt.tikicdn.com/ts/review/82/92/65/dffb249641b17865b20eeca6d3fb0419.jpg"}],"created_at":1683446203,"created_by":{"id":26743452,"name":"Bùi Hà Vy","full_name":"Bùi Hà Vy","created_time":"2022-02-08 20:06:48","purchased":true,"purchased_at":1682389492},"product_id":161903427,"timeline":{"review_created_date":"2023-05-07 14:56:43","delivery_date":"2023-04-26 10:19:27"}},{"id":18870441,"title":"Cực kì hài lòng","content":"Bìa rất đẹp,sách in rõ nét","customer_id":18860755,"rating":5,"images":[{"id":4133677,"full_path":"https://salt.tikicdn.com/ts/review/2f/ac/86/04bbd79e0bd8467c18e8d8d6f2258c90.jpg"},{"id":4133678,"full_path":"https://salt.tikicdn.com/ts/review/01/20/dd/fbce66cd12f7b6370a8f045a857fdc80.jpg"}],"created_at":1677406997,"created_by":{"id":18860755,"name":"Hoàng Võ","full_name":"Hoàng Võ","created_time":"2020-10-14 22:03:01","purchased":true,"purchased_at":1677072538},"product_id":161903427,"timeline":{"review_created_date":"2023-02-26 17:23:17","delivery_date":"2023-02-26 15:50:09"}},{"id":17300452,"title":"Cực kì hài lòng","content":"Sách phải nói là siu hay, các b chuẩn bị ôn hsg có thể sd tham khảo lấy lời bình về tg thì quá đỉnh cho 1 bviet luôn nhé. Tiki giao nhanh và đóng gói ổn nhaa","customer_id":19973282,"rating":5,"images":[{"id":3759251,"full_path":"https://salt.tikicdn.com/ts/review/6a/c7/ab/e76ab05d79cd7ecca0a5fd07b734074c.jpg"},{"id":3759252,"full_path":"https://salt.tikicdn.com/ts/review/51/84/e1/af8567c18aa033cd084a98c8fbc968f8.jpg"},{"id":3759253,"full_path":"https://salt.tikicdn.com/ts/review/fa/82/fd/c9b9fb7bffedfb0ed08e2558ad541688.jpg"}],"created_at":1659617589,"created_by":{"id":19973282,"name":"Ngoc Bao","full_name":"Ngoc Bao","created_time":"2021-01-20 21:20:51","purchased":true,"purchased_at":1659510935},"product_id":161903427,"timeline":{"review_created_date":"2022-08-04 19:53:09","delivery_date":"2022-08-04 17:00:14"}},{"id":19187725,"title":"Bình thường","content":"có thể là một bước đầu giới thiệu cho người muốn tìm hiểu về thơ mới. tui quên mất đây là thơ Mới thời kì ***, tìm Đinh Hùng mãi không thấy","customer_id":29027880,"rating":3,"images":[],"created_at":1683896817,"created_by":{"id":29027880,"name":"Lê Việt Hào","full_name":"Lê Việt Hào","created_time":"2023-04-08 20:50:12","purchased":true,"purchased_at":1683123423},"product_id":161903427,"timeline":{"review_created_date":"2023-05-12 20:06:57","delivery_date":"2023-05-05 09:33:16"}},{"id":19719879,"title":"Cực kì hài lòng","content":"sách hay lắm á với cả giấy cũng giày highlight hay gì không sợ bị thấm sang mặt sau á","customer_id":29715406,"rating":5,"images":[],"created_at":1704879374,"created_by":{"id":29715406,"name":"Nguyễn Minh Tuyết Mai","full_name":"Nguyễn Minh Tuyết Mai","created_time":"2024-01-08 14:36:56","purchased":true,"purchased_at":1704714141},"product_id":161903427,"timeline":{"review_created_date":"2024-01-10 16:36:14","delivery_date":"2024-01-10 10:27:34"}},{"id":19168945,"title":"Cực kì hài lòng","content":"Chất lượng giấy tốt. Nên mua","customer_id":26743452,"rating":5,"images":[{"id":4205414,"full_path":"https://salt.tikicdn.com/ts/review/8b/ef/58/1ac082e72ec774b44fb776ade34c921f.jpg"},{"id":4205415,"full_path":"https://salt.tikicdn.com/ts/review/82/92/65/dffb249641b17865b20eeca6d3fb0419.jpg"}],"created_at":1683446203,"created_by":{"id":26743452,"name":"Bùi Hà Vy","full_name":"Bùi Hà Vy","created_time":"2022-02-08 20:06:48","purchased":true,"purchased_at":1682389492},"product_id":161903427,"timeline":{"review_created_date":"2023-05-07 14:56:43","delivery_date":"2023-04-26 10:19:27"}},{"id":18870441,"title":"Cực kì hài lòng","content":"Bìa rất đẹp,sách in rõ nét","customer_id":18860755,"rating":5,"images":[{"id":4133677,"full_path":"https://salt.tikicdn.com/ts/review/2f/ac/86/04bbd79e0bd8467c18e8d8d6f2258c90.jpg"},{"id":4133678,"full_path":"https://salt.tikicdn.com/ts/review/01/20/dd/fbce66cd12f7b6370a8f045a857fdc80.jpg"}],"created_at":1677406997,"created_by":{"id":18860755,"name":"Hoàng Võ","full_name":"Hoàng Võ","created_time":"2020-10-14 22:03:01","purchased":true,"purchased_at":1677072538},"product_id":161903427,"timeline":{"review_created_date":"2023-02-26 17:23:17","delivery_date":"2023-02-26 15:50:09"}},{"id":17300452,"title":"Cực kì hài lòng","content":"Sách phải nói là siu hay, các b chuẩn bị ôn hsg có thể sd tham khảo lấy lời bình về tg thì quá đỉnh cho 1 bviet luôn nhé. Tiki giao nhanh và đóng gói ổn nhaa","customer_id":19973282,"rating":5,"images":[{"id":3759251,"full_path":"https://salt.tikicdn.com/ts/review/6a/c7/ab/e76ab05d79cd7ecca0a5fd07b734074c.jpg"},{"id":3759252,"full_path":"https://salt.tikicdn.com/ts/review/51/84/e1/af8567c18aa033cd084a98c8fbc968f8.jpg"},{"id":3759253,"full_path":"https://salt.tikicdn.com/ts/review/fa/82/fd/c9b9fb7bffedfb0ed08e2558ad541688.jpg"}],"created_at":1659617589,"created_by":{"id":19973282,"name":"Ngoc Bao","full_name":"Ngoc Bao","created_time":"2021-01-20 21:20:51","purchased":true,"purchased_at":1659510935},"product_id":161903427,"timeline":{"review_created_date":"2022-08-04 19:53:09","delivery_date":"2022-08-04 17:00:14"}},{"id":19187725,"title":"Bình thường","content":"có thể là một bước đầu giới thiệu cho người muốn tìm hiểu về thơ mới. tui quên mất đây là thơ Mới thời kì ***, tìm Đinh Hùng mãi không thấy","customer_id":29027880,"rating":3,"images":[],"created_at":1683896817,"created_by":{"id":29027880,"name":"Lê Việt Hào","full_name":"Lê Việt Hào","created_time":"2023-04-08 20:50:12","purchased":true,"purchased_at":1683123423},"product_id":161903427,"timeline":{"review_created_date":"2023-05-12 20:06:57","delivery_date":"2023-05-05 09:33:16"}},{"id":19719879,"title":"Cực kì hài lòng","content":"sách hay lắm á với cả giấy cũng giày highlight hay gì không sợ bị thấm sang mặt sau á","customer_id":29715406,"rating":5,"images":[],"created_at":1704879374,"created_by":{"id":29715406,"name":"Nguyễn Minh Tuyết Mai","full_name":"Nguyễn Minh Tuyết Mai","created_time":"2024-01-08 14:36:56","purchased":true,"purchased_at":1704714141},"product_id":161903427,"timeline":{"review_created_date":"2024-01-10 16:36:14","delivery_date":"2024-01-10 10:27:34"}},{"id":19168945,"title":"Cực kì hài lòng","content":"Chất lượng giấy tốt. Nên mua","customer_id":26743452,"rating":5,"images":[{"id":4205414,"full_path":"https://salt.tikicdn.com/ts/review/8b/ef/58/1ac082e72ec774b44fb776ade34c921f.jpg"},{"id":4205415,"full_path":"https://salt.tikicdn.com/ts/review/82/92/65/dffb249641b17865b20eeca6d3fb0419.jpg"}],"created_at":1683446203,"created_by":{"id":26743452,"name":"Bùi Hà Vy","full_name":"Bùi Hà Vy","created_time":"2022-02-08 20:06:48","purchased":true,"purchased_at":1682389492},"product_id":161903427,"timeline":{"review_created_date":"2023-05-07 14:56:43","delivery_date":"2023-04-26 10:19:27"}},{"id":18870441,"title":"Cực kì hài lòng","content":"Bìa rất đẹp,sách in rõ nét","customer_id":18860755,"rating":5,"images":[{"id":4133677,"full_path":"https://salt.tikicdn.com/ts/review/2f/ac/86/04bbd79e0bd8467c18e8d8d6f2258c90.jpg"},{"id":4133678,"full_path":"https://salt.tikicdn.com/ts/review/01/20/dd/fbce66cd12f7b6370a8f045a857fdc80.jpg"}],"created_at":1677406997,"created_by":{"id":18860755,"name":"Hoàng Võ","full_name":"Hoàng Võ","created_time":"2020-10-14 22:03:01","purchased":true,"purchased_at":1677072538},"product_id":161903427,"timeline":{"review_created_date":"2023-02-26 17:23:17","delivery_date":"2023-02-26 15:50:09"}}]}