{"id":161903415,"dbId":10866,"createdAt":1645030800000,"name":"Kiếp Này Chỉ Làm Khách Hồng Trần","short_description":"“Kiếp này chỉ làm khách hồng trần” - cả một đời của Tô Mạn Thù giống như vị khách nhàn tản, ghé qua nhân gian dạo chơi một chốc, hết thảy tình cảm tựa mây trôi, không chút vướng mắc.Sinh thời Tô Mạn...","description":"\u003cp\u003e\u003cimg src\u003d\"https://salt.tikicdn.com/ts/tmp/07/d6/59/00871673068e30210a949a8f18520ac8.jpg\" alt\u003d\"\" width\u003d\"750\" height\u003d\"750\" /\u003e\u003c/p\u003e\n\u003cp\u003e“Kiếp này chỉ làm khách hồng trần” - cả một đời của Tô Mạn Thù giống như vị khách nhàn tản, ghé qua nhân gian dạo chơi một chốc, hết thảy tình cảm tựa mây trôi, không chút vướng mắc.\u003c/p\u003e\n\u003cp\u003eSinh thời Tô Mạn Thù đã nổi tiếng với tài văn chương, thi hoạ nổi tiếng cuối đời nhà Thanh. Người ta ca ngợi ông vì tài năng, nhưng không kém những điều tiếng về đời sống riêng tư của Tô Mạn Thù khiến người đời sau phải bàn tán.\u003c/p\u003e\n\u003cp\u003eCuộc đời ông là sự giằng xé đấu tranh giữa cái tâm tu tịnh muốn hướng Phật, nhưng ở đâu đó trong tâm hồn vẫn tơ vương tình ái giữa thế gian. Sống chẳng tu trọn kiếp, yêu lại chẳng dám hết mình. Sự giằng xé trong nội tâm ấy là tiền đề cho những tác phẩm thi ca nổi tiếng của ông sau này.\u003c/p\u003e\n\u003cp\u003eCùng Bạch Lạc Mai đưa ta vào cõi thi ca trong “Kiếp này chỉ làm khách hồng trần”, gặp gỡ Tô Mạn Thù - kẻ kết duyên với Phật nhưng vẫn ham chút sương khói nơi cõi nhân gian trăm vị.\u003c/p\u003e\n\u003cp\u003e\u003cstrong\u003eĐôi nét về tác giả Bạch Lạc Mai\u003c/strong\u003e\u003c/p\u003e\n\u003cp\u003eTên thật là Tư Trí Tuệ, quê ở Giang Nam, Trung Quốc. Là người phụ nữ yêu thi ca và vẻ đẹp non nước, tính cách bình đạm. Văn chương của cô lúc dịu dàng như nước, lúc lại kiên định tựa núi.\u003c/p\u003e\n\u003cp\u003eLà tác giả nổi tiếng với hơn 10 đầu sách đã được xuất bản thành công tại Việt Nam như: Gió Tây bao nhiêu hận thổi chẳng giãn mày chau, Người là cuộc tu hành đẹp nhất kiếp này của tôi, Năm tháng tĩnh lặng kiếp này bình yên, Duyên, Bởi vì thấu hiểu cho nên từ bi…\u003c/p\u003e\u003cp\u003eGiá sản phẩm trên Tiki đã bao gồm thuế theo luật hiện hành. Bên cạnh đó, tuỳ vào loại sản phẩm, hình thức và địa chỉ giao hàng mà có thể phát sinh thêm chi phí khác như phí vận chuyển, phụ phí hàng cồng kềnh, thuế nhập khẩu (đối với đơn hàng giao từ nước ngoài có giá trị trên 1 triệu đồng).....\u003c/p\u003e","original_price":158000.0,"thumbnail_url":"https://salt.tikicdn.com/cache/280x280/ts/product/23/2d/87/fa50a734691de07a1fc5375b0d96c0c5.jpg","images":[{"base_url":"https://salt.tikicdn.com/ts/product/23/2d/87/fa50a734691de07a1fc5375b0d96c0c5.jpg","dbId":29024},{"base_url":"https://salt.tikicdn.com/ts/product/21/59/78/db22248fdb0eac55c4bae62106bf6bd5.jpg","dbId":29025},{"base_url":"https://salt.tikicdn.com/ts/product/7e/cd/c0/00b232751051115d3a76fdcc63e69f17.png","dbId":29026}],"authors":[{"id":22107,"name":"Bạch Lạc Mai","dbId":5748}],"specifications":[{"name":"Thông tin chung","attributes":[{"name":"Phiên bản sách","value":"Phiên bản thường"},{"name":"Công ty phát hành","value":"Huy Hoàng Bookstore"},{"name":"Ngày xuất bản","value":"2022-02-01 00:00:00"},{"name":"Dịch Giả","value":"Lục Bích"},{"name":"Loại bìa","value":"Bìa mềm"},{"name":"Số trang","value":"416"},{"name":"Nhà xuất bản","value":"Nhà Xuất Bản Phụ Nữ Việt Nam"},{"code":"PUBLICATION_DATE","name":"Kích thước","value":"13.5 x 20.5 cm"}]}],"stock_item":{"qty":1000},"all_time_quantity_sold":418,"reviews":[{"id":18890500,"title":"Cực kì hài lòng","content":"Tiki có một biệt tài đó là giao hàng ko bọc chống xốc, ko bọc gì hết. Chỉ đơn giản bỏ sách vào hộp thôi mà hộp hàng móp, biến dạng nhưng sách bên trong ko 1 vết xước và hoàn mỹ từng chi tiết😂😂. Mở hàng hồi hộp thật sự\r\nP/s: Vẫn còn thíu cuốn dấu xưa vui lành và bởi vì thấu hiểu cho nên từ bi tái bản :","customer_id":27865251,"rating":5,"images":[{"id":4138545,"full_path":"https://salt.tikicdn.com/ts/review/32/eb/cb/36538755fc8412caf77b93b8cf677fcd.jpg"},{"id":4138546,"full_path":"https://salt.tikicdn.com/ts/review/9e/17/ac/3719393a9592efd04345b3a54d0d3121.jpg"},{"id":4138547,"full_path":"https://salt.tikicdn.com/ts/review/7d/28/b7/e79539268a482ae3422be700e94bcb0f.jpg"}],"created_at":1677745896,"created_by":{"id":27865251,"name":"Nguyễn Thành","full_name":"Nguyễn Thành","created_time":"2022-07-19 09:01:17","purchased":true,"purchased_at":1677637578},"product_id":161903415,"timeline":{"review_created_date":"2023-03-02 15:31:36","delivery_date":"2023-03-02 14:57:52"}},{"id":16470920,"title":"Cực kì hài lòng","content":"\"Hẹn ước sinh tử anh đừng hỏi,\nNước chảy mây trôi sự lẻ loi.\"\n--------------------\n\"Ở nhân thế, mỹ thực khói lửa, phú quý giai nhân, Tô Mạn Thù đều thích cả. Hồng trần chính là đạo tràng tu hành của ngài, một đời vội vàng, hận không thể ngắm trọn ngàn vạn non nước. Lại không biết rằng đến cuối cùng thiền viện nhân gian chỉ có mỗi một mình cô độc\"\n_____________\ncuốn sách theo cảm nhận của mình đọc rất hay,nhẹ nhàng . bữa dag làm bài thi tắt chuông dt,làm xog biết a shipper gọi ra nhận hàng. dù chậm khoảng 10p r nma a vẫn ra địa điểm gần đó đợi mình đến lấy hàng , anh shipper 10 điểm","customer_id":21480689,"rating":5,"images":[{"id":3516186,"full_path":"https://salt.tikicdn.com/ts/review/ac/17/be/f32b304a9ef8513fb74503f66c4f7308.jpg"},{"id":3516187,"full_path":"https://salt.tikicdn.com/ts/review/d4/29/54/16c5312ffa3128768d24ba317dc29a66.jpg"}],"created_at":1653567539,"created_by":{"id":21480689,"name":"Đỗ Văn Phúc","full_name":"Đỗ Văn Phúc","created_time":"2021-04-24 12:34:07","purchased":true,"purchased_at":1653457098},"product_id":161903415,"timeline":{"review_created_date":"2022-05-26 19:18:59","delivery_date":"2022-05-26 17:39:41"}},{"id":17068851,"title":"Cực kì hài lòng","content":"Lần này Bạch Lạc Mai lại lấy cảm hứng luận từ một vị tình tăng khác, ngoài Thương Ương Gia Thố, chính là Tô Mạn Thù. Sức hấp dẫn ở đây vẫn từ sự mâu thuẫn của \"không\" và \"sắc\". Có lẽ điều đó tạo nên thêm một con người toàn vẹn đã sống ở thế gian này","customer_id":5363160,"rating":5,"images":[{"id":3687250,"full_path":"https://salt.tikicdn.com/ts/review/5e/8f/2e/4cfd9c68f23afcde88bdf42da9de293b.jpg"}],"created_at":1657808282,"created_by":{"id":5363160,"name":"Trần Vũ Minh Thư","full_name":"Trần Vũ Minh Thư","created_time":"2017-06-13 08:49:17","purchased":true,"purchased_at":1656828448},"product_id":161903415,"timeline":{"review_created_date":"2022-07-14 21:18:02","delivery_date":"2022-07-03 16:06:41"}},{"id":16217933,"title":"Cực kì hài lòng","content":"Cuốn này tập trung viết về Tô Mạn Thù, một vị tăng ngụp lặn giữa chốn hồng trần. Mỗi một mẩu tản văn lại nhặt lên một đoạn cuộc đời của ông, dẫn một bài thơ ông viết, bình phẩm một chút ý vị nhân sinh. Giọng văn bảng lảng, nhẹ nhàng, thích hợp lâu lâu giở ra đọc 2-3 đoạn, yên tĩnh chiêm nghiệm.","customer_id":5108067,"rating":5,"images":[{"id":3444884,"full_path":"https://salt.tikicdn.com/ts/review/cc/56/e2/46cb8938f38163c8cdebea820ac15dc5.jpg"}],"created_at":1651827462,"created_by":{"id":5108067,"name":"Ha Giang","full_name":"Ha Giang","created_time":"2017-03-16 16:40:32","purchased":true,"purchased_at":1650339938},"product_id":161903415,"timeline":{"review_created_date":"2022-05-06 15:57:42","delivery_date":"2022-04-20 10:00:08"}},{"id":18869179,"title":"Cực kì hài lòng","content":"Sách được đóng gói kĩ lưỡng,chx đọc nên ko đánh giá nội dung, giao hàng nhanh, shiper rất dễ thương và thân thiện nheee","customer_id":23724822,"rating":5,"images":[{"id":4133271,"full_path":"https://salt.tikicdn.com/ts/review/b7/33/6a/9be9e2461260ef45e290a4319d539c02.jpg"},{"id":4133272,"full_path":"https://salt.tikicdn.com/ts/review/fe/9b/c1/39aa4fa343601459599241cf8d16e7ed.jpg"}],"created_at":1677390879,"created_by":{"id":23724822,"name":"thanh tuyen","full_name":"thanh tuyen","created_time":"2021-09-23 16:12:00","purchased":true,"purchased_at":1677074462},"product_id":161903415,"timeline":{"review_created_date":"2023-02-26 12:54:39","delivery_date":"2023-02-25 11:38:23"}},{"id":18890500,"title":"Cực kì hài lòng","content":"Tiki có một biệt tài đó là giao hàng ko bọc chống xốc, ko bọc gì hết. Chỉ đơn giản bỏ sách vào hộp thôi mà hộp hàng móp, biến dạng nhưng sách bên trong ko 1 vết xước và hoàn mỹ từng chi tiết😂😂. Mở hàng hồi hộp thật sự\r\nP/s: Vẫn còn thíu cuốn dấu xưa vui lành và bởi vì thấu hiểu cho nên từ bi tái bản :","customer_id":27865251,"rating":5,"images":[{"id":4138545,"full_path":"https://salt.tikicdn.com/ts/review/32/eb/cb/36538755fc8412caf77b93b8cf677fcd.jpg"},{"id":4138546,"full_path":"https://salt.tikicdn.com/ts/review/9e/17/ac/3719393a9592efd04345b3a54d0d3121.jpg"},{"id":4138547,"full_path":"https://salt.tikicdn.com/ts/review/7d/28/b7/e79539268a482ae3422be700e94bcb0f.jpg"}],"created_at":1677745896,"created_by":{"id":27865251,"name":"Nguyễn Thành","full_name":"Nguyễn Thành","created_time":"2022-07-19 09:01:17","purchased":true,"purchased_at":1677637578},"product_id":161903415,"timeline":{"review_created_date":"2023-03-02 15:31:36","delivery_date":"2023-03-02 14:57:52"}},{"id":16470920,"title":"Cực kì hài lòng","content":"\"Hẹn ước sinh tử anh đừng hỏi,\nNước chảy mây trôi sự lẻ loi.\"\n--------------------\n\"Ở nhân thế, mỹ thực khói lửa, phú quý giai nhân, Tô Mạn Thù đều thích cả. Hồng trần chính là đạo tràng tu hành của ngài, một đời vội vàng, hận không thể ngắm trọn ngàn vạn non nước. Lại không biết rằng đến cuối cùng thiền viện nhân gian chỉ có mỗi một mình cô độc\"\n_____________\ncuốn sách theo cảm nhận của mình đọc rất hay,nhẹ nhàng . bữa dag làm bài thi tắt chuông dt,làm xog biết a shipper gọi ra nhận hàng. dù chậm khoảng 10p r nma a vẫn ra địa điểm gần đó đợi mình đến lấy hàng , anh shipper 10 điểm","customer_id":21480689,"rating":5,"images":[{"id":3516186,"full_path":"https://salt.tikicdn.com/ts/review/ac/17/be/f32b304a9ef8513fb74503f66c4f7308.jpg"},{"id":3516187,"full_path":"https://salt.tikicdn.com/ts/review/d4/29/54/16c5312ffa3128768d24ba317dc29a66.jpg"}],"created_at":1653567539,"created_by":{"id":21480689,"name":"Đỗ Văn Phúc","full_name":"Đỗ Văn Phúc","created_time":"2021-04-24 12:34:07","purchased":true,"purchased_at":1653457098},"product_id":161903415,"timeline":{"review_created_date":"2022-05-26 19:18:59","delivery_date":"2022-05-26 17:39:41"}},{"id":17068851,"title":"Cực kì hài lòng","content":"Lần này Bạch Lạc Mai lại lấy cảm hứng luận từ một vị tình tăng khác, ngoài Thương Ương Gia Thố, chính là Tô Mạn Thù. Sức hấp dẫn ở đây vẫn từ sự mâu thuẫn của \"không\" và \"sắc\". Có lẽ điều đó tạo nên thêm một con người toàn vẹn đã sống ở thế gian này","customer_id":5363160,"rating":5,"images":[{"id":3687250,"full_path":"https://salt.tikicdn.com/ts/review/5e/8f/2e/4cfd9c68f23afcde88bdf42da9de293b.jpg"}],"created_at":1657808282,"created_by":{"id":5363160,"name":"Trần Vũ Minh Thư","full_name":"Trần Vũ Minh Thư","created_time":"2017-06-13 08:49:17","purchased":true,"purchased_at":1656828448},"product_id":161903415,"timeline":{"review_created_date":"2022-07-14 21:18:02","delivery_date":"2022-07-03 16:06:41"}},{"id":16217933,"title":"Cực kì hài lòng","content":"Cuốn này tập trung viết về Tô Mạn Thù, một vị tăng ngụp lặn giữa chốn hồng trần. Mỗi một mẩu tản văn lại nhặt lên một đoạn cuộc đời của ông, dẫn một bài thơ ông viết, bình phẩm một chút ý vị nhân sinh. Giọng văn bảng lảng, nhẹ nhàng, thích hợp lâu lâu giở ra đọc 2-3 đoạn, yên tĩnh chiêm nghiệm.","customer_id":5108067,"rating":5,"images":[{"id":3444884,"full_path":"https://salt.tikicdn.com/ts/review/cc/56/e2/46cb8938f38163c8cdebea820ac15dc5.jpg"}],"created_at":1651827462,"created_by":{"id":5108067,"name":"Ha Giang","full_name":"Ha Giang","created_time":"2017-03-16 16:40:32","purchased":true,"purchased_at":1650339938},"product_id":161903415,"timeline":{"review_created_date":"2022-05-06 15:57:42","delivery_date":"2022-04-20 10:00:08"}},{"id":18869179,"title":"Cực kì hài lòng","content":"Sách được đóng gói kĩ lưỡng,chx đọc nên ko đánh giá nội dung, giao hàng nhanh, shiper rất dễ thương và thân thiện nheee","customer_id":23724822,"rating":5,"images":[{"id":4133271,"full_path":"https://salt.tikicdn.com/ts/review/b7/33/6a/9be9e2461260ef45e290a4319d539c02.jpg"},{"id":4133272,"full_path":"https://salt.tikicdn.com/ts/review/fe/9b/c1/39aa4fa343601459599241cf8d16e7ed.jpg"}],"created_at":1677390879,"created_by":{"id":23724822,"name":"thanh tuyen","full_name":"thanh tuyen","created_time":"2021-09-23 16:12:00","purchased":true,"purchased_at":1677074462},"product_id":161903415,"timeline":{"review_created_date":"2023-02-26 12:54:39","delivery_date":"2023-02-25 11:38:23"}},{"id":18890500,"title":"Cực kì hài lòng","content":"Tiki có một biệt tài đó là giao hàng ko bọc chống xốc, ko bọc gì hết. Chỉ đơn giản bỏ sách vào hộp thôi mà hộp hàng móp, biến dạng nhưng sách bên trong ko 1 vết xước và hoàn mỹ từng chi tiết😂😂. Mở hàng hồi hộp thật sự\r\nP/s: Vẫn còn thíu cuốn dấu xưa vui lành và bởi vì thấu hiểu cho nên từ bi tái bản :","customer_id":27865251,"rating":5,"images":[{"id":4138545,"full_path":"https://salt.tikicdn.com/ts/review/32/eb/cb/36538755fc8412caf77b93b8cf677fcd.jpg"},{"id":4138546,"full_path":"https://salt.tikicdn.com/ts/review/9e/17/ac/3719393a9592efd04345b3a54d0d3121.jpg"},{"id":4138547,"full_path":"https://salt.tikicdn.com/ts/review/7d/28/b7/e79539268a482ae3422be700e94bcb0f.jpg"}],"created_at":1677745896,"created_by":{"id":27865251,"name":"Nguyễn Thành","full_name":"Nguyễn Thành","created_time":"2022-07-19 09:01:17","purchased":true,"purchased_at":1677637578},"product_id":161903415,"timeline":{"review_created_date":"2023-03-02 15:31:36","delivery_date":"2023-03-02 14:57:52"}},{"id":16470920,"title":"Cực kì hài lòng","content":"\"Hẹn ước sinh tử anh đừng hỏi,\nNước chảy mây trôi sự lẻ loi.\"\n--------------------\n\"Ở nhân thế, mỹ thực khói lửa, phú quý giai nhân, Tô Mạn Thù đều thích cả. Hồng trần chính là đạo tràng tu hành của ngài, một đời vội vàng, hận không thể ngắm trọn ngàn vạn non nước. Lại không biết rằng đến cuối cùng thiền viện nhân gian chỉ có mỗi một mình cô độc\"\n_____________\ncuốn sách theo cảm nhận của mình đọc rất hay,nhẹ nhàng . bữa dag làm bài thi tắt chuông dt,làm xog biết a shipper gọi ra nhận hàng. dù chậm khoảng 10p r nma a vẫn ra địa điểm gần đó đợi mình đến lấy hàng , anh shipper 10 điểm","customer_id":21480689,"rating":5,"images":[{"id":3516186,"full_path":"https://salt.tikicdn.com/ts/review/ac/17/be/f32b304a9ef8513fb74503f66c4f7308.jpg"},{"id":3516187,"full_path":"https://salt.tikicdn.com/ts/review/d4/29/54/16c5312ffa3128768d24ba317dc29a66.jpg"}],"created_at":1653567539,"created_by":{"id":21480689,"name":"Đỗ Văn Phúc","full_name":"Đỗ Văn Phúc","created_time":"2021-04-24 12:34:07","purchased":true,"purchased_at":1653457098},"product_id":161903415,"timeline":{"review_created_date":"2022-05-26 19:18:59","delivery_date":"2022-05-26 17:39:41"}},{"id":17068851,"title":"Cực kì hài lòng","content":"Lần này Bạch Lạc Mai lại lấy cảm hứng luận từ một vị tình tăng khác, ngoài Thương Ương Gia Thố, chính là Tô Mạn Thù. Sức hấp dẫn ở đây vẫn từ sự mâu thuẫn của \"không\" và \"sắc\". Có lẽ điều đó tạo nên thêm một con người toàn vẹn đã sống ở thế gian này","customer_id":5363160,"rating":5,"images":[{"id":3687250,"full_path":"https://salt.tikicdn.com/ts/review/5e/8f/2e/4cfd9c68f23afcde88bdf42da9de293b.jpg"}],"created_at":1657808282,"created_by":{"id":5363160,"name":"Trần Vũ Minh Thư","full_name":"Trần Vũ Minh Thư","created_time":"2017-06-13 08:49:17","purchased":true,"purchased_at":1656828448},"product_id":161903415,"timeline":{"review_created_date":"2022-07-14 21:18:02","delivery_date":"2022-07-03 16:06:41"}},{"id":16217933,"title":"Cực kì hài lòng","content":"Cuốn này tập trung viết về Tô Mạn Thù, một vị tăng ngụp lặn giữa chốn hồng trần. Mỗi một mẩu tản văn lại nhặt lên một đoạn cuộc đời của ông, dẫn một bài thơ ông viết, bình phẩm một chút ý vị nhân sinh. Giọng văn bảng lảng, nhẹ nhàng, thích hợp lâu lâu giở ra đọc 2-3 đoạn, yên tĩnh chiêm nghiệm.","customer_id":5108067,"rating":5,"images":[{"id":3444884,"full_path":"https://salt.tikicdn.com/ts/review/cc/56/e2/46cb8938f38163c8cdebea820ac15dc5.jpg"}],"created_at":1651827462,"created_by":{"id":5108067,"name":"Ha Giang","full_name":"Ha Giang","created_time":"2017-03-16 16:40:32","purchased":true,"purchased_at":1650339938},"product_id":161903415,"timeline":{"review_created_date":"2022-05-06 15:57:42","delivery_date":"2022-04-20 10:00:08"}},{"id":18869179,"title":"Cực kì hài lòng","content":"Sách được đóng gói kĩ lưỡng,chx đọc nên ko đánh giá nội dung, giao hàng nhanh, shiper rất dễ thương và thân thiện nheee","customer_id":23724822,"rating":5,"images":[{"id":4133271,"full_path":"https://salt.tikicdn.com/ts/review/b7/33/6a/9be9e2461260ef45e290a4319d539c02.jpg"},{"id":4133272,"full_path":"https://salt.tikicdn.com/ts/review/fe/9b/c1/39aa4fa343601459599241cf8d16e7ed.jpg"}],"created_at":1677390879,"created_by":{"id":23724822,"name":"thanh tuyen","full_name":"thanh tuyen","created_time":"2021-09-23 16:12:00","purchased":true,"purchased_at":1677074462},"product_id":161903415,"timeline":{"review_created_date":"2023-02-26 12:54:39","delivery_date":"2023-02-25 11:38:23"}},{"id":18890500,"title":"Cực kì hài lòng","content":"Tiki có một biệt tài đó là giao hàng ko bọc chống xốc, ko bọc gì hết. Chỉ đơn giản bỏ sách vào hộp thôi mà hộp hàng móp, biến dạng nhưng sách bên trong ko 1 vết xước và hoàn mỹ từng chi tiết😂😂. Mở hàng hồi hộp thật sự\r\nP/s: Vẫn còn thíu cuốn dấu xưa vui lành và bởi vì thấu hiểu cho nên từ bi tái bản :","customer_id":27865251,"rating":5,"images":[{"id":4138545,"full_path":"https://salt.tikicdn.com/ts/review/32/eb/cb/36538755fc8412caf77b93b8cf677fcd.jpg"},{"id":4138546,"full_path":"https://salt.tikicdn.com/ts/review/9e/17/ac/3719393a9592efd04345b3a54d0d3121.jpg"},{"id":4138547,"full_path":"https://salt.tikicdn.com/ts/review/7d/28/b7/e79539268a482ae3422be700e94bcb0f.jpg"}],"created_at":1677745896,"created_by":{"id":27865251,"name":"Nguyễn Thành","full_name":"Nguyễn Thành","created_time":"2022-07-19 09:01:17","purchased":true,"purchased_at":1677637578},"product_id":161903415,"timeline":{"review_created_date":"2023-03-02 15:31:36","delivery_date":"2023-03-02 14:57:52"}},{"id":16470920,"title":"Cực kì hài lòng","content":"\"Hẹn ước sinh tử anh đừng hỏi,\nNước chảy mây trôi sự lẻ loi.\"\n--------------------\n\"Ở nhân thế, mỹ thực khói lửa, phú quý giai nhân, Tô Mạn Thù đều thích cả. Hồng trần chính là đạo tràng tu hành của ngài, một đời vội vàng, hận không thể ngắm trọn ngàn vạn non nước. Lại không biết rằng đến cuối cùng thiền viện nhân gian chỉ có mỗi một mình cô độc\"\n_____________\ncuốn sách theo cảm nhận của mình đọc rất hay,nhẹ nhàng . bữa dag làm bài thi tắt chuông dt,làm xog biết a shipper gọi ra nhận hàng. dù chậm khoảng 10p r nma a vẫn ra địa điểm gần đó đợi mình đến lấy hàng , anh shipper 10 điểm","customer_id":21480689,"rating":5,"images":[{"id":3516186,"full_path":"https://salt.tikicdn.com/ts/review/ac/17/be/f32b304a9ef8513fb74503f66c4f7308.jpg"},{"id":3516187,"full_path":"https://salt.tikicdn.com/ts/review/d4/29/54/16c5312ffa3128768d24ba317dc29a66.jpg"}],"created_at":1653567539,"created_by":{"id":21480689,"name":"Đỗ Văn Phúc","full_name":"Đỗ Văn Phúc","created_time":"2021-04-24 12:34:07","purchased":true,"purchased_at":1653457098},"product_id":161903415,"timeline":{"review_created_date":"2022-05-26 19:18:59","delivery_date":"2022-05-26 17:39:41"}},{"id":17068851,"title":"Cực kì hài lòng","content":"Lần này Bạch Lạc Mai lại lấy cảm hứng luận từ một vị tình tăng khác, ngoài Thương Ương Gia Thố, chính là Tô Mạn Thù. Sức hấp dẫn ở đây vẫn từ sự mâu thuẫn của \"không\" và \"sắc\". Có lẽ điều đó tạo nên thêm một con người toàn vẹn đã sống ở thế gian này","customer_id":5363160,"rating":5,"images":[{"id":3687250,"full_path":"https://salt.tikicdn.com/ts/review/5e/8f/2e/4cfd9c68f23afcde88bdf42da9de293b.jpg"}],"created_at":1657808282,"created_by":{"id":5363160,"name":"Trần Vũ Minh Thư","full_name":"Trần Vũ Minh Thư","created_time":"2017-06-13 08:49:17","purchased":true,"purchased_at":1656828448},"product_id":161903415,"timeline":{"review_created_date":"2022-07-14 21:18:02","delivery_date":"2022-07-03 16:06:41"}},{"id":16217933,"title":"Cực kì hài lòng","content":"Cuốn này tập trung viết về Tô Mạn Thù, một vị tăng ngụp lặn giữa chốn hồng trần. Mỗi một mẩu tản văn lại nhặt lên một đoạn cuộc đời của ông, dẫn một bài thơ ông viết, bình phẩm một chút ý vị nhân sinh. Giọng văn bảng lảng, nhẹ nhàng, thích hợp lâu lâu giở ra đọc 2-3 đoạn, yên tĩnh chiêm nghiệm.","customer_id":5108067,"rating":5,"images":[{"id":3444884,"full_path":"https://salt.tikicdn.com/ts/review/cc/56/e2/46cb8938f38163c8cdebea820ac15dc5.jpg"}],"created_at":1651827462,"created_by":{"id":5108067,"name":"Ha Giang","full_name":"Ha Giang","created_time":"2017-03-16 16:40:32","purchased":true,"purchased_at":1650339938},"product_id":161903415,"timeline":{"review_created_date":"2022-05-06 15:57:42","delivery_date":"2022-04-20 10:00:08"}},{"id":18869179,"title":"Cực kì hài lòng","content":"Sách được đóng gói kĩ lưỡng,chx đọc nên ko đánh giá nội dung, giao hàng nhanh, shiper rất dễ thương và thân thiện nheee","customer_id":23724822,"rating":5,"images":[{"id":4133271,"full_path":"https://salt.tikicdn.com/ts/review/b7/33/6a/9be9e2461260ef45e290a4319d539c02.jpg"},{"id":4133272,"full_path":"https://salt.tikicdn.com/ts/review/fe/9b/c1/39aa4fa343601459599241cf8d16e7ed.jpg"}],"created_at":1677390879,"created_by":{"id":23724822,"name":"thanh tuyen","full_name":"thanh tuyen","created_time":"2021-09-23 16:12:00","purchased":true,"purchased_at":1677074462},"product_id":161903415,"timeline":{"review_created_date":"2023-02-26 12:54:39","delivery_date":"2023-02-25 11:38:23"}}]}