{"id":162025764,"dbId":12370,"createdAt":1710331509000,"name":"Cảnh Sắc Đà Lạt Xứ Ngàn Hoa (Tranh \u0026 Ký Họa) (Bìa Cứng)","short_description":"    Cảnh Sắc Đà Lạt Xứ Ngàn Hoa (Tranh \u0026 Ký Họa) (Bìa Cứng) ...","description":"\u003chtml\u003e\n \u003chead\u003e\u003c/head\u003e\n \u003cbody\u003e\n  Cảnh Sắc Đà Lạt Xứ Ngàn Hoa (Tranh \u0026amp; Ký Họa) (Bìa Cứng)\n \u003c/body\u003e\n\u003c/html\u003e\u003cp\u003eGiá sản phẩm trên Tiki đã bao gồm thuế theo luật hiện hành. Bên cạnh đó, tuỳ vào loại sản phẩm, hình thức và địa chỉ giao hàng mà có thể phát sinh thêm chi phí khác như phí vận chuyển, phụ phí hàng cồng kềnh, thuế nhập khẩu (đối với đơn hàng giao từ nước ngoài có giá trị trên 1 triệu đồng).....\u003c/p\u003e","original_price":399000.0,"thumbnail_url":"https://salt.tikicdn.com/cache/280x280/ts/product/51/a8/cd/d7ce6c6d9a6aeb4ce13edfd6ee73c30e.jpg","images":[{"base_url":"https://salt.tikicdn.com/ts/product/51/a8/cd/d7ce6c6d9a6aeb4ce13edfd6ee73c30e.jpg","dbId":32869}],"authors":[{"id":661111,"name":"Phạm Công Tâm","dbId":6427}],"specifications":[{"name":"Thông tin chung","attributes":[{"name":"Công ty phát hành","value":"Cty Bán Lẻ Phương Nam"},{"name":"Phương thức giao hàng Seller Delivery","value":"Nhà bán giao hàng cho khách hàng"},{"name":"Nhà xuất bản","value":"Nhà Xuất Bản Thế Giới"},{"code":"PUBLICATION_DATE","name":"Ngày xuất bản","value":"Tue Mar 05 19:05:09 ICT 2024"}]}],"stock_item":{"qty":1000},"all_time_quantity_sold":0,"reviews":[]}