{"id":162025583,"dbId":10990,"createdAt":1653148503000,"name":"Ăn Tối Cùng Chef Và Nói Chuyện Bếp","short_description":"    Ăn Tối Cùng Chef Và Nói Chuyện Bếp ...","description":"\u003chtml\u003e\n \u003chead\u003e\u003c/head\u003e\n \u003cbody\u003e\n  Ăn Tối Cùng Chef Và Nói Chuyện Bếp\n \u003c/body\u003e\n\u003c/html\u003e\u003cp\u003eGiá sản phẩm trên Tiki đã bao gồm thuế theo luật hiện hành. Bên cạnh đó, tuỳ vào loại sản phẩm, hình thức và địa chỉ giao hàng mà có thể phát sinh thêm chi phí khác như phí vận chuyển, phụ phí hàng cồng kềnh, thuế nhập khẩu (đối với đơn hàng giao từ nước ngoài có giá trị trên 1 triệu đồng).....\u003c/p\u003e","original_price":170000.0,"thumbnail_url":"https://salt.tikicdn.com/cache/280x280/ts/product/4e/bb/24/3450067864c89522def6f6226f1351f0.jpg","images":[{"base_url":"https://salt.tikicdn.com/ts/product/4e/bb/24/3450067864c89522def6f6226f1351f0.jpg","dbId":29341}],"authors":[{"id":5388493,"name":"Bếp Đơn","dbId":5822}],"specifications":[{"name":"Thông tin chung","attributes":[{"name":"Công ty phát hành","value":"NXB Trẻ"},{"name":"Phương thức giao hàng Seller Delivery","value":"Nhà bán giao hàng cho khách hàng"},{"name":"Nhà xuất bản","value":"NXB Trẻ"},{"code":"PUBLICATION_DATE","name":"Ngày xuất bản","value":"Wed May 04 22:55:03 ICT 2022"}]}],"stock_item":{"qty":1000},"all_time_quantity_sold":55,"reviews":[{"id":16317406,"title":"Cực kì hài lòng","content":"Sách hay ạ, đọc em thấy những lỗi sai của mình trong cách làm bếp và em đã rút ra bài học cho mình để dần hoàn thiện bản thân mình trong công việc hơn ạ. cảm ơn Bếp Đơn  rất nhiều về cuốn sách này ạ.❤️❤️","customer_id":5100038,"rating":5,"images":[],"created_at":1652457303,"created_by":{"id":5100038,"name":"Huy kim","full_name":"Huy kim","created_time":"2017-03-14 15:17:06","purchased":true,"purchased_at":1646924123},"product_id":162025583,"timeline":{"review_created_date":"2022-05-13 22:55:03","delivery_date":"2022-03-11 18:56:46"}},{"id":19464270,"title":"Hài lòng","content":"","customer_id":9793364,"rating":4,"images":[],"created_at":1692237455,"created_by":{"id":9793364,"name":"Giáp Thị Minh Tâm","full_name":"Giáp Thị Minh Tâm","created_time":"2018-12-12 11:13:45","purchased":true,"purchased_at":1678241793},"product_id":162025583,"timeline":{"review_created_date":"2023-08-17 08:57:35","delivery_date":"2023-03-10 17:11:21"}},{"id":19052997,"title":"Cực kì hài lòng","content":"Ko đúng như kỳ vọng..","customer_id":17511903,"rating":5,"images":[],"created_at":1680643618,"created_by":{"id":17511903,"name":"Triu Quc Thi","full_name":"Triu Quc Thi","created_time":"2020-06-07 01:04:50","purchased":true,"purchased_at":1676459822},"product_id":162025583,"timeline":{"review_created_date":"2023-04-05 04:26:58","delivery_date":"2023-02-17 09:49:58"}},{"id":18700271,"title":"Hài lòng","content":"","customer_id":294577,"rating":4,"images":[],"created_at":1675042140,"created_by":{"id":294577,"name":"Nguyễn  Minh Luân","full_name":"Nguyễn  Minh Luân","created_time":"2014-02-28 06:45:19","purchased":true,"purchased_at":1661594014},"product_id":162025583,"timeline":{"review_created_date":"2023-01-30 08:29:00","delivery_date":"2022-08-29 10:38:42"}},{"id":18043470,"title":"Cực kì hài lòng","content":"Hay","customer_id":23050729,"rating":5,"images":[],"created_at":1666679785,"created_by":{"id":23050729,"name":"Minh Thọ","full_name":"Minh Thọ","created_time":"2021-08-17 21:53:03","purchased":true,"purchased_at":1661750720},"product_id":162025583,"timeline":{"review_created_date":"2022-10-25 13:36:25","delivery_date":"2022-08-31 13:38:35"}},{"id":16317406,"title":"Cực kì hài lòng","content":"Sách hay ạ, đọc em thấy những lỗi sai của mình trong cách làm bếp và em đã rút ra bài học cho mình để dần hoàn thiện bản thân mình trong công việc hơn ạ. cảm ơn Bếp Đơn  rất nhiều về cuốn sách này ạ.❤️❤️","customer_id":5100038,"rating":5,"images":[],"created_at":1652457303,"created_by":{"id":5100038,"name":"Huy kim","full_name":"Huy kim","created_time":"2017-03-14 15:17:06","purchased":true,"purchased_at":1646924123},"product_id":162025583,"timeline":{"review_created_date":"2022-05-13 22:55:03","delivery_date":"2022-03-11 18:56:46"}},{"id":19464270,"title":"Hài lòng","content":"","customer_id":9793364,"rating":4,"images":[],"created_at":1692237455,"created_by":{"id":9793364,"name":"Giáp Thị Minh Tâm","full_name":"Giáp Thị Minh Tâm","created_time":"2018-12-12 11:13:45","purchased":true,"purchased_at":1678241793},"product_id":162025583,"timeline":{"review_created_date":"2023-08-17 08:57:35","delivery_date":"2023-03-10 17:11:21"}},{"id":19052997,"title":"Cực kì hài lòng","content":"Ko đúng như kỳ vọng..","customer_id":17511903,"rating":5,"images":[],"created_at":1680643618,"created_by":{"id":17511903,"name":"Triu Quc Thi","full_name":"Triu Quc Thi","created_time":"2020-06-07 01:04:50","purchased":true,"purchased_at":1676459822},"product_id":162025583,"timeline":{"review_created_date":"2023-04-05 04:26:58","delivery_date":"2023-02-17 09:49:58"}},{"id":18700271,"title":"Hài lòng","content":"","customer_id":294577,"rating":4,"images":[],"created_at":1675042140,"created_by":{"id":294577,"name":"Nguyễn  Minh Luân","full_name":"Nguyễn  Minh Luân","created_time":"2014-02-28 06:45:19","purchased":true,"purchased_at":1661594014},"product_id":162025583,"timeline":{"review_created_date":"2023-01-30 08:29:00","delivery_date":"2022-08-29 10:38:42"}},{"id":18043470,"title":"Cực kì hài lòng","content":"Hay","customer_id":23050729,"rating":5,"images":[],"created_at":1666679785,"created_by":{"id":23050729,"name":"Minh Thọ","full_name":"Minh Thọ","created_time":"2021-08-17 21:53:03","purchased":true,"purchased_at":1661750720},"product_id":162025583,"timeline":{"review_created_date":"2022-10-25 13:36:25","delivery_date":"2022-08-31 13:38:35"}}]}