{"id":162837790,"dbId":11585,"createdAt":1647795600000,"name":"Thần Mộc Cào Bất Tận – Tập 1","short_description":"“Ngươi nói không kìm lòng được nghĩa là sao?” Thanh Đồng đột ngột cất tiếnghỏi.Mạc Thiên Liêu hơi khựng lại rồi tiếp tục bước đi, “Không kìm lòng đượcthường để chỉ một người có khát vọng tha thiết ...","description":"“Ngươi nói không kìm lòng được nghĩa là sao?” Thanh Đồng đột ngột cất tiếng\n\u003cbr\u003ehỏi.\n\u003cbr\u003eMạc Thiên Liêu hơi khựng lại rồi tiếp tục bước đi, “Không kìm lòng được\n\u003cbr\u003ethường để chỉ một người có khát vọng tha thiết trong tim, không nhịn được\n\u003cbr\u003emuốn làm vài chuyện thuận theo ý mình.”\n\u003cbr\u003e“Giống như việc cọ lông bụng ấy hả?”\n\u003cbr\u003e“Giống, mà cũng không giống.” Hắn dừng chân rồi chầm chậm bước xuống\n\u003cbr\u003eđứng cạnh y, “Chỉ bởi quá yêu thích nên mới không kìm lòng được.”\u003cp\u003eGiá sản phẩm trên Tiki đã bao gồm thuế theo luật hiện hành. Bên cạnh đó, tuỳ vào loại sản phẩm, hình thức và địa chỉ giao hàng mà có thể phát sinh thêm chi phí khác như phí vận chuyển, phụ phí hàng cồng kềnh, thuế nhập khẩu (đối với đơn hàng giao từ nước ngoài có giá trị trên 1 triệu đồng).....\u003c/p\u003e","original_price":166000.0,"thumbnail_url":"https://salt.tikicdn.com/cache/280x280/ts/product/f0/c0/e7/19e949a78ce6dcc07c3ab3198a4055cb.jpg","images":[{"base_url":"https://salt.tikicdn.com/ts/product/f0/c0/e7/19e949a78ce6dcc07c3ab3198a4055cb.jpg","dbId":30833},{"base_url":"https://salt.tikicdn.com/ts/product/52/40/c4/c5711ab2b70ffa77d71023eebd68bcf2.jpg","dbId":30834},{"base_url":"https://salt.tikicdn.com/ts/product/fe/30/c3/de20f986bc0cf1c63d06e07554973c04.jpg","dbId":30835},{"base_url":"https://salt.tikicdn.com/ts/product/c6/b4/0b/d4bc86e9af21bccb58fe1504c0685a9b.jpg","dbId":30836},{"base_url":"https://salt.tikicdn.com/ts/product/3f/4b/a2/971102774d7890894d9f8b099be9374d.jpg","dbId":30837}],"authors":[{"id":531017,"name":"Lục Dã Thiên Hạc","dbId":6109}],"specifications":[{"name":"Thông tin chung","attributes":[{"name":"Phiên bản sách","value":"Phiên bản thường"},{"name":"Công ty phát hành","value":"Meibooks"},{"name":"Ngày xuất bản","value":"2022-02-22 00:00:00"},{"name":"Dịch Giả","value":"Uyên Uyên"},{"name":"Loại bìa","value":"Bìa mềm"},{"name":"Số trang","value":"504"},{"name":"Nhà xuất bản","value":"Nhà Xuất Bản Dân Trí"},{"code":"PUBLICATION_DATE","name":"Kích thước","value":"14.5x20.5cm"}]}],"stock_item":{"qty":1000},"all_time_quantity_sold":851,"reviews":[{"id":17570578,"title":"Cực kì hài lòng","content":"Đóng gói 10/10 luôn ạaaaa!!!! Truyện ngọt lắm nha mấy bồ ơiiiii!! Có điều ms đầu đọc hơi chán. Sách dày lắmmmm nặng tay lắmmmmn ạ!!! Tuy đóng gói kỉ nma cx hơi cong cong góc chỉ nhỏ xíu xiu thôi ạ nma k shaoo nz là tốt lắm lắm lắm rồi chứ mấy lần trc hết hồn :))","customer_id":20746827,"rating":5,"images":[{"id":3842207,"full_path":"https://salt.tikicdn.com/ts/review/d1/7d/ac/16f3f08b73f84e2227f13fbe8c1a81a0.jpg"},{"id":3842208,"full_path":"https://salt.tikicdn.com/ts/review/c0/06/ea/18e31c6f856f0e7c40e6c998e2a3bd8d.jpg"},{"id":3842209,"full_path":"https://salt.tikicdn.com/ts/review/22/2b/95/ef09e796d4755d0f6eeb7d7448225e88.jpg"},{"id":3842210,"full_path":"https://salt.tikicdn.com/ts/review/57/03/fe/68704d01fc2f9f61a59b277d8778ac0c.jpg"}],"created_at":1661955781,"created_by":{"id":20746827,"name":"Võ Thái Quỳnh Như","full_name":"Võ Thái Quỳnh Như","created_time":"2021-03-13 18:02:41","purchased":true,"purchased_at":1661315731},"product_id":162837790,"timeline":{"review_created_date":"2022-08-31 21:23:01","delivery_date":"2022-08-31 10:32:15"}},{"id":15300683,"title":"Hài lòng","content":"Mong lần sau tiki có thể bọc thêm 1 lớp bọc chống sóc chứ nhận sách mà bị có mấy vết như này không vui chút nào. Tuy nhiên đợt này bên Tiki cũng có tiến bộ khi đã ship cho mình ống poster thay vì gặp poster làm 4 như trước","customer_id":1761372,"rating":4,"images":[{"id":3203687,"full_path":"https://salt.tikicdn.com/ts/review/c2/4a/34/e04aec0bb77540c3c8e53ccb7c42b3fc.jpg"},{"id":3203688,"full_path":"https://salt.tikicdn.com/ts/review/6c/7a/1a/8257cb510f7dbb3feceea01f59cb482a.jpg"},{"id":3203689,"full_path":"https://salt.tikicdn.com/ts/review/45/75/91/4b2e9728e2e5441c05ba8eb11fb54125.jpg"},{"id":3203690,"full_path":"https://salt.tikicdn.com/ts/review/a2/94/0c/bee438290756bce00dcd253aa52baa3d.jpg"}],"created_at":1646638854,"created_by":{"id":1761372,"name":"Phạm Huế","full_name":"Phạm Huế","created_time":"2016-10-07 21:44:26","purchased":true,"purchased_at":1645522420},"product_id":162837790,"timeline":{"review_created_date":"2022-03-07 14:40:54","delivery_date":"2022-03-07 12:18:08"}},{"id":15985333,"title":"Cực kì hài lòng","content":"Chưa đọc nhưng nghe review với tag thể loại tin chắc nó sẽ là một bộ truyện đáng tiền mọi người nên sắm về.\nTruyện dày, bookmark cứng cáp, bìa của đại thần nên cứ phải là hết nước chấm khi nào đọc thì tui sẽ review dưới cmt sau.\nVề vận chuyển nữa chứ, giao nhanh nè, hôm đó giao đúng ngày mưa to đường tui đi học ngập tới đầu gối luôn hộp cũng bị rách với ướt may sao mà truyện không sao và vẫn còn seal đầy đủ\nP/s: Bức ảnh nhìn ảo vải luôn","customer_id":23745567,"rating":5,"images":[{"id":3378011,"full_path":"https://salt.tikicdn.com/ts/review/03/47/2a/5c64e3200f3b415e6cf1e19950a7bc71.jpg"},{"id":3378012,"full_path":"https://salt.tikicdn.com/ts/review/fc/96/8c/177802ec02f319bb1e5258968b6e7997.jpg"}],"created_at":1650291883,"created_by":{"id":23745567,"name":"Lê Thị Thu Ngân","full_name":"Lê Thị Thu Ngân","created_time":"2021-09-24 18:27:11","purchased":true,"purchased_at":1649975674},"product_id":162837790,"timeline":{"review_created_date":"2022-04-18 21:24:43","delivery_date":"2022-04-16 12:59:10"}},{"id":15335526,"title":"Cực kì hài lòng","content":"Chờ nhận sách hơi lâu. Đọc review mấy bạn trước bị gập poster mà nơm nớp, may giao từ kho HN nên ko bị. Sách mua nguyên giá mà bị hỏng poster chắc tức xỉu. \nVề sách: bìa cứng, phần bên trong các trang bị dính keo khá nhiều, phải tách ra, riêng trang bìa lót dính nhiều nên gỡ ra bị rách xíu. Nội dung: chưa xem nên chưa biết dịch thuật ra sao. \nPoster: bỏ ống, có cán màn xịn mịn. \nMóc khóa: bị trầy kha khá. \nHuy hiệu: phủ lấp lánh khá lạ mắt. \nTặng kèm 1 bookmark.","customer_id":104877,"rating":5,"images":[{"id":3211606,"full_path":"https://salt.tikicdn.com/ts/review/19/f2/98/8e1cf4c9edcaf4dcd7051abbc8635b0d.jpg"},{"id":3211607,"full_path":"https://salt.tikicdn.com/ts/review/78/77/b2/39a6364190db4648d0293bd27b8e8d11.jpg"}],"created_at":1646823493,"created_by":{"id":104877,"name":"Thảo Ngọc","full_name":"Thảo Ngọc","created_time":"2013-03-21 14:15:30","purchased":true,"purchased_at":1645448920},"product_id":162837790,"timeline":{"review_created_date":"2022-03-09 17:58:13","delivery_date":"2022-03-09 09:03:09"}},{"id":15336185,"title":"Hài lòng","content":"Ôi cuối cùng tui cũng nhận đc hàng, đợi mãi từ hồi 21/2 tới giờ, hối 2 lần nay mới giao 🥲 may mắn là poster của t được để trong ống tuýp và sách ko bị móp góc dù cũng vẫn chẳng có chống sốc gì ngoài lớp seal sách và bọc opp quanh sách và phụ kiện, hộp cũng khá là quan ngại vì dễ bị móp vl \u003d))","customer_id":181276,"rating":4,"images":[{"id":3211775,"full_path":"https://salt.tikicdn.com/ts/review/7a/46/7d/f2b8858ca884dadafd7f2db18c4ef991.jpg"},{"id":3211776,"full_path":"https://salt.tikicdn.com/ts/review/70/35/dc/b46406b12d52005583e7829310a0c78b.jpg"}],"created_at":1646826844,"created_by":{"id":181276,"name":"Trần Thị Thanh Trúc","full_name":"Trần Thị Thanh Trúc","created_time":"2013-10-06 11:52:54","purchased":true,"purchased_at":1645448582},"product_id":162837790,"timeline":{"review_created_date":"2022-03-09 18:54:04","delivery_date":"2022-03-09 18:15:46"}},{"id":17570578,"title":"Cực kì hài lòng","content":"Đóng gói 10/10 luôn ạaaaa!!!! Truyện ngọt lắm nha mấy bồ ơiiiii!! Có điều ms đầu đọc hơi chán. Sách dày lắmmmm nặng tay lắmmmmn ạ!!! Tuy đóng gói kỉ nma cx hơi cong cong góc chỉ nhỏ xíu xiu thôi ạ nma k shaoo nz là tốt lắm lắm lắm rồi chứ mấy lần trc hết hồn :))","customer_id":20746827,"rating":5,"images":[{"id":3842207,"full_path":"https://salt.tikicdn.com/ts/review/d1/7d/ac/16f3f08b73f84e2227f13fbe8c1a81a0.jpg"},{"id":3842208,"full_path":"https://salt.tikicdn.com/ts/review/c0/06/ea/18e31c6f856f0e7c40e6c998e2a3bd8d.jpg"},{"id":3842209,"full_path":"https://salt.tikicdn.com/ts/review/22/2b/95/ef09e796d4755d0f6eeb7d7448225e88.jpg"},{"id":3842210,"full_path":"https://salt.tikicdn.com/ts/review/57/03/fe/68704d01fc2f9f61a59b277d8778ac0c.jpg"}],"created_at":1661955781,"created_by":{"id":20746827,"name":"Võ Thái Quỳnh Như","full_name":"Võ Thái Quỳnh Như","created_time":"2021-03-13 18:02:41","purchased":true,"purchased_at":1661315731},"product_id":162837790,"timeline":{"review_created_date":"2022-08-31 21:23:01","delivery_date":"2022-08-31 10:32:15"}},{"id":15300683,"title":"Hài lòng","content":"Mong lần sau tiki có thể bọc thêm 1 lớp bọc chống sóc chứ nhận sách mà bị có mấy vết như này không vui chút nào. Tuy nhiên đợt này bên Tiki cũng có tiến bộ khi đã ship cho mình ống poster thay vì gặp poster làm 4 như trước","customer_id":1761372,"rating":4,"images":[{"id":3203687,"full_path":"https://salt.tikicdn.com/ts/review/c2/4a/34/e04aec0bb77540c3c8e53ccb7c42b3fc.jpg"},{"id":3203688,"full_path":"https://salt.tikicdn.com/ts/review/6c/7a/1a/8257cb510f7dbb3feceea01f59cb482a.jpg"},{"id":3203689,"full_path":"https://salt.tikicdn.com/ts/review/45/75/91/4b2e9728e2e5441c05ba8eb11fb54125.jpg"},{"id":3203690,"full_path":"https://salt.tikicdn.com/ts/review/a2/94/0c/bee438290756bce00dcd253aa52baa3d.jpg"}],"created_at":1646638854,"created_by":{"id":1761372,"name":"Phạm Huế","full_name":"Phạm Huế","created_time":"2016-10-07 21:44:26","purchased":true,"purchased_at":1645522420},"product_id":162837790,"timeline":{"review_created_date":"2022-03-07 14:40:54","delivery_date":"2022-03-07 12:18:08"}},{"id":15985333,"title":"Cực kì hài lòng","content":"Chưa đọc nhưng nghe review với tag thể loại tin chắc nó sẽ là một bộ truyện đáng tiền mọi người nên sắm về.\nTruyện dày, bookmark cứng cáp, bìa của đại thần nên cứ phải là hết nước chấm khi nào đọc thì tui sẽ review dưới cmt sau.\nVề vận chuyển nữa chứ, giao nhanh nè, hôm đó giao đúng ngày mưa to đường tui đi học ngập tới đầu gối luôn hộp cũng bị rách với ướt may sao mà truyện không sao và vẫn còn seal đầy đủ\nP/s: Bức ảnh nhìn ảo vải luôn","customer_id":23745567,"rating":5,"images":[{"id":3378011,"full_path":"https://salt.tikicdn.com/ts/review/03/47/2a/5c64e3200f3b415e6cf1e19950a7bc71.jpg"},{"id":3378012,"full_path":"https://salt.tikicdn.com/ts/review/fc/96/8c/177802ec02f319bb1e5258968b6e7997.jpg"}],"created_at":1650291883,"created_by":{"id":23745567,"name":"Lê Thị Thu Ngân","full_name":"Lê Thị Thu Ngân","created_time":"2021-09-24 18:27:11","purchased":true,"purchased_at":1649975674},"product_id":162837790,"timeline":{"review_created_date":"2022-04-18 21:24:43","delivery_date":"2022-04-16 12:59:10"}},{"id":15335526,"title":"Cực kì hài lòng","content":"Chờ nhận sách hơi lâu. Đọc review mấy bạn trước bị gập poster mà nơm nớp, may giao từ kho HN nên ko bị. Sách mua nguyên giá mà bị hỏng poster chắc tức xỉu. \nVề sách: bìa cứng, phần bên trong các trang bị dính keo khá nhiều, phải tách ra, riêng trang bìa lót dính nhiều nên gỡ ra bị rách xíu. Nội dung: chưa xem nên chưa biết dịch thuật ra sao. \nPoster: bỏ ống, có cán màn xịn mịn. \nMóc khóa: bị trầy kha khá. \nHuy hiệu: phủ lấp lánh khá lạ mắt. \nTặng kèm 1 bookmark.","customer_id":104877,"rating":5,"images":[{"id":3211606,"full_path":"https://salt.tikicdn.com/ts/review/19/f2/98/8e1cf4c9edcaf4dcd7051abbc8635b0d.jpg"},{"id":3211607,"full_path":"https://salt.tikicdn.com/ts/review/78/77/b2/39a6364190db4648d0293bd27b8e8d11.jpg"}],"created_at":1646823493,"created_by":{"id":104877,"name":"Thảo Ngọc","full_name":"Thảo Ngọc","created_time":"2013-03-21 14:15:30","purchased":true,"purchased_at":1645448920},"product_id":162837790,"timeline":{"review_created_date":"2022-03-09 17:58:13","delivery_date":"2022-03-09 09:03:09"}},{"id":15336185,"title":"Hài lòng","content":"Ôi cuối cùng tui cũng nhận đc hàng, đợi mãi từ hồi 21/2 tới giờ, hối 2 lần nay mới giao 🥲 may mắn là poster của t được để trong ống tuýp và sách ko bị móp góc dù cũng vẫn chẳng có chống sốc gì ngoài lớp seal sách và bọc opp quanh sách và phụ kiện, hộp cũng khá là quan ngại vì dễ bị móp vl \u003d))","customer_id":181276,"rating":4,"images":[{"id":3211775,"full_path":"https://salt.tikicdn.com/ts/review/7a/46/7d/f2b8858ca884dadafd7f2db18c4ef991.jpg"},{"id":3211776,"full_path":"https://salt.tikicdn.com/ts/review/70/35/dc/b46406b12d52005583e7829310a0c78b.jpg"}],"created_at":1646826844,"created_by":{"id":181276,"name":"Trần Thị Thanh Trúc","full_name":"Trần Thị Thanh Trúc","created_time":"2013-10-06 11:52:54","purchased":true,"purchased_at":1645448582},"product_id":162837790,"timeline":{"review_created_date":"2022-03-09 18:54:04","delivery_date":"2022-03-09 18:15:46"}},{"id":17570578,"title":"Cực kì hài lòng","content":"Đóng gói 10/10 luôn ạaaaa!!!! Truyện ngọt lắm nha mấy bồ ơiiiii!! Có điều ms đầu đọc hơi chán. Sách dày lắmmmm nặng tay lắmmmmn ạ!!! Tuy đóng gói kỉ nma cx hơi cong cong góc chỉ nhỏ xíu xiu thôi ạ nma k shaoo nz là tốt lắm lắm lắm rồi chứ mấy lần trc hết hồn :))","customer_id":20746827,"rating":5,"images":[{"id":3842207,"full_path":"https://salt.tikicdn.com/ts/review/d1/7d/ac/16f3f08b73f84e2227f13fbe8c1a81a0.jpg"},{"id":3842208,"full_path":"https://salt.tikicdn.com/ts/review/c0/06/ea/18e31c6f856f0e7c40e6c998e2a3bd8d.jpg"},{"id":3842209,"full_path":"https://salt.tikicdn.com/ts/review/22/2b/95/ef09e796d4755d0f6eeb7d7448225e88.jpg"},{"id":3842210,"full_path":"https://salt.tikicdn.com/ts/review/57/03/fe/68704d01fc2f9f61a59b277d8778ac0c.jpg"}],"created_at":1661955781,"created_by":{"id":20746827,"name":"Võ Thái Quỳnh Như","full_name":"Võ Thái Quỳnh Như","created_time":"2021-03-13 18:02:41","purchased":true,"purchased_at":1661315731},"product_id":162837790,"timeline":{"review_created_date":"2022-08-31 21:23:01","delivery_date":"2022-08-31 10:32:15"}},{"id":15300683,"title":"Hài lòng","content":"Mong lần sau tiki có thể bọc thêm 1 lớp bọc chống sóc chứ nhận sách mà bị có mấy vết như này không vui chút nào. Tuy nhiên đợt này bên Tiki cũng có tiến bộ khi đã ship cho mình ống poster thay vì gặp poster làm 4 như trước","customer_id":1761372,"rating":4,"images":[{"id":3203687,"full_path":"https://salt.tikicdn.com/ts/review/c2/4a/34/e04aec0bb77540c3c8e53ccb7c42b3fc.jpg"},{"id":3203688,"full_path":"https://salt.tikicdn.com/ts/review/6c/7a/1a/8257cb510f7dbb3feceea01f59cb482a.jpg"},{"id":3203689,"full_path":"https://salt.tikicdn.com/ts/review/45/75/91/4b2e9728e2e5441c05ba8eb11fb54125.jpg"},{"id":3203690,"full_path":"https://salt.tikicdn.com/ts/review/a2/94/0c/bee438290756bce00dcd253aa52baa3d.jpg"}],"created_at":1646638854,"created_by":{"id":1761372,"name":"Phạm Huế","full_name":"Phạm Huế","created_time":"2016-10-07 21:44:26","purchased":true,"purchased_at":1645522420},"product_id":162837790,"timeline":{"review_created_date":"2022-03-07 14:40:54","delivery_date":"2022-03-07 12:18:08"}},{"id":15985333,"title":"Cực kì hài lòng","content":"Chưa đọc nhưng nghe review với tag thể loại tin chắc nó sẽ là một bộ truyện đáng tiền mọi người nên sắm về.\nTruyện dày, bookmark cứng cáp, bìa của đại thần nên cứ phải là hết nước chấm khi nào đọc thì tui sẽ review dưới cmt sau.\nVề vận chuyển nữa chứ, giao nhanh nè, hôm đó giao đúng ngày mưa to đường tui đi học ngập tới đầu gối luôn hộp cũng bị rách với ướt may sao mà truyện không sao và vẫn còn seal đầy đủ\nP/s: Bức ảnh nhìn ảo vải luôn","customer_id":23745567,"rating":5,"images":[{"id":3378011,"full_path":"https://salt.tikicdn.com/ts/review/03/47/2a/5c64e3200f3b415e6cf1e19950a7bc71.jpg"},{"id":3378012,"full_path":"https://salt.tikicdn.com/ts/review/fc/96/8c/177802ec02f319bb1e5258968b6e7997.jpg"}],"created_at":1650291883,"created_by":{"id":23745567,"name":"Lê Thị Thu Ngân","full_name":"Lê Thị Thu Ngân","created_time":"2021-09-24 18:27:11","purchased":true,"purchased_at":1649975674},"product_id":162837790,"timeline":{"review_created_date":"2022-04-18 21:24:43","delivery_date":"2022-04-16 12:59:10"}},{"id":15335526,"title":"Cực kì hài lòng","content":"Chờ nhận sách hơi lâu. Đọc review mấy bạn trước bị gập poster mà nơm nớp, may giao từ kho HN nên ko bị. Sách mua nguyên giá mà bị hỏng poster chắc tức xỉu. \nVề sách: bìa cứng, phần bên trong các trang bị dính keo khá nhiều, phải tách ra, riêng trang bìa lót dính nhiều nên gỡ ra bị rách xíu. Nội dung: chưa xem nên chưa biết dịch thuật ra sao. \nPoster: bỏ ống, có cán màn xịn mịn. \nMóc khóa: bị trầy kha khá. \nHuy hiệu: phủ lấp lánh khá lạ mắt. \nTặng kèm 1 bookmark.","customer_id":104877,"rating":5,"images":[{"id":3211606,"full_path":"https://salt.tikicdn.com/ts/review/19/f2/98/8e1cf4c9edcaf4dcd7051abbc8635b0d.jpg"},{"id":3211607,"full_path":"https://salt.tikicdn.com/ts/review/78/77/b2/39a6364190db4648d0293bd27b8e8d11.jpg"}],"created_at":1646823493,"created_by":{"id":104877,"name":"Thảo Ngọc","full_name":"Thảo Ngọc","created_time":"2013-03-21 14:15:30","purchased":true,"purchased_at":1645448920},"product_id":162837790,"timeline":{"review_created_date":"2022-03-09 17:58:13","delivery_date":"2022-03-09 09:03:09"}},{"id":15336185,"title":"Hài lòng","content":"Ôi cuối cùng tui cũng nhận đc hàng, đợi mãi từ hồi 21/2 tới giờ, hối 2 lần nay mới giao 🥲 may mắn là poster của t được để trong ống tuýp và sách ko bị móp góc dù cũng vẫn chẳng có chống sốc gì ngoài lớp seal sách và bọc opp quanh sách và phụ kiện, hộp cũng khá là quan ngại vì dễ bị móp vl \u003d))","customer_id":181276,"rating":4,"images":[{"id":3211775,"full_path":"https://salt.tikicdn.com/ts/review/7a/46/7d/f2b8858ca884dadafd7f2db18c4ef991.jpg"},{"id":3211776,"full_path":"https://salt.tikicdn.com/ts/review/70/35/dc/b46406b12d52005583e7829310a0c78b.jpg"}],"created_at":1646826844,"created_by":{"id":181276,"name":"Trần Thị Thanh Trúc","full_name":"Trần Thị Thanh Trúc","created_time":"2013-10-06 11:52:54","purchased":true,"purchased_at":1645448582},"product_id":162837790,"timeline":{"review_created_date":"2022-03-09 18:54:04","delivery_date":"2022-03-09 18:15:46"}},{"id":17570578,"title":"Cực kì hài lòng","content":"Đóng gói 10/10 luôn ạaaaa!!!! Truyện ngọt lắm nha mấy bồ ơiiiii!! Có điều ms đầu đọc hơi chán. Sách dày lắmmmm nặng tay lắmmmmn ạ!!! Tuy đóng gói kỉ nma cx hơi cong cong góc chỉ nhỏ xíu xiu thôi ạ nma k shaoo nz là tốt lắm lắm lắm rồi chứ mấy lần trc hết hồn :))","customer_id":20746827,"rating":5,"images":[{"id":3842207,"full_path":"https://salt.tikicdn.com/ts/review/d1/7d/ac/16f3f08b73f84e2227f13fbe8c1a81a0.jpg"},{"id":3842208,"full_path":"https://salt.tikicdn.com/ts/review/c0/06/ea/18e31c6f856f0e7c40e6c998e2a3bd8d.jpg"},{"id":3842209,"full_path":"https://salt.tikicdn.com/ts/review/22/2b/95/ef09e796d4755d0f6eeb7d7448225e88.jpg"},{"id":3842210,"full_path":"https://salt.tikicdn.com/ts/review/57/03/fe/68704d01fc2f9f61a59b277d8778ac0c.jpg"}],"created_at":1661955781,"created_by":{"id":20746827,"name":"Võ Thái Quỳnh Như","full_name":"Võ Thái Quỳnh Như","created_time":"2021-03-13 18:02:41","purchased":true,"purchased_at":1661315731},"product_id":162837790,"timeline":{"review_created_date":"2022-08-31 21:23:01","delivery_date":"2022-08-31 10:32:15"}},{"id":15300683,"title":"Hài lòng","content":"Mong lần sau tiki có thể bọc thêm 1 lớp bọc chống sóc chứ nhận sách mà bị có mấy vết như này không vui chút nào. Tuy nhiên đợt này bên Tiki cũng có tiến bộ khi đã ship cho mình ống poster thay vì gặp poster làm 4 như trước","customer_id":1761372,"rating":4,"images":[{"id":3203687,"full_path":"https://salt.tikicdn.com/ts/review/c2/4a/34/e04aec0bb77540c3c8e53ccb7c42b3fc.jpg"},{"id":3203688,"full_path":"https://salt.tikicdn.com/ts/review/6c/7a/1a/8257cb510f7dbb3feceea01f59cb482a.jpg"},{"id":3203689,"full_path":"https://salt.tikicdn.com/ts/review/45/75/91/4b2e9728e2e5441c05ba8eb11fb54125.jpg"},{"id":3203690,"full_path":"https://salt.tikicdn.com/ts/review/a2/94/0c/bee438290756bce00dcd253aa52baa3d.jpg"}],"created_at":1646638854,"created_by":{"id":1761372,"name":"Phạm Huế","full_name":"Phạm Huế","created_time":"2016-10-07 21:44:26","purchased":true,"purchased_at":1645522420},"product_id":162837790,"timeline":{"review_created_date":"2022-03-07 14:40:54","delivery_date":"2022-03-07 12:18:08"}},{"id":15985333,"title":"Cực kì hài lòng","content":"Chưa đọc nhưng nghe review với tag thể loại tin chắc nó sẽ là một bộ truyện đáng tiền mọi người nên sắm về.\nTruyện dày, bookmark cứng cáp, bìa của đại thần nên cứ phải là hết nước chấm khi nào đọc thì tui sẽ review dưới cmt sau.\nVề vận chuyển nữa chứ, giao nhanh nè, hôm đó giao đúng ngày mưa to đường tui đi học ngập tới đầu gối luôn hộp cũng bị rách với ướt may sao mà truyện không sao và vẫn còn seal đầy đủ\nP/s: Bức ảnh nhìn ảo vải luôn","customer_id":23745567,"rating":5,"images":[{"id":3378011,"full_path":"https://salt.tikicdn.com/ts/review/03/47/2a/5c64e3200f3b415e6cf1e19950a7bc71.jpg"},{"id":3378012,"full_path":"https://salt.tikicdn.com/ts/review/fc/96/8c/177802ec02f319bb1e5258968b6e7997.jpg"}],"created_at":1650291883,"created_by":{"id":23745567,"name":"Lê Thị Thu Ngân","full_name":"Lê Thị Thu Ngân","created_time":"2021-09-24 18:27:11","purchased":true,"purchased_at":1649975674},"product_id":162837790,"timeline":{"review_created_date":"2022-04-18 21:24:43","delivery_date":"2022-04-16 12:59:10"}},{"id":15335526,"title":"Cực kì hài lòng","content":"Chờ nhận sách hơi lâu. Đọc review mấy bạn trước bị gập poster mà nơm nớp, may giao từ kho HN nên ko bị. Sách mua nguyên giá mà bị hỏng poster chắc tức xỉu. \nVề sách: bìa cứng, phần bên trong các trang bị dính keo khá nhiều, phải tách ra, riêng trang bìa lót dính nhiều nên gỡ ra bị rách xíu. Nội dung: chưa xem nên chưa biết dịch thuật ra sao. \nPoster: bỏ ống, có cán màn xịn mịn. \nMóc khóa: bị trầy kha khá. \nHuy hiệu: phủ lấp lánh khá lạ mắt. \nTặng kèm 1 bookmark.","customer_id":104877,"rating":5,"images":[{"id":3211606,"full_path":"https://salt.tikicdn.com/ts/review/19/f2/98/8e1cf4c9edcaf4dcd7051abbc8635b0d.jpg"},{"id":3211607,"full_path":"https://salt.tikicdn.com/ts/review/78/77/b2/39a6364190db4648d0293bd27b8e8d11.jpg"}],"created_at":1646823493,"created_by":{"id":104877,"name":"Thảo Ngọc","full_name":"Thảo Ngọc","created_time":"2013-03-21 14:15:30","purchased":true,"purchased_at":1645448920},"product_id":162837790,"timeline":{"review_created_date":"2022-03-09 17:58:13","delivery_date":"2022-03-09 09:03:09"}},{"id":15336185,"title":"Hài lòng","content":"Ôi cuối cùng tui cũng nhận đc hàng, đợi mãi từ hồi 21/2 tới giờ, hối 2 lần nay mới giao 🥲 may mắn là poster của t được để trong ống tuýp và sách ko bị móp góc dù cũng vẫn chẳng có chống sốc gì ngoài lớp seal sách và bọc opp quanh sách và phụ kiện, hộp cũng khá là quan ngại vì dễ bị móp vl \u003d))","customer_id":181276,"rating":4,"images":[{"id":3211775,"full_path":"https://salt.tikicdn.com/ts/review/7a/46/7d/f2b8858ca884dadafd7f2db18c4ef991.jpg"},{"id":3211776,"full_path":"https://salt.tikicdn.com/ts/review/70/35/dc/b46406b12d52005583e7829310a0c78b.jpg"}],"created_at":1646826844,"created_by":{"id":181276,"name":"Trần Thị Thanh Trúc","full_name":"Trần Thị Thanh Trúc","created_time":"2013-10-06 11:52:54","purchased":true,"purchased_at":1645448582},"product_id":162837790,"timeline":{"review_created_date":"2022-03-09 18:54:04","delivery_date":"2022-03-09 18:15:46"}}]}