{"id":163165281,"dbId":12005,"createdAt":1647536400000,"name":"Mong Mẹ Hãy Yêu Lấy Chính Mình","short_description":"CUỐN SÁCH CHẤT CHỨA NHỮNG LỜI BIẾT ƠN KHÓ NÓI DÀNH CHO MẸ MÓN QUÀ GỬI TỚI TẤT CẢ NHỮNG NGƯỜI MẸ TRÊN THẾ GIAN NÀY!“Tôi thầm nghĩ khi đăm đăm nhìn theo bóng lưng mẹ, rằng mong mẹ hãy yêu lấy chính mìn...","description":"\u003cp\u003eCUỐN SÁCH CHẤT CHỨA NHỮNG LỜI BIẾT ƠN KHÓ NÓI DÀNH CHO MẸ MÓN QUÀ GỬI TỚI TẤT CẢ NHỮNG NGƯỜI MẸ TRÊN THẾ GIAN NÀY!\u003c/p\u003e\n\u003cp\u003e“Tôi thầm nghĩ khi đăm đăm nhìn theo bóng lưng mẹ, rằng mong mẹ hãy yêu lấy chính mình, giống như mẹ yêu tôi. Mong sao trong từng khoảnh khắc, dù là lúc rửa bát, dọn dẹp hay nấu cơm, mẹ cũng đừng quên bản thân là sự hiện diện vĩ đại, đáng quý và đẹp đẽ biết nhường nào. Tất cả những điều mẹ làm dưới danh xưng “mẹ” đều xứng đáng được trân trọng. Hy vọng mẹ trở thành một người mẹ biết khích lệ chính mình. Một người mẹ thỉnh thoảng biết tự thưởng cho bản thân, biết làm những điều tốt đẹp cho chính mình, chứ không phải hy sinh tất cả vì người khác. Một người mẹ hiểu rằng chính mình cũng phải tỏa sáng thì gia đình mới trở nên lấp lánh được.\u003c/p\u003e\n\u003cp\u003eVì mẹ trong quá khứ đã từng sống như thế. Vì tất cả những người mẹ trên đời này đều sống như thế. Mong sao từ nay mẹ không còn phải mơ giấc mơ của người khác. Mong sao mẹ có thể tự do mơ những ước mơ tươi đẹp của riêng mẹ. Mong sao những ước mơ ấy sẽ trở thành hiện thực.\u003c/p\u003e\n\u003cp\u003eTôi thực lòng mong mẹ hãy yêu lấy chính mình”\u003c/p\u003e\n\u003cp\u003e- Mong mẹ hãy yêu lấy chính mình\u003c/p\u003e\u003cp\u003eGiá sản phẩm trên Tiki đã bao gồm thuế theo luật hiện hành. Bên cạnh đó, tuỳ vào loại sản phẩm, hình thức và địa chỉ giao hàng mà có thể phát sinh thêm chi phí khác như phí vận chuyển, phụ phí hàng cồng kềnh, thuế nhập khẩu (đối với đơn hàng giao từ nước ngoài có giá trị trên 1 triệu đồng).....\u003c/p\u003e","original_price":99000.0,"thumbnail_url":"https://salt.tikicdn.com/cache/280x280/ts/product/5d/3a/92/cd9316dbfc3764ad6f8e1b7b11dd0993.jpg","images":[{"base_url":"https://salt.tikicdn.com/ts/product/5d/3a/92/cd9316dbfc3764ad6f8e1b7b11dd0993.jpg","dbId":31898},{"base_url":"https://salt.tikicdn.com/ts/product/fe/28/f7/c010f3ce796f90d25f5890756a1d13d3.jpg","dbId":31899},{"base_url":"https://salt.tikicdn.com/ts/product/52/e1/37/0a49602a16515c3b151708c01e467b97.jpg","dbId":31900},{"base_url":"https://salt.tikicdn.com/ts/product/50/ce/5a/5c85a5102bd0b6fc695a510d0c4a6a70.jpg","dbId":31901},{"base_url":"https://salt.tikicdn.com/ts/product/6b/aa/52/cc06081ceafcce69c77c60453ecefcb0.jpg","dbId":31902}],"authors":[{"id":8092317,"name":"Jang Hae-Joo","dbId":6298}],"specifications":[{"name":"Thông tin chung","attributes":[{"name":"Phiên bản sách","value":"Phiên bản thường"},{"name":"Công ty phát hành","value":"Shinebooks"},{"name":"Ngày xuất bản","value":"2022-03-01 00:00:00"},{"name":"Dịch Giả","value":"Phan Ngân Hà"},{"name":"Loại bìa","value":"Bìa mềm"},{"name":"Số trang","value":"208"},{"name":"Nhà xuất bản","value":"Nhà Xuất Bản Dân Trí"},{"code":"PUBLICATION_DATE","name":"Kích thước","value":"13x19cm"}]}],"stock_item":{"qty":1000},"all_time_quantity_sold":1299,"reviews":[{"id":19480984,"title":"Hài lòng","content":"Cuốn sách là lời tự sự của một cô con gái đã trưởng thành dành cho người mẹ của mình qua những câu chuyện hàng ngày trong cuộc sống, những lần mà hai mẹ con bất đồng hay những điều tác giả luôn muốn nói với bản thân hay mẹ của mình. Nội dung dễ hiểu, chỉ cần dành 1-2 ngày là có thể đọc hết cuốn sách. Tuy nhiên, theo trải nghiệm cá nhân mình thì đây là một mối quan hệ mẹ - con khá đặc biệt, nên không phải ai cũng cảm thấy có thể dễ dàng đồng cảm được. Về dịch vụ giao hàng của Tiki thì mình thấy Tiki ship sách khá nhanh, bọc bookcare ổn áp.","customer_id":1365090,"rating":4,"images":[],"created_at":1692791306,"created_by":{"id":1365090,"name":"Trần Hạnh Chi","full_name":"Trần Hạnh Chi","created_time":"2016-05-16 20:47:20","purchased":true,"purchased_at":1671503941},"product_id":163165281,"timeline":{"review_created_date":"2023-08-23 18:48:26","delivery_date":"2022-12-21 09:00:49"}},{"id":17220695,"title":"Cực kì hài lòng","content":"Câu chuyện được viết dựa trên góc nhìn của con gái bộc bạch những nỗi lòng, cảm xúc của mình đối với mẹ nên vừa đọc vừa thấy được chính hình ảnh của mình qua đó. Sách viết nhẹ nhàng, gần gũi, giọng văn thân thuộc. Vừa đọc vừa liên tưởng đến mẹ nên rất dễ cảm động rùi khóc. Highly recommend cho mn quyển này để hiểu hơn cho mẹ mình nha.","customer_id":7590583,"rating":5,"images":[{"id":3735157,"full_path":"https://salt.tikicdn.com/ts/review/05/52/a8/4dba078073456c23f220c96d5c9b99a8.jpg"},{"id":3735158,"full_path":"https://salt.tikicdn.com/ts/review/2b/f9/58/3ba5f9b7211d432f9a574e07119dae2e.jpg"}],"created_at":1658924739,"created_by":{"id":7590583,"name":"Chico Amiyama","full_name":"Chico Amiyama","created_time":"2018-08-05 23:26:12","purchased":true,"purchased_at":1658393576},"product_id":163165281,"timeline":{"review_created_date":"2022-07-27 19:25:39","delivery_date":"2022-07-24 10:11:11"}},{"id":18718629,"title":"Cực kì hài lòng","content":"Chị và mẹ chị đều nhận xét chị là người lạnh lùng vô tâm nhưng thực ra chị rất ấm áp ạ. Đọc sách mà nước mắt rơi, như thấy mẹ mình và chính mình trong đó. Cảm ơn chị tác giả rất nhiều.","customer_id":560885,"rating":5,"images":[],"created_at":1675257429,"created_by":{"id":560885,"name":"Chau An","full_name":"Chau An","created_time":"2015-02-14 10:37:21","purchased":true,"purchased_at":1665375468},"product_id":163165281,"timeline":{"review_created_date":"2023-02-01 20:17:09","delivery_date":"2022-10-10 13:34:53"}},{"id":17205207,"title":"Cực kì hài lòng","content":"Thật tuyệt nếu như tặng mẹ cuốn sách này, sách được viết bằng những lời từ trong lòng tác giả nên dễ chạm đến trái tim bạn đọc ^^","customer_id":19524763,"rating":5,"images":[{"id":3829972,"full_path":"https://salt.tikicdn.com/ts/review/79/4d/57/0d09109e3a1cae0da00193b94a5b5430.jpg"},{"id":3829973,"full_path":"https://salt.tikicdn.com/ts/review/d9/0c/14/15bc12b73bb1e10b7d22a9744f016e58.jpg"}],"created_at":1658808641,"created_by":{"id":19524763,"name":"Trần Thị Quỳnh Nga","full_name":"Trần Thị Quỳnh Nga","created_time":"2020-12-13 11:48:03","purchased":true,"purchased_at":1658232814},"product_id":163165281,"timeline":{"review_created_date":"2022-07-26 11:10:41","delivery_date":"2022-07-23 14:46:17"}},{"id":17790086,"title":"Hài lòng","content":"Quyển này mình mua tặng bạn nên không đọc, vì vậy không bàn tới nội dung. Quyển này mỏng hơn mình tưởng, chất giấy cũng không đẹp lắm, không có seal, bị nhăn ở mép bìa áo. Hơi thất vọng ạ.","customer_id":6471953,"rating":4,"images":[],"created_at":1664082452,"created_by":{"id":6471953,"name":"Bùi Kim Chi","full_name":"Bùi Kim Chi","created_time":"2018-02-07 18:45:22","purchased":true,"purchased_at":1663902320},"product_id":163165281,"timeline":{"review_created_date":"2022-09-25 12:07:32","delivery_date":"2022-09-25 11:49:12"}},{"id":19480984,"title":"Hài lòng","content":"Cuốn sách là lời tự sự của một cô con gái đã trưởng thành dành cho người mẹ của mình qua những câu chuyện hàng ngày trong cuộc sống, những lần mà hai mẹ con bất đồng hay những điều tác giả luôn muốn nói với bản thân hay mẹ của mình. Nội dung dễ hiểu, chỉ cần dành 1-2 ngày là có thể đọc hết cuốn sách. Tuy nhiên, theo trải nghiệm cá nhân mình thì đây là một mối quan hệ mẹ - con khá đặc biệt, nên không phải ai cũng cảm thấy có thể dễ dàng đồng cảm được. Về dịch vụ giao hàng của Tiki thì mình thấy Tiki ship sách khá nhanh, bọc bookcare ổn áp.","customer_id":1365090,"rating":4,"images":[],"created_at":1692791306,"created_by":{"id":1365090,"name":"Trần Hạnh Chi","full_name":"Trần Hạnh Chi","created_time":"2016-05-16 20:47:20","purchased":true,"purchased_at":1671503941},"product_id":163165281,"timeline":{"review_created_date":"2023-08-23 18:48:26","delivery_date":"2022-12-21 09:00:49"}},{"id":17220695,"title":"Cực kì hài lòng","content":"Câu chuyện được viết dựa trên góc nhìn của con gái bộc bạch những nỗi lòng, cảm xúc của mình đối với mẹ nên vừa đọc vừa thấy được chính hình ảnh của mình qua đó. Sách viết nhẹ nhàng, gần gũi, giọng văn thân thuộc. Vừa đọc vừa liên tưởng đến mẹ nên rất dễ cảm động rùi khóc. Highly recommend cho mn quyển này để hiểu hơn cho mẹ mình nha.","customer_id":7590583,"rating":5,"images":[{"id":3735157,"full_path":"https://salt.tikicdn.com/ts/review/05/52/a8/4dba078073456c23f220c96d5c9b99a8.jpg"},{"id":3735158,"full_path":"https://salt.tikicdn.com/ts/review/2b/f9/58/3ba5f9b7211d432f9a574e07119dae2e.jpg"}],"created_at":1658924739,"created_by":{"id":7590583,"name":"Chico Amiyama","full_name":"Chico Amiyama","created_time":"2018-08-05 23:26:12","purchased":true,"purchased_at":1658393576},"product_id":163165281,"timeline":{"review_created_date":"2022-07-27 19:25:39","delivery_date":"2022-07-24 10:11:11"}},{"id":18718629,"title":"Cực kì hài lòng","content":"Chị và mẹ chị đều nhận xét chị là người lạnh lùng vô tâm nhưng thực ra chị rất ấm áp ạ. Đọc sách mà nước mắt rơi, như thấy mẹ mình và chính mình trong đó. Cảm ơn chị tác giả rất nhiều.","customer_id":560885,"rating":5,"images":[],"created_at":1675257429,"created_by":{"id":560885,"name":"Chau An","full_name":"Chau An","created_time":"2015-02-14 10:37:21","purchased":true,"purchased_at":1665375468},"product_id":163165281,"timeline":{"review_created_date":"2023-02-01 20:17:09","delivery_date":"2022-10-10 13:34:53"}},{"id":17205207,"title":"Cực kì hài lòng","content":"Thật tuyệt nếu như tặng mẹ cuốn sách này, sách được viết bằng những lời từ trong lòng tác giả nên dễ chạm đến trái tim bạn đọc ^^","customer_id":19524763,"rating":5,"images":[{"id":3829972,"full_path":"https://salt.tikicdn.com/ts/review/79/4d/57/0d09109e3a1cae0da00193b94a5b5430.jpg"},{"id":3829973,"full_path":"https://salt.tikicdn.com/ts/review/d9/0c/14/15bc12b73bb1e10b7d22a9744f016e58.jpg"}],"created_at":1658808641,"created_by":{"id":19524763,"name":"Trần Thị Quỳnh Nga","full_name":"Trần Thị Quỳnh Nga","created_time":"2020-12-13 11:48:03","purchased":true,"purchased_at":1658232814},"product_id":163165281,"timeline":{"review_created_date":"2022-07-26 11:10:41","delivery_date":"2022-07-23 14:46:17"}},{"id":17790086,"title":"Hài lòng","content":"Quyển này mình mua tặng bạn nên không đọc, vì vậy không bàn tới nội dung. Quyển này mỏng hơn mình tưởng, chất giấy cũng không đẹp lắm, không có seal, bị nhăn ở mép bìa áo. Hơi thất vọng ạ.","customer_id":6471953,"rating":4,"images":[],"created_at":1664082452,"created_by":{"id":6471953,"name":"Bùi Kim Chi","full_name":"Bùi Kim Chi","created_time":"2018-02-07 18:45:22","purchased":true,"purchased_at":1663902320},"product_id":163165281,"timeline":{"review_created_date":"2022-09-25 12:07:32","delivery_date":"2022-09-25 11:49:12"}},{"id":19480984,"title":"Hài lòng","content":"Cuốn sách là lời tự sự của một cô con gái đã trưởng thành dành cho người mẹ của mình qua những câu chuyện hàng ngày trong cuộc sống, những lần mà hai mẹ con bất đồng hay những điều tác giả luôn muốn nói với bản thân hay mẹ của mình. Nội dung dễ hiểu, chỉ cần dành 1-2 ngày là có thể đọc hết cuốn sách. Tuy nhiên, theo trải nghiệm cá nhân mình thì đây là một mối quan hệ mẹ - con khá đặc biệt, nên không phải ai cũng cảm thấy có thể dễ dàng đồng cảm được. Về dịch vụ giao hàng của Tiki thì mình thấy Tiki ship sách khá nhanh, bọc bookcare ổn áp.","customer_id":1365090,"rating":4,"images":[],"created_at":1692791306,"created_by":{"id":1365090,"name":"Trần Hạnh Chi","full_name":"Trần Hạnh Chi","created_time":"2016-05-16 20:47:20","purchased":true,"purchased_at":1671503941},"product_id":163165281,"timeline":{"review_created_date":"2023-08-23 18:48:26","delivery_date":"2022-12-21 09:00:49"}},{"id":17220695,"title":"Cực kì hài lòng","content":"Câu chuyện được viết dựa trên góc nhìn của con gái bộc bạch những nỗi lòng, cảm xúc của mình đối với mẹ nên vừa đọc vừa thấy được chính hình ảnh của mình qua đó. Sách viết nhẹ nhàng, gần gũi, giọng văn thân thuộc. Vừa đọc vừa liên tưởng đến mẹ nên rất dễ cảm động rùi khóc. Highly recommend cho mn quyển này để hiểu hơn cho mẹ mình nha.","customer_id":7590583,"rating":5,"images":[{"id":3735157,"full_path":"https://salt.tikicdn.com/ts/review/05/52/a8/4dba078073456c23f220c96d5c9b99a8.jpg"},{"id":3735158,"full_path":"https://salt.tikicdn.com/ts/review/2b/f9/58/3ba5f9b7211d432f9a574e07119dae2e.jpg"}],"created_at":1658924739,"created_by":{"id":7590583,"name":"Chico Amiyama","full_name":"Chico Amiyama","created_time":"2018-08-05 23:26:12","purchased":true,"purchased_at":1658393576},"product_id":163165281,"timeline":{"review_created_date":"2022-07-27 19:25:39","delivery_date":"2022-07-24 10:11:11"}},{"id":18718629,"title":"Cực kì hài lòng","content":"Chị và mẹ chị đều nhận xét chị là người lạnh lùng vô tâm nhưng thực ra chị rất ấm áp ạ. Đọc sách mà nước mắt rơi, như thấy mẹ mình và chính mình trong đó. Cảm ơn chị tác giả rất nhiều.","customer_id":560885,"rating":5,"images":[],"created_at":1675257429,"created_by":{"id":560885,"name":"Chau An","full_name":"Chau An","created_time":"2015-02-14 10:37:21","purchased":true,"purchased_at":1665375468},"product_id":163165281,"timeline":{"review_created_date":"2023-02-01 20:17:09","delivery_date":"2022-10-10 13:34:53"}},{"id":17205207,"title":"Cực kì hài lòng","content":"Thật tuyệt nếu như tặng mẹ cuốn sách này, sách được viết bằng những lời từ trong lòng tác giả nên dễ chạm đến trái tim bạn đọc ^^","customer_id":19524763,"rating":5,"images":[{"id":3829972,"full_path":"https://salt.tikicdn.com/ts/review/79/4d/57/0d09109e3a1cae0da00193b94a5b5430.jpg"},{"id":3829973,"full_path":"https://salt.tikicdn.com/ts/review/d9/0c/14/15bc12b73bb1e10b7d22a9744f016e58.jpg"}],"created_at":1658808641,"created_by":{"id":19524763,"name":"Trần Thị Quỳnh Nga","full_name":"Trần Thị Quỳnh Nga","created_time":"2020-12-13 11:48:03","purchased":true,"purchased_at":1658232814},"product_id":163165281,"timeline":{"review_created_date":"2022-07-26 11:10:41","delivery_date":"2022-07-23 14:46:17"}},{"id":17790086,"title":"Hài lòng","content":"Quyển này mình mua tặng bạn nên không đọc, vì vậy không bàn tới nội dung. Quyển này mỏng hơn mình tưởng, chất giấy cũng không đẹp lắm, không có seal, bị nhăn ở mép bìa áo. Hơi thất vọng ạ.","customer_id":6471953,"rating":4,"images":[],"created_at":1664082452,"created_by":{"id":6471953,"name":"Bùi Kim Chi","full_name":"Bùi Kim Chi","created_time":"2018-02-07 18:45:22","purchased":true,"purchased_at":1663902320},"product_id":163165281,"timeline":{"review_created_date":"2022-09-25 12:07:32","delivery_date":"2022-09-25 11:49:12"}},{"id":19480984,"title":"Hài lòng","content":"Cuốn sách là lời tự sự của một cô con gái đã trưởng thành dành cho người mẹ của mình qua những câu chuyện hàng ngày trong cuộc sống, những lần mà hai mẹ con bất đồng hay những điều tác giả luôn muốn nói với bản thân hay mẹ của mình. Nội dung dễ hiểu, chỉ cần dành 1-2 ngày là có thể đọc hết cuốn sách. Tuy nhiên, theo trải nghiệm cá nhân mình thì đây là một mối quan hệ mẹ - con khá đặc biệt, nên không phải ai cũng cảm thấy có thể dễ dàng đồng cảm được. Về dịch vụ giao hàng của Tiki thì mình thấy Tiki ship sách khá nhanh, bọc bookcare ổn áp.","customer_id":1365090,"rating":4,"images":[],"created_at":1692791306,"created_by":{"id":1365090,"name":"Trần Hạnh Chi","full_name":"Trần Hạnh Chi","created_time":"2016-05-16 20:47:20","purchased":true,"purchased_at":1671503941},"product_id":163165281,"timeline":{"review_created_date":"2023-08-23 18:48:26","delivery_date":"2022-12-21 09:00:49"}},{"id":17220695,"title":"Cực kì hài lòng","content":"Câu chuyện được viết dựa trên góc nhìn của con gái bộc bạch những nỗi lòng, cảm xúc của mình đối với mẹ nên vừa đọc vừa thấy được chính hình ảnh của mình qua đó. Sách viết nhẹ nhàng, gần gũi, giọng văn thân thuộc. Vừa đọc vừa liên tưởng đến mẹ nên rất dễ cảm động rùi khóc. Highly recommend cho mn quyển này để hiểu hơn cho mẹ mình nha.","customer_id":7590583,"rating":5,"images":[{"id":3735157,"full_path":"https://salt.tikicdn.com/ts/review/05/52/a8/4dba078073456c23f220c96d5c9b99a8.jpg"},{"id":3735158,"full_path":"https://salt.tikicdn.com/ts/review/2b/f9/58/3ba5f9b7211d432f9a574e07119dae2e.jpg"}],"created_at":1658924739,"created_by":{"id":7590583,"name":"Chico Amiyama","full_name":"Chico Amiyama","created_time":"2018-08-05 23:26:12","purchased":true,"purchased_at":1658393576},"product_id":163165281,"timeline":{"review_created_date":"2022-07-27 19:25:39","delivery_date":"2022-07-24 10:11:11"}},{"id":18718629,"title":"Cực kì hài lòng","content":"Chị và mẹ chị đều nhận xét chị là người lạnh lùng vô tâm nhưng thực ra chị rất ấm áp ạ. Đọc sách mà nước mắt rơi, như thấy mẹ mình và chính mình trong đó. Cảm ơn chị tác giả rất nhiều.","customer_id":560885,"rating":5,"images":[],"created_at":1675257429,"created_by":{"id":560885,"name":"Chau An","full_name":"Chau An","created_time":"2015-02-14 10:37:21","purchased":true,"purchased_at":1665375468},"product_id":163165281,"timeline":{"review_created_date":"2023-02-01 20:17:09","delivery_date":"2022-10-10 13:34:53"}},{"id":17205207,"title":"Cực kì hài lòng","content":"Thật tuyệt nếu như tặng mẹ cuốn sách này, sách được viết bằng những lời từ trong lòng tác giả nên dễ chạm đến trái tim bạn đọc ^^","customer_id":19524763,"rating":5,"images":[{"id":3829972,"full_path":"https://salt.tikicdn.com/ts/review/79/4d/57/0d09109e3a1cae0da00193b94a5b5430.jpg"},{"id":3829973,"full_path":"https://salt.tikicdn.com/ts/review/d9/0c/14/15bc12b73bb1e10b7d22a9744f016e58.jpg"}],"created_at":1658808641,"created_by":{"id":19524763,"name":"Trần Thị Quỳnh Nga","full_name":"Trần Thị Quỳnh Nga","created_time":"2020-12-13 11:48:03","purchased":true,"purchased_at":1658232814},"product_id":163165281,"timeline":{"review_created_date":"2022-07-26 11:10:41","delivery_date":"2022-07-23 14:46:17"}},{"id":17790086,"title":"Hài lòng","content":"Quyển này mình mua tặng bạn nên không đọc, vì vậy không bàn tới nội dung. Quyển này mỏng hơn mình tưởng, chất giấy cũng không đẹp lắm, không có seal, bị nhăn ở mép bìa áo. Hơi thất vọng ạ.","customer_id":6471953,"rating":4,"images":[],"created_at":1664082452,"created_by":{"id":6471953,"name":"Bùi Kim Chi","full_name":"Bùi Kim Chi","created_time":"2018-02-07 18:45:22","purchased":true,"purchased_at":1663902320},"product_id":163165281,"timeline":{"review_created_date":"2022-09-25 12:07:32","delivery_date":"2022-09-25 11:49:12"}}]}