{"id":163928967,"dbId":11039,"createdAt":1648486800000,"name":"Giữa Hai Vương Quốc","short_description":"“Bạn sẽ viết gì khi biết mình, có thể, sắp chết?Cắm mặt vào chiếc máy tính xách tay đặt trên giường, tôi lang thang đến những vùng câm lặng trong cuộc đời mình. Tôi viết về khả năng vô sinh và tại sa...","description":"\u003cp\u003e“Bạn sẽ viết gì khi biết mình, có thể, sắp chết?\u003c/p\u003e\n\u003cp\u003eCắm mặt vào chiếc máy tính xách tay đặt trên giường, tôi lang thang đến những vùng câm lặng trong cuộc đời mình. Tôi viết về khả năng vô sinh và tại sao không một ai cảnh báo tôi về điều đó; về việc học cách vận hành hệ thống chăm sóc sức khoẻ vô lý của chúng tôi; về việc yêu đương trong khi đang bệnh tật; về cách chúng tôi nhắc hoặc không nhắc tới cái chết.\u003c/p\u003e\n\u003cp\u003eTôi viết về mặc cảm tội lỗi. Tôi cũng viết một di chúc đề phòng trường hợp tôi rơi vào tỷ lệ phần trăm không may mắn của việc cấy ghép.\u003c/p\u003e\n\u003cp\u003eCho tới ngày hôm đó, tôi chưa bao giờ làm việc năng suất đến thế. Cái chết có thể là một nguồn động lực tuyệt vời.”\u003c/p\u003e\n\u003cp\u003eSusan Sontag từng viết: “Mỗi người sinh ra đều mang trong mình hai quốc tịch: một ở vương quốc khỏe mạnh, một ở vương quốc bệnh tật. Mặc dù chúng ta đều muốn sử dụng tấm hộ chiếu tốt, nhưng sớm hay muộn, chúng ta cũng bị bắt phải thừa nhận mình là công dân của một chốn khác đó, ít nhất là trong một khoảng thời gian ngắn.\"\u003c/p\u003e\n\u003cp\u003eVà, Suleika Jaouad đã bị buộc sử dụng tấm hộ chiếu của vương quốc bệnh tật trong suốt năm năm trời đối mặt với căn bệnh ung thư.\u003c/p\u003e\n\u003cp\u003eGIỮA HAI VƯƠNG QUỐC chính là cuộn phim đầy cảm động ghi lại hành trình vượt qua bệnh hiểm nghèo và khám phá sức mạnh tiềm ẩn của chính chị. Cầm cuốn sách trên tay, độc giả sẽ được sống trong những dòng cảm xúc chân thực và sống động của Suleika, sống trong những năm tháng chật vật và tăm tối nhất cuộc đời - khi mà vừa tốt nghiệp đại học đã phát hiện ra mình mắc ung thư, khi mà vừa kịp có một mối tình đẹp với Will thì đã phải đối mặt với cánh cửa tử thần. Những câu chuyện chị chia sẻ đều để lại ấn tượng khó phai: về hội bệnh nhân ung thư trong bệnh viện, về nỗi chán nản mang tên thử nghiệm lâm sàng, về dự án một trăm ngày để vượt qua nỗi sợ hãi, về tổ chức hiện thực hóa điều ước của các bệnh nhân ung thư, về tình người, tình yêu của người mắc kẹt trong những căn phòng vô trùng, Nhưng hơn cả thế, cái cách chị tái hòa nhập với cộng đồng, với cuộc sống sau khi điều trị ung thư mới là ánh sáng rực rỡ nhất. Vượt qua nỗi đau đã khó, quay lại với SỰ BÌNH THƯỜNG lại càng khó hơn. Đó là khi ta nhận ra mọi người xung quanh đang tiến xa còn mình chỉ mới vừa chập chững bắt đầu lại mọi thứ.\u003c/p\u003e\n\u003cp\u003eGIỮA HAI VƯƠNG QUỐC - Một cuốn hồi ký thật sự hay và truyền cảm hứng.\u003c/p\u003e\u003cp\u003eGiá sản phẩm trên Tiki đã bao gồm thuế theo luật hiện hành. Bên cạnh đó, tuỳ vào loại sản phẩm, hình thức và địa chỉ giao hàng mà có thể phát sinh thêm chi phí khác như phí vận chuyển, phụ phí hàng cồng kềnh, thuế nhập khẩu (đối với đơn hàng giao từ nước ngoài có giá trị trên 1 triệu đồng).....\u003c/p\u003e","original_price":139000.0,"thumbnail_url":"https://salt.tikicdn.com/cache/280x280/ts/product/a9/7e/81/e123f58bcf3d59ed5ed9af29be209c2a.jpg","images":[{"base_url":"https://salt.tikicdn.com/ts/product/a9/7e/81/e123f58bcf3d59ed5ed9af29be209c2a.jpg","dbId":29471},{"base_url":"https://salt.tikicdn.com/ts/product/4b/3d/f9/1485426c0b40e44f2f55a0c250b0de21.jpg","dbId":29472},{"base_url":"https://salt.tikicdn.com/ts/product/53/d2/f8/daa5700674bb4b1f268728322eccc4d5.jpg","dbId":29473},{"base_url":"https://salt.tikicdn.com/ts/product/e5/f5/7b/24309d9d5161b52400ded6c5aa0b240a.jpg","dbId":29474},{"base_url":"https://salt.tikicdn.com/ts/product/9c/30/44/89eb8cd41ba1ee78e66f04725a4f704e.jpg","dbId":29475}],"authors":[{"id":4925439,"name":"Suleika Jaouad","dbId":5852}],"specifications":[{"name":"Thông tin chung","attributes":[{"name":"Phiên bản sách","value":"Phiên bản thường"},{"name":"Công ty phát hành","value":"Bookland"},{"name":"Ngày xuất bản","value":"2022-03-08 00:00:00"},{"name":"Dịch Giả","value":"Huệ"},{"name":"Loại bìa","value":"Bìa mềm"},{"name":"Số trang","value":"448"},{"name":"Nhà xuất bản","value":"Nhà Xuất Bản Thanh Niên"},{"code":"PUBLICATION_DATE","name":"Kích thước","value":"14,5x20,5 cm"}]}],"stock_item":{"qty":1000},"all_time_quantity_sold":221,"reviews":[{"id":17406732,"title":"Cực kì hài lòng","content":"Một quyển sách rất hay. Đọc để biết sức khoẻ và mạng sống quý giá đến chừng nào. Ung thư, hoá trị…nghe thì quá đơn giản nhưng đọc từng dòng Suleika viết mới cảm nhận được cách nó tàn phá bệnh nhân và gia đình họ. Hãy giữ gìn sức khoẻ khi còn có thể. \r\nWill xuất hiện đúng vào lúc Suleika cần nhất nhưng giá như…Will đừng quá tốt để Suleika mặc định là anh phải tốt, còn Suleika đủ trưởng thành hơn để biết ai rồi cũng sẽ rời đi, chính mình mới là chỗ dựa lớn nhất. ..","customer_id":15801273,"rating":5,"images":[],"created_at":1660437113,"created_by":{"id":15801273,"name":"Võ Kim Long","full_name":"Võ Kim Long","created_time":"2020-01-03 10:28:18","purchased":true,"purchased_at":1657695094},"product_id":163928967,"timeline":{"review_created_date":"2022-08-14 07:31:53","delivery_date":"2022-07-17 14:28:18"}},{"id":16699986,"title":"Cực kì hài lòng","content":"Giao hàng nhanh. Anh shiper cũng dễ thương. Đã đọc review quyển sách này khá thú vị. Nếu sách kèm thêm bookmark thì sẽ thích hơn nhé.","customer_id":7519845,"rating":5,"images":[{"id":3585636,"full_path":"https://salt.tikicdn.com/ts/review/4b/ae/8b/7d01a1a221f804a8623c3297c9ce3ea6.jpg"}],"created_at":1655129495,"created_by":{"id":7519845,"name":"Pham Hoai Phe","full_name":"Pham Hoai Phe","created_time":"2018-07-24 11:02:40","purchased":true,"purchased_at":1655049062},"product_id":163928967,"timeline":{"review_created_date":"2022-06-13 21:11:35","delivery_date":"2022-06-13 11:38:58"}},{"id":15424825,"title":"Cực kì hài lòng","content":"Giao hàng nhanh, đóng gói khá chỉn chu và cẩn thận. Nội dung tuy chưa đọc sâu nhưng khá là cảm nhận sâu lắng.","customer_id":162688,"rating":5,"images":[{"id":3232778,"full_path":"https://salt.tikicdn.com/ts/review/08/01/b3/68bed69b8afe970c39745eec47dbd44b.jpg"}],"created_at":1647310447,"created_by":{"id":162688,"name":"Im Shant","full_name":"Im Shant","created_time":"2013-08-22 05:38:14","purchased":true,"purchased_at":1647265225},"product_id":163928967,"timeline":{"review_created_date":"2022-03-15 09:14:07","delivery_date":"2022-03-15 08:53:14"}},{"id":19723431,"title":"Cực kì hài lòng","content":"","customer_id":7186466,"rating":5,"images":[],"created_at":1705054653,"created_by":{"id":7186466,"name":"Huỳnh Thị Các Tường","full_name":"Huỳnh Thị Các Tường","created_time":"2018-05-25 16:05:02","purchased":true,"purchased_at":1704514743},"product_id":163928967,"timeline":{"review_created_date":"2024-01-12 17:17:33","delivery_date":"2024-01-07 09:10:53"}},{"id":15620130,"title":"Cực kì hài lòng","content":"Nội dung khá sâu sắc. Rất đáng để đọc và suy ngẫm nhe!\nĐóng gói ổn và giao hàng nhanh chóng!","customer_id":27169373,"rating":5,"images":[{"id":3280260,"full_path":"https://salt.tikicdn.com/ts/review/af/84/48/138153f92fd381b8522f4c6b0aefb712.jpg"}],"created_at":1648351322,"created_by":{"id":27169373,"name":"Như Phan","full_name":"Như Phan","created_time":"2022-03-25 20:56:53","purchased":true,"purchased_at":1648217935},"product_id":163928967,"timeline":{"review_created_date":"2022-03-27 10:22:02","delivery_date":"2022-03-27 10:05:21"}},{"id":17406732,"title":"Cực kì hài lòng","content":"Một quyển sách rất hay. Đọc để biết sức khoẻ và mạng sống quý giá đến chừng nào. Ung thư, hoá trị…nghe thì quá đơn giản nhưng đọc từng dòng Suleika viết mới cảm nhận được cách nó tàn phá bệnh nhân và gia đình họ. Hãy giữ gìn sức khoẻ khi còn có thể. \r\nWill xuất hiện đúng vào lúc Suleika cần nhất nhưng giá như…Will đừng quá tốt để Suleika mặc định là anh phải tốt, còn Suleika đủ trưởng thành hơn để biết ai rồi cũng sẽ rời đi, chính mình mới là chỗ dựa lớn nhất. ..","customer_id":15801273,"rating":5,"images":[],"created_at":1660437113,"created_by":{"id":15801273,"name":"Võ Kim Long","full_name":"Võ Kim Long","created_time":"2020-01-03 10:28:18","purchased":true,"purchased_at":1657695094},"product_id":163928967,"timeline":{"review_created_date":"2022-08-14 07:31:53","delivery_date":"2022-07-17 14:28:18"}},{"id":16699986,"title":"Cực kì hài lòng","content":"Giao hàng nhanh. Anh shiper cũng dễ thương. Đã đọc review quyển sách này khá thú vị. Nếu sách kèm thêm bookmark thì sẽ thích hơn nhé.","customer_id":7519845,"rating":5,"images":[{"id":3585636,"full_path":"https://salt.tikicdn.com/ts/review/4b/ae/8b/7d01a1a221f804a8623c3297c9ce3ea6.jpg"}],"created_at":1655129495,"created_by":{"id":7519845,"name":"Pham Hoai Phe","full_name":"Pham Hoai Phe","created_time":"2018-07-24 11:02:40","purchased":true,"purchased_at":1655049062},"product_id":163928967,"timeline":{"review_created_date":"2022-06-13 21:11:35","delivery_date":"2022-06-13 11:38:58"}},{"id":15424825,"title":"Cực kì hài lòng","content":"Giao hàng nhanh, đóng gói khá chỉn chu và cẩn thận. Nội dung tuy chưa đọc sâu nhưng khá là cảm nhận sâu lắng.","customer_id":162688,"rating":5,"images":[{"id":3232778,"full_path":"https://salt.tikicdn.com/ts/review/08/01/b3/68bed69b8afe970c39745eec47dbd44b.jpg"}],"created_at":1647310447,"created_by":{"id":162688,"name":"Im Shant","full_name":"Im Shant","created_time":"2013-08-22 05:38:14","purchased":true,"purchased_at":1647265225},"product_id":163928967,"timeline":{"review_created_date":"2022-03-15 09:14:07","delivery_date":"2022-03-15 08:53:14"}},{"id":19723431,"title":"Cực kì hài lòng","content":"","customer_id":7186466,"rating":5,"images":[],"created_at":1705054653,"created_by":{"id":7186466,"name":"Huỳnh Thị Các Tường","full_name":"Huỳnh Thị Các Tường","created_time":"2018-05-25 16:05:02","purchased":true,"purchased_at":1704514743},"product_id":163928967,"timeline":{"review_created_date":"2024-01-12 17:17:33","delivery_date":"2024-01-07 09:10:53"}},{"id":15620130,"title":"Cực kì hài lòng","content":"Nội dung khá sâu sắc. Rất đáng để đọc và suy ngẫm nhe!\nĐóng gói ổn và giao hàng nhanh chóng!","customer_id":27169373,"rating":5,"images":[{"id":3280260,"full_path":"https://salt.tikicdn.com/ts/review/af/84/48/138153f92fd381b8522f4c6b0aefb712.jpg"}],"created_at":1648351322,"created_by":{"id":27169373,"name":"Như Phan","full_name":"Như Phan","created_time":"2022-03-25 20:56:53","purchased":true,"purchased_at":1648217935},"product_id":163928967,"timeline":{"review_created_date":"2022-03-27 10:22:02","delivery_date":"2022-03-27 10:05:21"}},{"id":17406732,"title":"Cực kì hài lòng","content":"Một quyển sách rất hay. Đọc để biết sức khoẻ và mạng sống quý giá đến chừng nào. Ung thư, hoá trị…nghe thì quá đơn giản nhưng đọc từng dòng Suleika viết mới cảm nhận được cách nó tàn phá bệnh nhân và gia đình họ. Hãy giữ gìn sức khoẻ khi còn có thể. \r\nWill xuất hiện đúng vào lúc Suleika cần nhất nhưng giá như…Will đừng quá tốt để Suleika mặc định là anh phải tốt, còn Suleika đủ trưởng thành hơn để biết ai rồi cũng sẽ rời đi, chính mình mới là chỗ dựa lớn nhất. ..","customer_id":15801273,"rating":5,"images":[],"created_at":1660437113,"created_by":{"id":15801273,"name":"Võ Kim Long","full_name":"Võ Kim Long","created_time":"2020-01-03 10:28:18","purchased":true,"purchased_at":1657695094},"product_id":163928967,"timeline":{"review_created_date":"2022-08-14 07:31:53","delivery_date":"2022-07-17 14:28:18"}},{"id":16699986,"title":"Cực kì hài lòng","content":"Giao hàng nhanh. Anh shiper cũng dễ thương. Đã đọc review quyển sách này khá thú vị. Nếu sách kèm thêm bookmark thì sẽ thích hơn nhé.","customer_id":7519845,"rating":5,"images":[{"id":3585636,"full_path":"https://salt.tikicdn.com/ts/review/4b/ae/8b/7d01a1a221f804a8623c3297c9ce3ea6.jpg"}],"created_at":1655129495,"created_by":{"id":7519845,"name":"Pham Hoai Phe","full_name":"Pham Hoai Phe","created_time":"2018-07-24 11:02:40","purchased":true,"purchased_at":1655049062},"product_id":163928967,"timeline":{"review_created_date":"2022-06-13 21:11:35","delivery_date":"2022-06-13 11:38:58"}},{"id":15424825,"title":"Cực kì hài lòng","content":"Giao hàng nhanh, đóng gói khá chỉn chu và cẩn thận. Nội dung tuy chưa đọc sâu nhưng khá là cảm nhận sâu lắng.","customer_id":162688,"rating":5,"images":[{"id":3232778,"full_path":"https://salt.tikicdn.com/ts/review/08/01/b3/68bed69b8afe970c39745eec47dbd44b.jpg"}],"created_at":1647310447,"created_by":{"id":162688,"name":"Im Shant","full_name":"Im Shant","created_time":"2013-08-22 05:38:14","purchased":true,"purchased_at":1647265225},"product_id":163928967,"timeline":{"review_created_date":"2022-03-15 09:14:07","delivery_date":"2022-03-15 08:53:14"}},{"id":19723431,"title":"Cực kì hài lòng","content":"","customer_id":7186466,"rating":5,"images":[],"created_at":1705054653,"created_by":{"id":7186466,"name":"Huỳnh Thị Các Tường","full_name":"Huỳnh Thị Các Tường","created_time":"2018-05-25 16:05:02","purchased":true,"purchased_at":1704514743},"product_id":163928967,"timeline":{"review_created_date":"2024-01-12 17:17:33","delivery_date":"2024-01-07 09:10:53"}},{"id":15620130,"title":"Cực kì hài lòng","content":"Nội dung khá sâu sắc. Rất đáng để đọc và suy ngẫm nhe!\nĐóng gói ổn và giao hàng nhanh chóng!","customer_id":27169373,"rating":5,"images":[{"id":3280260,"full_path":"https://salt.tikicdn.com/ts/review/af/84/48/138153f92fd381b8522f4c6b0aefb712.jpg"}],"created_at":1648351322,"created_by":{"id":27169373,"name":"Như Phan","full_name":"Như Phan","created_time":"2022-03-25 20:56:53","purchased":true,"purchased_at":1648217935},"product_id":163928967,"timeline":{"review_created_date":"2022-03-27 10:22:02","delivery_date":"2022-03-27 10:05:21"}},{"id":17406732,"title":"Cực kì hài lòng","content":"Một quyển sách rất hay. Đọc để biết sức khoẻ và mạng sống quý giá đến chừng nào. Ung thư, hoá trị…nghe thì quá đơn giản nhưng đọc từng dòng Suleika viết mới cảm nhận được cách nó tàn phá bệnh nhân và gia đình họ. Hãy giữ gìn sức khoẻ khi còn có thể. \r\nWill xuất hiện đúng vào lúc Suleika cần nhất nhưng giá như…Will đừng quá tốt để Suleika mặc định là anh phải tốt, còn Suleika đủ trưởng thành hơn để biết ai rồi cũng sẽ rời đi, chính mình mới là chỗ dựa lớn nhất. ..","customer_id":15801273,"rating":5,"images":[],"created_at":1660437113,"created_by":{"id":15801273,"name":"Võ Kim Long","full_name":"Võ Kim Long","created_time":"2020-01-03 10:28:18","purchased":true,"purchased_at":1657695094},"product_id":163928967,"timeline":{"review_created_date":"2022-08-14 07:31:53","delivery_date":"2022-07-17 14:28:18"}},{"id":16699986,"title":"Cực kì hài lòng","content":"Giao hàng nhanh. Anh shiper cũng dễ thương. Đã đọc review quyển sách này khá thú vị. Nếu sách kèm thêm bookmark thì sẽ thích hơn nhé.","customer_id":7519845,"rating":5,"images":[{"id":3585636,"full_path":"https://salt.tikicdn.com/ts/review/4b/ae/8b/7d01a1a221f804a8623c3297c9ce3ea6.jpg"}],"created_at":1655129495,"created_by":{"id":7519845,"name":"Pham Hoai Phe","full_name":"Pham Hoai Phe","created_time":"2018-07-24 11:02:40","purchased":true,"purchased_at":1655049062},"product_id":163928967,"timeline":{"review_created_date":"2022-06-13 21:11:35","delivery_date":"2022-06-13 11:38:58"}},{"id":15424825,"title":"Cực kì hài lòng","content":"Giao hàng nhanh, đóng gói khá chỉn chu và cẩn thận. Nội dung tuy chưa đọc sâu nhưng khá là cảm nhận sâu lắng.","customer_id":162688,"rating":5,"images":[{"id":3232778,"full_path":"https://salt.tikicdn.com/ts/review/08/01/b3/68bed69b8afe970c39745eec47dbd44b.jpg"}],"created_at":1647310447,"created_by":{"id":162688,"name":"Im Shant","full_name":"Im Shant","created_time":"2013-08-22 05:38:14","purchased":true,"purchased_at":1647265225},"product_id":163928967,"timeline":{"review_created_date":"2022-03-15 09:14:07","delivery_date":"2022-03-15 08:53:14"}},{"id":19723431,"title":"Cực kì hài lòng","content":"","customer_id":7186466,"rating":5,"images":[],"created_at":1705054653,"created_by":{"id":7186466,"name":"Huỳnh Thị Các Tường","full_name":"Huỳnh Thị Các Tường","created_time":"2018-05-25 16:05:02","purchased":true,"purchased_at":1704514743},"product_id":163928967,"timeline":{"review_created_date":"2024-01-12 17:17:33","delivery_date":"2024-01-07 09:10:53"}},{"id":15620130,"title":"Cực kì hài lòng","content":"Nội dung khá sâu sắc. Rất đáng để đọc và suy ngẫm nhe!\nĐóng gói ổn và giao hàng nhanh chóng!","customer_id":27169373,"rating":5,"images":[{"id":3280260,"full_path":"https://salt.tikicdn.com/ts/review/af/84/48/138153f92fd381b8522f4c6b0aefb712.jpg"}],"created_at":1648351322,"created_by":{"id":27169373,"name":"Như Phan","full_name":"Như Phan","created_time":"2022-03-25 20:56:53","purchased":true,"purchased_at":1648217935},"product_id":163928967,"timeline":{"review_created_date":"2022-03-27 10:22:02","delivery_date":"2022-03-27 10:05:21"}}]}